T1_OFF_SHIELD	0	T1_WOOD	4
T2_OFF_SHIELD	0	T2_PLANKS	4
T2_OFF_SHIELD	0	T2_METALBAR	4
T3_OFF_SHIELD	0	T3_PLANKS	4
T3_OFF_SHIELD	0	T3_METALBAR	4
T4_OFF_SHIELD	0	T4_PLANKS	4
T4_OFF_SHIELD	0	T4_METALBAR	4
T4_OFF_SHIELD	1	T4_PLANKS_LEVEL1	4
T4_OFF_SHIELD	1	T4_METALBAR_LEVEL1	4
T4_OFF_SHIELD	2	T4_PLANKS_LEVEL2	4
T4_OFF_SHIELD	2	T4_METALBAR_LEVEL2	4
T4_OFF_SHIELD	3	T4_PLANKS_LEVEL3	4
T4_OFF_SHIELD	3	T4_METALBAR_LEVEL3	4
T4_OFF_SHIELD	4	T4_PLANKS_LEVEL4	4
T4_OFF_SHIELD	4	T4_METALBAR_LEVEL4	4
T5_OFF_SHIELD	0	T5_PLANKS	4
T5_OFF_SHIELD	0	T5_METALBAR	4
T5_OFF_SHIELD	1	T5_PLANKS_LEVEL1	4
T5_OFF_SHIELD	1	T5_METALBAR_LEVEL1	4
T5_OFF_SHIELD	2	T5_PLANKS_LEVEL2	4
T5_OFF_SHIELD	2	T5_METALBAR_LEVEL2	4
T5_OFF_SHIELD	3	T5_PLANKS_LEVEL3	4
T5_OFF_SHIELD	3	T5_METALBAR_LEVEL3	4
T5_OFF_SHIELD	4	T5_PLANKS_LEVEL4	4
T5_OFF_SHIELD	4	T5_METALBAR_LEVEL4	4
T6_OFF_SHIELD	0	T6_PLANKS	4
T6_OFF_SHIELD	0	T6_METALBAR	4
T6_OFF_SHIELD	1	T6_PLANKS_LEVEL1	4
T6_OFF_SHIELD	1	T6_METALBAR_LEVEL1	4
T6_OFF_SHIELD	2	T6_PLANKS_LEVEL2	4
T6_OFF_SHIELD	2	T6_METALBAR_LEVEL2	4
T6_OFF_SHIELD	3	T6_PLANKS_LEVEL3	4
T6_OFF_SHIELD	3	T6_METALBAR_LEVEL3	4
T6_OFF_SHIELD	4	T6_PLANKS_LEVEL4	4
T6_OFF_SHIELD	4	T6_METALBAR_LEVEL4	4
T7_OFF_SHIELD	0	T7_PLANKS	4
T7_OFF_SHIELD	0	T7_METALBAR	4
T7_OFF_SHIELD	1	T7_PLANKS_LEVEL1	4
T7_OFF_SHIELD	1	T7_METALBAR_LEVEL1	4
T7_OFF_SHIELD	2	T7_PLANKS_LEVEL2	4
T7_OFF_SHIELD	2	T7_METALBAR_LEVEL2	4
T7_OFF_SHIELD	3	T7_PLANKS_LEVEL3	4
T7_OFF_SHIELD	3	T7_METALBAR_LEVEL3	4
T7_OFF_SHIELD	4	T7_PLANKS_LEVEL4	4
T7_OFF_SHIELD	4	T7_METALBAR_LEVEL4	4
T8_OFF_SHIELD	0	T8_PLANKS	4
T8_OFF_SHIELD	0	T8_METALBAR	4
T8_OFF_SHIELD	1	T8_PLANKS_LEVEL1	4
T8_OFF_SHIELD	1	T8_METALBAR_LEVEL1	4
T8_OFF_SHIELD	2	T8_PLANKS_LEVEL2	4
T8_OFF_SHIELD	2	T8_METALBAR_LEVEL2	4
T8_OFF_SHIELD	3	T8_PLANKS_LEVEL3	4
T8_OFF_SHIELD	3	T8_METALBAR_LEVEL3	4
T8_OFF_SHIELD	4	T8_PLANKS_LEVEL4	4
T8_OFF_SHIELD	4	T8_METALBAR_LEVEL4	4
T4_OFF_TOWERSHIELD_UNDEAD	0	T4_PLANKS	4
T4_OFF_TOWERSHIELD_UNDEAD	0	T4_METALBAR	4
T4_OFF_TOWERSHIELD_UNDEAD	0	T4_ARTEFACT_OFF_TOWERSHIELD_UNDEAD	1
T4_OFF_TOWERSHIELD_UNDEAD	1	T4_PLANKS_LEVEL1	4
T4_OFF_TOWERSHIELD_UNDEAD	1	T4_METALBAR_LEVEL1	4
T4_OFF_TOWERSHIELD_UNDEAD	1	T4_ARTEFACT_OFF_TOWERSHIELD_UNDEAD	1
T4_OFF_TOWERSHIELD_UNDEAD	2	T4_PLANKS_LEVEL2	4
T4_OFF_TOWERSHIELD_UNDEAD	2	T4_METALBAR_LEVEL2	4
T4_OFF_TOWERSHIELD_UNDEAD	2	T4_ARTEFACT_OFF_TOWERSHIELD_UNDEAD	1
T4_OFF_TOWERSHIELD_UNDEAD	3	T4_PLANKS_LEVEL3	4
T4_OFF_TOWERSHIELD_UNDEAD	3	T4_METALBAR_LEVEL3	4
T4_OFF_TOWERSHIELD_UNDEAD	3	T4_ARTEFACT_OFF_TOWERSHIELD_UNDEAD	1
T4_OFF_TOWERSHIELD_UNDEAD	4	T4_PLANKS_LEVEL4	4
T4_OFF_TOWERSHIELD_UNDEAD	4	T4_METALBAR_LEVEL4	4
T4_OFF_TOWERSHIELD_UNDEAD	4	T4_ARTEFACT_OFF_TOWERSHIELD_UNDEAD	1
T5_OFF_TOWERSHIELD_UNDEAD	0	T5_PLANKS	4
T5_OFF_TOWERSHIELD_UNDEAD	0	T5_METALBAR	4
T5_OFF_TOWERSHIELD_UNDEAD	0	T5_ARTEFACT_OFF_TOWERSHIELD_UNDEAD	1
T5_OFF_TOWERSHIELD_UNDEAD	1	T5_PLANKS_LEVEL1	4
T5_OFF_TOWERSHIELD_UNDEAD	1	T5_METALBAR_LEVEL1	4
T5_OFF_TOWERSHIELD_UNDEAD	1	T5_ARTEFACT_OFF_TOWERSHIELD_UNDEAD	1
T5_OFF_TOWERSHIELD_UNDEAD	2	T5_PLANKS_LEVEL2	4
T5_OFF_TOWERSHIELD_UNDEAD	2	T5_METALBAR_LEVEL2	4
T5_OFF_TOWERSHIELD_UNDEAD	2	T5_ARTEFACT_OFF_TOWERSHIELD_UNDEAD	1
T5_OFF_TOWERSHIELD_UNDEAD	3	T5_PLANKS_LEVEL3	4
T5_OFF_TOWERSHIELD_UNDEAD	3	T5_METALBAR_LEVEL3	4
T5_OFF_TOWERSHIELD_UNDEAD	3	T5_ARTEFACT_OFF_TOWERSHIELD_UNDEAD	1
T5_OFF_TOWERSHIELD_UNDEAD	4	T5_PLANKS_LEVEL4	4
T5_OFF_TOWERSHIELD_UNDEAD	4	T5_METALBAR_LEVEL4	4
T5_OFF_TOWERSHIELD_UNDEAD	4	T5_ARTEFACT_OFF_TOWERSHIELD_UNDEAD	1
T6_OFF_TOWERSHIELD_UNDEAD	0	T6_PLANKS	4
T6_OFF_TOWERSHIELD_UNDEAD	0	T6_METALBAR	4
T6_OFF_TOWERSHIELD_UNDEAD	0	T6_ARTEFACT_OFF_TOWERSHIELD_UNDEAD	1
T6_OFF_TOWERSHIELD_UNDEAD	1	T6_PLANKS_LEVEL1	4
T6_OFF_TOWERSHIELD_UNDEAD	1	T6_METALBAR_LEVEL1	4
T6_OFF_TOWERSHIELD_UNDEAD	1	T6_ARTEFACT_OFF_TOWERSHIELD_UNDEAD	1
T6_OFF_TOWERSHIELD_UNDEAD	2	T6_PLANKS_LEVEL2	4
T6_OFF_TOWERSHIELD_UNDEAD	2	T6_METALBAR_LEVEL2	4
T6_OFF_TOWERSHIELD_UNDEAD	2	T6_ARTEFACT_OFF_TOWERSHIELD_UNDEAD	1
T6_OFF_TOWERSHIELD_UNDEAD	3	T6_PLANKS_LEVEL3	4
T6_OFF_TOWERSHIELD_UNDEAD	3	T6_METALBAR_LEVEL3	4
T6_OFF_TOWERSHIELD_UNDEAD	3	T6_ARTEFACT_OFF_TOWERSHIELD_UNDEAD	1
T6_OFF_TOWERSHIELD_UNDEAD	4	T6_PLANKS_LEVEL4	4
T6_OFF_TOWERSHIELD_UNDEAD	4	T6_METALBAR_LEVEL4	4
T6_OFF_TOWERSHIELD_UNDEAD	4	T6_ARTEFACT_OFF_TOWERSHIELD_UNDEAD	1
T7_OFF_TOWERSHIELD_UNDEAD	0	T7_PLANKS	4
T7_OFF_TOWERSHIELD_UNDEAD	0	T7_METALBAR	4
T7_OFF_TOWERSHIELD_UNDEAD	0	T7_ARTEFACT_OFF_TOWERSHIELD_UNDEAD	1
T7_OFF_TOWERSHIELD_UNDEAD	1	T7_PLANKS_LEVEL1	4
T7_OFF_TOWERSHIELD_UNDEAD	1	T7_METALBAR_LEVEL1	4
T7_OFF_TOWERSHIELD_UNDEAD	1	T7_ARTEFACT_OFF_TOWERSHIELD_UNDEAD	1
T7_OFF_TOWERSHIELD_UNDEAD	2	T7_PLANKS_LEVEL2	4
T7_OFF_TOWERSHIELD_UNDEAD	2	T7_METALBAR_LEVEL2	4
T7_OFF_TOWERSHIELD_UNDEAD	2	T7_ARTEFACT_OFF_TOWERSHIELD_UNDEAD	1
T7_OFF_TOWERSHIELD_UNDEAD	3	T7_PLANKS_LEVEL3	4
T7_OFF_TOWERSHIELD_UNDEAD	3	T7_METALBAR_LEVEL3	4
T7_OFF_TOWERSHIELD_UNDEAD	3	T7_ARTEFACT_OFF_TOWERSHIELD_UNDEAD	1
T7_OFF_TOWERSHIELD_UNDEAD	4	T7_PLANKS_LEVEL4	4
T7_OFF_TOWERSHIELD_UNDEAD	4	T7_METALBAR_LEVEL4	4
T7_OFF_TOWERSHIELD_UNDEAD	4	T7_ARTEFACT_OFF_TOWERSHIELD_UNDEAD	1
T8_OFF_TOWERSHIELD_UNDEAD	0	T8_PLANKS	4
T8_OFF_TOWERSHIELD_UNDEAD	0	T8_METALBAR	4
T8_OFF_TOWERSHIELD_UNDEAD	0	T8_ARTEFACT_OFF_TOWERSHIELD_UNDEAD	1
T8_OFF_TOWERSHIELD_UNDEAD	1	T8_PLANKS_LEVEL1	4
T8_OFF_TOWERSHIELD_UNDEAD	1	T8_METALBAR_LEVEL1	4
T8_OFF_TOWERSHIELD_UNDEAD	1	T8_ARTEFACT_OFF_TOWERSHIELD_UNDEAD	1
T8_OFF_TOWERSHIELD_UNDEAD	2	T8_PLANKS_LEVEL2	4
T8_OFF_TOWERSHIELD_UNDEAD	2	T8_METALBAR_LEVEL2	4
T8_OFF_TOWERSHIELD_UNDEAD	2	T8_ARTEFACT_OFF_TOWERSHIELD_UNDEAD	1
T8_OFF_TOWERSHIELD_UNDEAD	3	T8_PLANKS_LEVEL3	4
T8_OFF_TOWERSHIELD_UNDEAD	3	T8_METALBAR_LEVEL3	4
T8_OFF_TOWERSHIELD_UNDEAD	3	T8_ARTEFACT_OFF_TOWERSHIELD_UNDEAD	1
T8_OFF_TOWERSHIELD_UNDEAD	4	T8_PLANKS_LEVEL4	4
T8_OFF_TOWERSHIELD_UNDEAD	4	T8_METALBAR_LEVEL4	4
T8_OFF_TOWERSHIELD_UNDEAD	4	T8_ARTEFACT_OFF_TOWERSHIELD_UNDEAD	1
T4_OFF_SHIELD_HELL	0	T4_PLANKS	4
T4_OFF_SHIELD_HELL	0	T4_METALBAR	4
T4_OFF_SHIELD_HELL	0	T4_ARTEFACT_OFF_SHIELD_HELL	1
T4_OFF_SHIELD_HELL	1	T4_PLANKS_LEVEL1	4
T4_OFF_SHIELD_HELL	1	T4_METALBAR_LEVEL1	4
T4_OFF_SHIELD_HELL	1	T4_ARTEFACT_OFF_SHIELD_HELL	1
T4_OFF_SHIELD_HELL	2	T4_PLANKS_LEVEL2	4
T4_OFF_SHIELD_HELL	2	T4_METALBAR_LEVEL2	4
T4_OFF_SHIELD_HELL	2	T4_ARTEFACT_OFF_SHIELD_HELL	1
T4_OFF_SHIELD_HELL	3	T4_PLANKS_LEVEL3	4
T4_OFF_SHIELD_HELL	3	T4_METALBAR_LEVEL3	4
T4_OFF_SHIELD_HELL	3	T4_ARTEFACT_OFF_SHIELD_HELL	1
T4_OFF_SHIELD_HELL	4	T4_PLANKS_LEVEL4	4
T4_OFF_SHIELD_HELL	4	T4_METALBAR_LEVEL4	4
T4_OFF_SHIELD_HELL	4	T4_ARTEFACT_OFF_SHIELD_HELL	1
T5_OFF_SHIELD_HELL	0	T5_PLANKS	4
T5_OFF_SHIELD_HELL	0	T5_METALBAR	4
T5_OFF_SHIELD_HELL	0	T5_ARTEFACT_OFF_SHIELD_HELL	1
T5_OFF_SHIELD_HELL	1	T5_PLANKS_LEVEL1	4
T5_OFF_SHIELD_HELL	1	T5_METALBAR_LEVEL1	4
T5_OFF_SHIELD_HELL	1	T5_ARTEFACT_OFF_SHIELD_HELL	1
T5_OFF_SHIELD_HELL	2	T5_PLANKS_LEVEL2	4
T5_OFF_SHIELD_HELL	2	T5_METALBAR_LEVEL2	4
T5_OFF_SHIELD_HELL	2	T5_ARTEFACT_OFF_SHIELD_HELL	1
T5_OFF_SHIELD_HELL	3	T5_PLANKS_LEVEL3	4
T5_OFF_SHIELD_HELL	3	T5_METALBAR_LEVEL3	4
T5_OFF_SHIELD_HELL	3	T5_ARTEFACT_OFF_SHIELD_HELL	1
T5_OFF_SHIELD_HELL	4	T5_PLANKS_LEVEL4	4
T5_OFF_SHIELD_HELL	4	T5_METALBAR_LEVEL4	4
T5_OFF_SHIELD_HELL	4	T5_ARTEFACT_OFF_SHIELD_HELL	1
T6_OFF_SHIELD_HELL	0	T6_PLANKS	4
T6_OFF_SHIELD_HELL	0	T6_METALBAR	4
T6_OFF_SHIELD_HELL	0	T6_ARTEFACT_OFF_SHIELD_HELL	1
T6_OFF_SHIELD_HELL	1	T6_PLANKS_LEVEL1	4
T6_OFF_SHIELD_HELL	1	T6_METALBAR_LEVEL1	4
T6_OFF_SHIELD_HELL	1	T6_ARTEFACT_OFF_SHIELD_HELL	1
T6_OFF_SHIELD_HELL	2	T6_PLANKS_LEVEL2	4
T6_OFF_SHIELD_HELL	2	T6_METALBAR_LEVEL2	4
T6_OFF_SHIELD_HELL	2	T6_ARTEFACT_OFF_SHIELD_HELL	1
T6_OFF_SHIELD_HELL	3	T6_PLANKS_LEVEL3	4
T6_OFF_SHIELD_HELL	3	T6_METALBAR_LEVEL3	4
T6_OFF_SHIELD_HELL	3	T6_ARTEFACT_OFF_SHIELD_HELL	1
T6_OFF_SHIELD_HELL	4	T6_PLANKS_LEVEL4	4
T6_OFF_SHIELD_HELL	4	T6_METALBAR_LEVEL4	4
T6_OFF_SHIELD_HELL	4	T6_ARTEFACT_OFF_SHIELD_HELL	1
T7_OFF_SHIELD_HELL	0	T7_PLANKS	4
T7_OFF_SHIELD_HELL	0	T7_METALBAR	4
T7_OFF_SHIELD_HELL	0	T7_ARTEFACT_OFF_SHIELD_HELL	1
T7_OFF_SHIELD_HELL	1	T7_PLANKS_LEVEL1	4
T7_OFF_SHIELD_HELL	1	T7_METALBAR_LEVEL1	4
T7_OFF_SHIELD_HELL	1	T7_ARTEFACT_OFF_SHIELD_HELL	1
T7_OFF_SHIELD_HELL	2	T7_PLANKS_LEVEL2	4
T7_OFF_SHIELD_HELL	2	T7_METALBAR_LEVEL2	4
T7_OFF_SHIELD_HELL	2	T7_ARTEFACT_OFF_SHIELD_HELL	1
T7_OFF_SHIELD_HELL	3	T7_PLANKS_LEVEL3	4
T7_OFF_SHIELD_HELL	3	T7_METALBAR_LEVEL3	4
T7_OFF_SHIELD_HELL	3	T7_ARTEFACT_OFF_SHIELD_HELL	1
T7_OFF_SHIELD_HELL	4	T7_PLANKS_LEVEL4	4
T7_OFF_SHIELD_HELL	4	T7_METALBAR_LEVEL4	4
T7_OFF_SHIELD_HELL	4	T7_ARTEFACT_OFF_SHIELD_HELL	1
T8_OFF_SHIELD_HELL	0	T8_PLANKS	4
T8_OFF_SHIELD_HELL	0	T8_METALBAR	4
T8_OFF_SHIELD_HELL	0	T8_ARTEFACT_OFF_SHIELD_HELL	1
T8_OFF_SHIELD_HELL	1	T8_PLANKS_LEVEL1	4
T8_OFF_SHIELD_HELL	1	T8_METALBAR_LEVEL1	4
T8_OFF_SHIELD_HELL	1	T8_ARTEFACT_OFF_SHIELD_HELL	1
T8_OFF_SHIELD_HELL	2	T8_PLANKS_LEVEL2	4
T8_OFF_SHIELD_HELL	2	T8_METALBAR_LEVEL2	4
T8_OFF_SHIELD_HELL	2	T8_ARTEFACT_OFF_SHIELD_HELL	1
T8_OFF_SHIELD_HELL	3	T8_PLANKS_LEVEL3	4
T8_OFF_SHIELD_HELL	3	T8_METALBAR_LEVEL3	4
T8_OFF_SHIELD_HELL	3	T8_ARTEFACT_OFF_SHIELD_HELL	1
T8_OFF_SHIELD_HELL	4	T8_PLANKS_LEVEL4	4
T8_OFF_SHIELD_HELL	4	T8_METALBAR_LEVEL4	4
T8_OFF_SHIELD_HELL	4	T8_ARTEFACT_OFF_SHIELD_HELL	1
T4_OFF_SPIKEDSHIELD_MORGANA	0	T4_PLANKS	4
T4_OFF_SPIKEDSHIELD_MORGANA	0	T4_METALBAR	4
T4_OFF_SPIKEDSHIELD_MORGANA	0	T4_ARTEFACT_OFF_SPIKEDSHIELD_MORGANA	1
T4_OFF_SPIKEDSHIELD_MORGANA	1	T4_PLANKS_LEVEL1	4
T4_OFF_SPIKEDSHIELD_MORGANA	1	T4_METALBAR_LEVEL1	4
T4_OFF_SPIKEDSHIELD_MORGANA	1	T4_ARTEFACT_OFF_SPIKEDSHIELD_MORGANA	1
T4_OFF_SPIKEDSHIELD_MORGANA	2	T4_PLANKS_LEVEL2	4
T4_OFF_SPIKEDSHIELD_MORGANA	2	T4_METALBAR_LEVEL2	4
T4_OFF_SPIKEDSHIELD_MORGANA	2	T4_ARTEFACT_OFF_SPIKEDSHIELD_MORGANA	1
T4_OFF_SPIKEDSHIELD_MORGANA	3	T4_PLANKS_LEVEL3	4
T4_OFF_SPIKEDSHIELD_MORGANA	3	T4_METALBAR_LEVEL3	4
T4_OFF_SPIKEDSHIELD_MORGANA	3	T4_ARTEFACT_OFF_SPIKEDSHIELD_MORGANA	1
T4_OFF_SPIKEDSHIELD_MORGANA	4	T4_PLANKS_LEVEL4	4
T4_OFF_SPIKEDSHIELD_MORGANA	4	T4_METALBAR_LEVEL4	4
T4_OFF_SPIKEDSHIELD_MORGANA	4	T4_ARTEFACT_OFF_SPIKEDSHIELD_MORGANA	1
T5_OFF_SPIKEDSHIELD_MORGANA	0	T5_PLANKS	4
T5_OFF_SPIKEDSHIELD_MORGANA	0	T5_METALBAR	4
T5_OFF_SPIKEDSHIELD_MORGANA	0	T5_ARTEFACT_OFF_SPIKEDSHIELD_MORGANA	1
T5_OFF_SPIKEDSHIELD_MORGANA	1	T5_PLANKS_LEVEL1	4
T5_OFF_SPIKEDSHIELD_MORGANA	1	T5_METALBAR_LEVEL1	4
T5_OFF_SPIKEDSHIELD_MORGANA	1	T5_ARTEFACT_OFF_SPIKEDSHIELD_MORGANA	1
T5_OFF_SPIKEDSHIELD_MORGANA	2	T5_PLANKS_LEVEL2	4
T5_OFF_SPIKEDSHIELD_MORGANA	2	T5_METALBAR_LEVEL2	4
T5_OFF_SPIKEDSHIELD_MORGANA	2	T5_ARTEFACT_OFF_SPIKEDSHIELD_MORGANA	1
T5_OFF_SPIKEDSHIELD_MORGANA	3	T5_PLANKS_LEVEL3	4
T5_OFF_SPIKEDSHIELD_MORGANA	3	T5_METALBAR_LEVEL3	4
T5_OFF_SPIKEDSHIELD_MORGANA	3	T5_ARTEFACT_OFF_SPIKEDSHIELD_MORGANA	1
T5_OFF_SPIKEDSHIELD_MORGANA	4	T5_PLANKS_LEVEL4	4
T5_OFF_SPIKEDSHIELD_MORGANA	4	T5_METALBAR_LEVEL4	4
T5_OFF_SPIKEDSHIELD_MORGANA	4	T5_ARTEFACT_OFF_SPIKEDSHIELD_MORGANA	1
T6_OFF_SPIKEDSHIELD_MORGANA	0	T6_PLANKS	4
T6_OFF_SPIKEDSHIELD_MORGANA	0	T6_METALBAR	4
T6_OFF_SPIKEDSHIELD_MORGANA	0	T6_ARTEFACT_OFF_SPIKEDSHIELD_MORGANA	1
T6_OFF_SPIKEDSHIELD_MORGANA	1	T6_PLANKS_LEVEL1	4
T6_OFF_SPIKEDSHIELD_MORGANA	1	T6_METALBAR_LEVEL1	4
T6_OFF_SPIKEDSHIELD_MORGANA	1	T6_ARTEFACT_OFF_SPIKEDSHIELD_MORGANA	1
T6_OFF_SPIKEDSHIELD_MORGANA	2	T6_PLANKS_LEVEL2	4
T6_OFF_SPIKEDSHIELD_MORGANA	2	T6_METALBAR_LEVEL2	4
T6_OFF_SPIKEDSHIELD_MORGANA	2	T6_ARTEFACT_OFF_SPIKEDSHIELD_MORGANA	1
T6_OFF_SPIKEDSHIELD_MORGANA	3	T6_PLANKS_LEVEL3	4
T6_OFF_SPIKEDSHIELD_MORGANA	3	T6_METALBAR_LEVEL3	4
T6_OFF_SPIKEDSHIELD_MORGANA	3	T6_ARTEFACT_OFF_SPIKEDSHIELD_MORGANA	1
T6_OFF_SPIKEDSHIELD_MORGANA	4	T6_PLANKS_LEVEL4	4
T6_OFF_SPIKEDSHIELD_MORGANA	4	T6_METALBAR_LEVEL4	4
T6_OFF_SPIKEDSHIELD_MORGANA	4	T6_ARTEFACT_OFF_SPIKEDSHIELD_MORGANA	1
T7_OFF_SPIKEDSHIELD_MORGANA	0	T7_PLANKS	4
T7_OFF_SPIKEDSHIELD_MORGANA	0	T7_METALBAR	4
T7_OFF_SPIKEDSHIELD_MORGANA	0	T7_ARTEFACT_OFF_SPIKEDSHIELD_MORGANA	1
T7_OFF_SPIKEDSHIELD_MORGANA	1	T7_PLANKS_LEVEL1	4
T7_OFF_SPIKEDSHIELD_MORGANA	1	T7_METALBAR_LEVEL1	4
T7_OFF_SPIKEDSHIELD_MORGANA	1	T7_ARTEFACT_OFF_SPIKEDSHIELD_MORGANA	1
T7_OFF_SPIKEDSHIELD_MORGANA	2	T7_PLANKS_LEVEL2	4
T7_OFF_SPIKEDSHIELD_MORGANA	2	T7_METALBAR_LEVEL2	4
T7_OFF_SPIKEDSHIELD_MORGANA	2	T7_ARTEFACT_OFF_SPIKEDSHIELD_MORGANA	1
T7_OFF_SPIKEDSHIELD_MORGANA	3	T7_PLANKS_LEVEL3	4
T7_OFF_SPIKEDSHIELD_MORGANA	3	T7_METALBAR_LEVEL3	4
T7_OFF_SPIKEDSHIELD_MORGANA	3	T7_ARTEFACT_OFF_SPIKEDSHIELD_MORGANA	1
T7_OFF_SPIKEDSHIELD_MORGANA	4	T7_PLANKS_LEVEL4	4
T7_OFF_SPIKEDSHIELD_MORGANA	4	T7_METALBAR_LEVEL4	4
T7_OFF_SPIKEDSHIELD_MORGANA	4	T7_ARTEFACT_OFF_SPIKEDSHIELD_MORGANA	1
T8_OFF_SPIKEDSHIELD_MORGANA	0	T8_PLANKS	4
T8_OFF_SPIKEDSHIELD_MORGANA	0	T8_METALBAR	4
T8_OFF_SPIKEDSHIELD_MORGANA	0	T8_ARTEFACT_OFF_SPIKEDSHIELD_MORGANA	1
T8_OFF_SPIKEDSHIELD_MORGANA	1	T8_PLANKS_LEVEL1	4
T8_OFF_SPIKEDSHIELD_MORGANA	1	T8_METALBAR_LEVEL1	4
T8_OFF_SPIKEDSHIELD_MORGANA	1	T8_ARTEFACT_OFF_SPIKEDSHIELD_MORGANA	1
T8_OFF_SPIKEDSHIELD_MORGANA	2	T8_PLANKS_LEVEL2	4
T8_OFF_SPIKEDSHIELD_MORGANA	2	T8_METALBAR_LEVEL2	4
T8_OFF_SPIKEDSHIELD_MORGANA	2	T8_ARTEFACT_OFF_SPIKEDSHIELD_MORGANA	1
T8_OFF_SPIKEDSHIELD_MORGANA	3	T8_PLANKS_LEVEL3	4
T8_OFF_SPIKEDSHIELD_MORGANA	3	T8_METALBAR_LEVEL3	4
T8_OFF_SPIKEDSHIELD_MORGANA	3	T8_ARTEFACT_OFF_SPIKEDSHIELD_MORGANA	1
T8_OFF_SPIKEDSHIELD_MORGANA	4	T8_PLANKS_LEVEL4	4
T8_OFF_SPIKEDSHIELD_MORGANA	4	T8_METALBAR_LEVEL4	4
T8_OFF_SPIKEDSHIELD_MORGANA	4	T8_ARTEFACT_OFF_SPIKEDSHIELD_MORGANA	1
T4_OFF_SHIELD_AVALON	0	T4_PLANKS	4
T4_OFF_SHIELD_AVALON	0	T4_METALBAR	4
T4_OFF_SHIELD_AVALON	0	T4_ARTEFACT_OFF_SHIELD_AVALON	1
T4_OFF_SHIELD_AVALON	1	T4_PLANKS_LEVEL1	4
T4_OFF_SHIELD_AVALON	1	T4_METALBAR_LEVEL1	4
T4_OFF_SHIELD_AVALON	1	T4_ARTEFACT_OFF_SHIELD_AVALON	1
T4_OFF_SHIELD_AVALON	2	T4_PLANKS_LEVEL2	4
T4_OFF_SHIELD_AVALON	2	T4_METALBAR_LEVEL2	4
T4_OFF_SHIELD_AVALON	2	T4_ARTEFACT_OFF_SHIELD_AVALON	1
T4_OFF_SHIELD_AVALON	3	T4_PLANKS_LEVEL3	4
T4_OFF_SHIELD_AVALON	3	T4_METALBAR_LEVEL3	4
T4_OFF_SHIELD_AVALON	3	T4_ARTEFACT_OFF_SHIELD_AVALON	1
T4_OFF_SHIELD_AVALON	4	T4_PLANKS_LEVEL4	4
T4_OFF_SHIELD_AVALON	4	T4_METALBAR_LEVEL4	4
T4_OFF_SHIELD_AVALON	4	T4_ARTEFACT_OFF_SHIELD_AVALON	1
T5_OFF_SHIELD_AVALON	0	T5_PLANKS	4
T5_OFF_SHIELD_AVALON	0	T5_METALBAR	4
T5_OFF_SHIELD_AVALON	0	T5_ARTEFACT_OFF_SHIELD_AVALON	1
T5_OFF_SHIELD_AVALON	1	T5_PLANKS_LEVEL1	4
T5_OFF_SHIELD_AVALON	1	T5_METALBAR_LEVEL1	4
T5_OFF_SHIELD_AVALON	1	T5_ARTEFACT_OFF_SHIELD_AVALON	1
T5_OFF_SHIELD_AVALON	2	T5_PLANKS_LEVEL2	4
T5_OFF_SHIELD_AVALON	2	T5_METALBAR_LEVEL2	4
T5_OFF_SHIELD_AVALON	2	T5_ARTEFACT_OFF_SHIELD_AVALON	1
T5_OFF_SHIELD_AVALON	3	T5_PLANKS_LEVEL3	4
T5_OFF_SHIELD_AVALON	3	T5_METALBAR_LEVEL3	4
T5_OFF_SHIELD_AVALON	3	T5_ARTEFACT_OFF_SHIELD_AVALON	1
T5_OFF_SHIELD_AVALON	4	T5_PLANKS_LEVEL4	4
T5_OFF_SHIELD_AVALON	4	T5_METALBAR_LEVEL4	4
T5_OFF_SHIELD_AVALON	4	T5_ARTEFACT_OFF_SHIELD_AVALON	1
T6_OFF_SHIELD_AVALON	0	T6_PLANKS	4
T6_OFF_SHIELD_AVALON	0	T6_METALBAR	4
T6_OFF_SHIELD_AVALON	0	T6_ARTEFACT_OFF_SHIELD_AVALON	1
T6_OFF_SHIELD_AVALON	1	T6_PLANKS_LEVEL1	4
T6_OFF_SHIELD_AVALON	1	T6_METALBAR_LEVEL1	4
T6_OFF_SHIELD_AVALON	1	T6_ARTEFACT_OFF_SHIELD_AVALON	1
T6_OFF_SHIELD_AVALON	2	T6_PLANKS_LEVEL2	4
T6_OFF_SHIELD_AVALON	2	T6_METALBAR_LEVEL2	4
T6_OFF_SHIELD_AVALON	2	T6_ARTEFACT_OFF_SHIELD_AVALON	1
T6_OFF_SHIELD_AVALON	3	T6_PLANKS_LEVEL3	4
T6_OFF_SHIELD_AVALON	3	T6_METALBAR_LEVEL3	4
T6_OFF_SHIELD_AVALON	3	T6_ARTEFACT_OFF_SHIELD_AVALON	1
T6_OFF_SHIELD_AVALON	4	T6_PLANKS_LEVEL4	4
T6_OFF_SHIELD_AVALON	4	T6_METALBAR_LEVEL4	4
T6_OFF_SHIELD_AVALON	4	T6_ARTEFACT_OFF_SHIELD_AVALON	1
T7_OFF_SHIELD_AVALON	0	T7_PLANKS	4
T7_OFF_SHIELD_AVALON	0	T7_METALBAR	4
T7_OFF_SHIELD_AVALON	0	T7_ARTEFACT_OFF_SHIELD_AVALON	1
T7_OFF_SHIELD_AVALON	1	T7_PLANKS_LEVEL1	4
T7_OFF_SHIELD_AVALON	1	T7_METALBAR_LEVEL1	4
T7_OFF_SHIELD_AVALON	1	T7_ARTEFACT_OFF_SHIELD_AVALON	1
T7_OFF_SHIELD_AVALON	2	T7_PLANKS_LEVEL2	4
T7_OFF_SHIELD_AVALON	2	T7_METALBAR_LEVEL2	4
T7_OFF_SHIELD_AVALON	2	T7_ARTEFACT_OFF_SHIELD_AVALON	1
T7_OFF_SHIELD_AVALON	3	T7_PLANKS_LEVEL3	4
T7_OFF_SHIELD_AVALON	3	T7_METALBAR_LEVEL3	4
T7_OFF_SHIELD_AVALON	3	T7_ARTEFACT_OFF_SHIELD_AVALON	1
T7_OFF_SHIELD_AVALON	4	T7_PLANKS_LEVEL4	4
T7_OFF_SHIELD_AVALON	4	T7_METALBAR_LEVEL4	4
T7_OFF_SHIELD_AVALON	4	T7_ARTEFACT_OFF_SHIELD_AVALON	1
T8_OFF_SHIELD_AVALON	0	T8_PLANKS	4
T8_OFF_SHIELD_AVALON	0	T8_METALBAR	4
T8_OFF_SHIELD_AVALON	0	T8_ARTEFACT_OFF_SHIELD_AVALON	1
T8_OFF_SHIELD_AVALON	1	T8_PLANKS_LEVEL1	4
T8_OFF_SHIELD_AVALON	1	T8_METALBAR_LEVEL1	4
T8_OFF_SHIELD_AVALON	1	T8_ARTEFACT_OFF_SHIELD_AVALON	1
T8_OFF_SHIELD_AVALON	2	T8_PLANKS_LEVEL2	4
T8_OFF_SHIELD_AVALON	2	T8_METALBAR_LEVEL2	4
T8_OFF_SHIELD_AVALON	2	T8_ARTEFACT_OFF_SHIELD_AVALON	1
T8_OFF_SHIELD_AVALON	3	T8_PLANKS_LEVEL3	4
T8_OFF_SHIELD_AVALON	3	T8_METALBAR_LEVEL3	4
T8_OFF_SHIELD_AVALON	3	T8_ARTEFACT_OFF_SHIELD_AVALON	1
T8_OFF_SHIELD_AVALON	4	T8_PLANKS_LEVEL4	4
T8_OFF_SHIELD_AVALON	4	T8_METALBAR_LEVEL4	4
T8_OFF_SHIELD_AVALON	4	T8_ARTEFACT_OFF_SHIELD_AVALON	1
T4_OFF_SHIELD_CRYSTAL	0	T4_PLANKS	4
T4_OFF_SHIELD_CRYSTAL	0	T4_METALBAR	4
T4_OFF_SHIELD_CRYSTAL	0	T4_ARTEFACT_OFF_SHIELD_CRYSTAL	1
T4_OFF_SHIELD_CRYSTAL	1	T4_PLANKS_LEVEL1	4
T4_OFF_SHIELD_CRYSTAL	1	T4_METALBAR_LEVEL1	4
T4_OFF_SHIELD_CRYSTAL	1	T4_ARTEFACT_OFF_SHIELD_CRYSTAL	1
T4_OFF_SHIELD_CRYSTAL	2	T4_PLANKS_LEVEL2	4
T4_OFF_SHIELD_CRYSTAL	2	T4_METALBAR_LEVEL2	4
T4_OFF_SHIELD_CRYSTAL	2	T4_ARTEFACT_OFF_SHIELD_CRYSTAL	1
T4_OFF_SHIELD_CRYSTAL	3	T4_PLANKS_LEVEL3	4
T4_OFF_SHIELD_CRYSTAL	3	T4_METALBAR_LEVEL3	4
T4_OFF_SHIELD_CRYSTAL	3	T4_ARTEFACT_OFF_SHIELD_CRYSTAL	1
T4_OFF_SHIELD_CRYSTAL	4	T4_PLANKS_LEVEL4	4
T4_OFF_SHIELD_CRYSTAL	4	T4_METALBAR_LEVEL4	4
T4_OFF_SHIELD_CRYSTAL	4	T4_ARTEFACT_OFF_SHIELD_CRYSTAL	1
T5_OFF_SHIELD_CRYSTAL	0	T5_PLANKS	4
T5_OFF_SHIELD_CRYSTAL	0	T5_METALBAR	4
T5_OFF_SHIELD_CRYSTAL	0	T5_ARTEFACT_OFF_SHIELD_CRYSTAL	1
T5_OFF_SHIELD_CRYSTAL	1	T5_PLANKS_LEVEL1	4
T5_OFF_SHIELD_CRYSTAL	1	T5_METALBAR_LEVEL1	4
T5_OFF_SHIELD_CRYSTAL	1	T5_ARTEFACT_OFF_SHIELD_CRYSTAL	1
T5_OFF_SHIELD_CRYSTAL	2	T5_PLANKS_LEVEL2	4
T5_OFF_SHIELD_CRYSTAL	2	T5_METALBAR_LEVEL2	4
T5_OFF_SHIELD_CRYSTAL	2	T5_ARTEFACT_OFF_SHIELD_CRYSTAL	1
T5_OFF_SHIELD_CRYSTAL	3	T5_PLANKS_LEVEL3	4
T5_OFF_SHIELD_CRYSTAL	3	T5_METALBAR_LEVEL3	4
T5_OFF_SHIELD_CRYSTAL	3	T5_ARTEFACT_OFF_SHIELD_CRYSTAL	1
T5_OFF_SHIELD_CRYSTAL	4	T5_PLANKS_LEVEL4	4
T5_OFF_SHIELD_CRYSTAL	4	T5_METALBAR_LEVEL4	4
T5_OFF_SHIELD_CRYSTAL	4	T5_ARTEFACT_OFF_SHIELD_CRYSTAL	1
T6_OFF_SHIELD_CRYSTAL	0	T6_PLANKS	4
T6_OFF_SHIELD_CRYSTAL	0	T6_METALBAR	4
T6_OFF_SHIELD_CRYSTAL	0	T6_ARTEFACT_OFF_SHIELD_CRYSTAL	1
T6_OFF_SHIELD_CRYSTAL	1	T6_PLANKS_LEVEL1	4
T6_OFF_SHIELD_CRYSTAL	1	T6_METALBAR_LEVEL1	4
T6_OFF_SHIELD_CRYSTAL	1	T6_ARTEFACT_OFF_SHIELD_CRYSTAL	1
T6_OFF_SHIELD_CRYSTAL	2	T6_PLANKS_LEVEL2	4
T6_OFF_SHIELD_CRYSTAL	2	T6_METALBAR_LEVEL2	4
T6_OFF_SHIELD_CRYSTAL	2	T6_ARTEFACT_OFF_SHIELD_CRYSTAL	1
T6_OFF_SHIELD_CRYSTAL	3	T6_PLANKS_LEVEL3	4
T6_OFF_SHIELD_CRYSTAL	3	T6_METALBAR_LEVEL3	4
T6_OFF_SHIELD_CRYSTAL	3	T6_ARTEFACT_OFF_SHIELD_CRYSTAL	1
T6_OFF_SHIELD_CRYSTAL	4	T6_PLANKS_LEVEL4	4
T6_OFF_SHIELD_CRYSTAL	4	T6_METALBAR_LEVEL4	4
T6_OFF_SHIELD_CRYSTAL	4	T6_ARTEFACT_OFF_SHIELD_CRYSTAL	1
T7_OFF_SHIELD_CRYSTAL	0	T7_PLANKS	4
T7_OFF_SHIELD_CRYSTAL	0	T7_METALBAR	4
T7_OFF_SHIELD_CRYSTAL	0	T7_ARTEFACT_OFF_SHIELD_CRYSTAL	1
T7_OFF_SHIELD_CRYSTAL	1	T7_PLANKS_LEVEL1	4
T7_OFF_SHIELD_CRYSTAL	1	T7_METALBAR_LEVEL1	4
T7_OFF_SHIELD_CRYSTAL	1	T7_ARTEFACT_OFF_SHIELD_CRYSTAL	1
T7_OFF_SHIELD_CRYSTAL	2	T7_PLANKS_LEVEL2	4
T7_OFF_SHIELD_CRYSTAL	2	T7_METALBAR_LEVEL2	4
T7_OFF_SHIELD_CRYSTAL	2	T7_ARTEFACT_OFF_SHIELD_CRYSTAL	1
T7_OFF_SHIELD_CRYSTAL	3	T7_PLANKS_LEVEL3	4
T7_OFF_SHIELD_CRYSTAL	3	T7_METALBAR_LEVEL3	4
T7_OFF_SHIELD_CRYSTAL	3	T7_ARTEFACT_OFF_SHIELD_CRYSTAL	1
T7_OFF_SHIELD_CRYSTAL	4	T7_PLANKS_LEVEL4	4
T7_OFF_SHIELD_CRYSTAL	4	T7_METALBAR_LEVEL4	4
T7_OFF_SHIELD_CRYSTAL	4	T7_ARTEFACT_OFF_SHIELD_CRYSTAL	1
T8_OFF_SHIELD_CRYSTAL	0	T8_PLANKS	4
T8_OFF_SHIELD_CRYSTAL	0	T8_METALBAR	4
T8_OFF_SHIELD_CRYSTAL	0	T8_ARTEFACT_OFF_SHIELD_CRYSTAL	1
T8_OFF_SHIELD_CRYSTAL	1	T8_PLANKS_LEVEL1	4
T8_OFF_SHIELD_CRYSTAL	1	T8_METALBAR_LEVEL1	4
T8_OFF_SHIELD_CRYSTAL	1	T8_ARTEFACT_OFF_SHIELD_CRYSTAL	1
T8_OFF_SHIELD_CRYSTAL	2	T8_PLANKS_LEVEL2	4
T8_OFF_SHIELD_CRYSTAL	2	T8_METALBAR_LEVEL2	4
T8_OFF_SHIELD_CRYSTAL	2	T8_ARTEFACT_OFF_SHIELD_CRYSTAL	1
T8_OFF_SHIELD_CRYSTAL	3	T8_PLANKS_LEVEL3	4
T8_OFF_SHIELD_CRYSTAL	3	T8_METALBAR_LEVEL3	4
T8_OFF_SHIELD_CRYSTAL	3	T8_ARTEFACT_OFF_SHIELD_CRYSTAL	1
T8_OFF_SHIELD_CRYSTAL	4	T8_PLANKS_LEVEL4	4
T8_OFF_SHIELD_CRYSTAL	4	T8_METALBAR_LEVEL4	4
T8_OFF_SHIELD_CRYSTAL	4	T8_ARTEFACT_OFF_SHIELD_CRYSTAL	1
T2_OFF_BOOK	0	T2_CLOTH	4
T2_OFF_BOOK	0	T2_LEATHER	4
T3_OFF_BOOK	0	T3_CLOTH	4
T3_OFF_BOOK	0	T3_LEATHER	4
T4_OFF_BOOK	0	T4_CLOTH	4
T4_OFF_BOOK	0	T4_LEATHER	4
T4_OFF_BOOK	1	T4_CLOTH_LEVEL1	4
T4_OFF_BOOK	1	T4_LEATHER_LEVEL1	4
T4_OFF_BOOK	2	T4_CLOTH_LEVEL2	4
T4_OFF_BOOK	2	T4_LEATHER_LEVEL2	4
T4_OFF_BOOK	3	T4_CLOTH_LEVEL3	4
T4_OFF_BOOK	3	T4_LEATHER_LEVEL3	4
T4_OFF_BOOK	4	T4_CLOTH_LEVEL4	4
T4_OFF_BOOK	4	T4_LEATHER_LEVEL4	4
T5_OFF_BOOK	0	T5_CLOTH	4
T5_OFF_BOOK	0	T5_LEATHER	4
T5_OFF_BOOK	1	T5_CLOTH_LEVEL1	4
T5_OFF_BOOK	1	T5_LEATHER_LEVEL1	4
T5_OFF_BOOK	2	T5_CLOTH_LEVEL2	4
T5_OFF_BOOK	2	T5_LEATHER_LEVEL2	4
T5_OFF_BOOK	3	T5_CLOTH_LEVEL3	4
T5_OFF_BOOK	3	T5_LEATHER_LEVEL3	4
T5_OFF_BOOK	4	T5_CLOTH_LEVEL4	4
T5_OFF_BOOK	4	T5_LEATHER_LEVEL4	4
T6_OFF_BOOK	0	T6_CLOTH	4
T6_OFF_BOOK	0	T6_LEATHER	4
T6_OFF_BOOK	1	T6_CLOTH_LEVEL1	4
T6_OFF_BOOK	1	T6_LEATHER_LEVEL1	4
T6_OFF_BOOK	2	T6_CLOTH_LEVEL2	4
T6_OFF_BOOK	2	T6_LEATHER_LEVEL2	4
T6_OFF_BOOK	3	T6_CLOTH_LEVEL3	4
T6_OFF_BOOK	3	T6_LEATHER_LEVEL3	4
T6_OFF_BOOK	4	T6_CLOTH_LEVEL4	4
T6_OFF_BOOK	4	T6_LEATHER_LEVEL4	4
T7_OFF_BOOK	0	T7_CLOTH	4
T7_OFF_BOOK	0	T7_LEATHER	4
T7_OFF_BOOK	1	T7_CLOTH_LEVEL1	4
T7_OFF_BOOK	1	T7_LEATHER_LEVEL1	4
T7_OFF_BOOK	2	T7_CLOTH_LEVEL2	4
T7_OFF_BOOK	2	T7_LEATHER_LEVEL2	4
T7_OFF_BOOK	3	T7_CLOTH_LEVEL3	4
T7_OFF_BOOK	3	T7_LEATHER_LEVEL3	4
T7_OFF_BOOK	4	T7_CLOTH_LEVEL4	4
T7_OFF_BOOK	4	T7_LEATHER_LEVEL4	4
T8_OFF_BOOK	0	T8_CLOTH	4
T8_OFF_BOOK	0	T8_LEATHER	4
T8_OFF_BOOK	1	T8_CLOTH_LEVEL1	4
T8_OFF_BOOK	1	T8_LEATHER_LEVEL1	4
T8_OFF_BOOK	2	T8_CLOTH_LEVEL2	4
T8_OFF_BOOK	2	T8_LEATHER_LEVEL2	4
T8_OFF_BOOK	3	T8_CLOTH_LEVEL3	4
T8_OFF_BOOK	3	T8_LEATHER_LEVEL3	4
T8_OFF_BOOK	4	T8_CLOTH_LEVEL4	4
T8_OFF_BOOK	4	T8_LEATHER_LEVEL4	4
T4_OFF_ORB_MORGANA	0	T4_CLOTH	4
T4_OFF_ORB_MORGANA	0	T4_LEATHER	4
T4_OFF_ORB_MORGANA	0	T4_ARTEFACT_OFF_ORB_MORGANA	1
T4_OFF_ORB_MORGANA	1	T4_CLOTH_LEVEL1	4
T4_OFF_ORB_MORGANA	1	T4_LEATHER_LEVEL1	4
T4_OFF_ORB_MORGANA	1	T4_ARTEFACT_OFF_ORB_MORGANA	1
T4_OFF_ORB_MORGANA	2	T4_CLOTH_LEVEL2	4
T4_OFF_ORB_MORGANA	2	T4_LEATHER_LEVEL2	4
T4_OFF_ORB_MORGANA	2	T4_ARTEFACT_OFF_ORB_MORGANA	1
T4_OFF_ORB_MORGANA	3	T4_CLOTH_LEVEL3	4
T4_OFF_ORB_MORGANA	3	T4_LEATHER_LEVEL3	4
T4_OFF_ORB_MORGANA	3	T4_ARTEFACT_OFF_ORB_MORGANA	1
T4_OFF_ORB_MORGANA	4	T4_CLOTH_LEVEL4	4
T4_OFF_ORB_MORGANA	4	T4_LEATHER_LEVEL4	4
T4_OFF_ORB_MORGANA	4	T4_ARTEFACT_OFF_ORB_MORGANA	1
T5_OFF_ORB_MORGANA	0	T5_CLOTH	4
T5_OFF_ORB_MORGANA	0	T5_LEATHER	4
T5_OFF_ORB_MORGANA	0	T5_ARTEFACT_OFF_ORB_MORGANA	1
T5_OFF_ORB_MORGANA	1	T5_CLOTH_LEVEL1	4
T5_OFF_ORB_MORGANA	1	T5_LEATHER_LEVEL1	4
T5_OFF_ORB_MORGANA	1	T5_ARTEFACT_OFF_ORB_MORGANA	1
T5_OFF_ORB_MORGANA	2	T5_CLOTH_LEVEL2	4
T5_OFF_ORB_MORGANA	2	T5_LEATHER_LEVEL2	4
T5_OFF_ORB_MORGANA	2	T5_ARTEFACT_OFF_ORB_MORGANA	1
T5_OFF_ORB_MORGANA	3	T5_CLOTH_LEVEL3	4
T5_OFF_ORB_MORGANA	3	T5_LEATHER_LEVEL3	4
T5_OFF_ORB_MORGANA	3	T5_ARTEFACT_OFF_ORB_MORGANA	1
T5_OFF_ORB_MORGANA	4	T5_CLOTH_LEVEL4	4
T5_OFF_ORB_MORGANA	4	T5_LEATHER_LEVEL4	4
T5_OFF_ORB_MORGANA	4	T5_ARTEFACT_OFF_ORB_MORGANA	1
T6_OFF_ORB_MORGANA	0	T6_CLOTH	4
T6_OFF_ORB_MORGANA	0	T6_LEATHER	4
T6_OFF_ORB_MORGANA	0	T6_ARTEFACT_OFF_ORB_MORGANA	1
T6_OFF_ORB_MORGANA	1	T6_CLOTH_LEVEL1	4
T6_OFF_ORB_MORGANA	1	T6_LEATHER_LEVEL1	4
T6_OFF_ORB_MORGANA	1	T6_ARTEFACT_OFF_ORB_MORGANA	1
T6_OFF_ORB_MORGANA	2	T6_CLOTH_LEVEL2	4
T6_OFF_ORB_MORGANA	2	T6_LEATHER_LEVEL2	4
T6_OFF_ORB_MORGANA	2	T6_ARTEFACT_OFF_ORB_MORGANA	1
T6_OFF_ORB_MORGANA	3	T6_CLOTH_LEVEL3	4
T6_OFF_ORB_MORGANA	3	T6_LEATHER_LEVEL3	4
T6_OFF_ORB_MORGANA	3	T6_ARTEFACT_OFF_ORB_MORGANA	1
T6_OFF_ORB_MORGANA	4	T6_CLOTH_LEVEL4	4
T6_OFF_ORB_MORGANA	4	T6_LEATHER_LEVEL4	4
T6_OFF_ORB_MORGANA	4	T6_ARTEFACT_OFF_ORB_MORGANA	1
T7_OFF_ORB_MORGANA	0	T7_CLOTH	4
T7_OFF_ORB_MORGANA	0	T7_LEATHER	4
T7_OFF_ORB_MORGANA	0	T7_ARTEFACT_OFF_ORB_MORGANA	1
T7_OFF_ORB_MORGANA	1	T7_CLOTH_LEVEL1	4
T7_OFF_ORB_MORGANA	1	T7_LEATHER_LEVEL1	4
T7_OFF_ORB_MORGANA	1	T7_ARTEFACT_OFF_ORB_MORGANA	1
T7_OFF_ORB_MORGANA	2	T7_CLOTH_LEVEL2	4
T7_OFF_ORB_MORGANA	2	T7_LEATHER_LEVEL2	4
T7_OFF_ORB_MORGANA	2	T7_ARTEFACT_OFF_ORB_MORGANA	1
T7_OFF_ORB_MORGANA	3	T7_CLOTH_LEVEL3	4
T7_OFF_ORB_MORGANA	3	T7_LEATHER_LEVEL3	4
T7_OFF_ORB_MORGANA	3	T7_ARTEFACT_OFF_ORB_MORGANA	1
T7_OFF_ORB_MORGANA	4	T7_CLOTH_LEVEL4	4
T7_OFF_ORB_MORGANA	4	T7_LEATHER_LEVEL4	4
T7_OFF_ORB_MORGANA	4	T7_ARTEFACT_OFF_ORB_MORGANA	1
T8_OFF_ORB_MORGANA	0	T8_CLOTH	4
T8_OFF_ORB_MORGANA	0	T8_LEATHER	4
T8_OFF_ORB_MORGANA	0	T8_ARTEFACT_OFF_ORB_MORGANA	1
T8_OFF_ORB_MORGANA	1	T8_CLOTH_LEVEL1	4
T8_OFF_ORB_MORGANA	1	T8_LEATHER_LEVEL1	4
T8_OFF_ORB_MORGANA	1	T8_ARTEFACT_OFF_ORB_MORGANA	1
T8_OFF_ORB_MORGANA	2	T8_CLOTH_LEVEL2	4
T8_OFF_ORB_MORGANA	2	T8_LEATHER_LEVEL2	4
T8_OFF_ORB_MORGANA	2	T8_ARTEFACT_OFF_ORB_MORGANA	1
T8_OFF_ORB_MORGANA	3	T8_CLOTH_LEVEL3	4
T8_OFF_ORB_MORGANA	3	T8_LEATHER_LEVEL3	4
T8_OFF_ORB_MORGANA	3	T8_ARTEFACT_OFF_ORB_MORGANA	1
T8_OFF_ORB_MORGANA	4	T8_CLOTH_LEVEL4	4
T8_OFF_ORB_MORGANA	4	T8_LEATHER_LEVEL4	4
T8_OFF_ORB_MORGANA	4	T8_ARTEFACT_OFF_ORB_MORGANA	1
T4_OFF_DEMONSKULL_HELL	0	T4_CLOTH	4
T4_OFF_DEMONSKULL_HELL	0	T4_LEATHER	4
T4_OFF_DEMONSKULL_HELL	0	T4_ARTEFACT_OFF_DEMONSKULL_HELL	1
T4_OFF_DEMONSKULL_HELL	1	T4_CLOTH_LEVEL1	4
T4_OFF_DEMONSKULL_HELL	1	T4_LEATHER_LEVEL1	4
T4_OFF_DEMONSKULL_HELL	1	T4_ARTEFACT_OFF_DEMONSKULL_HELL	1
T4_OFF_DEMONSKULL_HELL	2	T4_CLOTH_LEVEL2	4
T4_OFF_DEMONSKULL_HELL	2	T4_LEATHER_LEVEL2	4
T4_OFF_DEMONSKULL_HELL	2	T4_ARTEFACT_OFF_DEMONSKULL_HELL	1
T4_OFF_DEMONSKULL_HELL	3	T4_CLOTH_LEVEL3	4
T4_OFF_DEMONSKULL_HELL	3	T4_LEATHER_LEVEL3	4
T4_OFF_DEMONSKULL_HELL	3	T4_ARTEFACT_OFF_DEMONSKULL_HELL	1
T4_OFF_DEMONSKULL_HELL	4	T4_CLOTH_LEVEL4	4
T4_OFF_DEMONSKULL_HELL	4	T4_LEATHER_LEVEL4	4
T4_OFF_DEMONSKULL_HELL	4	T4_ARTEFACT_OFF_DEMONSKULL_HELL	1
T5_OFF_DEMONSKULL_HELL	0	T5_CLOTH	4
T5_OFF_DEMONSKULL_HELL	0	T5_LEATHER	4
T5_OFF_DEMONSKULL_HELL	0	T5_ARTEFACT_OFF_DEMONSKULL_HELL	1
T5_OFF_DEMONSKULL_HELL	1	T5_CLOTH_LEVEL1	4
T5_OFF_DEMONSKULL_HELL	1	T5_LEATHER_LEVEL1	4
T5_OFF_DEMONSKULL_HELL	1	T5_ARTEFACT_OFF_DEMONSKULL_HELL	1
T5_OFF_DEMONSKULL_HELL	2	T5_CLOTH_LEVEL2	4
T5_OFF_DEMONSKULL_HELL	2	T5_LEATHER_LEVEL2	4
T5_OFF_DEMONSKULL_HELL	2	T5_ARTEFACT_OFF_DEMONSKULL_HELL	1
T5_OFF_DEMONSKULL_HELL	3	T5_CLOTH_LEVEL3	4
T5_OFF_DEMONSKULL_HELL	3	T5_LEATHER_LEVEL3	4
T5_OFF_DEMONSKULL_HELL	3	T5_ARTEFACT_OFF_DEMONSKULL_HELL	1
T5_OFF_DEMONSKULL_HELL	4	T5_CLOTH_LEVEL4	4
T5_OFF_DEMONSKULL_HELL	4	T5_LEATHER_LEVEL4	4
T5_OFF_DEMONSKULL_HELL	4	T5_ARTEFACT_OFF_DEMONSKULL_HELL	1
T6_OFF_DEMONSKULL_HELL	0	T6_CLOTH	4
T6_OFF_DEMONSKULL_HELL	0	T6_LEATHER	4
T6_OFF_DEMONSKULL_HELL	0	T6_ARTEFACT_OFF_DEMONSKULL_HELL	1
T6_OFF_DEMONSKULL_HELL	1	T6_CLOTH_LEVEL1	4
T6_OFF_DEMONSKULL_HELL	1	T6_LEATHER_LEVEL1	4
T6_OFF_DEMONSKULL_HELL	1	T6_ARTEFACT_OFF_DEMONSKULL_HELL	1
T6_OFF_DEMONSKULL_HELL	2	T6_CLOTH_LEVEL2	4
T6_OFF_DEMONSKULL_HELL	2	T6_LEATHER_LEVEL2	4
T6_OFF_DEMONSKULL_HELL	2	T6_ARTEFACT_OFF_DEMONSKULL_HELL	1
T6_OFF_DEMONSKULL_HELL	3	T6_CLOTH_LEVEL3	4
T6_OFF_DEMONSKULL_HELL	3	T6_LEATHER_LEVEL3	4
T6_OFF_DEMONSKULL_HELL	3	T6_ARTEFACT_OFF_DEMONSKULL_HELL	1
T6_OFF_DEMONSKULL_HELL	4	T6_CLOTH_LEVEL4	4
T6_OFF_DEMONSKULL_HELL	4	T6_LEATHER_LEVEL4	4
T6_OFF_DEMONSKULL_HELL	4	T6_ARTEFACT_OFF_DEMONSKULL_HELL	1
T7_OFF_DEMONSKULL_HELL	0	T7_CLOTH	4
T7_OFF_DEMONSKULL_HELL	0	T7_LEATHER	4
T7_OFF_DEMONSKULL_HELL	0	T7_ARTEFACT_OFF_DEMONSKULL_HELL	1
T7_OFF_DEMONSKULL_HELL	1	T7_CLOTH_LEVEL1	4
T7_OFF_DEMONSKULL_HELL	1	T7_LEATHER_LEVEL1	4
T7_OFF_DEMONSKULL_HELL	1	T7_ARTEFACT_OFF_DEMONSKULL_HELL	1
T7_OFF_DEMONSKULL_HELL	2	T7_CLOTH_LEVEL2	4
T7_OFF_DEMONSKULL_HELL	2	T7_LEATHER_LEVEL2	4
T7_OFF_DEMONSKULL_HELL	2	T7_ARTEFACT_OFF_DEMONSKULL_HELL	1
T7_OFF_DEMONSKULL_HELL	3	T7_CLOTH_LEVEL3	4
T7_OFF_DEMONSKULL_HELL	3	T7_LEATHER_LEVEL3	4
T7_OFF_DEMONSKULL_HELL	3	T7_ARTEFACT_OFF_DEMONSKULL_HELL	1
T7_OFF_DEMONSKULL_HELL	4	T7_CLOTH_LEVEL4	4
T7_OFF_DEMONSKULL_HELL	4	T7_LEATHER_LEVEL4	4
T7_OFF_DEMONSKULL_HELL	4	T7_ARTEFACT_OFF_DEMONSKULL_HELL	1
T8_OFF_DEMONSKULL_HELL	0	T8_CLOTH	4
T8_OFF_DEMONSKULL_HELL	0	T8_LEATHER	4
T8_OFF_DEMONSKULL_HELL	0	T8_ARTEFACT_OFF_DEMONSKULL_HELL	1
T8_OFF_DEMONSKULL_HELL	1	T8_CLOTH_LEVEL1	4
T8_OFF_DEMONSKULL_HELL	1	T8_LEATHER_LEVEL1	4
T8_OFF_DEMONSKULL_HELL	1	T8_ARTEFACT_OFF_DEMONSKULL_HELL	1
T8_OFF_DEMONSKULL_HELL	2	T8_CLOTH_LEVEL2	4
T8_OFF_DEMONSKULL_HELL	2	T8_LEATHER_LEVEL2	4
T8_OFF_DEMONSKULL_HELL	2	T8_ARTEFACT_OFF_DEMONSKULL_HELL	1
T8_OFF_DEMONSKULL_HELL	3	T8_CLOTH_LEVEL3	4
T8_OFF_DEMONSKULL_HELL	3	T8_LEATHER_LEVEL3	4
T8_OFF_DEMONSKULL_HELL	3	T8_ARTEFACT_OFF_DEMONSKULL_HELL	1
T8_OFF_DEMONSKULL_HELL	4	T8_CLOTH_LEVEL4	4
T8_OFF_DEMONSKULL_HELL	4	T8_LEATHER_LEVEL4	4
T8_OFF_DEMONSKULL_HELL	4	T8_ARTEFACT_OFF_DEMONSKULL_HELL	1
T4_OFF_TOTEM_KEEPER	0	T4_CLOTH	4
T4_OFF_TOTEM_KEEPER	0	T4_LEATHER	4
T4_OFF_TOTEM_KEEPER	0	T4_ARTEFACT_OFF_TOTEM_KEEPER	1
T4_OFF_TOTEM_KEEPER	1	T4_CLOTH_LEVEL1	4
T4_OFF_TOTEM_KEEPER	1	T4_LEATHER_LEVEL1	4
T4_OFF_TOTEM_KEEPER	1	T4_ARTEFACT_OFF_TOTEM_KEEPER	1
T4_OFF_TOTEM_KEEPER	2	T4_CLOTH_LEVEL2	4
T4_OFF_TOTEM_KEEPER	2	T4_LEATHER_LEVEL2	4
T4_OFF_TOTEM_KEEPER	2	T4_ARTEFACT_OFF_TOTEM_KEEPER	1
T4_OFF_TOTEM_KEEPER	3	T4_CLOTH_LEVEL3	4
T4_OFF_TOTEM_KEEPER	3	T4_LEATHER_LEVEL3	4
T4_OFF_TOTEM_KEEPER	3	T4_ARTEFACT_OFF_TOTEM_KEEPER	1
T4_OFF_TOTEM_KEEPER	4	T4_CLOTH_LEVEL4	4
T4_OFF_TOTEM_KEEPER	4	T4_LEATHER_LEVEL4	4
T4_OFF_TOTEM_KEEPER	4	T4_ARTEFACT_OFF_TOTEM_KEEPER	1
T5_OFF_TOTEM_KEEPER	0	T5_CLOTH	4
T5_OFF_TOTEM_KEEPER	0	T5_LEATHER	4
T5_OFF_TOTEM_KEEPER	0	T5_ARTEFACT_OFF_TOTEM_KEEPER	1
T5_OFF_TOTEM_KEEPER	1	T5_CLOTH_LEVEL1	4
T5_OFF_TOTEM_KEEPER	1	T5_LEATHER_LEVEL1	4
T5_OFF_TOTEM_KEEPER	1	T5_ARTEFACT_OFF_TOTEM_KEEPER	1
T5_OFF_TOTEM_KEEPER	2	T5_CLOTH_LEVEL2	4
T5_OFF_TOTEM_KEEPER	2	T5_LEATHER_LEVEL2	4
T5_OFF_TOTEM_KEEPER	2	T5_ARTEFACT_OFF_TOTEM_KEEPER	1
T5_OFF_TOTEM_KEEPER	3	T5_CLOTH_LEVEL3	4
T5_OFF_TOTEM_KEEPER	3	T5_LEATHER_LEVEL3	4
T5_OFF_TOTEM_KEEPER	3	T5_ARTEFACT_OFF_TOTEM_KEEPER	1
T5_OFF_TOTEM_KEEPER	4	T5_CLOTH_LEVEL4	4
T5_OFF_TOTEM_KEEPER	4	T5_LEATHER_LEVEL4	4
T5_OFF_TOTEM_KEEPER	4	T5_ARTEFACT_OFF_TOTEM_KEEPER	1
T6_OFF_TOTEM_KEEPER	0	T6_CLOTH	4
T6_OFF_TOTEM_KEEPER	0	T6_LEATHER	4
T6_OFF_TOTEM_KEEPER	0	T6_ARTEFACT_OFF_TOTEM_KEEPER	1
T6_OFF_TOTEM_KEEPER	1	T6_CLOTH_LEVEL1	4
T6_OFF_TOTEM_KEEPER	1	T6_LEATHER_LEVEL1	4
T6_OFF_TOTEM_KEEPER	1	T6_ARTEFACT_OFF_TOTEM_KEEPER	1
T6_OFF_TOTEM_KEEPER	2	T6_CLOTH_LEVEL2	4
T6_OFF_TOTEM_KEEPER	2	T6_LEATHER_LEVEL2	4
T6_OFF_TOTEM_KEEPER	2	T6_ARTEFACT_OFF_TOTEM_KEEPER	1
T6_OFF_TOTEM_KEEPER	3	T6_CLOTH_LEVEL3	4
T6_OFF_TOTEM_KEEPER	3	T6_LEATHER_LEVEL3	4
T6_OFF_TOTEM_KEEPER	3	T6_ARTEFACT_OFF_TOTEM_KEEPER	1
T6_OFF_TOTEM_KEEPER	4	T6_CLOTH_LEVEL4	4
T6_OFF_TOTEM_KEEPER	4	T6_LEATHER_LEVEL4	4
T6_OFF_TOTEM_KEEPER	4	T6_ARTEFACT_OFF_TOTEM_KEEPER	1
T7_OFF_TOTEM_KEEPER	0	T7_CLOTH	4
T7_OFF_TOTEM_KEEPER	0	T7_LEATHER	4
T7_OFF_TOTEM_KEEPER	0	T7_ARTEFACT_OFF_TOTEM_KEEPER	1
T7_OFF_TOTEM_KEEPER	1	T7_CLOTH_LEVEL1	4
T7_OFF_TOTEM_KEEPER	1	T7_LEATHER_LEVEL1	4
T7_OFF_TOTEM_KEEPER	1	T7_ARTEFACT_OFF_TOTEM_KEEPER	1
T7_OFF_TOTEM_KEEPER	2	T7_CLOTH_LEVEL2	4
T7_OFF_TOTEM_KEEPER	2	T7_LEATHER_LEVEL2	4
T7_OFF_TOTEM_KEEPER	2	T7_ARTEFACT_OFF_TOTEM_KEEPER	1
T7_OFF_TOTEM_KEEPER	3	T7_CLOTH_LEVEL3	4
T7_OFF_TOTEM_KEEPER	3	T7_LEATHER_LEVEL3	4
T7_OFF_TOTEM_KEEPER	3	T7_ARTEFACT_OFF_TOTEM_KEEPER	1
T7_OFF_TOTEM_KEEPER	4	T7_CLOTH_LEVEL4	4
T7_OFF_TOTEM_KEEPER	4	T7_LEATHER_LEVEL4	4
T7_OFF_TOTEM_KEEPER	4	T7_ARTEFACT_OFF_TOTEM_KEEPER	1
T8_OFF_TOTEM_KEEPER	0	T8_CLOTH	4
T8_OFF_TOTEM_KEEPER	0	T8_LEATHER	4
T8_OFF_TOTEM_KEEPER	0	T8_ARTEFACT_OFF_TOTEM_KEEPER	1
T8_OFF_TOTEM_KEEPER	1	T8_CLOTH_LEVEL1	4
T8_OFF_TOTEM_KEEPER	1	T8_LEATHER_LEVEL1	4
T8_OFF_TOTEM_KEEPER	1	T8_ARTEFACT_OFF_TOTEM_KEEPER	1
T8_OFF_TOTEM_KEEPER	2	T8_CLOTH_LEVEL2	4
T8_OFF_TOTEM_KEEPER	2	T8_LEATHER_LEVEL2	4
T8_OFF_TOTEM_KEEPER	2	T8_ARTEFACT_OFF_TOTEM_KEEPER	1
T8_OFF_TOTEM_KEEPER	3	T8_CLOTH_LEVEL3	4
T8_OFF_TOTEM_KEEPER	3	T8_LEATHER_LEVEL3	4
T8_OFF_TOTEM_KEEPER	3	T8_ARTEFACT_OFF_TOTEM_KEEPER	1
T8_OFF_TOTEM_KEEPER	4	T8_CLOTH_LEVEL4	4
T8_OFF_TOTEM_KEEPER	4	T8_LEATHER_LEVEL4	4
T8_OFF_TOTEM_KEEPER	4	T8_ARTEFACT_OFF_TOTEM_KEEPER	1
T4_OFF_CENSER_AVALON	0	T4_CLOTH	4
T4_OFF_CENSER_AVALON	0	T4_LEATHER	4
T4_OFF_CENSER_AVALON	0	T4_ARTEFACT_OFF_CENSER_AVALON	1
T4_OFF_CENSER_AVALON	1	T4_CLOTH_LEVEL1	4
T4_OFF_CENSER_AVALON	1	T4_LEATHER_LEVEL1	4
T4_OFF_CENSER_AVALON	1	T4_ARTEFACT_OFF_CENSER_AVALON	1
T4_OFF_CENSER_AVALON	2	T4_CLOTH_LEVEL2	4
T4_OFF_CENSER_AVALON	2	T4_LEATHER_LEVEL2	4
T4_OFF_CENSER_AVALON	2	T4_ARTEFACT_OFF_CENSER_AVALON	1
T4_OFF_CENSER_AVALON	3	T4_CLOTH_LEVEL3	4
T4_OFF_CENSER_AVALON	3	T4_LEATHER_LEVEL3	4
T4_OFF_CENSER_AVALON	3	T4_ARTEFACT_OFF_CENSER_AVALON	1
T4_OFF_CENSER_AVALON	4	T4_CLOTH_LEVEL4	4
T4_OFF_CENSER_AVALON	4	T4_LEATHER_LEVEL4	4
T4_OFF_CENSER_AVALON	4	T4_ARTEFACT_OFF_CENSER_AVALON	1
T5_OFF_CENSER_AVALON	0	T5_CLOTH	4
T5_OFF_CENSER_AVALON	0	T5_LEATHER	4
T5_OFF_CENSER_AVALON	0	T5_ARTEFACT_OFF_CENSER_AVALON	1
T5_OFF_CENSER_AVALON	1	T5_CLOTH_LEVEL1	4
T5_OFF_CENSER_AVALON	1	T5_LEATHER_LEVEL1	4
T5_OFF_CENSER_AVALON	1	T5_ARTEFACT_OFF_CENSER_AVALON	1
T5_OFF_CENSER_AVALON	2	T5_CLOTH_LEVEL2	4
T5_OFF_CENSER_AVALON	2	T5_LEATHER_LEVEL2	4
T5_OFF_CENSER_AVALON	2	T5_ARTEFACT_OFF_CENSER_AVALON	1
T5_OFF_CENSER_AVALON	3	T5_CLOTH_LEVEL3	4
T5_OFF_CENSER_AVALON	3	T5_LEATHER_LEVEL3	4
T5_OFF_CENSER_AVALON	3	T5_ARTEFACT_OFF_CENSER_AVALON	1
T5_OFF_CENSER_AVALON	4	T5_CLOTH_LEVEL4	4
T5_OFF_CENSER_AVALON	4	T5_LEATHER_LEVEL4	4
T5_OFF_CENSER_AVALON	4	T5_ARTEFACT_OFF_CENSER_AVALON	1
T6_OFF_CENSER_AVALON	0	T6_CLOTH	4
T6_OFF_CENSER_AVALON	0	T6_LEATHER	4
T6_OFF_CENSER_AVALON	0	T6_ARTEFACT_OFF_CENSER_AVALON	1
T6_OFF_CENSER_AVALON	1	T6_CLOTH_LEVEL1	4
T6_OFF_CENSER_AVALON	1	T6_LEATHER_LEVEL1	4
T6_OFF_CENSER_AVALON	1	T6_ARTEFACT_OFF_CENSER_AVALON	1
T6_OFF_CENSER_AVALON	2	T6_CLOTH_LEVEL2	4
T6_OFF_CENSER_AVALON	2	T6_LEATHER_LEVEL2	4
T6_OFF_CENSER_AVALON	2	T6_ARTEFACT_OFF_CENSER_AVALON	1
T6_OFF_CENSER_AVALON	3	T6_CLOTH_LEVEL3	4
T6_OFF_CENSER_AVALON	3	T6_LEATHER_LEVEL3	4
T6_OFF_CENSER_AVALON	3	T6_ARTEFACT_OFF_CENSER_AVALON	1
T6_OFF_CENSER_AVALON	4	T6_CLOTH_LEVEL4	4
T6_OFF_CENSER_AVALON	4	T6_LEATHER_LEVEL4	4
T6_OFF_CENSER_AVALON	4	T6_ARTEFACT_OFF_CENSER_AVALON	1
T7_OFF_CENSER_AVALON	0	T7_CLOTH	4
T7_OFF_CENSER_AVALON	0	T7_LEATHER	4
T7_OFF_CENSER_AVALON	0	T7_ARTEFACT_OFF_CENSER_AVALON	1
T7_OFF_CENSER_AVALON	1	T7_CLOTH_LEVEL1	4
T7_OFF_CENSER_AVALON	1	T7_LEATHER_LEVEL1	4
T7_OFF_CENSER_AVALON	1	T7_ARTEFACT_OFF_CENSER_AVALON	1
T7_OFF_CENSER_AVALON	2	T7_CLOTH_LEVEL2	4
T7_OFF_CENSER_AVALON	2	T7_LEATHER_LEVEL2	4
T7_OFF_CENSER_AVALON	2	T7_ARTEFACT_OFF_CENSER_AVALON	1
T7_OFF_CENSER_AVALON	3	T7_CLOTH_LEVEL3	4
T7_OFF_CENSER_AVALON	3	T7_LEATHER_LEVEL3	4
T7_OFF_CENSER_AVALON	3	T7_ARTEFACT_OFF_CENSER_AVALON	1
T7_OFF_CENSER_AVALON	4	T7_CLOTH_LEVEL4	4
T7_OFF_CENSER_AVALON	4	T7_LEATHER_LEVEL4	4
T7_OFF_CENSER_AVALON	4	T7_ARTEFACT_OFF_CENSER_AVALON	1
T8_OFF_CENSER_AVALON	0	T8_CLOTH	4
T8_OFF_CENSER_AVALON	0	T8_LEATHER	4
T8_OFF_CENSER_AVALON	0	T8_ARTEFACT_OFF_CENSER_AVALON	1
T8_OFF_CENSER_AVALON	1	T8_CLOTH_LEVEL1	4
T8_OFF_CENSER_AVALON	1	T8_LEATHER_LEVEL1	4
T8_OFF_CENSER_AVALON	1	T8_ARTEFACT_OFF_CENSER_AVALON	1
T8_OFF_CENSER_AVALON	2	T8_CLOTH_LEVEL2	4
T8_OFF_CENSER_AVALON	2	T8_LEATHER_LEVEL2	4
T8_OFF_CENSER_AVALON	2	T8_ARTEFACT_OFF_CENSER_AVALON	1
T8_OFF_CENSER_AVALON	3	T8_CLOTH_LEVEL3	4
T8_OFF_CENSER_AVALON	3	T8_LEATHER_LEVEL3	4
T8_OFF_CENSER_AVALON	3	T8_ARTEFACT_OFF_CENSER_AVALON	1
T8_OFF_CENSER_AVALON	4	T8_CLOTH_LEVEL4	4
T8_OFF_CENSER_AVALON	4	T8_LEATHER_LEVEL4	4
T8_OFF_CENSER_AVALON	4	T8_ARTEFACT_OFF_CENSER_AVALON	1
T4_OFF_TOME_CRYSTAL	0	T4_CLOTH	4
T4_OFF_TOME_CRYSTAL	0	T4_LEATHER	4
T4_OFF_TOME_CRYSTAL	0	T4_ARTEFACT_OFF_TOME_CRYSTAL	1
T4_OFF_TOME_CRYSTAL	1	T4_CLOTH_LEVEL1	4
T4_OFF_TOME_CRYSTAL	1	T4_LEATHER_LEVEL1	4
T4_OFF_TOME_CRYSTAL	1	T4_ARTEFACT_OFF_TOME_CRYSTAL	1
T4_OFF_TOME_CRYSTAL	2	T4_CLOTH_LEVEL2	4
T4_OFF_TOME_CRYSTAL	2	T4_LEATHER_LEVEL2	4
T4_OFF_TOME_CRYSTAL	2	T4_ARTEFACT_OFF_TOME_CRYSTAL	1
T4_OFF_TOME_CRYSTAL	3	T4_CLOTH_LEVEL3	4
T4_OFF_TOME_CRYSTAL	3	T4_LEATHER_LEVEL3	4
T4_OFF_TOME_CRYSTAL	3	T4_ARTEFACT_OFF_TOME_CRYSTAL	1
T4_OFF_TOME_CRYSTAL	4	T4_CLOTH_LEVEL4	4
T4_OFF_TOME_CRYSTAL	4	T4_LEATHER_LEVEL4	4
T4_OFF_TOME_CRYSTAL	4	T4_ARTEFACT_OFF_TOME_CRYSTAL	1
T5_OFF_TOME_CRYSTAL	0	T5_CLOTH	4
T5_OFF_TOME_CRYSTAL	0	T5_LEATHER	4
T5_OFF_TOME_CRYSTAL	0	T5_ARTEFACT_OFF_TOME_CRYSTAL	1
T5_OFF_TOME_CRYSTAL	1	T5_CLOTH_LEVEL1	4
T5_OFF_TOME_CRYSTAL	1	T5_LEATHER_LEVEL1	4
T5_OFF_TOME_CRYSTAL	1	T5_ARTEFACT_OFF_TOME_CRYSTAL	1
T5_OFF_TOME_CRYSTAL	2	T5_CLOTH_LEVEL2	4
T5_OFF_TOME_CRYSTAL	2	T5_LEATHER_LEVEL2	4
T5_OFF_TOME_CRYSTAL	2	T5_ARTEFACT_OFF_TOME_CRYSTAL	1
T5_OFF_TOME_CRYSTAL	3	T5_CLOTH_LEVEL3	4
T5_OFF_TOME_CRYSTAL	3	T5_LEATHER_LEVEL3	4
T5_OFF_TOME_CRYSTAL	3	T5_ARTEFACT_OFF_TOME_CRYSTAL	1
T5_OFF_TOME_CRYSTAL	4	T5_CLOTH_LEVEL4	4
T5_OFF_TOME_CRYSTAL	4	T5_LEATHER_LEVEL4	4
T5_OFF_TOME_CRYSTAL	4	T5_ARTEFACT_OFF_TOME_CRYSTAL	1
T6_OFF_TOME_CRYSTAL	0	T6_CLOTH	4
T6_OFF_TOME_CRYSTAL	0	T6_LEATHER	4
T6_OFF_TOME_CRYSTAL	0	T6_ARTEFACT_OFF_TOME_CRYSTAL	1
T6_OFF_TOME_CRYSTAL	1	T6_CLOTH_LEVEL1	4
T6_OFF_TOME_CRYSTAL	1	T6_LEATHER_LEVEL1	4
T6_OFF_TOME_CRYSTAL	1	T6_ARTEFACT_OFF_TOME_CRYSTAL	1
T6_OFF_TOME_CRYSTAL	2	T6_CLOTH_LEVEL2	4
T6_OFF_TOME_CRYSTAL	2	T6_LEATHER_LEVEL2	4
T6_OFF_TOME_CRYSTAL	2	T6_ARTEFACT_OFF_TOME_CRYSTAL	1
T6_OFF_TOME_CRYSTAL	3	T6_CLOTH_LEVEL3	4
T6_OFF_TOME_CRYSTAL	3	T6_LEATHER_LEVEL3	4
T6_OFF_TOME_CRYSTAL	3	T6_ARTEFACT_OFF_TOME_CRYSTAL	1
T6_OFF_TOME_CRYSTAL	4	T6_CLOTH_LEVEL4	4
T6_OFF_TOME_CRYSTAL	4	T6_LEATHER_LEVEL4	4
T6_OFF_TOME_CRYSTAL	4	T6_ARTEFACT_OFF_TOME_CRYSTAL	1
T7_OFF_TOME_CRYSTAL	0	T7_CLOTH	4
T7_OFF_TOME_CRYSTAL	0	T7_LEATHER	4
T7_OFF_TOME_CRYSTAL	0	T7_ARTEFACT_OFF_TOME_CRYSTAL	1
T7_OFF_TOME_CRYSTAL	1	T7_CLOTH_LEVEL1	4
T7_OFF_TOME_CRYSTAL	1	T7_LEATHER_LEVEL1	4
T7_OFF_TOME_CRYSTAL	1	T7_ARTEFACT_OFF_TOME_CRYSTAL	1
T7_OFF_TOME_CRYSTAL	2	T7_CLOTH_LEVEL2	4
T7_OFF_TOME_CRYSTAL	2	T7_LEATHER_LEVEL2	4
T7_OFF_TOME_CRYSTAL	2	T7_ARTEFACT_OFF_TOME_CRYSTAL	1
T7_OFF_TOME_CRYSTAL	3	T7_CLOTH_LEVEL3	4
T7_OFF_TOME_CRYSTAL	3	T7_LEATHER_LEVEL3	4
T7_OFF_TOME_CRYSTAL	3	T7_ARTEFACT_OFF_TOME_CRYSTAL	1
T7_OFF_TOME_CRYSTAL	4	T7_CLOTH_LEVEL4	4
T7_OFF_TOME_CRYSTAL	4	T7_LEATHER_LEVEL4	4
T7_OFF_TOME_CRYSTAL	4	T7_ARTEFACT_OFF_TOME_CRYSTAL	1
T8_OFF_TOME_CRYSTAL	0	T8_CLOTH	4
T8_OFF_TOME_CRYSTAL	0	T8_LEATHER	4
T8_OFF_TOME_CRYSTAL	0	T8_ARTEFACT_OFF_TOME_CRYSTAL	1
T8_OFF_TOME_CRYSTAL	1	T8_CLOTH_LEVEL1	4
T8_OFF_TOME_CRYSTAL	1	T8_LEATHER_LEVEL1	4
T8_OFF_TOME_CRYSTAL	1	T8_ARTEFACT_OFF_TOME_CRYSTAL	1
T8_OFF_TOME_CRYSTAL	2	T8_CLOTH_LEVEL2	4
T8_OFF_TOME_CRYSTAL	2	T8_LEATHER_LEVEL2	4
T8_OFF_TOME_CRYSTAL	2	T8_ARTEFACT_OFF_TOME_CRYSTAL	1
T8_OFF_TOME_CRYSTAL	3	T8_CLOTH_LEVEL3	4
T8_OFF_TOME_CRYSTAL	3	T8_LEATHER_LEVEL3	4
T8_OFF_TOME_CRYSTAL	3	T8_ARTEFACT_OFF_TOME_CRYSTAL	1
T8_OFF_TOME_CRYSTAL	4	T8_CLOTH_LEVEL4	4
T8_OFF_TOME_CRYSTAL	4	T8_LEATHER_LEVEL4	4
T8_OFF_TOME_CRYSTAL	4	T8_ARTEFACT_OFF_TOME_CRYSTAL	1
T3_OFF_TORCH	0	T3_PLANKS	4
T3_OFF_TORCH	0	T3_CLOTH	4
T4_OFF_TORCH	0	T4_PLANKS	4
T4_OFF_TORCH	0	T4_CLOTH	4
T4_OFF_TORCH	1	T4_PLANKS_LEVEL1	4
T4_OFF_TORCH	1	T4_CLOTH_LEVEL1	4
T4_OFF_TORCH	2	T4_PLANKS_LEVEL2	4
T4_OFF_TORCH	2	T4_CLOTH_LEVEL2	4
T4_OFF_TORCH	3	T4_PLANKS_LEVEL3	4
T4_OFF_TORCH	3	T4_CLOTH_LEVEL3	4
T4_OFF_TORCH	4	T4_PLANKS_LEVEL4	4
T4_OFF_TORCH	4	T4_CLOTH_LEVEL4	4
T5_OFF_TORCH	0	T5_PLANKS	4
T5_OFF_TORCH	0	T5_CLOTH	4
T5_OFF_TORCH	1	T5_PLANKS_LEVEL1	4
T5_OFF_TORCH	1	T5_CLOTH_LEVEL1	4
T5_OFF_TORCH	2	T5_PLANKS_LEVEL2	4
T5_OFF_TORCH	2	T5_CLOTH_LEVEL2	4
T5_OFF_TORCH	3	T5_PLANKS_LEVEL3	4
T5_OFF_TORCH	3	T5_CLOTH_LEVEL3	4
T5_OFF_TORCH	4	T5_PLANKS_LEVEL4	4
T5_OFF_TORCH	4	T5_CLOTH_LEVEL4	4
T6_OFF_TORCH	0	T6_PLANKS	4
T6_OFF_TORCH	0	T6_CLOTH	4
T6_OFF_TORCH	1	T6_PLANKS_LEVEL1	4
T6_OFF_TORCH	1	T6_CLOTH_LEVEL1	4
T6_OFF_TORCH	2	T6_PLANKS_LEVEL2	4
T6_OFF_TORCH	2	T6_CLOTH_LEVEL2	4
T6_OFF_TORCH	3	T6_PLANKS_LEVEL3	4
T6_OFF_TORCH	3	T6_CLOTH_LEVEL3	4
T6_OFF_TORCH	4	T6_PLANKS_LEVEL4	4
T6_OFF_TORCH	4	T6_CLOTH_LEVEL4	4
T7_OFF_TORCH	0	T7_PLANKS	4
T7_OFF_TORCH	0	T7_CLOTH	4
T7_OFF_TORCH	1	T7_PLANKS_LEVEL1	4
T7_OFF_TORCH	1	T7_CLOTH_LEVEL1	4
T7_OFF_TORCH	2	T7_PLANKS_LEVEL2	4
T7_OFF_TORCH	2	T7_CLOTH_LEVEL2	4
T7_OFF_TORCH	3	T7_PLANKS_LEVEL3	4
T7_OFF_TORCH	3	T7_CLOTH_LEVEL3	4
T7_OFF_TORCH	4	T7_PLANKS_LEVEL4	4
T7_OFF_TORCH	4	T7_CLOTH_LEVEL4	4
T8_OFF_TORCH	0	T8_PLANKS	4
T8_OFF_TORCH	0	T8_CLOTH	4
T8_OFF_TORCH	1	T8_PLANKS_LEVEL1	4
T8_OFF_TORCH	1	T8_CLOTH_LEVEL1	4
T8_OFF_TORCH	2	T8_PLANKS_LEVEL2	4
T8_OFF_TORCH	2	T8_CLOTH_LEVEL2	4
T8_OFF_TORCH	3	T8_PLANKS_LEVEL3	4
T8_OFF_TORCH	3	T8_CLOTH_LEVEL3	4
T8_OFF_TORCH	4	T8_PLANKS_LEVEL4	4
T8_OFF_TORCH	4	T8_CLOTH_LEVEL4	4
T4_OFF_HORN_KEEPER	0	T4_PLANKS	4
T4_OFF_HORN_KEEPER	0	T4_CLOTH	4
T4_OFF_HORN_KEEPER	0	T4_ARTEFACT_OFF_HORN_KEEPER	1
T4_OFF_HORN_KEEPER	1	T4_PLANKS_LEVEL1	4
T4_OFF_HORN_KEEPER	1	T4_CLOTH_LEVEL1	4
T4_OFF_HORN_KEEPER	1	T4_ARTEFACT_OFF_HORN_KEEPER	1
T4_OFF_HORN_KEEPER	2	T4_PLANKS_LEVEL2	4
T4_OFF_HORN_KEEPER	2	T4_CLOTH_LEVEL2	4
T4_OFF_HORN_KEEPER	2	T4_ARTEFACT_OFF_HORN_KEEPER	1
T4_OFF_HORN_KEEPER	3	T4_PLANKS_LEVEL3	4
T4_OFF_HORN_KEEPER	3	T4_CLOTH_LEVEL3	4
T4_OFF_HORN_KEEPER	3	T4_ARTEFACT_OFF_HORN_KEEPER	1
T4_OFF_HORN_KEEPER	4	T4_PLANKS_LEVEL4	4
T4_OFF_HORN_KEEPER	4	T4_CLOTH_LEVEL4	4
T4_OFF_HORN_KEEPER	4	T4_ARTEFACT_OFF_HORN_KEEPER	1
T5_OFF_HORN_KEEPER	0	T5_PLANKS	4
T5_OFF_HORN_KEEPER	0	T5_CLOTH	4
T5_OFF_HORN_KEEPER	0	T5_ARTEFACT_OFF_HORN_KEEPER	1
T5_OFF_HORN_KEEPER	1	T5_PLANKS_LEVEL1	4
T5_OFF_HORN_KEEPER	1	T5_CLOTH_LEVEL1	4
T5_OFF_HORN_KEEPER	1	T5_ARTEFACT_OFF_HORN_KEEPER	1
T5_OFF_HORN_KEEPER	2	T5_PLANKS_LEVEL2	4
T5_OFF_HORN_KEEPER	2	T5_CLOTH_LEVEL2	4
T5_OFF_HORN_KEEPER	2	T5_ARTEFACT_OFF_HORN_KEEPER	1
T5_OFF_HORN_KEEPER	3	T5_PLANKS_LEVEL3	4
T5_OFF_HORN_KEEPER	3	T5_CLOTH_LEVEL3	4
T5_OFF_HORN_KEEPER	3	T5_ARTEFACT_OFF_HORN_KEEPER	1
T5_OFF_HORN_KEEPER	4	T5_PLANKS_LEVEL4	4
T5_OFF_HORN_KEEPER	4	T5_CLOTH_LEVEL4	4
T5_OFF_HORN_KEEPER	4	T5_ARTEFACT_OFF_HORN_KEEPER	1
T6_OFF_HORN_KEEPER	0	T6_PLANKS	4
T6_OFF_HORN_KEEPER	0	T6_CLOTH	4
T6_OFF_HORN_KEEPER	0	T6_ARTEFACT_OFF_HORN_KEEPER	1
T6_OFF_HORN_KEEPER	1	T6_PLANKS_LEVEL1	4
T6_OFF_HORN_KEEPER	1	T6_CLOTH_LEVEL1	4
T6_OFF_HORN_KEEPER	1	T6_ARTEFACT_OFF_HORN_KEEPER	1
T6_OFF_HORN_KEEPER	2	T6_PLANKS_LEVEL2	4
T6_OFF_HORN_KEEPER	2	T6_CLOTH_LEVEL2	4
T6_OFF_HORN_KEEPER	2	T6_ARTEFACT_OFF_HORN_KEEPER	1
T6_OFF_HORN_KEEPER	3	T6_PLANKS_LEVEL3	4
T6_OFF_HORN_KEEPER	3	T6_CLOTH_LEVEL3	4
T6_OFF_HORN_KEEPER	3	T6_ARTEFACT_OFF_HORN_KEEPER	1
T6_OFF_HORN_KEEPER	4	T6_PLANKS_LEVEL4	4
T6_OFF_HORN_KEEPER	4	T6_CLOTH_LEVEL4	4
T6_OFF_HORN_KEEPER	4	T6_ARTEFACT_OFF_HORN_KEEPER	1
T7_OFF_HORN_KEEPER	0	T7_PLANKS	4
T7_OFF_HORN_KEEPER	0	T7_CLOTH	4
T7_OFF_HORN_KEEPER	0	T7_ARTEFACT_OFF_HORN_KEEPER	1
T7_OFF_HORN_KEEPER	1	T7_PLANKS_LEVEL1	4
T7_OFF_HORN_KEEPER	1	T7_CLOTH_LEVEL1	4
T7_OFF_HORN_KEEPER	1	T7_ARTEFACT_OFF_HORN_KEEPER	1
T7_OFF_HORN_KEEPER	2	T7_PLANKS_LEVEL2	4
T7_OFF_HORN_KEEPER	2	T7_CLOTH_LEVEL2	4
T7_OFF_HORN_KEEPER	2	T7_ARTEFACT_OFF_HORN_KEEPER	1
T7_OFF_HORN_KEEPER	3	T7_PLANKS_LEVEL3	4
T7_OFF_HORN_KEEPER	3	T7_CLOTH_LEVEL3	4
T7_OFF_HORN_KEEPER	3	T7_ARTEFACT_OFF_HORN_KEEPER	1
T7_OFF_HORN_KEEPER	4	T7_PLANKS_LEVEL4	4
T7_OFF_HORN_KEEPER	4	T7_CLOTH_LEVEL4	4
T7_OFF_HORN_KEEPER	4	T7_ARTEFACT_OFF_HORN_KEEPER	1
T8_OFF_HORN_KEEPER	0	T8_PLANKS	4
T8_OFF_HORN_KEEPER	0	T8_CLOTH	4
T8_OFF_HORN_KEEPER	0	T8_ARTEFACT_OFF_HORN_KEEPER	1
T8_OFF_HORN_KEEPER	1	T8_PLANKS_LEVEL1	4
T8_OFF_HORN_KEEPER	1	T8_CLOTH_LEVEL1	4
T8_OFF_HORN_KEEPER	1	T8_ARTEFACT_OFF_HORN_KEEPER	1
T8_OFF_HORN_KEEPER	2	T8_PLANKS_LEVEL2	4
T8_OFF_HORN_KEEPER	2	T8_CLOTH_LEVEL2	4
T8_OFF_HORN_KEEPER	2	T8_ARTEFACT_OFF_HORN_KEEPER	1
T8_OFF_HORN_KEEPER	3	T8_PLANKS_LEVEL3	4
T8_OFF_HORN_KEEPER	3	T8_CLOTH_LEVEL3	4
T8_OFF_HORN_KEEPER	3	T8_ARTEFACT_OFF_HORN_KEEPER	1
T8_OFF_HORN_KEEPER	4	T8_PLANKS_LEVEL4	4
T8_OFF_HORN_KEEPER	4	T8_CLOTH_LEVEL4	4
T8_OFF_HORN_KEEPER	4	T8_ARTEFACT_OFF_HORN_KEEPER	1
T4_OFF_TALISMAN_AVALON	0	T4_PLANKS	4
T4_OFF_TALISMAN_AVALON	0	T4_CLOTH	4
T4_OFF_TALISMAN_AVALON	0	T4_ARTEFACT_OFF_TALISMAN_AVALON	1
T4_OFF_TALISMAN_AVALON	1	T4_PLANKS_LEVEL1	4
T4_OFF_TALISMAN_AVALON	1	T4_CLOTH_LEVEL1	4
T4_OFF_TALISMAN_AVALON	1	T4_ARTEFACT_OFF_TALISMAN_AVALON	1
T4_OFF_TALISMAN_AVALON	2	T4_PLANKS_LEVEL2	4
T4_OFF_TALISMAN_AVALON	2	T4_CLOTH_LEVEL2	4
T4_OFF_TALISMAN_AVALON	2	T4_ARTEFACT_OFF_TALISMAN_AVALON	1
T4_OFF_TALISMAN_AVALON	3	T4_PLANKS_LEVEL3	4
T4_OFF_TALISMAN_AVALON	3	T4_CLOTH_LEVEL3	4
T4_OFF_TALISMAN_AVALON	3	T4_ARTEFACT_OFF_TALISMAN_AVALON	1
T4_OFF_TALISMAN_AVALON	4	T4_PLANKS_LEVEL4	4
T4_OFF_TALISMAN_AVALON	4	T4_CLOTH_LEVEL4	4
T4_OFF_TALISMAN_AVALON	4	T4_ARTEFACT_OFF_TALISMAN_AVALON	1
T5_OFF_TALISMAN_AVALON	0	T5_PLANKS	4
T5_OFF_TALISMAN_AVALON	0	T5_CLOTH	4
T5_OFF_TALISMAN_AVALON	0	T5_ARTEFACT_OFF_TALISMAN_AVALON	1
T5_OFF_TALISMAN_AVALON	1	T5_PLANKS_LEVEL1	4
T5_OFF_TALISMAN_AVALON	1	T5_CLOTH_LEVEL1	4
T5_OFF_TALISMAN_AVALON	1	T5_ARTEFACT_OFF_TALISMAN_AVALON	1
T5_OFF_TALISMAN_AVALON	2	T5_PLANKS_LEVEL2	4
T5_OFF_TALISMAN_AVALON	2	T5_CLOTH_LEVEL2	4
T5_OFF_TALISMAN_AVALON	2	T5_ARTEFACT_OFF_TALISMAN_AVALON	1
T5_OFF_TALISMAN_AVALON	3	T5_PLANKS_LEVEL3	4
T5_OFF_TALISMAN_AVALON	3	T5_CLOTH_LEVEL3	4
T5_OFF_TALISMAN_AVALON	3	T5_ARTEFACT_OFF_TALISMAN_AVALON	1
T5_OFF_TALISMAN_AVALON	4	T5_PLANKS_LEVEL4	4
T5_OFF_TALISMAN_AVALON	4	T5_CLOTH_LEVEL4	4
T5_OFF_TALISMAN_AVALON	4	T5_ARTEFACT_OFF_TALISMAN_AVALON	1
T6_OFF_TALISMAN_AVALON	0	T6_PLANKS	4
T6_OFF_TALISMAN_AVALON	0	T6_CLOTH	4
T6_OFF_TALISMAN_AVALON	0	T6_ARTEFACT_OFF_TALISMAN_AVALON	1
T6_OFF_TALISMAN_AVALON	1	T6_PLANKS_LEVEL1	4
T6_OFF_TALISMAN_AVALON	1	T6_CLOTH_LEVEL1	4
T6_OFF_TALISMAN_AVALON	1	T6_ARTEFACT_OFF_TALISMAN_AVALON	1
T6_OFF_TALISMAN_AVALON	2	T6_PLANKS_LEVEL2	4
T6_OFF_TALISMAN_AVALON	2	T6_CLOTH_LEVEL2	4
T6_OFF_TALISMAN_AVALON	2	T6_ARTEFACT_OFF_TALISMAN_AVALON	1
T6_OFF_TALISMAN_AVALON	3	T6_PLANKS_LEVEL3	4
T6_OFF_TALISMAN_AVALON	3	T6_CLOTH_LEVEL3	4
T6_OFF_TALISMAN_AVALON	3	T6_ARTEFACT_OFF_TALISMAN_AVALON	1
T6_OFF_TALISMAN_AVALON	4	T6_PLANKS_LEVEL4	4
T6_OFF_TALISMAN_AVALON	4	T6_CLOTH_LEVEL4	4
T6_OFF_TALISMAN_AVALON	4	T6_ARTEFACT_OFF_TALISMAN_AVALON	1
T7_OFF_TALISMAN_AVALON	0	T7_PLANKS	4
T7_OFF_TALISMAN_AVALON	0	T7_CLOTH	4
T7_OFF_TALISMAN_AVALON	0	T7_ARTEFACT_OFF_TALISMAN_AVALON	1
T7_OFF_TALISMAN_AVALON	1	T7_PLANKS_LEVEL1	4
T7_OFF_TALISMAN_AVALON	1	T7_CLOTH_LEVEL1	4
T7_OFF_TALISMAN_AVALON	1	T7_ARTEFACT_OFF_TALISMAN_AVALON	1
T7_OFF_TALISMAN_AVALON	2	T7_PLANKS_LEVEL2	4
T7_OFF_TALISMAN_AVALON	2	T7_CLOTH_LEVEL2	4
T7_OFF_TALISMAN_AVALON	2	T7_ARTEFACT_OFF_TALISMAN_AVALON	1
T7_OFF_TALISMAN_AVALON	3	T7_PLANKS_LEVEL3	4
T7_OFF_TALISMAN_AVALON	3	T7_CLOTH_LEVEL3	4
T7_OFF_TALISMAN_AVALON	3	T7_ARTEFACT_OFF_TALISMAN_AVALON	1
T7_OFF_TALISMAN_AVALON	4	T7_PLANKS_LEVEL4	4
T7_OFF_TALISMAN_AVALON	4	T7_CLOTH_LEVEL4	4
T7_OFF_TALISMAN_AVALON	4	T7_ARTEFACT_OFF_TALISMAN_AVALON	1
T8_OFF_TALISMAN_AVALON	0	T8_PLANKS	4
T8_OFF_TALISMAN_AVALON	0	T8_CLOTH	4
T8_OFF_TALISMAN_AVALON	0	T8_ARTEFACT_OFF_TALISMAN_AVALON	1
T8_OFF_TALISMAN_AVALON	1	T8_PLANKS_LEVEL1	4
T8_OFF_TALISMAN_AVALON	1	T8_CLOTH_LEVEL1	4
T8_OFF_TALISMAN_AVALON	1	T8_ARTEFACT_OFF_TALISMAN_AVALON	1
T8_OFF_TALISMAN_AVALON	2	T8_PLANKS_LEVEL2	4
T8_OFF_TALISMAN_AVALON	2	T8_CLOTH_LEVEL2	4
T8_OFF_TALISMAN_AVALON	2	T8_ARTEFACT_OFF_TALISMAN_AVALON	1
T8_OFF_TALISMAN_AVALON	3	T8_PLANKS_LEVEL3	4
T8_OFF_TALISMAN_AVALON	3	T8_CLOTH_LEVEL3	4
T8_OFF_TALISMAN_AVALON	3	T8_ARTEFACT_OFF_TALISMAN_AVALON	1
T8_OFF_TALISMAN_AVALON	4	T8_PLANKS_LEVEL4	4
T8_OFF_TALISMAN_AVALON	4	T8_CLOTH_LEVEL4	4
T8_OFF_TALISMAN_AVALON	4	T8_ARTEFACT_OFF_TALISMAN_AVALON	1
T4_OFF_LAMP_UNDEAD	0	T4_PLANKS	4
T4_OFF_LAMP_UNDEAD	0	T4_CLOTH	4
T4_OFF_LAMP_UNDEAD	0	T4_ARTEFACT_OFF_LAMP_UNDEAD	1
T4_OFF_LAMP_UNDEAD	1	T4_PLANKS_LEVEL1	4
T4_OFF_LAMP_UNDEAD	1	T4_CLOTH_LEVEL1	4
T4_OFF_LAMP_UNDEAD	1	T4_ARTEFACT_OFF_LAMP_UNDEAD	1
T4_OFF_LAMP_UNDEAD	2	T4_PLANKS_LEVEL2	4
T4_OFF_LAMP_UNDEAD	2	T4_CLOTH_LEVEL2	4
T4_OFF_LAMP_UNDEAD	2	T4_ARTEFACT_OFF_LAMP_UNDEAD	1
T4_OFF_LAMP_UNDEAD	3	T4_PLANKS_LEVEL3	4
T4_OFF_LAMP_UNDEAD	3	T4_CLOTH_LEVEL3	4
T4_OFF_LAMP_UNDEAD	3	T4_ARTEFACT_OFF_LAMP_UNDEAD	1
T4_OFF_LAMP_UNDEAD	4	T4_PLANKS_LEVEL4	4
T4_OFF_LAMP_UNDEAD	4	T4_CLOTH_LEVEL4	4
T4_OFF_LAMP_UNDEAD	4	T4_ARTEFACT_OFF_LAMP_UNDEAD	1
T5_OFF_LAMP_UNDEAD	0	T5_PLANKS	4
T5_OFF_LAMP_UNDEAD	0	T5_CLOTH	4
T5_OFF_LAMP_UNDEAD	0	T5_ARTEFACT_OFF_LAMP_UNDEAD	1
T5_OFF_LAMP_UNDEAD	1	T5_PLANKS_LEVEL1	4
T5_OFF_LAMP_UNDEAD	1	T5_CLOTH_LEVEL1	4
T5_OFF_LAMP_UNDEAD	1	T5_ARTEFACT_OFF_LAMP_UNDEAD	1
T5_OFF_LAMP_UNDEAD	2	T5_PLANKS_LEVEL2	4
T5_OFF_LAMP_UNDEAD	2	T5_CLOTH_LEVEL2	4
T5_OFF_LAMP_UNDEAD	2	T5_ARTEFACT_OFF_LAMP_UNDEAD	1
T5_OFF_LAMP_UNDEAD	3	T5_PLANKS_LEVEL3	4
T5_OFF_LAMP_UNDEAD	3	T5_CLOTH_LEVEL3	4
T5_OFF_LAMP_UNDEAD	3	T5_ARTEFACT_OFF_LAMP_UNDEAD	1
T5_OFF_LAMP_UNDEAD	4	T5_PLANKS_LEVEL4	4
T5_OFF_LAMP_UNDEAD	4	T5_CLOTH_LEVEL4	4
T5_OFF_LAMP_UNDEAD	4	T5_ARTEFACT_OFF_LAMP_UNDEAD	1
T6_OFF_LAMP_UNDEAD	0	T6_PLANKS	4
T6_OFF_LAMP_UNDEAD	0	T6_CLOTH	4
T6_OFF_LAMP_UNDEAD	0	T6_ARTEFACT_OFF_LAMP_UNDEAD	1
T6_OFF_LAMP_UNDEAD	1	T6_PLANKS_LEVEL1	4
T6_OFF_LAMP_UNDEAD	1	T6_CLOTH_LEVEL1	4
T6_OFF_LAMP_UNDEAD	1	T6_ARTEFACT_OFF_LAMP_UNDEAD	1
T6_OFF_LAMP_UNDEAD	2	T6_PLANKS_LEVEL2	4
T6_OFF_LAMP_UNDEAD	2	T6_CLOTH_LEVEL2	4
T6_OFF_LAMP_UNDEAD	2	T6_ARTEFACT_OFF_LAMP_UNDEAD	1
T6_OFF_LAMP_UNDEAD	3	T6_PLANKS_LEVEL3	4
T6_OFF_LAMP_UNDEAD	3	T6_CLOTH_LEVEL3	4
T6_OFF_LAMP_UNDEAD	3	T6_ARTEFACT_OFF_LAMP_UNDEAD	1
T6_OFF_LAMP_UNDEAD	4	T6_PLANKS_LEVEL4	4
T6_OFF_LAMP_UNDEAD	4	T6_CLOTH_LEVEL4	4
T6_OFF_LAMP_UNDEAD	4	T6_ARTEFACT_OFF_LAMP_UNDEAD	1
T7_OFF_LAMP_UNDEAD	0	T7_PLANKS	4
T7_OFF_LAMP_UNDEAD	0	T7_CLOTH	4
T7_OFF_LAMP_UNDEAD	0	T7_ARTEFACT_OFF_LAMP_UNDEAD	1
T7_OFF_LAMP_UNDEAD	1	T7_PLANKS_LEVEL1	4
T7_OFF_LAMP_UNDEAD	1	T7_CLOTH_LEVEL1	4
T7_OFF_LAMP_UNDEAD	1	T7_ARTEFACT_OFF_LAMP_UNDEAD	1
T7_OFF_LAMP_UNDEAD	2	T7_PLANKS_LEVEL2	4
T7_OFF_LAMP_UNDEAD	2	T7_CLOTH_LEVEL2	4
T7_OFF_LAMP_UNDEAD	2	T7_ARTEFACT_OFF_LAMP_UNDEAD	1
T7_OFF_LAMP_UNDEAD	3	T7_PLANKS_LEVEL3	4
T7_OFF_LAMP_UNDEAD	3	T7_CLOTH_LEVEL3	4
T7_OFF_LAMP_UNDEAD	3	T7_ARTEFACT_OFF_LAMP_UNDEAD	1
T7_OFF_LAMP_UNDEAD	4	T7_PLANKS_LEVEL4	4
T7_OFF_LAMP_UNDEAD	4	T7_CLOTH_LEVEL4	4
T7_OFF_LAMP_UNDEAD	4	T7_ARTEFACT_OFF_LAMP_UNDEAD	1
T8_OFF_LAMP_UNDEAD	0	T8_PLANKS	4
T8_OFF_LAMP_UNDEAD	0	T8_CLOTH	4
T8_OFF_LAMP_UNDEAD	0	T8_ARTEFACT_OFF_LAMP_UNDEAD	1
T8_OFF_LAMP_UNDEAD	1	T8_PLANKS_LEVEL1	4
T8_OFF_LAMP_UNDEAD	1	T8_CLOTH_LEVEL1	4
T8_OFF_LAMP_UNDEAD	1	T8_ARTEFACT_OFF_LAMP_UNDEAD	1
T8_OFF_LAMP_UNDEAD	2	T8_PLANKS_LEVEL2	4
T8_OFF_LAMP_UNDEAD	2	T8_CLOTH_LEVEL2	4
T8_OFF_LAMP_UNDEAD	2	T8_ARTEFACT_OFF_LAMP_UNDEAD	1
T8_OFF_LAMP_UNDEAD	3	T8_PLANKS_LEVEL3	4
T8_OFF_LAMP_UNDEAD	3	T8_CLOTH_LEVEL3	4
T8_OFF_LAMP_UNDEAD	3	T8_ARTEFACT_OFF_LAMP_UNDEAD	1
T8_OFF_LAMP_UNDEAD	4	T8_PLANKS_LEVEL4	4
T8_OFF_LAMP_UNDEAD	4	T8_CLOTH_LEVEL4	4
T8_OFF_LAMP_UNDEAD	4	T8_ARTEFACT_OFF_LAMP_UNDEAD	1
T4_OFF_JESTERCANE_HELL	0	T4_PLANKS	4
T4_OFF_JESTERCANE_HELL	0	T4_CLOTH	4
T4_OFF_JESTERCANE_HELL	0	T4_ARTEFACT_OFF_JESTERCANE_HELL	1
T4_OFF_JESTERCANE_HELL	1	T4_PLANKS_LEVEL1	4
T4_OFF_JESTERCANE_HELL	1	T4_CLOTH_LEVEL1	4
T4_OFF_JESTERCANE_HELL	1	T4_ARTEFACT_OFF_JESTERCANE_HELL	1
T4_OFF_JESTERCANE_HELL	2	T4_PLANKS_LEVEL2	4
T4_OFF_JESTERCANE_HELL	2	T4_CLOTH_LEVEL2	4
T4_OFF_JESTERCANE_HELL	2	T4_ARTEFACT_OFF_JESTERCANE_HELL	1
T4_OFF_JESTERCANE_HELL	3	T4_PLANKS_LEVEL3	4
T4_OFF_JESTERCANE_HELL	3	T4_CLOTH_LEVEL3	4
T4_OFF_JESTERCANE_HELL	3	T4_ARTEFACT_OFF_JESTERCANE_HELL	1
T4_OFF_JESTERCANE_HELL	4	T4_PLANKS_LEVEL4	4
T4_OFF_JESTERCANE_HELL	4	T4_CLOTH_LEVEL4	4
T4_OFF_JESTERCANE_HELL	4	T4_ARTEFACT_OFF_JESTERCANE_HELL	1
T5_OFF_JESTERCANE_HELL	0	T5_PLANKS	4
T5_OFF_JESTERCANE_HELL	0	T5_CLOTH	4
T5_OFF_JESTERCANE_HELL	0	T5_ARTEFACT_OFF_JESTERCANE_HELL	1
T5_OFF_JESTERCANE_HELL	1	T5_PLANKS_LEVEL1	4
T5_OFF_JESTERCANE_HELL	1	T5_CLOTH_LEVEL1	4
T5_OFF_JESTERCANE_HELL	1	T5_ARTEFACT_OFF_JESTERCANE_HELL	1
T5_OFF_JESTERCANE_HELL	2	T5_PLANKS_LEVEL2	4
T5_OFF_JESTERCANE_HELL	2	T5_CLOTH_LEVEL2	4
T5_OFF_JESTERCANE_HELL	2	T5_ARTEFACT_OFF_JESTERCANE_HELL	1
T5_OFF_JESTERCANE_HELL	3	T5_PLANKS_LEVEL3	4
T5_OFF_JESTERCANE_HELL	3	T5_CLOTH_LEVEL3	4
T5_OFF_JESTERCANE_HELL	3	T5_ARTEFACT_OFF_JESTERCANE_HELL	1
T5_OFF_JESTERCANE_HELL	4	T5_PLANKS_LEVEL4	4
T5_OFF_JESTERCANE_HELL	4	T5_CLOTH_LEVEL4	4
T5_OFF_JESTERCANE_HELL	4	T5_ARTEFACT_OFF_JESTERCANE_HELL	1
T6_OFF_JESTERCANE_HELL	0	T6_PLANKS	4
T6_OFF_JESTERCANE_HELL	0	T6_CLOTH	4
T6_OFF_JESTERCANE_HELL	0	T6_ARTEFACT_OFF_JESTERCANE_HELL	1
T6_OFF_JESTERCANE_HELL	1	T6_PLANKS_LEVEL1	4
T6_OFF_JESTERCANE_HELL	1	T6_CLOTH_LEVEL1	4
T6_OFF_JESTERCANE_HELL	1	T6_ARTEFACT_OFF_JESTERCANE_HELL	1
T6_OFF_JESTERCANE_HELL	2	T6_PLANKS_LEVEL2	4
T6_OFF_JESTERCANE_HELL	2	T6_CLOTH_LEVEL2	4
T6_OFF_JESTERCANE_HELL	2	T6_ARTEFACT_OFF_JESTERCANE_HELL	1
T6_OFF_JESTERCANE_HELL	3	T6_PLANKS_LEVEL3	4
T6_OFF_JESTERCANE_HELL	3	T6_CLOTH_LEVEL3	4
T6_OFF_JESTERCANE_HELL	3	T6_ARTEFACT_OFF_JESTERCANE_HELL	1
T6_OFF_JESTERCANE_HELL	4	T6_PLANKS_LEVEL4	4
T6_OFF_JESTERCANE_HELL	4	T6_CLOTH_LEVEL4	4
T6_OFF_JESTERCANE_HELL	4	T6_ARTEFACT_OFF_JESTERCANE_HELL	1
T7_OFF_JESTERCANE_HELL	0	T7_PLANKS	4
T7_OFF_JESTERCANE_HELL	0	T7_CLOTH	4
T7_OFF_JESTERCANE_HELL	0	T7_ARTEFACT_OFF_JESTERCANE_HELL	1
T7_OFF_JESTERCANE_HELL	1	T7_PLANKS_LEVEL1	4
T7_OFF_JESTERCANE_HELL	1	T7_CLOTH_LEVEL1	4
T7_OFF_JESTERCANE_HELL	1	T7_ARTEFACT_OFF_JESTERCANE_HELL	1
T7_OFF_JESTERCANE_HELL	2	T7_PLANKS_LEVEL2	4
T7_OFF_JESTERCANE_HELL	2	T7_CLOTH_LEVEL2	4
T7_OFF_JESTERCANE_HELL	2	T7_ARTEFACT_OFF_JESTERCANE_HELL	1
T7_OFF_JESTERCANE_HELL	3	T7_PLANKS_LEVEL3	4
T7_OFF_JESTERCANE_HELL	3	T7_CLOTH_LEVEL3	4
T7_OFF_JESTERCANE_HELL	3	T7_ARTEFACT_OFF_JESTERCANE_HELL	1
T7_OFF_JESTERCANE_HELL	4	T7_PLANKS_LEVEL4	4
T7_OFF_JESTERCANE_HELL	4	T7_CLOTH_LEVEL4	4
T7_OFF_JESTERCANE_HELL	4	T7_ARTEFACT_OFF_JESTERCANE_HELL	1
T8_OFF_JESTERCANE_HELL	0	T8_PLANKS	4
T8_OFF_JESTERCANE_HELL	0	T8_CLOTH	4
T8_OFF_JESTERCANE_HELL	0	T8_ARTEFACT_OFF_JESTERCANE_HELL	1
T8_OFF_JESTERCANE_HELL	1	T8_PLANKS_LEVEL1	4
T8_OFF_JESTERCANE_HELL	1	T8_CLOTH_LEVEL1	4
T8_OFF_JESTERCANE_HELL	1	T8_ARTEFACT_OFF_JESTERCANE_HELL	1
T8_OFF_JESTERCANE_HELL	2	T8_PLANKS_LEVEL2	4
T8_OFF_JESTERCANE_HELL	2	T8_CLOTH_LEVEL2	4
T8_OFF_JESTERCANE_HELL	2	T8_ARTEFACT_OFF_JESTERCANE_HELL	1
T8_OFF_JESTERCANE_HELL	3	T8_PLANKS_LEVEL3	4
T8_OFF_JESTERCANE_HELL	3	T8_CLOTH_LEVEL3	4
T8_OFF_JESTERCANE_HELL	3	T8_ARTEFACT_OFF_JESTERCANE_HELL	1
T8_OFF_JESTERCANE_HELL	4	T8_PLANKS_LEVEL4	4
T8_OFF_JESTERCANE_HELL	4	T8_CLOTH_LEVEL4	4
T8_OFF_JESTERCANE_HELL	4	T8_ARTEFACT_OFF_JESTERCANE_HELL	1
T4_OFF_TORCH_CRYSTAL	0	T4_PLANKS	4
T4_OFF_TORCH_CRYSTAL	0	T4_CLOTH	4
T4_OFF_TORCH_CRYSTAL	0	T4_ARTEFACT_OFF_TORCH_CRYSTAL	1
T4_OFF_TORCH_CRYSTAL	1	T4_PLANKS_LEVEL1	4
T4_OFF_TORCH_CRYSTAL	1	T4_CLOTH_LEVEL1	4
T4_OFF_TORCH_CRYSTAL	1	T4_ARTEFACT_OFF_TORCH_CRYSTAL	1
T4_OFF_TORCH_CRYSTAL	2	T4_PLANKS_LEVEL2	4
T4_OFF_TORCH_CRYSTAL	2	T4_CLOTH_LEVEL2	4
T4_OFF_TORCH_CRYSTAL	2	T4_ARTEFACT_OFF_TORCH_CRYSTAL	1
T4_OFF_TORCH_CRYSTAL	3	T4_PLANKS_LEVEL3	4
T4_OFF_TORCH_CRYSTAL	3	T4_CLOTH_LEVEL3	4
T4_OFF_TORCH_CRYSTAL	3	T4_ARTEFACT_OFF_TORCH_CRYSTAL	1
T4_OFF_TORCH_CRYSTAL	4	T4_PLANKS_LEVEL4	4
T4_OFF_TORCH_CRYSTAL	4	T4_CLOTH_LEVEL4	4
T4_OFF_TORCH_CRYSTAL	4	T4_ARTEFACT_OFF_TORCH_CRYSTAL	1
T5_OFF_TORCH_CRYSTAL	0	T5_PLANKS	4
T5_OFF_TORCH_CRYSTAL	0	T5_CLOTH	4
T5_OFF_TORCH_CRYSTAL	0	T5_ARTEFACT_OFF_TORCH_CRYSTAL	1
T5_OFF_TORCH_CRYSTAL	1	T5_PLANKS_LEVEL1	4
T5_OFF_TORCH_CRYSTAL	1	T5_CLOTH_LEVEL1	4
T5_OFF_TORCH_CRYSTAL	1	T5_ARTEFACT_OFF_TORCH_CRYSTAL	1
T5_OFF_TORCH_CRYSTAL	2	T5_PLANKS_LEVEL2	4
T5_OFF_TORCH_CRYSTAL	2	T5_CLOTH_LEVEL2	4
T5_OFF_TORCH_CRYSTAL	2	T5_ARTEFACT_OFF_TORCH_CRYSTAL	1
T5_OFF_TORCH_CRYSTAL	3	T5_PLANKS_LEVEL3	4
T5_OFF_TORCH_CRYSTAL	3	T5_CLOTH_LEVEL3	4
T5_OFF_TORCH_CRYSTAL	3	T5_ARTEFACT_OFF_TORCH_CRYSTAL	1
T5_OFF_TORCH_CRYSTAL	4	T5_PLANKS_LEVEL4	4
T5_OFF_TORCH_CRYSTAL	4	T5_CLOTH_LEVEL4	4
T5_OFF_TORCH_CRYSTAL	4	T5_ARTEFACT_OFF_TORCH_CRYSTAL	1
T6_OFF_TORCH_CRYSTAL	0	T6_PLANKS	4
T6_OFF_TORCH_CRYSTAL	0	T6_CLOTH	4
T6_OFF_TORCH_CRYSTAL	0	T6_ARTEFACT_OFF_TORCH_CRYSTAL	1
T6_OFF_TORCH_CRYSTAL	1	T6_PLANKS_LEVEL1	4
T6_OFF_TORCH_CRYSTAL	1	T6_CLOTH_LEVEL1	4
T6_OFF_TORCH_CRYSTAL	1	T6_ARTEFACT_OFF_TORCH_CRYSTAL	1
T6_OFF_TORCH_CRYSTAL	2	T6_PLANKS_LEVEL2	4
T6_OFF_TORCH_CRYSTAL	2	T6_CLOTH_LEVEL2	4
T6_OFF_TORCH_CRYSTAL	2	T6_ARTEFACT_OFF_TORCH_CRYSTAL	1
T6_OFF_TORCH_CRYSTAL	3	T6_PLANKS_LEVEL3	4
T6_OFF_TORCH_CRYSTAL	3	T6_CLOTH_LEVEL3	4
T6_OFF_TORCH_CRYSTAL	3	T6_ARTEFACT_OFF_TORCH_CRYSTAL	1
T6_OFF_TORCH_CRYSTAL	4	T6_PLANKS_LEVEL4	4
T6_OFF_TORCH_CRYSTAL	4	T6_CLOTH_LEVEL4	4
T6_OFF_TORCH_CRYSTAL	4	T6_ARTEFACT_OFF_TORCH_CRYSTAL	1
T7_OFF_TORCH_CRYSTAL	0	T7_PLANKS	4
T7_OFF_TORCH_CRYSTAL	0	T7_CLOTH	4
T7_OFF_TORCH_CRYSTAL	0	T7_ARTEFACT_OFF_TORCH_CRYSTAL	1
T7_OFF_TORCH_CRYSTAL	1	T7_PLANKS_LEVEL1	4
T7_OFF_TORCH_CRYSTAL	1	T7_CLOTH_LEVEL1	4
T7_OFF_TORCH_CRYSTAL	1	T7_ARTEFACT_OFF_TORCH_CRYSTAL	1
T7_OFF_TORCH_CRYSTAL	2	T7_PLANKS_LEVEL2	4
T7_OFF_TORCH_CRYSTAL	2	T7_CLOTH_LEVEL2	4
T7_OFF_TORCH_CRYSTAL	2	T7_ARTEFACT_OFF_TORCH_CRYSTAL	1
T7_OFF_TORCH_CRYSTAL	3	T7_PLANKS_LEVEL3	4
T7_OFF_TORCH_CRYSTAL	3	T7_CLOTH_LEVEL3	4
T7_OFF_TORCH_CRYSTAL	3	T7_ARTEFACT_OFF_TORCH_CRYSTAL	1
T7_OFF_TORCH_CRYSTAL	4	T7_PLANKS_LEVEL4	4
T7_OFF_TORCH_CRYSTAL	4	T7_CLOTH_LEVEL4	4
T7_OFF_TORCH_CRYSTAL	4	T7_ARTEFACT_OFF_TORCH_CRYSTAL	1
T8_OFF_TORCH_CRYSTAL	0	T8_PLANKS	4
T8_OFF_TORCH_CRYSTAL	0	T8_CLOTH	4
T8_OFF_TORCH_CRYSTAL	0	T8_ARTEFACT_OFF_TORCH_CRYSTAL	1
T8_OFF_TORCH_CRYSTAL	1	T8_PLANKS_LEVEL1	4
T8_OFF_TORCH_CRYSTAL	1	T8_CLOTH_LEVEL1	4
T8_OFF_TORCH_CRYSTAL	1	T8_ARTEFACT_OFF_TORCH_CRYSTAL	1
T8_OFF_TORCH_CRYSTAL	2	T8_PLANKS_LEVEL2	4
T8_OFF_TORCH_CRYSTAL	2	T8_CLOTH_LEVEL2	4
T8_OFF_TORCH_CRYSTAL	2	T8_ARTEFACT_OFF_TORCH_CRYSTAL	1
T8_OFF_TORCH_CRYSTAL	3	T8_PLANKS_LEVEL3	4
T8_OFF_TORCH_CRYSTAL	3	T8_CLOTH_LEVEL3	4
T8_OFF_TORCH_CRYSTAL	3	T8_ARTEFACT_OFF_TORCH_CRYSTAL	1
T8_OFF_TORCH_CRYSTAL	4	T8_PLANKS_LEVEL4	4
T8_OFF_TORCH_CRYSTAL	4	T8_CLOTH_LEVEL4	4
T8_OFF_TORCH_CRYSTAL	4	T8_ARTEFACT_OFF_TORCH_CRYSTAL	1
T2_CAPE	0	T2_CLOTH	4
T2_CAPE	0	T2_LEATHER	4
T3_CAPE	0	T3_CLOTH	4
T3_CAPE	0	T3_LEATHER	4
T4_CAPE	0	T4_CLOTH	4
T4_CAPE	0	T4_LEATHER	4
T4_CAPE	1	T4_CLOTH_LEVEL1	4
T4_CAPE	1	T4_LEATHER_LEVEL1	4
T4_CAPE	2	T4_CLOTH_LEVEL2	4
T4_CAPE	2	T4_LEATHER_LEVEL2	4
T4_CAPE	3	T4_CLOTH_LEVEL3	4
T4_CAPE	3	T4_LEATHER_LEVEL3	4
T4_CAPE	4	T4_CLOTH_LEVEL4	4
T4_CAPE	4	T4_LEATHER_LEVEL4	4
T5_CAPE	0	T5_CLOTH	4
T5_CAPE	0	T5_LEATHER	4
T5_CAPE	1	T5_CLOTH_LEVEL1	4
T5_CAPE	1	T5_LEATHER_LEVEL1	4
T5_CAPE	2	T5_CLOTH_LEVEL2	4
T5_CAPE	2	T5_LEATHER_LEVEL2	4
T5_CAPE	3	T5_CLOTH_LEVEL3	4
T5_CAPE	3	T5_LEATHER_LEVEL3	4
T5_CAPE	4	T5_CLOTH_LEVEL4	4
T5_CAPE	4	T5_LEATHER_LEVEL4	4
T6_CAPE	0	T6_CLOTH	4
T6_CAPE	0	T6_LEATHER	4
T6_CAPE	1	T6_CLOTH_LEVEL1	4
T6_CAPE	1	T6_LEATHER_LEVEL1	4
T6_CAPE	2	T6_CLOTH_LEVEL2	4
T6_CAPE	2	T6_LEATHER_LEVEL2	4
T6_CAPE	3	T6_CLOTH_LEVEL3	4
T6_CAPE	3	T6_LEATHER_LEVEL3	4
T6_CAPE	4	T6_CLOTH_LEVEL4	4
T6_CAPE	4	T6_LEATHER_LEVEL4	4
T7_CAPE	0	T7_CLOTH	4
T7_CAPE	0	T7_LEATHER	4
T7_CAPE	1	T7_CLOTH_LEVEL1	4
T7_CAPE	1	T7_LEATHER_LEVEL1	4
T7_CAPE	2	T7_CLOTH_LEVEL2	4
T7_CAPE	2	T7_LEATHER_LEVEL2	4
T7_CAPE	3	T7_CLOTH_LEVEL3	4
T7_CAPE	3	T7_LEATHER_LEVEL3	4
T7_CAPE	4	T7_CLOTH_LEVEL4	4
T7_CAPE	4	T7_LEATHER_LEVEL4	4
T8_CAPE	0	T8_CLOTH	4
T8_CAPE	0	T8_LEATHER	4
T8_CAPE	1	T8_CLOTH_LEVEL1	4
T8_CAPE	1	T8_LEATHER_LEVEL1	4
T8_CAPE	2	T8_CLOTH_LEVEL2	4
T8_CAPE	2	T8_LEATHER_LEVEL2	4
T8_CAPE	3	T8_CLOTH_LEVEL3	4
T8_CAPE	3	T8_LEATHER_LEVEL3	4
T8_CAPE	4	T8_CLOTH_LEVEL4	4
T8_CAPE	4	T8_LEATHER_LEVEL4	4
T4_CAPEITEM_FW_BRIDGEWATCH	0	T4_CAPE	1
T4_CAPEITEM_FW_BRIDGEWATCH	0	T4_CAPEITEM_FW_BRIDGEWATCH_BP	1
T4_CAPEITEM_FW_BRIDGEWATCH	0	T1_FACTION_STEPPE_TOKEN_1	1
T4_CAPEITEM_FW_BRIDGEWATCH	1	T4_CAPE	1
T4_CAPEITEM_FW_BRIDGEWATCH	1	T4_CAPEITEM_FW_BRIDGEWATCH_BP	1
T4_CAPEITEM_FW_BRIDGEWATCH	1	T1_FACTION_STEPPE_TOKEN_1	1
T4_CAPEITEM_FW_BRIDGEWATCH	2	T4_CAPE	1
T4_CAPEITEM_FW_BRIDGEWATCH	2	T4_CAPEITEM_FW_BRIDGEWATCH_BP	1
T4_CAPEITEM_FW_BRIDGEWATCH	2	T1_FACTION_STEPPE_TOKEN_1	1
T4_CAPEITEM_FW_BRIDGEWATCH	3	T4_CAPE	1
T4_CAPEITEM_FW_BRIDGEWATCH	3	T4_CAPEITEM_FW_BRIDGEWATCH_BP	1
T4_CAPEITEM_FW_BRIDGEWATCH	3	T1_FACTION_STEPPE_TOKEN_1	1
T4_CAPEITEM_FW_BRIDGEWATCH	4	T4_CAPE	1
T4_CAPEITEM_FW_BRIDGEWATCH	4	T4_CAPEITEM_FW_BRIDGEWATCH_BP	1
T4_CAPEITEM_FW_BRIDGEWATCH	4	T1_FACTION_STEPPE_TOKEN_1	1
T5_CAPEITEM_FW_BRIDGEWATCH	0	T5_CAPE	1
T5_CAPEITEM_FW_BRIDGEWATCH	0	T5_CAPEITEM_FW_BRIDGEWATCH_BP	1
T5_CAPEITEM_FW_BRIDGEWATCH	0	T1_FACTION_STEPPE_TOKEN_1	1
T5_CAPEITEM_FW_BRIDGEWATCH	1	T5_CAPE	1
T5_CAPEITEM_FW_BRIDGEWATCH	1	T5_CAPEITEM_FW_BRIDGEWATCH_BP	1
T5_CAPEITEM_FW_BRIDGEWATCH	1	T1_FACTION_STEPPE_TOKEN_1	1
T5_CAPEITEM_FW_BRIDGEWATCH	2	T5_CAPE	1
T5_CAPEITEM_FW_BRIDGEWATCH	2	T5_CAPEITEM_FW_BRIDGEWATCH_BP	1
T5_CAPEITEM_FW_BRIDGEWATCH	2	T1_FACTION_STEPPE_TOKEN_1	1
T5_CAPEITEM_FW_BRIDGEWATCH	3	T5_CAPE	1
T5_CAPEITEM_FW_BRIDGEWATCH	3	T5_CAPEITEM_FW_BRIDGEWATCH_BP	1
T5_CAPEITEM_FW_BRIDGEWATCH	3	T1_FACTION_STEPPE_TOKEN_1	1
T5_CAPEITEM_FW_BRIDGEWATCH	4	T5_CAPE	1
T5_CAPEITEM_FW_BRIDGEWATCH	4	T5_CAPEITEM_FW_BRIDGEWATCH_BP	1
T5_CAPEITEM_FW_BRIDGEWATCH	4	T1_FACTION_STEPPE_TOKEN_1	1
T6_CAPEITEM_FW_BRIDGEWATCH	0	T6_CAPE	1
T6_CAPEITEM_FW_BRIDGEWATCH	0	T6_CAPEITEM_FW_BRIDGEWATCH_BP	1
T6_CAPEITEM_FW_BRIDGEWATCH	0	T1_FACTION_STEPPE_TOKEN_1	3
T6_CAPEITEM_FW_BRIDGEWATCH	1	T6_CAPE	1
T6_CAPEITEM_FW_BRIDGEWATCH	1	T6_CAPEITEM_FW_BRIDGEWATCH_BP	1
T6_CAPEITEM_FW_BRIDGEWATCH	1	T1_FACTION_STEPPE_TOKEN_1	3
T6_CAPEITEM_FW_BRIDGEWATCH	2	T6_CAPE	1
T6_CAPEITEM_FW_BRIDGEWATCH	2	T6_CAPEITEM_FW_BRIDGEWATCH_BP	1
T6_CAPEITEM_FW_BRIDGEWATCH	2	T1_FACTION_STEPPE_TOKEN_1	3
T6_CAPEITEM_FW_BRIDGEWATCH	3	T6_CAPE	1
T6_CAPEITEM_FW_BRIDGEWATCH	3	T6_CAPEITEM_FW_BRIDGEWATCH_BP	1
T6_CAPEITEM_FW_BRIDGEWATCH	3	T1_FACTION_STEPPE_TOKEN_1	3
T6_CAPEITEM_FW_BRIDGEWATCH	4	T6_CAPE	1
T6_CAPEITEM_FW_BRIDGEWATCH	4	T6_CAPEITEM_FW_BRIDGEWATCH_BP	1
T6_CAPEITEM_FW_BRIDGEWATCH	4	T1_FACTION_STEPPE_TOKEN_1	3
T7_CAPEITEM_FW_BRIDGEWATCH	0	T7_CAPE	1
T7_CAPEITEM_FW_BRIDGEWATCH	0	T7_CAPEITEM_FW_BRIDGEWATCH_BP	1
T7_CAPEITEM_FW_BRIDGEWATCH	0	T1_FACTION_STEPPE_TOKEN_1	5
T7_CAPEITEM_FW_BRIDGEWATCH	1	T7_CAPE	1
T7_CAPEITEM_FW_BRIDGEWATCH	1	T7_CAPEITEM_FW_BRIDGEWATCH_BP	1
T7_CAPEITEM_FW_BRIDGEWATCH	1	T1_FACTION_STEPPE_TOKEN_1	5
T7_CAPEITEM_FW_BRIDGEWATCH	2	T7_CAPE	1
T7_CAPEITEM_FW_BRIDGEWATCH	2	T7_CAPEITEM_FW_BRIDGEWATCH_BP	1
T7_CAPEITEM_FW_BRIDGEWATCH	2	T1_FACTION_STEPPE_TOKEN_1	5
T7_CAPEITEM_FW_BRIDGEWATCH	3	T7_CAPE	1
T7_CAPEITEM_FW_BRIDGEWATCH	3	T7_CAPEITEM_FW_BRIDGEWATCH_BP	1
T7_CAPEITEM_FW_BRIDGEWATCH	3	T1_FACTION_STEPPE_TOKEN_1	5
T7_CAPEITEM_FW_BRIDGEWATCH	4	T7_CAPE	1
T7_CAPEITEM_FW_BRIDGEWATCH	4	T7_CAPEITEM_FW_BRIDGEWATCH_BP	1
T7_CAPEITEM_FW_BRIDGEWATCH	4	T1_FACTION_STEPPE_TOKEN_1	5
T8_CAPEITEM_FW_BRIDGEWATCH	0	T8_CAPE	1
T8_CAPEITEM_FW_BRIDGEWATCH	0	T8_CAPEITEM_FW_BRIDGEWATCH_BP	1
T8_CAPEITEM_FW_BRIDGEWATCH	0	T1_FACTION_STEPPE_TOKEN_1	10
T8_CAPEITEM_FW_BRIDGEWATCH	1	T8_CAPE	1
T8_CAPEITEM_FW_BRIDGEWATCH	1	T8_CAPEITEM_FW_BRIDGEWATCH_BP	1
T8_CAPEITEM_FW_BRIDGEWATCH	1	T1_FACTION_STEPPE_TOKEN_1	10
T8_CAPEITEM_FW_BRIDGEWATCH	2	T8_CAPE	1
T8_CAPEITEM_FW_BRIDGEWATCH	2	T8_CAPEITEM_FW_BRIDGEWATCH_BP	1
T8_CAPEITEM_FW_BRIDGEWATCH	2	T1_FACTION_STEPPE_TOKEN_1	10
T8_CAPEITEM_FW_BRIDGEWATCH	3	T8_CAPE	1
T8_CAPEITEM_FW_BRIDGEWATCH	3	T8_CAPEITEM_FW_BRIDGEWATCH_BP	1
T8_CAPEITEM_FW_BRIDGEWATCH	3	T1_FACTION_STEPPE_TOKEN_1	10
T8_CAPEITEM_FW_BRIDGEWATCH	4	T8_CAPE	1
T8_CAPEITEM_FW_BRIDGEWATCH	4	T8_CAPEITEM_FW_BRIDGEWATCH_BP	1
T8_CAPEITEM_FW_BRIDGEWATCH	4	T1_FACTION_STEPPE_TOKEN_1	10
T4_CAPEITEM_FW_FORTSTERLING	0	T4_CAPE	1
T4_CAPEITEM_FW_FORTSTERLING	0	T4_CAPEITEM_FW_FORTSTERLING_BP	1
T4_CAPEITEM_FW_FORTSTERLING	0	T1_FACTION_MOUNTAIN_TOKEN_1	1
T4_CAPEITEM_FW_FORTSTERLING	1	T4_CAPE	1
T4_CAPEITEM_FW_FORTSTERLING	1	T4_CAPEITEM_FW_FORTSTERLING_BP	1
T4_CAPEITEM_FW_FORTSTERLING	1	T1_FACTION_MOUNTAIN_TOKEN_1	1
T4_CAPEITEM_FW_FORTSTERLING	2	T4_CAPE	1
T4_CAPEITEM_FW_FORTSTERLING	2	T4_CAPEITEM_FW_FORTSTERLING_BP	1
T4_CAPEITEM_FW_FORTSTERLING	2	T1_FACTION_MOUNTAIN_TOKEN_1	1
T4_CAPEITEM_FW_FORTSTERLING	3	T4_CAPE	1
T4_CAPEITEM_FW_FORTSTERLING	3	T4_CAPEITEM_FW_FORTSTERLING_BP	1
T4_CAPEITEM_FW_FORTSTERLING	3	T1_FACTION_MOUNTAIN_TOKEN_1	1
T4_CAPEITEM_FW_FORTSTERLING	4	T4_CAPE	1
T4_CAPEITEM_FW_FORTSTERLING	4	T4_CAPEITEM_FW_FORTSTERLING_BP	1
T4_CAPEITEM_FW_FORTSTERLING	4	T1_FACTION_MOUNTAIN_TOKEN_1	1
T5_CAPEITEM_FW_FORTSTERLING	0	T5_CAPE	1
T5_CAPEITEM_FW_FORTSTERLING	0	T5_CAPEITEM_FW_FORTSTERLING_BP	1
T5_CAPEITEM_FW_FORTSTERLING	0	T1_FACTION_MOUNTAIN_TOKEN_1	1
T5_CAPEITEM_FW_FORTSTERLING	1	T5_CAPE	1
T5_CAPEITEM_FW_FORTSTERLING	1	T5_CAPEITEM_FW_FORTSTERLING_BP	1
T5_CAPEITEM_FW_FORTSTERLING	1	T1_FACTION_MOUNTAIN_TOKEN_1	1
T5_CAPEITEM_FW_FORTSTERLING	2	T5_CAPE	1
T5_CAPEITEM_FW_FORTSTERLING	2	T5_CAPEITEM_FW_FORTSTERLING_BP	1
T5_CAPEITEM_FW_FORTSTERLING	2	T1_FACTION_MOUNTAIN_TOKEN_1	1
T5_CAPEITEM_FW_FORTSTERLING	3	T5_CAPE	1
T5_CAPEITEM_FW_FORTSTERLING	3	T5_CAPEITEM_FW_FORTSTERLING_BP	1
T5_CAPEITEM_FW_FORTSTERLING	3	T1_FACTION_MOUNTAIN_TOKEN_1	1
T5_CAPEITEM_FW_FORTSTERLING	4	T5_CAPE	1
T5_CAPEITEM_FW_FORTSTERLING	4	T5_CAPEITEM_FW_FORTSTERLING_BP	1
T5_CAPEITEM_FW_FORTSTERLING	4	T1_FACTION_MOUNTAIN_TOKEN_1	1
T6_CAPEITEM_FW_FORTSTERLING	0	T6_CAPE	1
T6_CAPEITEM_FW_FORTSTERLING	0	T6_CAPEITEM_FW_FORTSTERLING_BP	1
T6_CAPEITEM_FW_FORTSTERLING	0	T1_FACTION_MOUNTAIN_TOKEN_1	3
T6_CAPEITEM_FW_FORTSTERLING	1	T6_CAPE	1
T6_CAPEITEM_FW_FORTSTERLING	1	T6_CAPEITEM_FW_FORTSTERLING_BP	1
T6_CAPEITEM_FW_FORTSTERLING	1	T1_FACTION_MOUNTAIN_TOKEN_1	3
T6_CAPEITEM_FW_FORTSTERLING	2	T6_CAPE	1
T6_CAPEITEM_FW_FORTSTERLING	2	T6_CAPEITEM_FW_FORTSTERLING_BP	1
T6_CAPEITEM_FW_FORTSTERLING	2	T1_FACTION_MOUNTAIN_TOKEN_1	3
T6_CAPEITEM_FW_FORTSTERLING	3	T6_CAPE	1
T6_CAPEITEM_FW_FORTSTERLING	3	T6_CAPEITEM_FW_FORTSTERLING_BP	1
T6_CAPEITEM_FW_FORTSTERLING	3	T1_FACTION_MOUNTAIN_TOKEN_1	3
T6_CAPEITEM_FW_FORTSTERLING	4	T6_CAPE	1
T6_CAPEITEM_FW_FORTSTERLING	4	T6_CAPEITEM_FW_FORTSTERLING_BP	1
T6_CAPEITEM_FW_FORTSTERLING	4	T1_FACTION_MOUNTAIN_TOKEN_1	3
T7_CAPEITEM_FW_FORTSTERLING	0	T7_CAPE	1
T7_CAPEITEM_FW_FORTSTERLING	0	T7_CAPEITEM_FW_FORTSTERLING_BP	1
T7_CAPEITEM_FW_FORTSTERLING	0	T1_FACTION_MOUNTAIN_TOKEN_1	5
T7_CAPEITEM_FW_FORTSTERLING	1	T7_CAPE	1
T7_CAPEITEM_FW_FORTSTERLING	1	T7_CAPEITEM_FW_FORTSTERLING_BP	1
T7_CAPEITEM_FW_FORTSTERLING	1	T1_FACTION_MOUNTAIN_TOKEN_1	5
T7_CAPEITEM_FW_FORTSTERLING	2	T7_CAPE	1
T7_CAPEITEM_FW_FORTSTERLING	2	T7_CAPEITEM_FW_FORTSTERLING_BP	1
T7_CAPEITEM_FW_FORTSTERLING	2	T1_FACTION_MOUNTAIN_TOKEN_1	5
T7_CAPEITEM_FW_FORTSTERLING	3	T7_CAPE	1
T7_CAPEITEM_FW_FORTSTERLING	3	T7_CAPEITEM_FW_FORTSTERLING_BP	1
T7_CAPEITEM_FW_FORTSTERLING	3	T1_FACTION_MOUNTAIN_TOKEN_1	5
T7_CAPEITEM_FW_FORTSTERLING	4	T7_CAPE	1
T7_CAPEITEM_FW_FORTSTERLING	4	T7_CAPEITEM_FW_FORTSTERLING_BP	1
T7_CAPEITEM_FW_FORTSTERLING	4	T1_FACTION_MOUNTAIN_TOKEN_1	5
T8_CAPEITEM_FW_FORTSTERLING	0	T8_CAPE	1
T8_CAPEITEM_FW_FORTSTERLING	0	T8_CAPEITEM_FW_FORTSTERLING_BP	1
T8_CAPEITEM_FW_FORTSTERLING	0	T1_FACTION_MOUNTAIN_TOKEN_1	10
T8_CAPEITEM_FW_FORTSTERLING	1	T8_CAPE	1
T8_CAPEITEM_FW_FORTSTERLING	1	T8_CAPEITEM_FW_FORTSTERLING_BP	1
T8_CAPEITEM_FW_FORTSTERLING	1	T1_FACTION_MOUNTAIN_TOKEN_1	10
T8_CAPEITEM_FW_FORTSTERLING	2	T8_CAPE	1
T8_CAPEITEM_FW_FORTSTERLING	2	T8_CAPEITEM_FW_FORTSTERLING_BP	1
T8_CAPEITEM_FW_FORTSTERLING	2	T1_FACTION_MOUNTAIN_TOKEN_1	10
T8_CAPEITEM_FW_FORTSTERLING	3	T8_CAPE	1
T8_CAPEITEM_FW_FORTSTERLING	3	T8_CAPEITEM_FW_FORTSTERLING_BP	1
T8_CAPEITEM_FW_FORTSTERLING	3	T1_FACTION_MOUNTAIN_TOKEN_1	10
T8_CAPEITEM_FW_FORTSTERLING	4	T8_CAPE	1
T8_CAPEITEM_FW_FORTSTERLING	4	T8_CAPEITEM_FW_FORTSTERLING_BP	1
T8_CAPEITEM_FW_FORTSTERLING	4	T1_FACTION_MOUNTAIN_TOKEN_1	10
T4_CAPEITEM_FW_LYMHURST	0	T4_CAPE	1
T4_CAPEITEM_FW_LYMHURST	0	T4_CAPEITEM_FW_LYMHURST_BP	1
T4_CAPEITEM_FW_LYMHURST	0	T1_FACTION_FOREST_TOKEN_1	1
T4_CAPEITEM_FW_LYMHURST	1	T4_CAPE	1
T4_CAPEITEM_FW_LYMHURST	1	T4_CAPEITEM_FW_LYMHURST_BP	1
T4_CAPEITEM_FW_LYMHURST	1	T1_FACTION_FOREST_TOKEN_1	1
T4_CAPEITEM_FW_LYMHURST	2	T4_CAPE	1
T4_CAPEITEM_FW_LYMHURST	2	T4_CAPEITEM_FW_LYMHURST_BP	1
T4_CAPEITEM_FW_LYMHURST	2	T1_FACTION_FOREST_TOKEN_1	1
T4_CAPEITEM_FW_LYMHURST	3	T4_CAPE	1
T4_CAPEITEM_FW_LYMHURST	3	T4_CAPEITEM_FW_LYMHURST_BP	1
T4_CAPEITEM_FW_LYMHURST	3	T1_FACTION_FOREST_TOKEN_1	1
T4_CAPEITEM_FW_LYMHURST	4	T4_CAPE	1
T4_CAPEITEM_FW_LYMHURST	4	T4_CAPEITEM_FW_LYMHURST_BP	1
T4_CAPEITEM_FW_LYMHURST	4	T1_FACTION_FOREST_TOKEN_1	1
T5_CAPEITEM_FW_LYMHURST	0	T5_CAPE	1
T5_CAPEITEM_FW_LYMHURST	0	T5_CAPEITEM_FW_LYMHURST_BP	1
T5_CAPEITEM_FW_LYMHURST	0	T1_FACTION_FOREST_TOKEN_1	1
T5_CAPEITEM_FW_LYMHURST	1	T5_CAPE	1
T5_CAPEITEM_FW_LYMHURST	1	T5_CAPEITEM_FW_LYMHURST_BP	1
T5_CAPEITEM_FW_LYMHURST	1	T1_FACTION_FOREST_TOKEN_1	1
T5_CAPEITEM_FW_LYMHURST	2	T5_CAPE	1
T5_CAPEITEM_FW_LYMHURST	2	T5_CAPEITEM_FW_LYMHURST_BP	1
T5_CAPEITEM_FW_LYMHURST	2	T1_FACTION_FOREST_TOKEN_1	1
T5_CAPEITEM_FW_LYMHURST	3	T5_CAPE	1
T5_CAPEITEM_FW_LYMHURST	3	T5_CAPEITEM_FW_LYMHURST_BP	1
T5_CAPEITEM_FW_LYMHURST	3	T1_FACTION_FOREST_TOKEN_1	1
T5_CAPEITEM_FW_LYMHURST	4	T5_CAPE	1
T5_CAPEITEM_FW_LYMHURST	4	T5_CAPEITEM_FW_LYMHURST_BP	1
T5_CAPEITEM_FW_LYMHURST	4	T1_FACTION_FOREST_TOKEN_1	1
T6_CAPEITEM_FW_LYMHURST	0	T6_CAPE	1
T6_CAPEITEM_FW_LYMHURST	0	T6_CAPEITEM_FW_LYMHURST_BP	1
T6_CAPEITEM_FW_LYMHURST	0	T1_FACTION_FOREST_TOKEN_1	3
T6_CAPEITEM_FW_LYMHURST	1	T6_CAPE	1
T6_CAPEITEM_FW_LYMHURST	1	T6_CAPEITEM_FW_LYMHURST_BP	1
T6_CAPEITEM_FW_LYMHURST	1	T1_FACTION_FOREST_TOKEN_1	3
T6_CAPEITEM_FW_LYMHURST	2	T6_CAPE	1
T6_CAPEITEM_FW_LYMHURST	2	T6_CAPEITEM_FW_LYMHURST_BP	1
T6_CAPEITEM_FW_LYMHURST	2	T1_FACTION_FOREST_TOKEN_1	3
T6_CAPEITEM_FW_LYMHURST	3	T6_CAPE	1
T6_CAPEITEM_FW_LYMHURST	3	T6_CAPEITEM_FW_LYMHURST_BP	1
T6_CAPEITEM_FW_LYMHURST	3	T1_FACTION_FOREST_TOKEN_1	3
T6_CAPEITEM_FW_LYMHURST	4	T6_CAPE	1
T6_CAPEITEM_FW_LYMHURST	4	T6_CAPEITEM_FW_LYMHURST_BP	1
T6_CAPEITEM_FW_LYMHURST	4	T1_FACTION_FOREST_TOKEN_1	3
T7_CAPEITEM_FW_LYMHURST	0	T7_CAPE	1
T7_CAPEITEM_FW_LYMHURST	0	T7_CAPEITEM_FW_LYMHURST_BP	1
T7_CAPEITEM_FW_LYMHURST	0	T1_FACTION_FOREST_TOKEN_1	5
T7_CAPEITEM_FW_LYMHURST	1	T7_CAPE	1
T7_CAPEITEM_FW_LYMHURST	1	T7_CAPEITEM_FW_LYMHURST_BP	1
T7_CAPEITEM_FW_LYMHURST	1	T1_FACTION_FOREST_TOKEN_1	5
T7_CAPEITEM_FW_LYMHURST	2	T7_CAPE	1
T7_CAPEITEM_FW_LYMHURST	2	T7_CAPEITEM_FW_LYMHURST_BP	1
T7_CAPEITEM_FW_LYMHURST	2	T1_FACTION_FOREST_TOKEN_1	5
T7_CAPEITEM_FW_LYMHURST	3	T7_CAPE	1
T7_CAPEITEM_FW_LYMHURST	3	T7_CAPEITEM_FW_LYMHURST_BP	1
T7_CAPEITEM_FW_LYMHURST	3	T1_FACTION_FOREST_TOKEN_1	5
T7_CAPEITEM_FW_LYMHURST	4	T7_CAPE	1
T7_CAPEITEM_FW_LYMHURST	4	T7_CAPEITEM_FW_LYMHURST_BP	1
T7_CAPEITEM_FW_LYMHURST	4	T1_FACTION_FOREST_TOKEN_1	5
T8_CAPEITEM_FW_LYMHURST	0	T8_CAPE	1
T8_CAPEITEM_FW_LYMHURST	0	T8_CAPEITEM_FW_LYMHURST_BP	1
T8_CAPEITEM_FW_LYMHURST	0	T1_FACTION_FOREST_TOKEN_1	10
T8_CAPEITEM_FW_LYMHURST	1	T8_CAPE	1
T8_CAPEITEM_FW_LYMHURST	1	T8_CAPEITEM_FW_LYMHURST_BP	1
T8_CAPEITEM_FW_LYMHURST	1	T1_FACTION_FOREST_TOKEN_1	10
T8_CAPEITEM_FW_LYMHURST	2	T8_CAPE	1
T8_CAPEITEM_FW_LYMHURST	2	T8_CAPEITEM_FW_LYMHURST_BP	1
T8_CAPEITEM_FW_LYMHURST	2	T1_FACTION_FOREST_TOKEN_1	10
T8_CAPEITEM_FW_LYMHURST	3	T8_CAPE	1
T8_CAPEITEM_FW_LYMHURST	3	T8_CAPEITEM_FW_LYMHURST_BP	1
T8_CAPEITEM_FW_LYMHURST	3	T1_FACTION_FOREST_TOKEN_1	10
T8_CAPEITEM_FW_LYMHURST	4	T8_CAPE	1
T8_CAPEITEM_FW_LYMHURST	4	T8_CAPEITEM_FW_LYMHURST_BP	1
T8_CAPEITEM_FW_LYMHURST	4	T1_FACTION_FOREST_TOKEN_1	10
T4_CAPEITEM_FW_MARTLOCK	0	T4_CAPE	1
T4_CAPEITEM_FW_MARTLOCK	0	T4_CAPEITEM_FW_MARTLOCK_BP	1
T4_CAPEITEM_FW_MARTLOCK	0	T1_FACTION_HIGHLAND_TOKEN_1	1
T4_CAPEITEM_FW_MARTLOCK	1	T4_CAPE	1
T4_CAPEITEM_FW_MARTLOCK	1	T4_CAPEITEM_FW_MARTLOCK_BP	1
T4_CAPEITEM_FW_MARTLOCK	1	T1_FACTION_HIGHLAND_TOKEN_1	1
T4_CAPEITEM_FW_MARTLOCK	2	T4_CAPE	1
T4_CAPEITEM_FW_MARTLOCK	2	T4_CAPEITEM_FW_MARTLOCK_BP	1
T4_CAPEITEM_FW_MARTLOCK	2	T1_FACTION_HIGHLAND_TOKEN_1	1
T4_CAPEITEM_FW_MARTLOCK	3	T4_CAPE	1
T4_CAPEITEM_FW_MARTLOCK	3	T4_CAPEITEM_FW_MARTLOCK_BP	1
T4_CAPEITEM_FW_MARTLOCK	3	T1_FACTION_HIGHLAND_TOKEN_1	1
T4_CAPEITEM_FW_MARTLOCK	4	T4_CAPE	1
T4_CAPEITEM_FW_MARTLOCK	4	T4_CAPEITEM_FW_MARTLOCK_BP	1
T4_CAPEITEM_FW_MARTLOCK	4	T1_FACTION_HIGHLAND_TOKEN_1	1
T5_CAPEITEM_FW_MARTLOCK	0	T5_CAPE	1
T5_CAPEITEM_FW_MARTLOCK	0	T5_CAPEITEM_FW_MARTLOCK_BP	1
T5_CAPEITEM_FW_MARTLOCK	0	T1_FACTION_HIGHLAND_TOKEN_1	1
T5_CAPEITEM_FW_MARTLOCK	1	T5_CAPE	1
T5_CAPEITEM_FW_MARTLOCK	1	T5_CAPEITEM_FW_MARTLOCK_BP	1
T5_CAPEITEM_FW_MARTLOCK	1	T1_FACTION_HIGHLAND_TOKEN_1	1
T5_CAPEITEM_FW_MARTLOCK	2	T5_CAPE	1
T5_CAPEITEM_FW_MARTLOCK	2	T5_CAPEITEM_FW_MARTLOCK_BP	1
T5_CAPEITEM_FW_MARTLOCK	2	T1_FACTION_HIGHLAND_TOKEN_1	1
T5_CAPEITEM_FW_MARTLOCK	3	T5_CAPE	1
T5_CAPEITEM_FW_MARTLOCK	3	T5_CAPEITEM_FW_MARTLOCK_BP	1
T5_CAPEITEM_FW_MARTLOCK	3	T1_FACTION_HIGHLAND_TOKEN_1	1
T5_CAPEITEM_FW_MARTLOCK	4	T5_CAPE	1
T5_CAPEITEM_FW_MARTLOCK	4	T5_CAPEITEM_FW_MARTLOCK_BP	1
T5_CAPEITEM_FW_MARTLOCK	4	T1_FACTION_HIGHLAND_TOKEN_1	1
T6_CAPEITEM_FW_MARTLOCK	0	T6_CAPE	1
T6_CAPEITEM_FW_MARTLOCK	0	T6_CAPEITEM_FW_MARTLOCK_BP	1
T6_CAPEITEM_FW_MARTLOCK	0	T1_FACTION_HIGHLAND_TOKEN_1	3
T6_CAPEITEM_FW_MARTLOCK	1	T6_CAPE	1
T6_CAPEITEM_FW_MARTLOCK	1	T6_CAPEITEM_FW_MARTLOCK_BP	1
T6_CAPEITEM_FW_MARTLOCK	1	T1_FACTION_HIGHLAND_TOKEN_1	3
T6_CAPEITEM_FW_MARTLOCK	2	T6_CAPE	1
T6_CAPEITEM_FW_MARTLOCK	2	T6_CAPEITEM_FW_MARTLOCK_BP	1
T6_CAPEITEM_FW_MARTLOCK	2	T1_FACTION_HIGHLAND_TOKEN_1	3
T6_CAPEITEM_FW_MARTLOCK	3	T6_CAPE	1
T6_CAPEITEM_FW_MARTLOCK	3	T6_CAPEITEM_FW_MARTLOCK_BP	1
T6_CAPEITEM_FW_MARTLOCK	3	T1_FACTION_HIGHLAND_TOKEN_1	3
T6_CAPEITEM_FW_MARTLOCK	4	T6_CAPE	1
T6_CAPEITEM_FW_MARTLOCK	4	T6_CAPEITEM_FW_MARTLOCK_BP	1
T6_CAPEITEM_FW_MARTLOCK	4	T1_FACTION_HIGHLAND_TOKEN_1	3
T7_CAPEITEM_FW_MARTLOCK	0	T7_CAPE	1
T7_CAPEITEM_FW_MARTLOCK	0	T7_CAPEITEM_FW_MARTLOCK_BP	1
T7_CAPEITEM_FW_MARTLOCK	0	T1_FACTION_HIGHLAND_TOKEN_1	5
T7_CAPEITEM_FW_MARTLOCK	1	T7_CAPE	1
T7_CAPEITEM_FW_MARTLOCK	1	T7_CAPEITEM_FW_MARTLOCK_BP	1
T7_CAPEITEM_FW_MARTLOCK	1	T1_FACTION_HIGHLAND_TOKEN_1	5
T7_CAPEITEM_FW_MARTLOCK	2	T7_CAPE	1
T7_CAPEITEM_FW_MARTLOCK	2	T7_CAPEITEM_FW_MARTLOCK_BP	1
T7_CAPEITEM_FW_MARTLOCK	2	T1_FACTION_HIGHLAND_TOKEN_1	5
T7_CAPEITEM_FW_MARTLOCK	3	T7_CAPE	1
T7_CAPEITEM_FW_MARTLOCK	3	T7_CAPEITEM_FW_MARTLOCK_BP	1
T7_CAPEITEM_FW_MARTLOCK	3	T1_FACTION_HIGHLAND_TOKEN_1	5
T7_CAPEITEM_FW_MARTLOCK	4	T7_CAPE	1
T7_CAPEITEM_FW_MARTLOCK	4	T7_CAPEITEM_FW_MARTLOCK_BP	1
T7_CAPEITEM_FW_MARTLOCK	4	T1_FACTION_HIGHLAND_TOKEN_1	5
T8_CAPEITEM_FW_MARTLOCK	0	T8_CAPE	1
T8_CAPEITEM_FW_MARTLOCK	0	T8_CAPEITEM_FW_MARTLOCK_BP	1
T8_CAPEITEM_FW_MARTLOCK	0	T1_FACTION_HIGHLAND_TOKEN_1	10
T8_CAPEITEM_FW_MARTLOCK	1	T8_CAPE	1
T8_CAPEITEM_FW_MARTLOCK	1	T8_CAPEITEM_FW_MARTLOCK_BP	1
T8_CAPEITEM_FW_MARTLOCK	1	T1_FACTION_HIGHLAND_TOKEN_1	10
T8_CAPEITEM_FW_MARTLOCK	2	T8_CAPE	1
T8_CAPEITEM_FW_MARTLOCK	2	T8_CAPEITEM_FW_MARTLOCK_BP	1
T8_CAPEITEM_FW_MARTLOCK	2	T1_FACTION_HIGHLAND_TOKEN_1	10
T8_CAPEITEM_FW_MARTLOCK	3	T8_CAPE	1
T8_CAPEITEM_FW_MARTLOCK	3	T8_CAPEITEM_FW_MARTLOCK_BP	1
T8_CAPEITEM_FW_MARTLOCK	3	T1_FACTION_HIGHLAND_TOKEN_1	10
T8_CAPEITEM_FW_MARTLOCK	4	T8_CAPE	1
T8_CAPEITEM_FW_MARTLOCK	4	T8_CAPEITEM_FW_MARTLOCK_BP	1
T8_CAPEITEM_FW_MARTLOCK	4	T1_FACTION_HIGHLAND_TOKEN_1	10
T4_CAPEITEM_FW_THETFORD	0	T4_CAPE	1
T4_CAPEITEM_FW_THETFORD	0	T4_CAPEITEM_FW_THETFORD_BP	1
T4_CAPEITEM_FW_THETFORD	0	T1_FACTION_SWAMP_TOKEN_1	1
T4_CAPEITEM_FW_THETFORD	1	T4_CAPE	1
T4_CAPEITEM_FW_THETFORD	1	T4_CAPEITEM_FW_THETFORD_BP	1
T4_CAPEITEM_FW_THETFORD	1	T1_FACTION_SWAMP_TOKEN_1	1
T4_CAPEITEM_FW_THETFORD	2	T4_CAPE	1
T4_CAPEITEM_FW_THETFORD	2	T4_CAPEITEM_FW_THETFORD_BP	1
T4_CAPEITEM_FW_THETFORD	2	T1_FACTION_SWAMP_TOKEN_1	1
T4_CAPEITEM_FW_THETFORD	3	T4_CAPE	1
T4_CAPEITEM_FW_THETFORD	3	T4_CAPEITEM_FW_THETFORD_BP	1
T4_CAPEITEM_FW_THETFORD	3	T1_FACTION_SWAMP_TOKEN_1	1
T4_CAPEITEM_FW_THETFORD	4	T4_CAPE	1
T4_CAPEITEM_FW_THETFORD	4	T4_CAPEITEM_FW_THETFORD_BP	1
T4_CAPEITEM_FW_THETFORD	4	T1_FACTION_SWAMP_TOKEN_1	1
T5_CAPEITEM_FW_THETFORD	0	T5_CAPE	1
T5_CAPEITEM_FW_THETFORD	0	T5_CAPEITEM_FW_THETFORD_BP	1
T5_CAPEITEM_FW_THETFORD	0	T1_FACTION_SWAMP_TOKEN_1	1
T5_CAPEITEM_FW_THETFORD	1	T5_CAPE	1
T5_CAPEITEM_FW_THETFORD	1	T5_CAPEITEM_FW_THETFORD_BP	1
T5_CAPEITEM_FW_THETFORD	1	T1_FACTION_SWAMP_TOKEN_1	1
T5_CAPEITEM_FW_THETFORD	2	T5_CAPE	1
T5_CAPEITEM_FW_THETFORD	2	T5_CAPEITEM_FW_THETFORD_BP	1
T5_CAPEITEM_FW_THETFORD	2	T1_FACTION_SWAMP_TOKEN_1	1
T5_CAPEITEM_FW_THETFORD	3	T5_CAPE	1
T5_CAPEITEM_FW_THETFORD	3	T5_CAPEITEM_FW_THETFORD_BP	1
T5_CAPEITEM_FW_THETFORD	3	T1_FACTION_SWAMP_TOKEN_1	1
T5_CAPEITEM_FW_THETFORD	4	T5_CAPE	1
T5_CAPEITEM_FW_THETFORD	4	T5_CAPEITEM_FW_THETFORD_BP	1
T5_CAPEITEM_FW_THETFORD	4	T1_FACTION_SWAMP_TOKEN_1	1
T6_CAPEITEM_FW_THETFORD	0	T6_CAPE	1
T6_CAPEITEM_FW_THETFORD	0	T6_CAPEITEM_FW_THETFORD_BP	1
T6_CAPEITEM_FW_THETFORD	0	T1_FACTION_SWAMP_TOKEN_1	3
T6_CAPEITEM_FW_THETFORD	1	T6_CAPE	1
T6_CAPEITEM_FW_THETFORD	1	T6_CAPEITEM_FW_THETFORD_BP	1
T6_CAPEITEM_FW_THETFORD	1	T1_FACTION_SWAMP_TOKEN_1	3
T6_CAPEITEM_FW_THETFORD	2	T6_CAPE	1
T6_CAPEITEM_FW_THETFORD	2	T6_CAPEITEM_FW_THETFORD_BP	1
T6_CAPEITEM_FW_THETFORD	2	T1_FACTION_SWAMP_TOKEN_1	3
T6_CAPEITEM_FW_THETFORD	3	T6_CAPE	1
T6_CAPEITEM_FW_THETFORD	3	T6_CAPEITEM_FW_THETFORD_BP	1
T6_CAPEITEM_FW_THETFORD	3	T1_FACTION_SWAMP_TOKEN_1	3
T6_CAPEITEM_FW_THETFORD	4	T6_CAPE	1
T6_CAPEITEM_FW_THETFORD	4	T6_CAPEITEM_FW_THETFORD_BP	1
T6_CAPEITEM_FW_THETFORD	4	T1_FACTION_SWAMP_TOKEN_1	3
T7_CAPEITEM_FW_THETFORD	0	T7_CAPE	1
T7_CAPEITEM_FW_THETFORD	0	T7_CAPEITEM_FW_THETFORD_BP	1
T7_CAPEITEM_FW_THETFORD	0	T1_FACTION_SWAMP_TOKEN_1	5
T7_CAPEITEM_FW_THETFORD	1	T7_CAPE	1
T7_CAPEITEM_FW_THETFORD	1	T7_CAPEITEM_FW_THETFORD_BP	1
T7_CAPEITEM_FW_THETFORD	1	T1_FACTION_SWAMP_TOKEN_1	5
T7_CAPEITEM_FW_THETFORD	2	T7_CAPE	1
T7_CAPEITEM_FW_THETFORD	2	T7_CAPEITEM_FW_THETFORD_BP	1
T7_CAPEITEM_FW_THETFORD	2	T1_FACTION_SWAMP_TOKEN_1	5
T7_CAPEITEM_FW_THETFORD	3	T7_CAPE	1
T7_CAPEITEM_FW_THETFORD	3	T7_CAPEITEM_FW_THETFORD_BP	1
T7_CAPEITEM_FW_THETFORD	3	T1_FACTION_SWAMP_TOKEN_1	5
T7_CAPEITEM_FW_THETFORD	4	T7_CAPE	1
T7_CAPEITEM_FW_THETFORD	4	T7_CAPEITEM_FW_THETFORD_BP	1
T7_CAPEITEM_FW_THETFORD	4	T1_FACTION_SWAMP_TOKEN_1	5
T8_CAPEITEM_FW_THETFORD	0	T8_CAPE	1
T8_CAPEITEM_FW_THETFORD	0	T8_CAPEITEM_FW_THETFORD_BP	1
T8_CAPEITEM_FW_THETFORD	0	T1_FACTION_SWAMP_TOKEN_1	10
T8_CAPEITEM_FW_THETFORD	1	T8_CAPE	1
T8_CAPEITEM_FW_THETFORD	1	T8_CAPEITEM_FW_THETFORD_BP	1
T8_CAPEITEM_FW_THETFORD	1	T1_FACTION_SWAMP_TOKEN_1	10
T8_CAPEITEM_FW_THETFORD	2	T8_CAPE	1
T8_CAPEITEM_FW_THETFORD	2	T8_CAPEITEM_FW_THETFORD_BP	1
T8_CAPEITEM_FW_THETFORD	2	T1_FACTION_SWAMP_TOKEN_1	10
T8_CAPEITEM_FW_THETFORD	3	T8_CAPE	1
T8_CAPEITEM_FW_THETFORD	3	T8_CAPEITEM_FW_THETFORD_BP	1
T8_CAPEITEM_FW_THETFORD	3	T1_FACTION_SWAMP_TOKEN_1	10
T8_CAPEITEM_FW_THETFORD	4	T8_CAPE	1
T8_CAPEITEM_FW_THETFORD	4	T8_CAPEITEM_FW_THETFORD_BP	1
T8_CAPEITEM_FW_THETFORD	4	T1_FACTION_SWAMP_TOKEN_1	10
T4_CAPEITEM_FW_CAERLEON	0	T4_CAPE	1
T4_CAPEITEM_FW_CAERLEON	0	T4_CAPEITEM_FW_CAERLEON_BP	1
T4_CAPEITEM_FW_CAERLEON	0	T1_FACTION_CAERLEON_TOKEN_1	1
T4_CAPEITEM_FW_CAERLEON	1	T4_CAPE	1
T4_CAPEITEM_FW_CAERLEON	1	T4_CAPEITEM_FW_CAERLEON_BP	1
T4_CAPEITEM_FW_CAERLEON	1	T1_FACTION_CAERLEON_TOKEN_1	1
T4_CAPEITEM_FW_CAERLEON	2	T4_CAPE	1
T4_CAPEITEM_FW_CAERLEON	2	T4_CAPEITEM_FW_CAERLEON_BP	1
T4_CAPEITEM_FW_CAERLEON	2	T1_FACTION_CAERLEON_TOKEN_1	1
T4_CAPEITEM_FW_CAERLEON	3	T4_CAPE	1
T4_CAPEITEM_FW_CAERLEON	3	T4_CAPEITEM_FW_CAERLEON_BP	1
T4_CAPEITEM_FW_CAERLEON	3	T1_FACTION_CAERLEON_TOKEN_1	1
T4_CAPEITEM_FW_CAERLEON	4	T4_CAPE	1
T4_CAPEITEM_FW_CAERLEON	4	T4_CAPEITEM_FW_CAERLEON_BP	1
T4_CAPEITEM_FW_CAERLEON	4	T1_FACTION_CAERLEON_TOKEN_1	1
T5_CAPEITEM_FW_CAERLEON	0	T5_CAPE	1
T5_CAPEITEM_FW_CAERLEON	0	T5_CAPEITEM_FW_CAERLEON_BP	1
T5_CAPEITEM_FW_CAERLEON	0	T1_FACTION_CAERLEON_TOKEN_1	1
T5_CAPEITEM_FW_CAERLEON	1	T5_CAPE	1
T5_CAPEITEM_FW_CAERLEON	1	T5_CAPEITEM_FW_CAERLEON_BP	1
T5_CAPEITEM_FW_CAERLEON	1	T1_FACTION_CAERLEON_TOKEN_1	1
T5_CAPEITEM_FW_CAERLEON	2	T5_CAPE	1
T5_CAPEITEM_FW_CAERLEON	2	T5_CAPEITEM_FW_CAERLEON_BP	1
T5_CAPEITEM_FW_CAERLEON	2	T1_FACTION_CAERLEON_TOKEN_1	1
T5_CAPEITEM_FW_CAERLEON	3	T5_CAPE	1
T5_CAPEITEM_FW_CAERLEON	3	T5_CAPEITEM_FW_CAERLEON_BP	1
T5_CAPEITEM_FW_CAERLEON	3	T1_FACTION_CAERLEON_TOKEN_1	1
T5_CAPEITEM_FW_CAERLEON	4	T5_CAPE	1
T5_CAPEITEM_FW_CAERLEON	4	T5_CAPEITEM_FW_CAERLEON_BP	1
T5_CAPEITEM_FW_CAERLEON	4	T1_FACTION_CAERLEON_TOKEN_1	1
T6_CAPEITEM_FW_CAERLEON	0	T6_CAPE	1
T6_CAPEITEM_FW_CAERLEON	0	T6_CAPEITEM_FW_CAERLEON_BP	1
T6_CAPEITEM_FW_CAERLEON	0	T1_FACTION_CAERLEON_TOKEN_1	3
T6_CAPEITEM_FW_CAERLEON	1	T6_CAPE	1
T6_CAPEITEM_FW_CAERLEON	1	T6_CAPEITEM_FW_CAERLEON_BP	1
T6_CAPEITEM_FW_CAERLEON	1	T1_FACTION_CAERLEON_TOKEN_1	3
T6_CAPEITEM_FW_CAERLEON	2	T6_CAPE	1
T6_CAPEITEM_FW_CAERLEON	2	T6_CAPEITEM_FW_CAERLEON_BP	1
T6_CAPEITEM_FW_CAERLEON	2	T1_FACTION_CAERLEON_TOKEN_1	3
T6_CAPEITEM_FW_CAERLEON	3	T6_CAPE	1
T6_CAPEITEM_FW_CAERLEON	3	T6_CAPEITEM_FW_CAERLEON_BP	1
T6_CAPEITEM_FW_CAERLEON	3	T1_FACTION_CAERLEON_TOKEN_1	3
T6_CAPEITEM_FW_CAERLEON	4	T6_CAPE	1
T6_CAPEITEM_FW_CAERLEON	4	T6_CAPEITEM_FW_CAERLEON_BP	1
T6_CAPEITEM_FW_CAERLEON	4	T1_FACTION_CAERLEON_TOKEN_1	3
T7_CAPEITEM_FW_CAERLEON	0	T7_CAPE	1
T7_CAPEITEM_FW_CAERLEON	0	T7_CAPEITEM_FW_CAERLEON_BP	1
T7_CAPEITEM_FW_CAERLEON	0	T1_FACTION_CAERLEON_TOKEN_1	5
T7_CAPEITEM_FW_CAERLEON	1	T7_CAPE	1
T7_CAPEITEM_FW_CAERLEON	1	T7_CAPEITEM_FW_CAERLEON_BP	1
T7_CAPEITEM_FW_CAERLEON	1	T1_FACTION_CAERLEON_TOKEN_1	5
T7_CAPEITEM_FW_CAERLEON	2	T7_CAPE	1
T7_CAPEITEM_FW_CAERLEON	2	T7_CAPEITEM_FW_CAERLEON_BP	1
T7_CAPEITEM_FW_CAERLEON	2	T1_FACTION_CAERLEON_TOKEN_1	5
T7_CAPEITEM_FW_CAERLEON	3	T7_CAPE	1
T7_CAPEITEM_FW_CAERLEON	3	T7_CAPEITEM_FW_CAERLEON_BP	1
T7_CAPEITEM_FW_CAERLEON	3	T1_FACTION_CAERLEON_TOKEN_1	5
T7_CAPEITEM_FW_CAERLEON	4	T7_CAPE	1
T7_CAPEITEM_FW_CAERLEON	4	T7_CAPEITEM_FW_CAERLEON_BP	1
T7_CAPEITEM_FW_CAERLEON	4	T1_FACTION_CAERLEON_TOKEN_1	5
T8_CAPEITEM_FW_CAERLEON	0	T8_CAPE	1
T8_CAPEITEM_FW_CAERLEON	0	T8_CAPEITEM_FW_CAERLEON_BP	1
T8_CAPEITEM_FW_CAERLEON	0	T1_FACTION_CAERLEON_TOKEN_1	10
T8_CAPEITEM_FW_CAERLEON	1	T8_CAPE	1
T8_CAPEITEM_FW_CAERLEON	1	T8_CAPEITEM_FW_CAERLEON_BP	1
T8_CAPEITEM_FW_CAERLEON	1	T1_FACTION_CAERLEON_TOKEN_1	10
T8_CAPEITEM_FW_CAERLEON	2	T8_CAPE	1
T8_CAPEITEM_FW_CAERLEON	2	T8_CAPEITEM_FW_CAERLEON_BP	1
T8_CAPEITEM_FW_CAERLEON	2	T1_FACTION_CAERLEON_TOKEN_1	10
T8_CAPEITEM_FW_CAERLEON	3	T8_CAPE	1
T8_CAPEITEM_FW_CAERLEON	3	T8_CAPEITEM_FW_CAERLEON_BP	1
T8_CAPEITEM_FW_CAERLEON	3	T1_FACTION_CAERLEON_TOKEN_1	10
T8_CAPEITEM_FW_CAERLEON	4	T8_CAPE	1
T8_CAPEITEM_FW_CAERLEON	4	T8_CAPEITEM_FW_CAERLEON_BP	1
T8_CAPEITEM_FW_CAERLEON	4	T1_FACTION_CAERLEON_TOKEN_1	10
T4_CAPEITEM_FW_BRECILIEN	0	T4_CAPE	1
T4_CAPEITEM_FW_BRECILIEN	0	T4_CAPEITEM_FW_BRECILIEN_BP	1
T4_CAPEITEM_FW_BRECILIEN	0	QUESTITEM_TOKEN_MISTS	1
T4_CAPEITEM_FW_BRECILIEN	1	T4_CAPE	1
T4_CAPEITEM_FW_BRECILIEN	1	T4_CAPEITEM_FW_BRECILIEN_BP	1
T4_CAPEITEM_FW_BRECILIEN	1	QUESTITEM_TOKEN_MISTS	1
T4_CAPEITEM_FW_BRECILIEN	2	T4_CAPE	1
T4_CAPEITEM_FW_BRECILIEN	2	T4_CAPEITEM_FW_BRECILIEN_BP	1
T4_CAPEITEM_FW_BRECILIEN	2	QUESTITEM_TOKEN_MISTS	1
T4_CAPEITEM_FW_BRECILIEN	3	T4_CAPE	1
T4_CAPEITEM_FW_BRECILIEN	3	T4_CAPEITEM_FW_BRECILIEN_BP	1
T4_CAPEITEM_FW_BRECILIEN	3	QUESTITEM_TOKEN_MISTS	1
T4_CAPEITEM_FW_BRECILIEN	4	T4_CAPE	1
T4_CAPEITEM_FW_BRECILIEN	4	T4_CAPEITEM_FW_BRECILIEN_BP	1
T4_CAPEITEM_FW_BRECILIEN	4	QUESTITEM_TOKEN_MISTS	1
T5_CAPEITEM_FW_BRECILIEN	0	T5_CAPE	1
T5_CAPEITEM_FW_BRECILIEN	0	T5_CAPEITEM_FW_BRECILIEN_BP	1
T5_CAPEITEM_FW_BRECILIEN	0	QUESTITEM_TOKEN_MISTS	1
T5_CAPEITEM_FW_BRECILIEN	1	T5_CAPE	1
T5_CAPEITEM_FW_BRECILIEN	1	T5_CAPEITEM_FW_BRECILIEN_BP	1
T5_CAPEITEM_FW_BRECILIEN	1	QUESTITEM_TOKEN_MISTS	1
T5_CAPEITEM_FW_BRECILIEN	2	T5_CAPE	1
T5_CAPEITEM_FW_BRECILIEN	2	T5_CAPEITEM_FW_BRECILIEN_BP	1
T5_CAPEITEM_FW_BRECILIEN	2	QUESTITEM_TOKEN_MISTS	1
T5_CAPEITEM_FW_BRECILIEN	3	T5_CAPE	1
T5_CAPEITEM_FW_BRECILIEN	3	T5_CAPEITEM_FW_BRECILIEN_BP	1
T5_CAPEITEM_FW_BRECILIEN	3	QUESTITEM_TOKEN_MISTS	1
T5_CAPEITEM_FW_BRECILIEN	4	T5_CAPE	1
T5_CAPEITEM_FW_BRECILIEN	4	T5_CAPEITEM_FW_BRECILIEN_BP	1
T5_CAPEITEM_FW_BRECILIEN	4	QUESTITEM_TOKEN_MISTS	1
T6_CAPEITEM_FW_BRECILIEN	0	T6_CAPE	1
T6_CAPEITEM_FW_BRECILIEN	0	T6_CAPEITEM_FW_BRECILIEN_BP	1
T6_CAPEITEM_FW_BRECILIEN	0	QUESTITEM_TOKEN_MISTS	3
T6_CAPEITEM_FW_BRECILIEN	1	T6_CAPE	1
T6_CAPEITEM_FW_BRECILIEN	1	T6_CAPEITEM_FW_BRECILIEN_BP	1
T6_CAPEITEM_FW_BRECILIEN	1	QUESTITEM_TOKEN_MISTS	3
T6_CAPEITEM_FW_BRECILIEN	2	T6_CAPE	1
T6_CAPEITEM_FW_BRECILIEN	2	T6_CAPEITEM_FW_BRECILIEN_BP	1
T6_CAPEITEM_FW_BRECILIEN	2	QUESTITEM_TOKEN_MISTS	3
T6_CAPEITEM_FW_BRECILIEN	3	T6_CAPE	1
T6_CAPEITEM_FW_BRECILIEN	3	T6_CAPEITEM_FW_BRECILIEN_BP	1
T6_CAPEITEM_FW_BRECILIEN	3	QUESTITEM_TOKEN_MISTS	3
T6_CAPEITEM_FW_BRECILIEN	4	T6_CAPE	1
T6_CAPEITEM_FW_BRECILIEN	4	T6_CAPEITEM_FW_BRECILIEN_BP	1
T6_CAPEITEM_FW_BRECILIEN	4	QUESTITEM_TOKEN_MISTS	3
T7_CAPEITEM_FW_BRECILIEN	0	T7_CAPE	1
T7_CAPEITEM_FW_BRECILIEN	0	T7_CAPEITEM_FW_BRECILIEN_BP	1
T7_CAPEITEM_FW_BRECILIEN	0	QUESTITEM_TOKEN_MISTS	5
T7_CAPEITEM_FW_BRECILIEN	1	T7_CAPE	1
T7_CAPEITEM_FW_BRECILIEN	1	T7_CAPEITEM_FW_BRECILIEN_BP	1
T7_CAPEITEM_FW_BRECILIEN	1	QUESTITEM_TOKEN_MISTS	5
T7_CAPEITEM_FW_BRECILIEN	2	T7_CAPE	1
T7_CAPEITEM_FW_BRECILIEN	2	T7_CAPEITEM_FW_BRECILIEN_BP	1
T7_CAPEITEM_FW_BRECILIEN	2	QUESTITEM_TOKEN_MISTS	5
T7_CAPEITEM_FW_BRECILIEN	3	T7_CAPE	1
T7_CAPEITEM_FW_BRECILIEN	3	T7_CAPEITEM_FW_BRECILIEN_BP	1
T7_CAPEITEM_FW_BRECILIEN	3	QUESTITEM_TOKEN_MISTS	5
T7_CAPEITEM_FW_BRECILIEN	4	T7_CAPE	1
T7_CAPEITEM_FW_BRECILIEN	4	T7_CAPEITEM_FW_BRECILIEN_BP	1
T7_CAPEITEM_FW_BRECILIEN	4	QUESTITEM_TOKEN_MISTS	5
T8_CAPEITEM_FW_BRECILIEN	0	T8_CAPE	1
T8_CAPEITEM_FW_BRECILIEN	0	T8_CAPEITEM_FW_BRECILIEN_BP	1
T8_CAPEITEM_FW_BRECILIEN	0	QUESTITEM_TOKEN_MISTS	10
T8_CAPEITEM_FW_BRECILIEN	1	T8_CAPE	1
T8_CAPEITEM_FW_BRECILIEN	1	T8_CAPEITEM_FW_BRECILIEN_BP	1
T8_CAPEITEM_FW_BRECILIEN	1	QUESTITEM_TOKEN_MISTS	10
T8_CAPEITEM_FW_BRECILIEN	2	T8_CAPE	1
T8_CAPEITEM_FW_BRECILIEN	2	T8_CAPEITEM_FW_BRECILIEN_BP	1
T8_CAPEITEM_FW_BRECILIEN	2	QUESTITEM_TOKEN_MISTS	10
T8_CAPEITEM_FW_BRECILIEN	3	T8_CAPE	1
T8_CAPEITEM_FW_BRECILIEN	3	T8_CAPEITEM_FW_BRECILIEN_BP	1
T8_CAPEITEM_FW_BRECILIEN	3	QUESTITEM_TOKEN_MISTS	10
T8_CAPEITEM_FW_BRECILIEN	4	T8_CAPE	1
T8_CAPEITEM_FW_BRECILIEN	4	T8_CAPEITEM_FW_BRECILIEN_BP	1
T8_CAPEITEM_FW_BRECILIEN	4	QUESTITEM_TOKEN_MISTS	10
T4_CAPEITEM_AVALON	0	T4_CAPE	1
T4_CAPEITEM_AVALON	0	T4_CAPEITEM_AVALON_BP	1
T4_CAPEITEM_AVALON	0	QUESTITEM_TOKEN_AVALON	15
T4_CAPEITEM_AVALON	1	T4_CAPE	1
T4_CAPEITEM_AVALON	1	T4_CAPEITEM_AVALON_BP	1
T4_CAPEITEM_AVALON	1	QUESTITEM_TOKEN_AVALON	15
T4_CAPEITEM_AVALON	2	T4_CAPE	1
T4_CAPEITEM_AVALON	2	T4_CAPEITEM_AVALON_BP	1
T4_CAPEITEM_AVALON	2	QUESTITEM_TOKEN_AVALON	15
T4_CAPEITEM_AVALON	3	T4_CAPE	1
T4_CAPEITEM_AVALON	3	T4_CAPEITEM_AVALON_BP	1
T4_CAPEITEM_AVALON	3	QUESTITEM_TOKEN_AVALON	15
T4_CAPEITEM_AVALON	4	T4_CAPE	1
T4_CAPEITEM_AVALON	4	T4_CAPEITEM_AVALON_BP	1
T4_CAPEITEM_AVALON	4	QUESTITEM_TOKEN_AVALON	15
T5_CAPEITEM_AVALON	0	T5_CAPE	1
T5_CAPEITEM_AVALON	0	T5_CAPEITEM_AVALON_BP	1
T5_CAPEITEM_AVALON	0	QUESTITEM_TOKEN_AVALON	15
T5_CAPEITEM_AVALON	1	T5_CAPE	1
T5_CAPEITEM_AVALON	1	T5_CAPEITEM_AVALON_BP	1
T5_CAPEITEM_AVALON	1	QUESTITEM_TOKEN_AVALON	15
T5_CAPEITEM_AVALON	2	T5_CAPE	1
T5_CAPEITEM_AVALON	2	T5_CAPEITEM_AVALON_BP	1
T5_CAPEITEM_AVALON	2	QUESTITEM_TOKEN_AVALON	15
T5_CAPEITEM_AVALON	3	T5_CAPE	1
T5_CAPEITEM_AVALON	3	T5_CAPEITEM_AVALON_BP	1
T5_CAPEITEM_AVALON	3	QUESTITEM_TOKEN_AVALON	15
T5_CAPEITEM_AVALON	4	T5_CAPE	1
T5_CAPEITEM_AVALON	4	T5_CAPEITEM_AVALON_BP	1
T5_CAPEITEM_AVALON	4	QUESTITEM_TOKEN_AVALON	15
T6_CAPEITEM_AVALON	0	T6_CAPE	1
T6_CAPEITEM_AVALON	0	T6_CAPEITEM_AVALON_BP	1
T6_CAPEITEM_AVALON	0	QUESTITEM_TOKEN_AVALON	45
T6_CAPEITEM_AVALON	1	T6_CAPE	1
T6_CAPEITEM_AVALON	1	T6_CAPEITEM_AVALON_BP	1
T6_CAPEITEM_AVALON	1	QUESTITEM_TOKEN_AVALON	45
T6_CAPEITEM_AVALON	2	T6_CAPE	1
T6_CAPEITEM_AVALON	2	T6_CAPEITEM_AVALON_BP	1
T6_CAPEITEM_AVALON	2	QUESTITEM_TOKEN_AVALON	45
T6_CAPEITEM_AVALON	3	T6_CAPE	1
T6_CAPEITEM_AVALON	3	T6_CAPEITEM_AVALON_BP	1
T6_CAPEITEM_AVALON	3	QUESTITEM_TOKEN_AVALON	45
T6_CAPEITEM_AVALON	4	T6_CAPE	1
T6_CAPEITEM_AVALON	4	T6_CAPEITEM_AVALON_BP	1
T6_CAPEITEM_AVALON	4	QUESTITEM_TOKEN_AVALON	45
T7_CAPEITEM_AVALON	0	T7_CAPE	1
T7_CAPEITEM_AVALON	0	T7_CAPEITEM_AVALON_BP	1
T7_CAPEITEM_AVALON	0	QUESTITEM_TOKEN_AVALON	75
T7_CAPEITEM_AVALON	1	T7_CAPE	1
T7_CAPEITEM_AVALON	1	T7_CAPEITEM_AVALON_BP	1
T7_CAPEITEM_AVALON	1	QUESTITEM_TOKEN_AVALON	75
T7_CAPEITEM_AVALON	2	T7_CAPE	1
T7_CAPEITEM_AVALON	2	T7_CAPEITEM_AVALON_BP	1
T7_CAPEITEM_AVALON	2	QUESTITEM_TOKEN_AVALON	75
T7_CAPEITEM_AVALON	3	T7_CAPE	1
T7_CAPEITEM_AVALON	3	T7_CAPEITEM_AVALON_BP	1
T7_CAPEITEM_AVALON	3	QUESTITEM_TOKEN_AVALON	75
T7_CAPEITEM_AVALON	4	T7_CAPE	1
T7_CAPEITEM_AVALON	4	T7_CAPEITEM_AVALON_BP	1
T7_CAPEITEM_AVALON	4	QUESTITEM_TOKEN_AVALON	75
T8_CAPEITEM_AVALON	0	T8_CAPE	1
T8_CAPEITEM_AVALON	0	T8_CAPEITEM_AVALON_BP	1
T8_CAPEITEM_AVALON	0	QUESTITEM_TOKEN_AVALON	150
T8_CAPEITEM_AVALON	1	T8_CAPE	1
T8_CAPEITEM_AVALON	1	T8_CAPEITEM_AVALON_BP	1
T8_CAPEITEM_AVALON	1	QUESTITEM_TOKEN_AVALON	150
T8_CAPEITEM_AVALON	2	T8_CAPE	1
T8_CAPEITEM_AVALON	2	T8_CAPEITEM_AVALON_BP	1
T8_CAPEITEM_AVALON	2	QUESTITEM_TOKEN_AVALON	150
T8_CAPEITEM_AVALON	3	T8_CAPE	1
T8_CAPEITEM_AVALON	3	T8_CAPEITEM_AVALON_BP	1
T8_CAPEITEM_AVALON	3	QUESTITEM_TOKEN_AVALON	150
T8_CAPEITEM_AVALON	4	T8_CAPE	1
T8_CAPEITEM_AVALON	4	T8_CAPEITEM_AVALON_BP	1
T8_CAPEITEM_AVALON	4	QUESTITEM_TOKEN_AVALON	150
T4_CAPEITEM_SMUGGLER	0	T4_CAPE	1
T4_CAPEITEM_SMUGGLER	0	T4_CAPEITEM_SMUGGLER_BP	1
T4_CAPEITEM_SMUGGLER	0	T1_FACTION_CAERLEON_TOKEN_1	1
T4_CAPEITEM_SMUGGLER	1	T4_CAPE	1
T4_CAPEITEM_SMUGGLER	1	T4_CAPEITEM_SMUGGLER_BP	1
T4_CAPEITEM_SMUGGLER	1	T1_FACTION_CAERLEON_TOKEN_1	1
T4_CAPEITEM_SMUGGLER	2	T4_CAPE	1
T4_CAPEITEM_SMUGGLER	2	T4_CAPEITEM_SMUGGLER_BP	1
T4_CAPEITEM_SMUGGLER	2	T1_FACTION_CAERLEON_TOKEN_1	1
T4_CAPEITEM_SMUGGLER	3	T4_CAPE	1
T4_CAPEITEM_SMUGGLER	3	T4_CAPEITEM_SMUGGLER_BP	1
T4_CAPEITEM_SMUGGLER	3	T1_FACTION_CAERLEON_TOKEN_1	1
T4_CAPEITEM_SMUGGLER	4	T4_CAPE	1
T4_CAPEITEM_SMUGGLER	4	T4_CAPEITEM_SMUGGLER_BP	1
T4_CAPEITEM_SMUGGLER	4	T1_FACTION_CAERLEON_TOKEN_1	1
T5_CAPEITEM_SMUGGLER	0	T5_CAPE	1
T5_CAPEITEM_SMUGGLER	0	T5_CAPEITEM_SMUGGLER_BP	1
T5_CAPEITEM_SMUGGLER	0	T1_FACTION_CAERLEON_TOKEN_1	1
T5_CAPEITEM_SMUGGLER	1	T5_CAPE	1
T5_CAPEITEM_SMUGGLER	1	T5_CAPEITEM_SMUGGLER_BP	1
T5_CAPEITEM_SMUGGLER	1	T1_FACTION_CAERLEON_TOKEN_1	1
T5_CAPEITEM_SMUGGLER	2	T5_CAPE	1
T5_CAPEITEM_SMUGGLER	2	T5_CAPEITEM_SMUGGLER_BP	1
T5_CAPEITEM_SMUGGLER	2	T1_FACTION_CAERLEON_TOKEN_1	1
T5_CAPEITEM_SMUGGLER	3	T5_CAPE	1
T5_CAPEITEM_SMUGGLER	3	T5_CAPEITEM_SMUGGLER_BP	1
T5_CAPEITEM_SMUGGLER	3	T1_FACTION_CAERLEON_TOKEN_1	1
T5_CAPEITEM_SMUGGLER	4	T5_CAPE	1
T5_CAPEITEM_SMUGGLER	4	T5_CAPEITEM_SMUGGLER_BP	1
T5_CAPEITEM_SMUGGLER	4	T1_FACTION_CAERLEON_TOKEN_1	1
T6_CAPEITEM_SMUGGLER	0	T6_CAPE	1
T6_CAPEITEM_SMUGGLER	0	T6_CAPEITEM_SMUGGLER_BP	1
T6_CAPEITEM_SMUGGLER	0	T1_FACTION_CAERLEON_TOKEN_1	3
T6_CAPEITEM_SMUGGLER	1	T6_CAPE	1
T6_CAPEITEM_SMUGGLER	1	T6_CAPEITEM_SMUGGLER_BP	1
T6_CAPEITEM_SMUGGLER	1	T1_FACTION_CAERLEON_TOKEN_1	3
T6_CAPEITEM_SMUGGLER	2	T6_CAPE	1
T6_CAPEITEM_SMUGGLER	2	T6_CAPEITEM_SMUGGLER_BP	1
T6_CAPEITEM_SMUGGLER	2	T1_FACTION_CAERLEON_TOKEN_1	3
T6_CAPEITEM_SMUGGLER	3	T6_CAPE	1
T6_CAPEITEM_SMUGGLER	3	T6_CAPEITEM_SMUGGLER_BP	1
T6_CAPEITEM_SMUGGLER	3	T1_FACTION_CAERLEON_TOKEN_1	3
T6_CAPEITEM_SMUGGLER	4	T6_CAPE	1
T6_CAPEITEM_SMUGGLER	4	T6_CAPEITEM_SMUGGLER_BP	1
T6_CAPEITEM_SMUGGLER	4	T1_FACTION_CAERLEON_TOKEN_1	3
T7_CAPEITEM_SMUGGLER	0	T7_CAPE	1
T7_CAPEITEM_SMUGGLER	0	T7_CAPEITEM_SMUGGLER_BP	1
T7_CAPEITEM_SMUGGLER	0	T1_FACTION_CAERLEON_TOKEN_1	5
T7_CAPEITEM_SMUGGLER	1	T7_CAPE	1
T7_CAPEITEM_SMUGGLER	1	T7_CAPEITEM_SMUGGLER_BP	1
T7_CAPEITEM_SMUGGLER	1	T1_FACTION_CAERLEON_TOKEN_1	5
T7_CAPEITEM_SMUGGLER	2	T7_CAPE	1
T7_CAPEITEM_SMUGGLER	2	T7_CAPEITEM_SMUGGLER_BP	1
T7_CAPEITEM_SMUGGLER	2	T1_FACTION_CAERLEON_TOKEN_1	5
T7_CAPEITEM_SMUGGLER	3	T7_CAPE	1
T7_CAPEITEM_SMUGGLER	3	T7_CAPEITEM_SMUGGLER_BP	1
T7_CAPEITEM_SMUGGLER	3	T1_FACTION_CAERLEON_TOKEN_1	5
T7_CAPEITEM_SMUGGLER	4	T7_CAPE	1
T7_CAPEITEM_SMUGGLER	4	T7_CAPEITEM_SMUGGLER_BP	1
T7_CAPEITEM_SMUGGLER	4	T1_FACTION_CAERLEON_TOKEN_1	5
T8_CAPEITEM_SMUGGLER	0	T8_CAPE	1
T8_CAPEITEM_SMUGGLER	0	T8_CAPEITEM_SMUGGLER_BP	1
T8_CAPEITEM_SMUGGLER	0	T1_FACTION_CAERLEON_TOKEN_1	10
T8_CAPEITEM_SMUGGLER	1	T8_CAPE	1
T8_CAPEITEM_SMUGGLER	1	T8_CAPEITEM_SMUGGLER_BP	1
T8_CAPEITEM_SMUGGLER	1	T1_FACTION_CAERLEON_TOKEN_1	10
T8_CAPEITEM_SMUGGLER	2	T8_CAPE	1
T8_CAPEITEM_SMUGGLER	2	T8_CAPEITEM_SMUGGLER_BP	1
T8_CAPEITEM_SMUGGLER	2	T1_FACTION_CAERLEON_TOKEN_1	10
T8_CAPEITEM_SMUGGLER	3	T8_CAPE	1
T8_CAPEITEM_SMUGGLER	3	T8_CAPEITEM_SMUGGLER_BP	1
T8_CAPEITEM_SMUGGLER	3	T1_FACTION_CAERLEON_TOKEN_1	10
T8_CAPEITEM_SMUGGLER	4	T8_CAPE	1
T8_CAPEITEM_SMUGGLER	4	T8_CAPEITEM_SMUGGLER_BP	1
T8_CAPEITEM_SMUGGLER	4	T1_FACTION_CAERLEON_TOKEN_1	10
T4_CAPEITEM_HERETIC	0	T4_CAPE	1
T4_CAPEITEM_HERETIC	0	T4_CAPEITEM_HERETIC_BP	1
T4_CAPEITEM_HERETIC	0	T1_FACTION_FOREST_TOKEN_1	1
T4_CAPEITEM_HERETIC	1	T4_CAPE	1
T4_CAPEITEM_HERETIC	1	T4_CAPEITEM_HERETIC_BP	1
T4_CAPEITEM_HERETIC	1	T1_FACTION_FOREST_TOKEN_1	1
T4_CAPEITEM_HERETIC	2	T4_CAPE	1
T4_CAPEITEM_HERETIC	2	T4_CAPEITEM_HERETIC_BP	1
T4_CAPEITEM_HERETIC	2	T1_FACTION_FOREST_TOKEN_1	1
T4_CAPEITEM_HERETIC	3	T4_CAPE	1
T4_CAPEITEM_HERETIC	3	T4_CAPEITEM_HERETIC_BP	1
T4_CAPEITEM_HERETIC	3	T1_FACTION_FOREST_TOKEN_1	1
T4_CAPEITEM_HERETIC	4	T4_CAPE	1
T4_CAPEITEM_HERETIC	4	T4_CAPEITEM_HERETIC_BP	1
T4_CAPEITEM_HERETIC	4	T1_FACTION_FOREST_TOKEN_1	1
T5_CAPEITEM_HERETIC	0	T5_CAPE	1
T5_CAPEITEM_HERETIC	0	T5_CAPEITEM_HERETIC_BP	1
T5_CAPEITEM_HERETIC	0	T1_FACTION_FOREST_TOKEN_1	1
T5_CAPEITEM_HERETIC	1	T5_CAPE	1
T5_CAPEITEM_HERETIC	1	T5_CAPEITEM_HERETIC_BP	1
T5_CAPEITEM_HERETIC	1	T1_FACTION_FOREST_TOKEN_1	1
T5_CAPEITEM_HERETIC	2	T5_CAPE	1
T5_CAPEITEM_HERETIC	2	T5_CAPEITEM_HERETIC_BP	1
T5_CAPEITEM_HERETIC	2	T1_FACTION_FOREST_TOKEN_1	1
T5_CAPEITEM_HERETIC	3	T5_CAPE	1
T5_CAPEITEM_HERETIC	3	T5_CAPEITEM_HERETIC_BP	1
T5_CAPEITEM_HERETIC	3	T1_FACTION_FOREST_TOKEN_1	1
T5_CAPEITEM_HERETIC	4	T5_CAPE	1
T5_CAPEITEM_HERETIC	4	T5_CAPEITEM_HERETIC_BP	1
T5_CAPEITEM_HERETIC	4	T1_FACTION_FOREST_TOKEN_1	1
T6_CAPEITEM_HERETIC	0	T6_CAPE	1
T6_CAPEITEM_HERETIC	0	T6_CAPEITEM_HERETIC_BP	1
T6_CAPEITEM_HERETIC	0	T1_FACTION_FOREST_TOKEN_1	3
T6_CAPEITEM_HERETIC	1	T6_CAPE	1
T6_CAPEITEM_HERETIC	1	T6_CAPEITEM_HERETIC_BP	1
T6_CAPEITEM_HERETIC	1	T1_FACTION_FOREST_TOKEN_1	3
T6_CAPEITEM_HERETIC	2	T6_CAPE	1
T6_CAPEITEM_HERETIC	2	T6_CAPEITEM_HERETIC_BP	1
T6_CAPEITEM_HERETIC	2	T1_FACTION_FOREST_TOKEN_1	3
T6_CAPEITEM_HERETIC	3	T6_CAPE	1
T6_CAPEITEM_HERETIC	3	T6_CAPEITEM_HERETIC_BP	1
T6_CAPEITEM_HERETIC	3	T1_FACTION_FOREST_TOKEN_1	3
T6_CAPEITEM_HERETIC	4	T6_CAPE	1
T6_CAPEITEM_HERETIC	4	T6_CAPEITEM_HERETIC_BP	1
T6_CAPEITEM_HERETIC	4	T1_FACTION_FOREST_TOKEN_1	3
T7_CAPEITEM_HERETIC	0	T7_CAPE	1
T7_CAPEITEM_HERETIC	0	T7_CAPEITEM_HERETIC_BP	1
T7_CAPEITEM_HERETIC	0	T1_FACTION_FOREST_TOKEN_1	5
T7_CAPEITEM_HERETIC	1	T7_CAPE	1
T7_CAPEITEM_HERETIC	1	T7_CAPEITEM_HERETIC_BP	1
T7_CAPEITEM_HERETIC	1	T1_FACTION_FOREST_TOKEN_1	5
T7_CAPEITEM_HERETIC	2	T7_CAPE	1
T7_CAPEITEM_HERETIC	2	T7_CAPEITEM_HERETIC_BP	1
T7_CAPEITEM_HERETIC	2	T1_FACTION_FOREST_TOKEN_1	5
T7_CAPEITEM_HERETIC	3	T7_CAPE	1
T7_CAPEITEM_HERETIC	3	T7_CAPEITEM_HERETIC_BP	1
T7_CAPEITEM_HERETIC	3	T1_FACTION_FOREST_TOKEN_1	5
T7_CAPEITEM_HERETIC	4	T7_CAPE	1
T7_CAPEITEM_HERETIC	4	T7_CAPEITEM_HERETIC_BP	1
T7_CAPEITEM_HERETIC	4	T1_FACTION_FOREST_TOKEN_1	5
T8_CAPEITEM_HERETIC	0	T8_CAPE	1
T8_CAPEITEM_HERETIC	0	T8_CAPEITEM_HERETIC_BP	1
T8_CAPEITEM_HERETIC	0	T1_FACTION_FOREST_TOKEN_1	10
T8_CAPEITEM_HERETIC	1	T8_CAPE	1
T8_CAPEITEM_HERETIC	1	T8_CAPEITEM_HERETIC_BP	1
T8_CAPEITEM_HERETIC	1	T1_FACTION_FOREST_TOKEN_1	10
T8_CAPEITEM_HERETIC	2	T8_CAPE	1
T8_CAPEITEM_HERETIC	2	T8_CAPEITEM_HERETIC_BP	1
T8_CAPEITEM_HERETIC	2	T1_FACTION_FOREST_TOKEN_1	10
T8_CAPEITEM_HERETIC	3	T8_CAPE	1
T8_CAPEITEM_HERETIC	3	T8_CAPEITEM_HERETIC_BP	1
T8_CAPEITEM_HERETIC	3	T1_FACTION_FOREST_TOKEN_1	10
T8_CAPEITEM_HERETIC	4	T8_CAPE	1
T8_CAPEITEM_HERETIC	4	T8_CAPEITEM_HERETIC_BP	1
T8_CAPEITEM_HERETIC	4	T1_FACTION_FOREST_TOKEN_1	10
T4_CAPEITEM_UNDEAD	0	T4_CAPE	1
T4_CAPEITEM_UNDEAD	0	T4_CAPEITEM_UNDEAD_BP	1
T4_CAPEITEM_UNDEAD	0	T1_FACTION_MOUNTAIN_TOKEN_1	1
T4_CAPEITEM_UNDEAD	1	T4_CAPE	1
T4_CAPEITEM_UNDEAD	1	T4_CAPEITEM_UNDEAD_BP	1
T4_CAPEITEM_UNDEAD	1	T1_FACTION_MOUNTAIN_TOKEN_1	1
T4_CAPEITEM_UNDEAD	2	T4_CAPE	1
T4_CAPEITEM_UNDEAD	2	T4_CAPEITEM_UNDEAD_BP	1
T4_CAPEITEM_UNDEAD	2	T1_FACTION_MOUNTAIN_TOKEN_1	1
T4_CAPEITEM_UNDEAD	3	T4_CAPE	1
T4_CAPEITEM_UNDEAD	3	T4_CAPEITEM_UNDEAD_BP	1
T4_CAPEITEM_UNDEAD	3	T1_FACTION_MOUNTAIN_TOKEN_1	1
T4_CAPEITEM_UNDEAD	4	T4_CAPE	1
T4_CAPEITEM_UNDEAD	4	T4_CAPEITEM_UNDEAD_BP	1
T4_CAPEITEM_UNDEAD	4	T1_FACTION_MOUNTAIN_TOKEN_1	1
T5_CAPEITEM_UNDEAD	0	T5_CAPE	1
T5_CAPEITEM_UNDEAD	0	T5_CAPEITEM_UNDEAD_BP	1
T5_CAPEITEM_UNDEAD	0	T1_FACTION_MOUNTAIN_TOKEN_1	1
T5_CAPEITEM_UNDEAD	1	T5_CAPE	1
T5_CAPEITEM_UNDEAD	1	T5_CAPEITEM_UNDEAD_BP	1
T5_CAPEITEM_UNDEAD	1	T1_FACTION_MOUNTAIN_TOKEN_1	1
T5_CAPEITEM_UNDEAD	2	T5_CAPE	1
T5_CAPEITEM_UNDEAD	2	T5_CAPEITEM_UNDEAD_BP	1
T5_CAPEITEM_UNDEAD	2	T1_FACTION_MOUNTAIN_TOKEN_1	1
T5_CAPEITEM_UNDEAD	3	T5_CAPE	1
T5_CAPEITEM_UNDEAD	3	T5_CAPEITEM_UNDEAD_BP	1
T5_CAPEITEM_UNDEAD	3	T1_FACTION_MOUNTAIN_TOKEN_1	1
T5_CAPEITEM_UNDEAD	4	T5_CAPE	1
T5_CAPEITEM_UNDEAD	4	T5_CAPEITEM_UNDEAD_BP	1
T5_CAPEITEM_UNDEAD	4	T1_FACTION_MOUNTAIN_TOKEN_1	1
T6_CAPEITEM_UNDEAD	0	T6_CAPE	1
T6_CAPEITEM_UNDEAD	0	T6_CAPEITEM_UNDEAD_BP	1
T6_CAPEITEM_UNDEAD	0	T1_FACTION_MOUNTAIN_TOKEN_1	3
T6_CAPEITEM_UNDEAD	1	T6_CAPE	1
T6_CAPEITEM_UNDEAD	1	T6_CAPEITEM_UNDEAD_BP	1
T6_CAPEITEM_UNDEAD	1	T1_FACTION_MOUNTAIN_TOKEN_1	3
T6_CAPEITEM_UNDEAD	2	T6_CAPE	1
T6_CAPEITEM_UNDEAD	2	T6_CAPEITEM_UNDEAD_BP	1
T6_CAPEITEM_UNDEAD	2	T1_FACTION_MOUNTAIN_TOKEN_1	3
T6_CAPEITEM_UNDEAD	3	T6_CAPE	1
T6_CAPEITEM_UNDEAD	3	T6_CAPEITEM_UNDEAD_BP	1
T6_CAPEITEM_UNDEAD	3	T1_FACTION_MOUNTAIN_TOKEN_1	3
T6_CAPEITEM_UNDEAD	4	T6_CAPE	1
T6_CAPEITEM_UNDEAD	4	T6_CAPEITEM_UNDEAD_BP	1
T6_CAPEITEM_UNDEAD	4	T1_FACTION_MOUNTAIN_TOKEN_1	3
T7_CAPEITEM_UNDEAD	0	T7_CAPE	1
T7_CAPEITEM_UNDEAD	0	T7_CAPEITEM_UNDEAD_BP	1
T7_CAPEITEM_UNDEAD	0	T1_FACTION_MOUNTAIN_TOKEN_1	5
T7_CAPEITEM_UNDEAD	1	T7_CAPE	1
T7_CAPEITEM_UNDEAD	1	T7_CAPEITEM_UNDEAD_BP	1
T7_CAPEITEM_UNDEAD	1	T1_FACTION_MOUNTAIN_TOKEN_1	5
T7_CAPEITEM_UNDEAD	2	T7_CAPE	1
T7_CAPEITEM_UNDEAD	2	T7_CAPEITEM_UNDEAD_BP	1
T7_CAPEITEM_UNDEAD	2	T1_FACTION_MOUNTAIN_TOKEN_1	5
T7_CAPEITEM_UNDEAD	3	T7_CAPE	1
T7_CAPEITEM_UNDEAD	3	T7_CAPEITEM_UNDEAD_BP	1
T7_CAPEITEM_UNDEAD	3	T1_FACTION_MOUNTAIN_TOKEN_1	5
T7_CAPEITEM_UNDEAD	4	T7_CAPE	1
T7_CAPEITEM_UNDEAD	4	T7_CAPEITEM_UNDEAD_BP	1
T7_CAPEITEM_UNDEAD	4	T1_FACTION_MOUNTAIN_TOKEN_1	5
T8_CAPEITEM_UNDEAD	0	T8_CAPE	1
T8_CAPEITEM_UNDEAD	0	T8_CAPEITEM_UNDEAD_BP	1
T8_CAPEITEM_UNDEAD	0	T1_FACTION_MOUNTAIN_TOKEN_1	10
T8_CAPEITEM_UNDEAD	1	T8_CAPE	1
T8_CAPEITEM_UNDEAD	1	T8_CAPEITEM_UNDEAD_BP	1
T8_CAPEITEM_UNDEAD	1	T1_FACTION_MOUNTAIN_TOKEN_1	10
T8_CAPEITEM_UNDEAD	2	T8_CAPE	1
T8_CAPEITEM_UNDEAD	2	T8_CAPEITEM_UNDEAD_BP	1
T8_CAPEITEM_UNDEAD	2	T1_FACTION_MOUNTAIN_TOKEN_1	10
T8_CAPEITEM_UNDEAD	3	T8_CAPE	1
T8_CAPEITEM_UNDEAD	3	T8_CAPEITEM_UNDEAD_BP	1
T8_CAPEITEM_UNDEAD	3	T1_FACTION_MOUNTAIN_TOKEN_1	10
T8_CAPEITEM_UNDEAD	4	T8_CAPE	1
T8_CAPEITEM_UNDEAD	4	T8_CAPEITEM_UNDEAD_BP	1
T8_CAPEITEM_UNDEAD	4	T1_FACTION_MOUNTAIN_TOKEN_1	10
T4_CAPEITEM_KEEPER	0	T4_CAPE	1
T4_CAPEITEM_KEEPER	0	T4_CAPEITEM_KEEPER_BP	1
T4_CAPEITEM_KEEPER	0	T1_FACTION_HIGHLAND_TOKEN_1	1
T4_CAPEITEM_KEEPER	1	T4_CAPE	1
T4_CAPEITEM_KEEPER	1	T4_CAPEITEM_KEEPER_BP	1
T4_CAPEITEM_KEEPER	1	T1_FACTION_HIGHLAND_TOKEN_1	1
T4_CAPEITEM_KEEPER	2	T4_CAPE	1
T4_CAPEITEM_KEEPER	2	T4_CAPEITEM_KEEPER_BP	1
T4_CAPEITEM_KEEPER	2	T1_FACTION_HIGHLAND_TOKEN_1	1
T4_CAPEITEM_KEEPER	3	T4_CAPE	1
T4_CAPEITEM_KEEPER	3	T4_CAPEITEM_KEEPER_BP	1
T4_CAPEITEM_KEEPER	3	T1_FACTION_HIGHLAND_TOKEN_1	1
T4_CAPEITEM_KEEPER	4	T4_CAPE	1
T4_CAPEITEM_KEEPER	4	T4_CAPEITEM_KEEPER_BP	1
T4_CAPEITEM_KEEPER	4	T1_FACTION_HIGHLAND_TOKEN_1	1
T5_CAPEITEM_KEEPER	0	T5_CAPE	1
T5_CAPEITEM_KEEPER	0	T5_CAPEITEM_KEEPER_BP	1
T5_CAPEITEM_KEEPER	0	T1_FACTION_HIGHLAND_TOKEN_1	1
T5_CAPEITEM_KEEPER	1	T5_CAPE	1
T5_CAPEITEM_KEEPER	1	T5_CAPEITEM_KEEPER_BP	1
T5_CAPEITEM_KEEPER	1	T1_FACTION_HIGHLAND_TOKEN_1	1
T5_CAPEITEM_KEEPER	2	T5_CAPE	1
T5_CAPEITEM_KEEPER	2	T5_CAPEITEM_KEEPER_BP	1
T5_CAPEITEM_KEEPER	2	T1_FACTION_HIGHLAND_TOKEN_1	1
T5_CAPEITEM_KEEPER	3	T5_CAPE	1
T5_CAPEITEM_KEEPER	3	T5_CAPEITEM_KEEPER_BP	1
T5_CAPEITEM_KEEPER	3	T1_FACTION_HIGHLAND_TOKEN_1	1
T5_CAPEITEM_KEEPER	4	T5_CAPE	1
T5_CAPEITEM_KEEPER	4	T5_CAPEITEM_KEEPER_BP	1
T5_CAPEITEM_KEEPER	4	T1_FACTION_HIGHLAND_TOKEN_1	1
T6_CAPEITEM_KEEPER	0	T6_CAPE	1
T6_CAPEITEM_KEEPER	0	T6_CAPEITEM_KEEPER_BP	1
T6_CAPEITEM_KEEPER	0	T1_FACTION_HIGHLAND_TOKEN_1	3
T6_CAPEITEM_KEEPER	1	T6_CAPE	1
T6_CAPEITEM_KEEPER	1	T6_CAPEITEM_KEEPER_BP	1
T6_CAPEITEM_KEEPER	1	T1_FACTION_HIGHLAND_TOKEN_1	3
T6_CAPEITEM_KEEPER	2	T6_CAPE	1
T6_CAPEITEM_KEEPER	2	T6_CAPEITEM_KEEPER_BP	1
T6_CAPEITEM_KEEPER	2	T1_FACTION_HIGHLAND_TOKEN_1	3
T6_CAPEITEM_KEEPER	3	T6_CAPE	1
T6_CAPEITEM_KEEPER	3	T6_CAPEITEM_KEEPER_BP	1
T6_CAPEITEM_KEEPER	3	T1_FACTION_HIGHLAND_TOKEN_1	3
T6_CAPEITEM_KEEPER	4	T6_CAPE	1
T6_CAPEITEM_KEEPER	4	T6_CAPEITEM_KEEPER_BP	1
T6_CAPEITEM_KEEPER	4	T1_FACTION_HIGHLAND_TOKEN_1	3
T7_CAPEITEM_KEEPER	0	T7_CAPE	1
T7_CAPEITEM_KEEPER	0	T7_CAPEITEM_KEEPER_BP	1
T7_CAPEITEM_KEEPER	0	T1_FACTION_HIGHLAND_TOKEN_1	5
T7_CAPEITEM_KEEPER	1	T7_CAPE	1
T7_CAPEITEM_KEEPER	1	T7_CAPEITEM_KEEPER_BP	1
T7_CAPEITEM_KEEPER	1	T1_FACTION_HIGHLAND_TOKEN_1	5
T7_CAPEITEM_KEEPER	2	T7_CAPE	1
T7_CAPEITEM_KEEPER	2	T7_CAPEITEM_KEEPER_BP	1
T7_CAPEITEM_KEEPER	2	T1_FACTION_HIGHLAND_TOKEN_1	5
T7_CAPEITEM_KEEPER	3	T7_CAPE	1
T7_CAPEITEM_KEEPER	3	T7_CAPEITEM_KEEPER_BP	1
T7_CAPEITEM_KEEPER	3	T1_FACTION_HIGHLAND_TOKEN_1	5
T7_CAPEITEM_KEEPER	4	T7_CAPE	1
T7_CAPEITEM_KEEPER	4	T7_CAPEITEM_KEEPER_BP	1
T7_CAPEITEM_KEEPER	4	T1_FACTION_HIGHLAND_TOKEN_1	5
T8_CAPEITEM_KEEPER	0	T8_CAPE	1
T8_CAPEITEM_KEEPER	0	T8_CAPEITEM_KEEPER_BP	1
T8_CAPEITEM_KEEPER	0	T1_FACTION_HIGHLAND_TOKEN_1	10
T8_CAPEITEM_KEEPER	1	T8_CAPE	1
T8_CAPEITEM_KEEPER	1	T8_CAPEITEM_KEEPER_BP	1
T8_CAPEITEM_KEEPER	1	T1_FACTION_HIGHLAND_TOKEN_1	10
T8_CAPEITEM_KEEPER	2	T8_CAPE	1
T8_CAPEITEM_KEEPER	2	T8_CAPEITEM_KEEPER_BP	1
T8_CAPEITEM_KEEPER	2	T1_FACTION_HIGHLAND_TOKEN_1	10
T8_CAPEITEM_KEEPER	3	T8_CAPE	1
T8_CAPEITEM_KEEPER	3	T8_CAPEITEM_KEEPER_BP	1
T8_CAPEITEM_KEEPER	3	T1_FACTION_HIGHLAND_TOKEN_1	10
T8_CAPEITEM_KEEPER	4	T8_CAPE	1
T8_CAPEITEM_KEEPER	4	T8_CAPEITEM_KEEPER_BP	1
T8_CAPEITEM_KEEPER	4	T1_FACTION_HIGHLAND_TOKEN_1	10
T4_CAPEITEM_MORGANA	0	T4_CAPE	1
T4_CAPEITEM_MORGANA	0	T4_CAPEITEM_MORGANA_BP	1
T4_CAPEITEM_MORGANA	0	T1_FACTION_SWAMP_TOKEN_1	1
T4_CAPEITEM_MORGANA	1	T4_CAPE	1
T4_CAPEITEM_MORGANA	1	T4_CAPEITEM_MORGANA_BP	1
T4_CAPEITEM_MORGANA	1	T1_FACTION_SWAMP_TOKEN_1	1
T4_CAPEITEM_MORGANA	2	T4_CAPE	1
T4_CAPEITEM_MORGANA	2	T4_CAPEITEM_MORGANA_BP	1
T4_CAPEITEM_MORGANA	2	T1_FACTION_SWAMP_TOKEN_1	1
T4_CAPEITEM_MORGANA	3	T4_CAPE	1
T4_CAPEITEM_MORGANA	3	T4_CAPEITEM_MORGANA_BP	1
T4_CAPEITEM_MORGANA	3	T1_FACTION_SWAMP_TOKEN_1	1
T4_CAPEITEM_MORGANA	4	T4_CAPE	1
T4_CAPEITEM_MORGANA	4	T4_CAPEITEM_MORGANA_BP	1
T4_CAPEITEM_MORGANA	4	T1_FACTION_SWAMP_TOKEN_1	1
T5_CAPEITEM_MORGANA	0	T5_CAPE	1
T5_CAPEITEM_MORGANA	0	T5_CAPEITEM_MORGANA_BP	1
T5_CAPEITEM_MORGANA	0	T1_FACTION_SWAMP_TOKEN_1	1
T5_CAPEITEM_MORGANA	1	T5_CAPE	1
T5_CAPEITEM_MORGANA	1	T5_CAPEITEM_MORGANA_BP	1
T5_CAPEITEM_MORGANA	1	T1_FACTION_SWAMP_TOKEN_1	1
T5_CAPEITEM_MORGANA	2	T5_CAPE	1
T5_CAPEITEM_MORGANA	2	T5_CAPEITEM_MORGANA_BP	1
T5_CAPEITEM_MORGANA	2	T1_FACTION_SWAMP_TOKEN_1	1
T5_CAPEITEM_MORGANA	3	T5_CAPE	1
T5_CAPEITEM_MORGANA	3	T5_CAPEITEM_MORGANA_BP	1
T5_CAPEITEM_MORGANA	3	T1_FACTION_SWAMP_TOKEN_1	1
T5_CAPEITEM_MORGANA	4	T5_CAPE	1
T5_CAPEITEM_MORGANA	4	T5_CAPEITEM_MORGANA_BP	1
T5_CAPEITEM_MORGANA	4	T1_FACTION_SWAMP_TOKEN_1	1
T6_CAPEITEM_MORGANA	0	T6_CAPE	1
T6_CAPEITEM_MORGANA	0	T6_CAPEITEM_MORGANA_BP	1
T6_CAPEITEM_MORGANA	0	T1_FACTION_SWAMP_TOKEN_1	3
T6_CAPEITEM_MORGANA	1	T6_CAPE	1
T6_CAPEITEM_MORGANA	1	T6_CAPEITEM_MORGANA_BP	1
T6_CAPEITEM_MORGANA	1	T1_FACTION_SWAMP_TOKEN_1	3
T6_CAPEITEM_MORGANA	2	T6_CAPE	1
T6_CAPEITEM_MORGANA	2	T6_CAPEITEM_MORGANA_BP	1
T6_CAPEITEM_MORGANA	2	T1_FACTION_SWAMP_TOKEN_1	3
T6_CAPEITEM_MORGANA	3	T6_CAPE	1
T6_CAPEITEM_MORGANA	3	T6_CAPEITEM_MORGANA_BP	1
T6_CAPEITEM_MORGANA	3	T1_FACTION_SWAMP_TOKEN_1	3
T6_CAPEITEM_MORGANA	4	T6_CAPE	1
T6_CAPEITEM_MORGANA	4	T6_CAPEITEM_MORGANA_BP	1
T6_CAPEITEM_MORGANA	4	T1_FACTION_SWAMP_TOKEN_1	3
T7_CAPEITEM_MORGANA	0	T7_CAPE	1
T7_CAPEITEM_MORGANA	0	T7_CAPEITEM_MORGANA_BP	1
T7_CAPEITEM_MORGANA	0	T1_FACTION_SWAMP_TOKEN_1	5
T7_CAPEITEM_MORGANA	1	T7_CAPE	1
T7_CAPEITEM_MORGANA	1	T7_CAPEITEM_MORGANA_BP	1
T7_CAPEITEM_MORGANA	1	T1_FACTION_SWAMP_TOKEN_1	5
T7_CAPEITEM_MORGANA	2	T7_CAPE	1
T7_CAPEITEM_MORGANA	2	T7_CAPEITEM_MORGANA_BP	1
T7_CAPEITEM_MORGANA	2	T1_FACTION_SWAMP_TOKEN_1	5
T7_CAPEITEM_MORGANA	3	T7_CAPE	1
T7_CAPEITEM_MORGANA	3	T7_CAPEITEM_MORGANA_BP	1
T7_CAPEITEM_MORGANA	3	T1_FACTION_SWAMP_TOKEN_1	5
T7_CAPEITEM_MORGANA	4	T7_CAPE	1
T7_CAPEITEM_MORGANA	4	T7_CAPEITEM_MORGANA_BP	1
T7_CAPEITEM_MORGANA	4	T1_FACTION_SWAMP_TOKEN_1	5
T8_CAPEITEM_MORGANA	0	T8_CAPE	1
T8_CAPEITEM_MORGANA	0	T8_CAPEITEM_MORGANA_BP	1
T8_CAPEITEM_MORGANA	0	T1_FACTION_SWAMP_TOKEN_1	10
T8_CAPEITEM_MORGANA	1	T8_CAPE	1
T8_CAPEITEM_MORGANA	1	T8_CAPEITEM_MORGANA_BP	1
T8_CAPEITEM_MORGANA	1	T1_FACTION_SWAMP_TOKEN_1	10
T8_CAPEITEM_MORGANA	2	T8_CAPE	1
T8_CAPEITEM_MORGANA	2	T8_CAPEITEM_MORGANA_BP	1
T8_CAPEITEM_MORGANA	2	T1_FACTION_SWAMP_TOKEN_1	10
T8_CAPEITEM_MORGANA	3	T8_CAPE	1
T8_CAPEITEM_MORGANA	3	T8_CAPEITEM_MORGANA_BP	1
T8_CAPEITEM_MORGANA	3	T1_FACTION_SWAMP_TOKEN_1	10
T8_CAPEITEM_MORGANA	4	T8_CAPE	1
T8_CAPEITEM_MORGANA	4	T8_CAPEITEM_MORGANA_BP	1
T8_CAPEITEM_MORGANA	4	T1_FACTION_SWAMP_TOKEN_1	10
T4_CAPEITEM_DEMON	0	T4_CAPE	1
T4_CAPEITEM_DEMON	0	T4_CAPEITEM_DEMON_BP	1
T4_CAPEITEM_DEMON	0	T1_FACTION_STEPPE_TOKEN_1	1
T4_CAPEITEM_DEMON	1	T4_CAPE	1
T4_CAPEITEM_DEMON	1	T4_CAPEITEM_DEMON_BP	1
T4_CAPEITEM_DEMON	1	T1_FACTION_STEPPE_TOKEN_1	1
T4_CAPEITEM_DEMON	2	T4_CAPE	1
T4_CAPEITEM_DEMON	2	T4_CAPEITEM_DEMON_BP	1
T4_CAPEITEM_DEMON	2	T1_FACTION_STEPPE_TOKEN_1	1
T4_CAPEITEM_DEMON	3	T4_CAPE	1
T4_CAPEITEM_DEMON	3	T4_CAPEITEM_DEMON_BP	1
T4_CAPEITEM_DEMON	3	T1_FACTION_STEPPE_TOKEN_1	1
T4_CAPEITEM_DEMON	4	T4_CAPE	1
T4_CAPEITEM_DEMON	4	T4_CAPEITEM_DEMON_BP	1
T4_CAPEITEM_DEMON	4	T1_FACTION_STEPPE_TOKEN_1	1
T5_CAPEITEM_DEMON	0	T5_CAPE	1
T5_CAPEITEM_DEMON	0	T5_CAPEITEM_DEMON_BP	1
T5_CAPEITEM_DEMON	0	T1_FACTION_STEPPE_TOKEN_1	1
T5_CAPEITEM_DEMON	1	T5_CAPE	1
T5_CAPEITEM_DEMON	1	T5_CAPEITEM_DEMON_BP	1
T5_CAPEITEM_DEMON	1	T1_FACTION_STEPPE_TOKEN_1	1
T5_CAPEITEM_DEMON	2	T5_CAPE	1
T5_CAPEITEM_DEMON	2	T5_CAPEITEM_DEMON_BP	1
T5_CAPEITEM_DEMON	2	T1_FACTION_STEPPE_TOKEN_1	1
T5_CAPEITEM_DEMON	3	T5_CAPE	1
T5_CAPEITEM_DEMON	3	T5_CAPEITEM_DEMON_BP	1
T5_CAPEITEM_DEMON	3	T1_FACTION_STEPPE_TOKEN_1	1
T5_CAPEITEM_DEMON	4	T5_CAPE	1
T5_CAPEITEM_DEMON	4	T5_CAPEITEM_DEMON_BP	1
T5_CAPEITEM_DEMON	4	T1_FACTION_STEPPE_TOKEN_1	1
T6_CAPEITEM_DEMON	0	T6_CAPE	1
T6_CAPEITEM_DEMON	0	T6_CAPEITEM_DEMON_BP	1
T6_CAPEITEM_DEMON	0	T1_FACTION_STEPPE_TOKEN_1	3
T6_CAPEITEM_DEMON	1	T6_CAPE	1
T6_CAPEITEM_DEMON	1	T6_CAPEITEM_DEMON_BP	1
T6_CAPEITEM_DEMON	1	T1_FACTION_STEPPE_TOKEN_1	3
T6_CAPEITEM_DEMON	2	T6_CAPE	1
T6_CAPEITEM_DEMON	2	T6_CAPEITEM_DEMON_BP	1
T6_CAPEITEM_DEMON	2	T1_FACTION_STEPPE_TOKEN_1	3
T6_CAPEITEM_DEMON	3	T6_CAPE	1
T6_CAPEITEM_DEMON	3	T6_CAPEITEM_DEMON_BP	1
T6_CAPEITEM_DEMON	3	T1_FACTION_STEPPE_TOKEN_1	3
T6_CAPEITEM_DEMON	4	T6_CAPE	1
T6_CAPEITEM_DEMON	4	T6_CAPEITEM_DEMON_BP	1
T6_CAPEITEM_DEMON	4	T1_FACTION_STEPPE_TOKEN_1	3
T7_CAPEITEM_DEMON	0	T7_CAPE	1
T7_CAPEITEM_DEMON	0	T7_CAPEITEM_DEMON_BP	1
T7_CAPEITEM_DEMON	0	T1_FACTION_STEPPE_TOKEN_1	5
T7_CAPEITEM_DEMON	1	T7_CAPE	1
T7_CAPEITEM_DEMON	1	T7_CAPEITEM_DEMON_BP	1
T7_CAPEITEM_DEMON	1	T1_FACTION_STEPPE_TOKEN_1	5
T7_CAPEITEM_DEMON	2	T7_CAPE	1
T7_CAPEITEM_DEMON	2	T7_CAPEITEM_DEMON_BP	1
T7_CAPEITEM_DEMON	2	T1_FACTION_STEPPE_TOKEN_1	5
T7_CAPEITEM_DEMON	3	T7_CAPE	1
T7_CAPEITEM_DEMON	3	T7_CAPEITEM_DEMON_BP	1
T7_CAPEITEM_DEMON	3	T1_FACTION_STEPPE_TOKEN_1	5
T7_CAPEITEM_DEMON	4	T7_CAPE	1
T7_CAPEITEM_DEMON	4	T7_CAPEITEM_DEMON_BP	1
T7_CAPEITEM_DEMON	4	T1_FACTION_STEPPE_TOKEN_1	5
T8_CAPEITEM_DEMON	0	T8_CAPE	1
T8_CAPEITEM_DEMON	0	T8_CAPEITEM_DEMON_BP	1
T8_CAPEITEM_DEMON	0	T1_FACTION_STEPPE_TOKEN_1	10
T8_CAPEITEM_DEMON	1	T8_CAPE	1
T8_CAPEITEM_DEMON	1	T8_CAPEITEM_DEMON_BP	1
T8_CAPEITEM_DEMON	1	T1_FACTION_STEPPE_TOKEN_1	10
T8_CAPEITEM_DEMON	2	T8_CAPE	1
T8_CAPEITEM_DEMON	2	T8_CAPEITEM_DEMON_BP	1
T8_CAPEITEM_DEMON	2	T1_FACTION_STEPPE_TOKEN_1	10
T8_CAPEITEM_DEMON	3	T8_CAPE	1
T8_CAPEITEM_DEMON	3	T8_CAPEITEM_DEMON_BP	1
T8_CAPEITEM_DEMON	3	T1_FACTION_STEPPE_TOKEN_1	10
T8_CAPEITEM_DEMON	4	T8_CAPE	1
T8_CAPEITEM_DEMON	4	T8_CAPEITEM_DEMON_BP	1
T8_CAPEITEM_DEMON	4	T1_FACTION_STEPPE_TOKEN_1	10
T2_BAG	0	T2_CLOTH	12
T2_BAG	0	T2_LEATHER	12
T3_BAG	0	T3_CLOTH	8
T3_BAG	0	T3_LEATHER	8
T4_BAG	0	T4_CLOTH	8
T4_BAG	0	T4_LEATHER	8
T4_BAG	1	T4_CLOTH_LEVEL1	8
T4_BAG	1	T4_LEATHER_LEVEL1	8
T4_BAG	2	T4_CLOTH_LEVEL2	8
T4_BAG	2	T4_LEATHER_LEVEL2	8
T4_BAG	3	T4_CLOTH_LEVEL3	8
T4_BAG	3	T4_LEATHER_LEVEL3	8
T4_BAG	4	T4_CLOTH_LEVEL4	8
T4_BAG	4	T4_LEATHER_LEVEL4	8
T5_BAG	0	T5_CLOTH	8
T5_BAG	0	T5_LEATHER	8
T5_BAG	1	T5_CLOTH_LEVEL1	8
T5_BAG	1	T5_LEATHER_LEVEL1	8
T5_BAG	2	T5_CLOTH_LEVEL2	8
T5_BAG	2	T5_LEATHER_LEVEL2	8
T5_BAG	3	T5_CLOTH_LEVEL3	8
T5_BAG	3	T5_LEATHER_LEVEL3	8
T5_BAG	4	T5_CLOTH_LEVEL4	8
T5_BAG	4	T5_LEATHER_LEVEL4	8
T6_BAG	0	T6_CLOTH	8
T6_BAG	0	T6_LEATHER	8
T6_BAG	1	T6_CLOTH_LEVEL1	8
T6_BAG	1	T6_LEATHER_LEVEL1	8
T6_BAG	2	T6_CLOTH_LEVEL2	8
T6_BAG	2	T6_LEATHER_LEVEL2	8
T6_BAG	3	T6_CLOTH_LEVEL3	8
T6_BAG	3	T6_LEATHER_LEVEL3	8
T6_BAG	4	T6_CLOTH_LEVEL4	8
T6_BAG	4	T6_LEATHER_LEVEL4	8
T7_BAG	0	T7_CLOTH	8
T7_BAG	0	T7_LEATHER	8
T7_BAG	1	T7_CLOTH_LEVEL1	8
T7_BAG	1	T7_LEATHER_LEVEL1	8
T7_BAG	2	T7_CLOTH_LEVEL2	8
T7_BAG	2	T7_LEATHER_LEVEL2	8
T7_BAG	3	T7_CLOTH_LEVEL3	8
T7_BAG	3	T7_LEATHER_LEVEL3	8
T7_BAG	4	T7_CLOTH_LEVEL4	8
T7_BAG	4	T7_LEATHER_LEVEL4	8
T8_BAG	0	T8_CLOTH	8
T8_BAG	0	T8_LEATHER	8
T8_BAG	1	T8_CLOTH_LEVEL1	8
T8_BAG	1	T8_LEATHER_LEVEL1	8
T8_BAG	2	T8_CLOTH_LEVEL2	8
T8_BAG	2	T8_LEATHER_LEVEL2	8
T8_BAG	3	T8_CLOTH_LEVEL3	8
T8_BAG	3	T8_LEATHER_LEVEL3	8
T8_BAG	4	T8_CLOTH_LEVEL4	8
T8_BAG	4	T8_LEATHER_LEVEL4	8
T4_BAG_INSIGHT	0	T4_CLOTH	8
T4_BAG_INSIGHT	0	T4_LEATHER	8
T4_BAG_INSIGHT	0	T4_SKILLBOOK_STANDARD	1
T4_BAG_INSIGHT	1	T4_CLOTH_LEVEL1	8
T4_BAG_INSIGHT	1	T4_LEATHER_LEVEL1	8
T4_BAG_INSIGHT	1	T4_SKILLBOOK_STANDARD	1
T4_BAG_INSIGHT	2	T4_CLOTH_LEVEL2	8
T4_BAG_INSIGHT	2	T4_LEATHER_LEVEL2	8
T4_BAG_INSIGHT	2	T4_SKILLBOOK_STANDARD	1
T4_BAG_INSIGHT	3	T4_CLOTH_LEVEL3	8
T4_BAG_INSIGHT	3	T4_LEATHER_LEVEL3	8
T4_BAG_INSIGHT	3	T4_SKILLBOOK_STANDARD	1
T4_BAG_INSIGHT	4	T4_CLOTH_LEVEL4	8
T4_BAG_INSIGHT	4	T4_LEATHER_LEVEL4	8
T4_BAG_INSIGHT	4	T4_SKILLBOOK_STANDARD	1
T5_BAG_INSIGHT	0	T5_CLOTH	8
T5_BAG_INSIGHT	0	T5_LEATHER	8
T5_BAG_INSIGHT	0	T4_SKILLBOOK_STANDARD	1
T5_BAG_INSIGHT	1	T5_CLOTH_LEVEL1	8
T5_BAG_INSIGHT	1	T5_LEATHER_LEVEL1	8
T5_BAG_INSIGHT	1	T4_SKILLBOOK_STANDARD	1
T5_BAG_INSIGHT	2	T5_CLOTH_LEVEL2	8
T5_BAG_INSIGHT	2	T5_LEATHER_LEVEL2	8
T5_BAG_INSIGHT	2	T4_SKILLBOOK_STANDARD	1
T5_BAG_INSIGHT	3	T5_CLOTH_LEVEL3	8
T5_BAG_INSIGHT	3	T5_LEATHER_LEVEL3	8
T5_BAG_INSIGHT	3	T4_SKILLBOOK_STANDARD	1
T5_BAG_INSIGHT	4	T5_CLOTH_LEVEL4	8
T5_BAG_INSIGHT	4	T5_LEATHER_LEVEL4	8
T5_BAG_INSIGHT	4	T4_SKILLBOOK_STANDARD	1
T6_BAG_INSIGHT	0	T6_CLOTH	8
T6_BAG_INSIGHT	0	T6_LEATHER	8
T6_BAG_INSIGHT	0	T4_SKILLBOOK_STANDARD	1
T6_BAG_INSIGHT	1	T6_CLOTH_LEVEL1	8
T6_BAG_INSIGHT	1	T6_LEATHER_LEVEL1	8
T6_BAG_INSIGHT	1	T4_SKILLBOOK_STANDARD	1
T6_BAG_INSIGHT	2	T6_CLOTH_LEVEL2	8
T6_BAG_INSIGHT	2	T6_LEATHER_LEVEL2	8
T6_BAG_INSIGHT	2	T4_SKILLBOOK_STANDARD	1
T6_BAG_INSIGHT	3	T6_CLOTH_LEVEL3	8
T6_BAG_INSIGHT	3	T6_LEATHER_LEVEL3	8
T6_BAG_INSIGHT	3	T4_SKILLBOOK_STANDARD	1
T6_BAG_INSIGHT	4	T6_CLOTH_LEVEL4	8
T6_BAG_INSIGHT	4	T6_LEATHER_LEVEL4	8
T6_BAG_INSIGHT	4	T4_SKILLBOOK_STANDARD	1
T7_BAG_INSIGHT	0	T7_CLOTH	8
T7_BAG_INSIGHT	0	T7_LEATHER	8
T7_BAG_INSIGHT	0	T4_SKILLBOOK_STANDARD	1
T7_BAG_INSIGHT	1	T7_CLOTH_LEVEL1	8
T7_BAG_INSIGHT	1	T7_LEATHER_LEVEL1	8
T7_BAG_INSIGHT	1	T4_SKILLBOOK_STANDARD	1
T7_BAG_INSIGHT	2	T7_CLOTH_LEVEL2	8
T7_BAG_INSIGHT	2	T7_LEATHER_LEVEL2	8
T7_BAG_INSIGHT	2	T4_SKILLBOOK_STANDARD	1
T7_BAG_INSIGHT	3	T7_CLOTH_LEVEL3	8
T7_BAG_INSIGHT	3	T7_LEATHER_LEVEL3	8
T7_BAG_INSIGHT	3	T4_SKILLBOOK_STANDARD	1
T7_BAG_INSIGHT	4	T7_CLOTH_LEVEL4	8
T7_BAG_INSIGHT	4	T7_LEATHER_LEVEL4	8
T7_BAG_INSIGHT	4	T4_SKILLBOOK_STANDARD	1
T8_BAG_INSIGHT	0	T8_CLOTH	8
T8_BAG_INSIGHT	0	T8_LEATHER	8
T8_BAG_INSIGHT	0	T4_SKILLBOOK_STANDARD	1
T8_BAG_INSIGHT	1	T8_CLOTH_LEVEL1	8
T8_BAG_INSIGHT	1	T8_LEATHER_LEVEL1	8
T8_BAG_INSIGHT	1	T4_SKILLBOOK_STANDARD	1
T8_BAG_INSIGHT	2	T8_CLOTH_LEVEL2	8
T8_BAG_INSIGHT	2	T8_LEATHER_LEVEL2	8
T8_BAG_INSIGHT	2	T4_SKILLBOOK_STANDARD	1
T8_BAG_INSIGHT	3	T8_CLOTH_LEVEL3	8
T8_BAG_INSIGHT	3	T8_LEATHER_LEVEL3	8
T8_BAG_INSIGHT	3	T4_SKILLBOOK_STANDARD	1
T8_BAG_INSIGHT	4	T8_CLOTH_LEVEL4	8
T8_BAG_INSIGHT	4	T8_LEATHER_LEVEL4	8
T8_BAG_INSIGHT	4	T4_SKILLBOOK_STANDARD	1
UNIQUE_SHOES_RUBBERBANDING	0	T1_HIDE	6
UNIQUE_INTERNAL_HEAD_GAMEMASTER	0	T3_LEATHER	8
UNIQUE_INTERNAL_ARMOR_GAMEMASTER	0	T3_LEATHER	16
UNIQUE_INTERNAL_SHOES_GAMEMASTER	0	T3_LEATHER	8
UNIQUE_INTERNAL_OFF_SCROLL_GAMEMASTER	0	T4_PLANKS	4
UNIQUE_INTERNAL_OFF_SCROLL_GAMEMASTER	0	T4_CLOTH	4
T2_HEAD_PLATE_SET1	0	T2_METALBAR	8
T3_HEAD_PLATE_SET1	0	T3_METALBAR	8
T4_HEAD_PLATE_SET1	0	T4_METALBAR	8
T4_HEAD_PLATE_SET1	1	T4_METALBAR_LEVEL1	8
T4_HEAD_PLATE_SET1	2	T4_METALBAR_LEVEL2	8
T4_HEAD_PLATE_SET1	3	T4_METALBAR_LEVEL3	8
T4_HEAD_PLATE_SET1	4	T4_METALBAR_LEVEL4	8
T5_HEAD_PLATE_SET1	0	T5_METALBAR	8
T5_HEAD_PLATE_SET1	1	T5_METALBAR_LEVEL1	8
T5_HEAD_PLATE_SET1	2	T5_METALBAR_LEVEL2	8
T5_HEAD_PLATE_SET1	3	T5_METALBAR_LEVEL3	8
T5_HEAD_PLATE_SET1	4	T5_METALBAR_LEVEL4	8
T6_HEAD_PLATE_SET1	0	T6_METALBAR	8
T6_HEAD_PLATE_SET1	1	T6_METALBAR_LEVEL1	8
T6_HEAD_PLATE_SET1	2	T6_METALBAR_LEVEL2	8
T6_HEAD_PLATE_SET1	3	T6_METALBAR_LEVEL3	8
T6_HEAD_PLATE_SET1	4	T6_METALBAR_LEVEL4	8
T7_HEAD_PLATE_SET1	0	T7_METALBAR	8
T7_HEAD_PLATE_SET1	1	T7_METALBAR_LEVEL1	8
T7_HEAD_PLATE_SET1	2	T7_METALBAR_LEVEL2	8
T7_HEAD_PLATE_SET1	3	T7_METALBAR_LEVEL3	8
T7_HEAD_PLATE_SET1	4	T7_METALBAR_LEVEL4	8
T8_HEAD_PLATE_SET1	0	T8_METALBAR	8
T8_HEAD_PLATE_SET1	1	T8_METALBAR_LEVEL1	8
T8_HEAD_PLATE_SET1	2	T8_METALBAR_LEVEL2	8
T8_HEAD_PLATE_SET1	3	T8_METALBAR_LEVEL3	8
T8_HEAD_PLATE_SET1	4	T8_METALBAR_LEVEL4	8
T2_ARMOR_PLATE_SET1	0	T2_METALBAR	16
T3_ARMOR_PLATE_SET1	0	T3_METALBAR	16
T4_ARMOR_PLATE_SET1	0	T4_METALBAR	16
T4_ARMOR_PLATE_SET1	1	T4_METALBAR_LEVEL1	16
T4_ARMOR_PLATE_SET1	2	T4_METALBAR_LEVEL2	16
T4_ARMOR_PLATE_SET1	3	T4_METALBAR_LEVEL3	16
T4_ARMOR_PLATE_SET1	4	T4_METALBAR_LEVEL4	16
T5_ARMOR_PLATE_SET1	0	T5_METALBAR	16
T5_ARMOR_PLATE_SET1	1	T5_METALBAR_LEVEL1	16
T5_ARMOR_PLATE_SET1	2	T5_METALBAR_LEVEL2	16
T5_ARMOR_PLATE_SET1	3	T5_METALBAR_LEVEL3	16
T5_ARMOR_PLATE_SET1	4	T5_METALBAR_LEVEL4	16
T6_ARMOR_PLATE_SET1	0	T6_METALBAR	16
T6_ARMOR_PLATE_SET1	1	T6_METALBAR_LEVEL1	16
T6_ARMOR_PLATE_SET1	2	T6_METALBAR_LEVEL2	16
T6_ARMOR_PLATE_SET1	3	T6_METALBAR_LEVEL3	16
T6_ARMOR_PLATE_SET1	4	T6_METALBAR_LEVEL4	16
T7_ARMOR_PLATE_SET1	0	T7_METALBAR	16
T7_ARMOR_PLATE_SET1	1	T7_METALBAR_LEVEL1	16
T7_ARMOR_PLATE_SET1	2	T7_METALBAR_LEVEL2	16
T7_ARMOR_PLATE_SET1	3	T7_METALBAR_LEVEL3	16
T7_ARMOR_PLATE_SET1	4	T7_METALBAR_LEVEL4	16
T8_ARMOR_PLATE_SET1	0	T8_METALBAR	16
T8_ARMOR_PLATE_SET1	1	T8_METALBAR_LEVEL1	16
T8_ARMOR_PLATE_SET1	2	T8_METALBAR_LEVEL2	16
T8_ARMOR_PLATE_SET1	3	T8_METALBAR_LEVEL3	16
T8_ARMOR_PLATE_SET1	4	T8_METALBAR_LEVEL4	16
T2_SHOES_PLATE_SET1	0	T2_METALBAR	8
T3_SHOES_PLATE_SET1	0	T3_METALBAR	8
T4_SHOES_PLATE_SET1	0	T4_METALBAR	8
T4_SHOES_PLATE_SET1	1	T4_METALBAR_LEVEL1	8
T4_SHOES_PLATE_SET1	2	T4_METALBAR_LEVEL2	8
T4_SHOES_PLATE_SET1	3	T4_METALBAR_LEVEL3	8
T4_SHOES_PLATE_SET1	4	T4_METALBAR_LEVEL4	8
T5_SHOES_PLATE_SET1	0	T5_METALBAR	8
T5_SHOES_PLATE_SET1	1	T5_METALBAR_LEVEL1	8
T5_SHOES_PLATE_SET1	2	T5_METALBAR_LEVEL2	8
T5_SHOES_PLATE_SET1	3	T5_METALBAR_LEVEL3	8
T5_SHOES_PLATE_SET1	4	T5_METALBAR_LEVEL4	8
T6_SHOES_PLATE_SET1	0	T6_METALBAR	8
T6_SHOES_PLATE_SET1	1	T6_METALBAR_LEVEL1	8
T6_SHOES_PLATE_SET1	2	T6_METALBAR_LEVEL2	8
T6_SHOES_PLATE_SET1	3	T6_METALBAR_LEVEL3	8
T6_SHOES_PLATE_SET1	4	T6_METALBAR_LEVEL4	8
T7_SHOES_PLATE_SET1	0	T7_METALBAR	8
T7_SHOES_PLATE_SET1	1	T7_METALBAR_LEVEL1	8
T7_SHOES_PLATE_SET1	2	T7_METALBAR_LEVEL2	8
T7_SHOES_PLATE_SET1	3	T7_METALBAR_LEVEL3	8
T7_SHOES_PLATE_SET1	4	T7_METALBAR_LEVEL4	8
T8_SHOES_PLATE_SET1	0	T8_METALBAR	8
T8_SHOES_PLATE_SET1	1	T8_METALBAR_LEVEL1	8
T8_SHOES_PLATE_SET1	2	T8_METALBAR_LEVEL2	8
T8_SHOES_PLATE_SET1	3	T8_METALBAR_LEVEL3	8
T8_SHOES_PLATE_SET1	4	T8_METALBAR_LEVEL4	8
T4_HEAD_PLATE_SET2	0	T4_METALBAR	8
T4_HEAD_PLATE_SET2	1	T4_METALBAR_LEVEL1	8
T4_HEAD_PLATE_SET2	2	T4_METALBAR_LEVEL2	8
T4_HEAD_PLATE_SET2	3	T4_METALBAR_LEVEL3	8
T4_HEAD_PLATE_SET2	4	T4_METALBAR_LEVEL4	8
T5_HEAD_PLATE_SET2	0	T5_METALBAR	8
T5_HEAD_PLATE_SET2	1	T5_METALBAR_LEVEL1	8
T5_HEAD_PLATE_SET2	2	T5_METALBAR_LEVEL2	8
T5_HEAD_PLATE_SET2	3	T5_METALBAR_LEVEL3	8
T5_HEAD_PLATE_SET2	4	T5_METALBAR_LEVEL4	8
T6_HEAD_PLATE_SET2	0	T6_METALBAR	8
T6_HEAD_PLATE_SET2	1	T6_METALBAR_LEVEL1	8
T6_HEAD_PLATE_SET2	2	T6_METALBAR_LEVEL2	8
T6_HEAD_PLATE_SET2	3	T6_METALBAR_LEVEL3	8
T6_HEAD_PLATE_SET2	4	T6_METALBAR_LEVEL4	8
T7_HEAD_PLATE_SET2	0	T7_METALBAR	8
T7_HEAD_PLATE_SET2	1	T7_METALBAR_LEVEL1	8
T7_HEAD_PLATE_SET2	2	T7_METALBAR_LEVEL2	8
T7_HEAD_PLATE_SET2	3	T7_METALBAR_LEVEL3	8
T7_HEAD_PLATE_SET2	4	T7_METALBAR_LEVEL4	8
T8_HEAD_PLATE_SET2	0	T8_METALBAR	8
T8_HEAD_PLATE_SET2	1	T8_METALBAR_LEVEL1	8
T8_HEAD_PLATE_SET2	2	T8_METALBAR_LEVEL2	8
T8_HEAD_PLATE_SET2	3	T8_METALBAR_LEVEL3	8
T8_HEAD_PLATE_SET2	4	T8_METALBAR_LEVEL4	8
T4_ARMOR_PLATE_SET2	0	T4_METALBAR	16
T4_ARMOR_PLATE_SET2	1	T4_METALBAR_LEVEL1	16
T4_ARMOR_PLATE_SET2	2	T4_METALBAR_LEVEL2	16
T4_ARMOR_PLATE_SET2	3	T4_METALBAR_LEVEL3	16
T4_ARMOR_PLATE_SET2	4	T4_METALBAR_LEVEL4	16
T5_ARMOR_PLATE_SET2	0	T5_METALBAR	16
T5_ARMOR_PLATE_SET2	1	T5_METALBAR_LEVEL1	16
T5_ARMOR_PLATE_SET2	2	T5_METALBAR_LEVEL2	16
T5_ARMOR_PLATE_SET2	3	T5_METALBAR_LEVEL3	16
T5_ARMOR_PLATE_SET2	4	T5_METALBAR_LEVEL4	16
T6_ARMOR_PLATE_SET2	0	T6_METALBAR	16
T6_ARMOR_PLATE_SET2	1	T6_METALBAR_LEVEL1	16
T6_ARMOR_PLATE_SET2	2	T6_METALBAR_LEVEL2	16
T6_ARMOR_PLATE_SET2	3	T6_METALBAR_LEVEL3	16
T6_ARMOR_PLATE_SET2	4	T6_METALBAR_LEVEL4	16
T7_ARMOR_PLATE_SET2	0	T7_METALBAR	16
T7_ARMOR_PLATE_SET2	1	T7_METALBAR_LEVEL1	16
T7_ARMOR_PLATE_SET2	2	T7_METALBAR_LEVEL2	16
T7_ARMOR_PLATE_SET2	3	T7_METALBAR_LEVEL3	16
T7_ARMOR_PLATE_SET2	4	T7_METALBAR_LEVEL4	16
T8_ARMOR_PLATE_SET2	0	T8_METALBAR	16
T8_ARMOR_PLATE_SET2	1	T8_METALBAR_LEVEL1	16
T8_ARMOR_PLATE_SET2	2	T8_METALBAR_LEVEL2	16
T8_ARMOR_PLATE_SET2	3	T8_METALBAR_LEVEL3	16
T8_ARMOR_PLATE_SET2	4	T8_METALBAR_LEVEL4	16
T4_SHOES_PLATE_SET2	0	T4_METALBAR	8
T4_SHOES_PLATE_SET2	1	T4_METALBAR_LEVEL1	8
T4_SHOES_PLATE_SET2	2	T4_METALBAR_LEVEL2	8
T4_SHOES_PLATE_SET2	3	T4_METALBAR_LEVEL3	8
T4_SHOES_PLATE_SET2	4	T4_METALBAR_LEVEL4	8
T5_SHOES_PLATE_SET2	0	T5_METALBAR	8
T5_SHOES_PLATE_SET2	1	T5_METALBAR_LEVEL1	8
T5_SHOES_PLATE_SET2	2	T5_METALBAR_LEVEL2	8
T5_SHOES_PLATE_SET2	3	T5_METALBAR_LEVEL3	8
T5_SHOES_PLATE_SET2	4	T5_METALBAR_LEVEL4	8
T6_SHOES_PLATE_SET2	0	T6_METALBAR	8
T6_SHOES_PLATE_SET2	1	T6_METALBAR_LEVEL1	8
T6_SHOES_PLATE_SET2	2	T6_METALBAR_LEVEL2	8
T6_SHOES_PLATE_SET2	3	T6_METALBAR_LEVEL3	8
T6_SHOES_PLATE_SET2	4	T6_METALBAR_LEVEL4	8
T7_SHOES_PLATE_SET2	0	T7_METALBAR	8
T7_SHOES_PLATE_SET2	1	T7_METALBAR_LEVEL1	8
T7_SHOES_PLATE_SET2	2	T7_METALBAR_LEVEL2	8
T7_SHOES_PLATE_SET2	3	T7_METALBAR_LEVEL3	8
T7_SHOES_PLATE_SET2	4	T7_METALBAR_LEVEL4	8
T8_SHOES_PLATE_SET2	0	T8_METALBAR	8
T8_SHOES_PLATE_SET2	1	T8_METALBAR_LEVEL1	8
T8_SHOES_PLATE_SET2	2	T8_METALBAR_LEVEL2	8
T8_SHOES_PLATE_SET2	3	T8_METALBAR_LEVEL3	8
T8_SHOES_PLATE_SET2	4	T8_METALBAR_LEVEL4	8
T4_HEAD_PLATE_SET3	0	T4_METALBAR	8
T4_HEAD_PLATE_SET3	1	T4_METALBAR_LEVEL1	8
T4_HEAD_PLATE_SET3	2	T4_METALBAR_LEVEL2	8
T4_HEAD_PLATE_SET3	3	T4_METALBAR_LEVEL3	8
T4_HEAD_PLATE_SET3	4	T4_METALBAR_LEVEL4	8
T5_HEAD_PLATE_SET3	0	T5_METALBAR	8
T5_HEAD_PLATE_SET3	1	T5_METALBAR_LEVEL1	8
T5_HEAD_PLATE_SET3	2	T5_METALBAR_LEVEL2	8
T5_HEAD_PLATE_SET3	3	T5_METALBAR_LEVEL3	8
T5_HEAD_PLATE_SET3	4	T5_METALBAR_LEVEL4	8
T6_HEAD_PLATE_SET3	0	T6_METALBAR	8
T6_HEAD_PLATE_SET3	1	T6_METALBAR_LEVEL1	8
T6_HEAD_PLATE_SET3	2	T6_METALBAR_LEVEL2	8
T6_HEAD_PLATE_SET3	3	T6_METALBAR_LEVEL3	8
T6_HEAD_PLATE_SET3	4	T6_METALBAR_LEVEL4	8
T7_HEAD_PLATE_SET3	0	T7_METALBAR	8
T7_HEAD_PLATE_SET3	1	T7_METALBAR_LEVEL1	8
T7_HEAD_PLATE_SET3	2	T7_METALBAR_LEVEL2	8
T7_HEAD_PLATE_SET3	3	T7_METALBAR_LEVEL3	8
T7_HEAD_PLATE_SET3	4	T7_METALBAR_LEVEL4	8
T8_HEAD_PLATE_SET3	0	T8_METALBAR	8
T8_HEAD_PLATE_SET3	1	T8_METALBAR_LEVEL1	8
T8_HEAD_PLATE_SET3	2	T8_METALBAR_LEVEL2	8
T8_HEAD_PLATE_SET3	3	T8_METALBAR_LEVEL3	8
T8_HEAD_PLATE_SET3	4	T8_METALBAR_LEVEL4	8
T4_ARMOR_PLATE_SET3	0	T4_METALBAR	16
T4_ARMOR_PLATE_SET3	1	T4_METALBAR_LEVEL1	16
T4_ARMOR_PLATE_SET3	2	T4_METALBAR_LEVEL2	16
T4_ARMOR_PLATE_SET3	3	T4_METALBAR_LEVEL3	16
T4_ARMOR_PLATE_SET3	4	T4_METALBAR_LEVEL4	16
T5_ARMOR_PLATE_SET3	0	T5_METALBAR	16
T5_ARMOR_PLATE_SET3	1	T5_METALBAR_LEVEL1	16
T5_ARMOR_PLATE_SET3	2	T5_METALBAR_LEVEL2	16
T5_ARMOR_PLATE_SET3	3	T5_METALBAR_LEVEL3	16
T5_ARMOR_PLATE_SET3	4	T5_METALBAR_LEVEL4	16
T6_ARMOR_PLATE_SET3	0	T6_METALBAR	16
T6_ARMOR_PLATE_SET3	1	T6_METALBAR_LEVEL1	16
T6_ARMOR_PLATE_SET3	2	T6_METALBAR_LEVEL2	16
T6_ARMOR_PLATE_SET3	3	T6_METALBAR_LEVEL3	16
T6_ARMOR_PLATE_SET3	4	T6_METALBAR_LEVEL4	16
T7_ARMOR_PLATE_SET3	0	T7_METALBAR	16
T7_ARMOR_PLATE_SET3	1	T7_METALBAR_LEVEL1	16
T7_ARMOR_PLATE_SET3	2	T7_METALBAR_LEVEL2	16
T7_ARMOR_PLATE_SET3	3	T7_METALBAR_LEVEL3	16
T7_ARMOR_PLATE_SET3	4	T7_METALBAR_LEVEL4	16
T8_ARMOR_PLATE_SET3	0	T8_METALBAR	16
T8_ARMOR_PLATE_SET3	1	T8_METALBAR_LEVEL1	16
T8_ARMOR_PLATE_SET3	2	T8_METALBAR_LEVEL2	16
T8_ARMOR_PLATE_SET3	3	T8_METALBAR_LEVEL3	16
T8_ARMOR_PLATE_SET3	4	T8_METALBAR_LEVEL4	16
T4_SHOES_PLATE_SET3	0	T4_METALBAR	8
T4_SHOES_PLATE_SET3	1	T4_METALBAR_LEVEL1	8
T4_SHOES_PLATE_SET3	2	T4_METALBAR_LEVEL2	8
T4_SHOES_PLATE_SET3	3	T4_METALBAR_LEVEL3	8
T4_SHOES_PLATE_SET3	4	T4_METALBAR_LEVEL4	8
T5_SHOES_PLATE_SET3	0	T5_METALBAR	8
T5_SHOES_PLATE_SET3	1	T5_METALBAR_LEVEL1	8
T5_SHOES_PLATE_SET3	2	T5_METALBAR_LEVEL2	8
T5_SHOES_PLATE_SET3	3	T5_METALBAR_LEVEL3	8
T5_SHOES_PLATE_SET3	4	T5_METALBAR_LEVEL4	8
T6_SHOES_PLATE_SET3	0	T6_METALBAR	8
T6_SHOES_PLATE_SET3	1	T6_METALBAR_LEVEL1	8
T6_SHOES_PLATE_SET3	2	T6_METALBAR_LEVEL2	8
T6_SHOES_PLATE_SET3	3	T6_METALBAR_LEVEL3	8
T6_SHOES_PLATE_SET3	4	T6_METALBAR_LEVEL4	8
T7_SHOES_PLATE_SET3	0	T7_METALBAR	8
T7_SHOES_PLATE_SET3	1	T7_METALBAR_LEVEL1	8
T7_SHOES_PLATE_SET3	2	T7_METALBAR_LEVEL2	8
T7_SHOES_PLATE_SET3	3	T7_METALBAR_LEVEL3	8
T7_SHOES_PLATE_SET3	4	T7_METALBAR_LEVEL4	8
T8_SHOES_PLATE_SET3	0	T8_METALBAR	8
T8_SHOES_PLATE_SET3	1	T8_METALBAR_LEVEL1	8
T8_SHOES_PLATE_SET3	2	T8_METALBAR_LEVEL2	8
T8_SHOES_PLATE_SET3	3	T8_METALBAR_LEVEL3	8
T8_SHOES_PLATE_SET3	4	T8_METALBAR_LEVEL4	8
T4_HEAD_PLATE_UNDEAD	0	T4_METALBAR	8
T4_HEAD_PLATE_UNDEAD	0	T4_ARTEFACT_HEAD_PLATE_UNDEAD	1
T4_HEAD_PLATE_UNDEAD	1	T4_METALBAR_LEVEL1	8
T4_HEAD_PLATE_UNDEAD	1	T4_ARTEFACT_HEAD_PLATE_UNDEAD	1
T4_HEAD_PLATE_UNDEAD	2	T4_METALBAR_LEVEL2	8
T4_HEAD_PLATE_UNDEAD	2	T4_ARTEFACT_HEAD_PLATE_UNDEAD	1
T4_HEAD_PLATE_UNDEAD	3	T4_METALBAR_LEVEL3	8
T4_HEAD_PLATE_UNDEAD	3	T4_ARTEFACT_HEAD_PLATE_UNDEAD	1
T4_HEAD_PLATE_UNDEAD	4	T4_METALBAR_LEVEL4	8
T4_HEAD_PLATE_UNDEAD	4	T4_ARTEFACT_HEAD_PLATE_UNDEAD	1
T5_HEAD_PLATE_UNDEAD	0	T5_METALBAR	8
T5_HEAD_PLATE_UNDEAD	0	T5_ARTEFACT_HEAD_PLATE_UNDEAD	1
T5_HEAD_PLATE_UNDEAD	1	T5_METALBAR_LEVEL1	8
T5_HEAD_PLATE_UNDEAD	1	T5_ARTEFACT_HEAD_PLATE_UNDEAD	1
T5_HEAD_PLATE_UNDEAD	2	T5_METALBAR_LEVEL2	8
T5_HEAD_PLATE_UNDEAD	2	T5_ARTEFACT_HEAD_PLATE_UNDEAD	1
T5_HEAD_PLATE_UNDEAD	3	T5_METALBAR_LEVEL3	8
T5_HEAD_PLATE_UNDEAD	3	T5_ARTEFACT_HEAD_PLATE_UNDEAD	1
T5_HEAD_PLATE_UNDEAD	4	T5_METALBAR_LEVEL4	8
T5_HEAD_PLATE_UNDEAD	4	T5_ARTEFACT_HEAD_PLATE_UNDEAD	1
T6_HEAD_PLATE_UNDEAD	0	T6_METALBAR	8
T6_HEAD_PLATE_UNDEAD	0	T6_ARTEFACT_HEAD_PLATE_UNDEAD	1
T6_HEAD_PLATE_UNDEAD	1	T6_METALBAR_LEVEL1	8
T6_HEAD_PLATE_UNDEAD	1	T6_ARTEFACT_HEAD_PLATE_UNDEAD	1
T6_HEAD_PLATE_UNDEAD	2	T6_METALBAR_LEVEL2	8
T6_HEAD_PLATE_UNDEAD	2	T6_ARTEFACT_HEAD_PLATE_UNDEAD	1
T6_HEAD_PLATE_UNDEAD	3	T6_METALBAR_LEVEL3	8
T6_HEAD_PLATE_UNDEAD	3	T6_ARTEFACT_HEAD_PLATE_UNDEAD	1
T6_HEAD_PLATE_UNDEAD	4	T6_METALBAR_LEVEL4	8
T6_HEAD_PLATE_UNDEAD	4	T6_ARTEFACT_HEAD_PLATE_UNDEAD	1
T7_HEAD_PLATE_UNDEAD	0	T7_METALBAR	8
T7_HEAD_PLATE_UNDEAD	0	T7_ARTEFACT_HEAD_PLATE_UNDEAD	1
T7_HEAD_PLATE_UNDEAD	1	T7_METALBAR_LEVEL1	8
T7_HEAD_PLATE_UNDEAD	1	T7_ARTEFACT_HEAD_PLATE_UNDEAD	1
T7_HEAD_PLATE_UNDEAD	2	T7_METALBAR_LEVEL2	8
T7_HEAD_PLATE_UNDEAD	2	T7_ARTEFACT_HEAD_PLATE_UNDEAD	1
T7_HEAD_PLATE_UNDEAD	3	T7_METALBAR_LEVEL3	8
T7_HEAD_PLATE_UNDEAD	3	T7_ARTEFACT_HEAD_PLATE_UNDEAD	1
T7_HEAD_PLATE_UNDEAD	4	T7_METALBAR_LEVEL4	8
T7_HEAD_PLATE_UNDEAD	4	T7_ARTEFACT_HEAD_PLATE_UNDEAD	1
T8_HEAD_PLATE_UNDEAD	0	T8_METALBAR	8
T8_HEAD_PLATE_UNDEAD	0	T8_ARTEFACT_HEAD_PLATE_UNDEAD	1
T8_HEAD_PLATE_UNDEAD	1	T8_METALBAR_LEVEL1	8
T8_HEAD_PLATE_UNDEAD	1	T8_ARTEFACT_HEAD_PLATE_UNDEAD	1
T8_HEAD_PLATE_UNDEAD	2	T8_METALBAR_LEVEL2	8
T8_HEAD_PLATE_UNDEAD	2	T8_ARTEFACT_HEAD_PLATE_UNDEAD	1
T8_HEAD_PLATE_UNDEAD	3	T8_METALBAR_LEVEL3	8
T8_HEAD_PLATE_UNDEAD	3	T8_ARTEFACT_HEAD_PLATE_UNDEAD	1
T8_HEAD_PLATE_UNDEAD	4	T8_METALBAR_LEVEL4	8
T8_HEAD_PLATE_UNDEAD	4	T8_ARTEFACT_HEAD_PLATE_UNDEAD	1
T4_ARMOR_PLATE_UNDEAD	0	T4_METALBAR	16
T4_ARMOR_PLATE_UNDEAD	0	T4_ARTEFACT_ARMOR_PLATE_UNDEAD	1
T4_ARMOR_PLATE_UNDEAD	1	T4_METALBAR_LEVEL1	16
T4_ARMOR_PLATE_UNDEAD	1	T4_ARTEFACT_ARMOR_PLATE_UNDEAD	1
T4_ARMOR_PLATE_UNDEAD	2	T4_METALBAR_LEVEL2	16
T4_ARMOR_PLATE_UNDEAD	2	T4_ARTEFACT_ARMOR_PLATE_UNDEAD	1
T4_ARMOR_PLATE_UNDEAD	3	T4_METALBAR_LEVEL3	16
T4_ARMOR_PLATE_UNDEAD	3	T4_ARTEFACT_ARMOR_PLATE_UNDEAD	1
T4_ARMOR_PLATE_UNDEAD	4	T4_METALBAR_LEVEL4	16
T4_ARMOR_PLATE_UNDEAD	4	T4_ARTEFACT_ARMOR_PLATE_UNDEAD	1
T5_ARMOR_PLATE_UNDEAD	0	T5_METALBAR	16
T5_ARMOR_PLATE_UNDEAD	0	T5_ARTEFACT_ARMOR_PLATE_UNDEAD	1
T5_ARMOR_PLATE_UNDEAD	1	T5_METALBAR_LEVEL1	16
T5_ARMOR_PLATE_UNDEAD	1	T5_ARTEFACT_ARMOR_PLATE_UNDEAD	1
T5_ARMOR_PLATE_UNDEAD	2	T5_METALBAR_LEVEL2	16
T5_ARMOR_PLATE_UNDEAD	2	T5_ARTEFACT_ARMOR_PLATE_UNDEAD	1
T5_ARMOR_PLATE_UNDEAD	3	T5_METALBAR_LEVEL3	16
T5_ARMOR_PLATE_UNDEAD	3	T5_ARTEFACT_ARMOR_PLATE_UNDEAD	1
T5_ARMOR_PLATE_UNDEAD	4	T5_METALBAR_LEVEL4	16
T5_ARMOR_PLATE_UNDEAD	4	T5_ARTEFACT_ARMOR_PLATE_UNDEAD	1
T6_ARMOR_PLATE_UNDEAD	0	T6_METALBAR	16
T6_ARMOR_PLATE_UNDEAD	0	T6_ARTEFACT_ARMOR_PLATE_UNDEAD	1
T6_ARMOR_PLATE_UNDEAD	1	T6_METALBAR_LEVEL1	16
T6_ARMOR_PLATE_UNDEAD	1	T6_ARTEFACT_ARMOR_PLATE_UNDEAD	1
T6_ARMOR_PLATE_UNDEAD	2	T6_METALBAR_LEVEL2	16
T6_ARMOR_PLATE_UNDEAD	2	T6_ARTEFACT_ARMOR_PLATE_UNDEAD	1
T6_ARMOR_PLATE_UNDEAD	3	T6_METALBAR_LEVEL3	16
T6_ARMOR_PLATE_UNDEAD	3	T6_ARTEFACT_ARMOR_PLATE_UNDEAD	1
T6_ARMOR_PLATE_UNDEAD	4	T6_METALBAR_LEVEL4	16
T6_ARMOR_PLATE_UNDEAD	4	T6_ARTEFACT_ARMOR_PLATE_UNDEAD	1
T7_ARMOR_PLATE_UNDEAD	0	T7_METALBAR	16
T7_ARMOR_PLATE_UNDEAD	0	T7_ARTEFACT_ARMOR_PLATE_UNDEAD	1
T7_ARMOR_PLATE_UNDEAD	1	T7_METALBAR_LEVEL1	16
T7_ARMOR_PLATE_UNDEAD	1	T7_ARTEFACT_ARMOR_PLATE_UNDEAD	1
T7_ARMOR_PLATE_UNDEAD	2	T7_METALBAR_LEVEL2	16
T7_ARMOR_PLATE_UNDEAD	2	T7_ARTEFACT_ARMOR_PLATE_UNDEAD	1
T7_ARMOR_PLATE_UNDEAD	3	T7_METALBAR_LEVEL3	16
T7_ARMOR_PLATE_UNDEAD	3	T7_ARTEFACT_ARMOR_PLATE_UNDEAD	1
T7_ARMOR_PLATE_UNDEAD	4	T7_METALBAR_LEVEL4	16
T7_ARMOR_PLATE_UNDEAD	4	T7_ARTEFACT_ARMOR_PLATE_UNDEAD	1
T8_ARMOR_PLATE_UNDEAD	0	T8_METALBAR	16
T8_ARMOR_PLATE_UNDEAD	0	T8_ARTEFACT_ARMOR_PLATE_UNDEAD	1
T8_ARMOR_PLATE_UNDEAD	1	T8_METALBAR_LEVEL1	16
T8_ARMOR_PLATE_UNDEAD	1	T8_ARTEFACT_ARMOR_PLATE_UNDEAD	1
T8_ARMOR_PLATE_UNDEAD	2	T8_METALBAR_LEVEL2	16
T8_ARMOR_PLATE_UNDEAD	2	T8_ARTEFACT_ARMOR_PLATE_UNDEAD	1
T8_ARMOR_PLATE_UNDEAD	3	T8_METALBAR_LEVEL3	16
T8_ARMOR_PLATE_UNDEAD	3	T8_ARTEFACT_ARMOR_PLATE_UNDEAD	1
T8_ARMOR_PLATE_UNDEAD	4	T8_METALBAR_LEVEL4	16
T8_ARMOR_PLATE_UNDEAD	4	T8_ARTEFACT_ARMOR_PLATE_UNDEAD	1
T4_SHOES_PLATE_UNDEAD	0	T4_METALBAR	8
T4_SHOES_PLATE_UNDEAD	0	T4_ARTEFACT_SHOES_PLATE_UNDEAD	1
T4_SHOES_PLATE_UNDEAD	1	T4_METALBAR_LEVEL1	8
T4_SHOES_PLATE_UNDEAD	1	T4_ARTEFACT_SHOES_PLATE_UNDEAD	1
T4_SHOES_PLATE_UNDEAD	2	T4_METALBAR_LEVEL2	8
T4_SHOES_PLATE_UNDEAD	2	T4_ARTEFACT_SHOES_PLATE_UNDEAD	1
T4_SHOES_PLATE_UNDEAD	3	T4_METALBAR_LEVEL3	8
T4_SHOES_PLATE_UNDEAD	3	T4_ARTEFACT_SHOES_PLATE_UNDEAD	1
T4_SHOES_PLATE_UNDEAD	4	T4_METALBAR_LEVEL4	8
T4_SHOES_PLATE_UNDEAD	4	T4_ARTEFACT_SHOES_PLATE_UNDEAD	1
T5_SHOES_PLATE_UNDEAD	0	T5_METALBAR	8
T5_SHOES_PLATE_UNDEAD	0	T5_ARTEFACT_SHOES_PLATE_UNDEAD	1
T5_SHOES_PLATE_UNDEAD	1	T5_METALBAR_LEVEL1	8
T5_SHOES_PLATE_UNDEAD	1	T5_ARTEFACT_SHOES_PLATE_UNDEAD	1
T5_SHOES_PLATE_UNDEAD	2	T5_METALBAR_LEVEL2	8
T5_SHOES_PLATE_UNDEAD	2	T5_ARTEFACT_SHOES_PLATE_UNDEAD	1
T5_SHOES_PLATE_UNDEAD	3	T5_METALBAR_LEVEL3	8
T5_SHOES_PLATE_UNDEAD	3	T5_ARTEFACT_SHOES_PLATE_UNDEAD	1
T5_SHOES_PLATE_UNDEAD	4	T5_METALBAR_LEVEL4	8
T5_SHOES_PLATE_UNDEAD	4	T5_ARTEFACT_SHOES_PLATE_UNDEAD	1
T6_SHOES_PLATE_UNDEAD	0	T6_METALBAR	8
T6_SHOES_PLATE_UNDEAD	0	T6_ARTEFACT_SHOES_PLATE_UNDEAD	1
T6_SHOES_PLATE_UNDEAD	1	T6_METALBAR_LEVEL1	8
T6_SHOES_PLATE_UNDEAD	1	T6_ARTEFACT_SHOES_PLATE_UNDEAD	1
T6_SHOES_PLATE_UNDEAD	2	T6_METALBAR_LEVEL2	8
T6_SHOES_PLATE_UNDEAD	2	T6_ARTEFACT_SHOES_PLATE_UNDEAD	1
T6_SHOES_PLATE_UNDEAD	3	T6_METALBAR_LEVEL3	8
T6_SHOES_PLATE_UNDEAD	3	T6_ARTEFACT_SHOES_PLATE_UNDEAD	1
T6_SHOES_PLATE_UNDEAD	4	T6_METALBAR_LEVEL4	8
T6_SHOES_PLATE_UNDEAD	4	T6_ARTEFACT_SHOES_PLATE_UNDEAD	1
T7_SHOES_PLATE_UNDEAD	0	T7_METALBAR	8
T7_SHOES_PLATE_UNDEAD	0	T7_ARTEFACT_SHOES_PLATE_UNDEAD	1
T7_SHOES_PLATE_UNDEAD	1	T7_METALBAR_LEVEL1	8
T7_SHOES_PLATE_UNDEAD	1	T7_ARTEFACT_SHOES_PLATE_UNDEAD	1
T7_SHOES_PLATE_UNDEAD	2	T7_METALBAR_LEVEL2	8
T7_SHOES_PLATE_UNDEAD	2	T7_ARTEFACT_SHOES_PLATE_UNDEAD	1
T7_SHOES_PLATE_UNDEAD	3	T7_METALBAR_LEVEL3	8
T7_SHOES_PLATE_UNDEAD	3	T7_ARTEFACT_SHOES_PLATE_UNDEAD	1
T7_SHOES_PLATE_UNDEAD	4	T7_METALBAR_LEVEL4	8
T7_SHOES_PLATE_UNDEAD	4	T7_ARTEFACT_SHOES_PLATE_UNDEAD	1
T8_SHOES_PLATE_UNDEAD	0	T8_METALBAR	8
T8_SHOES_PLATE_UNDEAD	0	T8_ARTEFACT_SHOES_PLATE_UNDEAD	1
T8_SHOES_PLATE_UNDEAD	1	T8_METALBAR_LEVEL1	8
T8_SHOES_PLATE_UNDEAD	1	T8_ARTEFACT_SHOES_PLATE_UNDEAD	1
T8_SHOES_PLATE_UNDEAD	2	T8_METALBAR_LEVEL2	8
T8_SHOES_PLATE_UNDEAD	2	T8_ARTEFACT_SHOES_PLATE_UNDEAD	1
T8_SHOES_PLATE_UNDEAD	3	T8_METALBAR_LEVEL3	8
T8_SHOES_PLATE_UNDEAD	3	T8_ARTEFACT_SHOES_PLATE_UNDEAD	1
T8_SHOES_PLATE_UNDEAD	4	T8_METALBAR_LEVEL4	8
T8_SHOES_PLATE_UNDEAD	4	T8_ARTEFACT_SHOES_PLATE_UNDEAD	1
T4_HEAD_PLATE_HELL	0	T4_METALBAR	8
T4_HEAD_PLATE_HELL	0	T4_ARTEFACT_HEAD_PLATE_HELL	1
T4_HEAD_PLATE_HELL	1	T4_METALBAR_LEVEL1	8
T4_HEAD_PLATE_HELL	1	T4_ARTEFACT_HEAD_PLATE_HELL	1
T4_HEAD_PLATE_HELL	2	T4_METALBAR_LEVEL2	8
T4_HEAD_PLATE_HELL	2	T4_ARTEFACT_HEAD_PLATE_HELL	1
T4_HEAD_PLATE_HELL	3	T4_METALBAR_LEVEL3	8
T4_HEAD_PLATE_HELL	3	T4_ARTEFACT_HEAD_PLATE_HELL	1
T4_HEAD_PLATE_HELL	4	T4_METALBAR_LEVEL4	8
T4_HEAD_PLATE_HELL	4	T4_ARTEFACT_HEAD_PLATE_HELL	1
T5_HEAD_PLATE_HELL	0	T5_METALBAR	8
T5_HEAD_PLATE_HELL	0	T5_ARTEFACT_HEAD_PLATE_HELL	1
T5_HEAD_PLATE_HELL	1	T5_METALBAR_LEVEL1	8
T5_HEAD_PLATE_HELL	1	T5_ARTEFACT_HEAD_PLATE_HELL	1
T5_HEAD_PLATE_HELL	2	T5_METALBAR_LEVEL2	8
T5_HEAD_PLATE_HELL	2	T5_ARTEFACT_HEAD_PLATE_HELL	1
T5_HEAD_PLATE_HELL	3	T5_METALBAR_LEVEL3	8
T5_HEAD_PLATE_HELL	3	T5_ARTEFACT_HEAD_PLATE_HELL	1
T5_HEAD_PLATE_HELL	4	T5_METALBAR_LEVEL4	8
T5_HEAD_PLATE_HELL	4	T5_ARTEFACT_HEAD_PLATE_HELL	1
T6_HEAD_PLATE_HELL	0	T6_METALBAR	8
T6_HEAD_PLATE_HELL	0	T6_ARTEFACT_HEAD_PLATE_HELL	1
T6_HEAD_PLATE_HELL	1	T6_METALBAR_LEVEL1	8
T6_HEAD_PLATE_HELL	1	T6_ARTEFACT_HEAD_PLATE_HELL	1
T6_HEAD_PLATE_HELL	2	T6_METALBAR_LEVEL2	8
T6_HEAD_PLATE_HELL	2	T6_ARTEFACT_HEAD_PLATE_HELL	1
T6_HEAD_PLATE_HELL	3	T6_METALBAR_LEVEL3	8
T6_HEAD_PLATE_HELL	3	T6_ARTEFACT_HEAD_PLATE_HELL	1
T6_HEAD_PLATE_HELL	4	T6_METALBAR_LEVEL4	8
T6_HEAD_PLATE_HELL	4	T6_ARTEFACT_HEAD_PLATE_HELL	1
T7_HEAD_PLATE_HELL	0	T7_METALBAR	8
T7_HEAD_PLATE_HELL	0	T7_ARTEFACT_HEAD_PLATE_HELL	1
T7_HEAD_PLATE_HELL	1	T7_METALBAR_LEVEL1	8
T7_HEAD_PLATE_HELL	1	T7_ARTEFACT_HEAD_PLATE_HELL	1
T7_HEAD_PLATE_HELL	2	T7_METALBAR_LEVEL2	8
T7_HEAD_PLATE_HELL	2	T7_ARTEFACT_HEAD_PLATE_HELL	1
T7_HEAD_PLATE_HELL	3	T7_METALBAR_LEVEL3	8
T7_HEAD_PLATE_HELL	3	T7_ARTEFACT_HEAD_PLATE_HELL	1
T7_HEAD_PLATE_HELL	4	T7_METALBAR_LEVEL4	8
T7_HEAD_PLATE_HELL	4	T7_ARTEFACT_HEAD_PLATE_HELL	1
T8_HEAD_PLATE_HELL	0	T8_METALBAR	8
T8_HEAD_PLATE_HELL	0	T8_ARTEFACT_HEAD_PLATE_HELL	1
T8_HEAD_PLATE_HELL	1	T8_METALBAR_LEVEL1	8
T8_HEAD_PLATE_HELL	1	T8_ARTEFACT_HEAD_PLATE_HELL	1
T8_HEAD_PLATE_HELL	2	T8_METALBAR_LEVEL2	8
T8_HEAD_PLATE_HELL	2	T8_ARTEFACT_HEAD_PLATE_HELL	1
T8_HEAD_PLATE_HELL	3	T8_METALBAR_LEVEL3	8
T8_HEAD_PLATE_HELL	3	T8_ARTEFACT_HEAD_PLATE_HELL	1
T8_HEAD_PLATE_HELL	4	T8_METALBAR_LEVEL4	8
T8_HEAD_PLATE_HELL	4	T8_ARTEFACT_HEAD_PLATE_HELL	1
T4_ARMOR_PLATE_HELL	0	T4_METALBAR	16
T4_ARMOR_PLATE_HELL	0	T4_ARTEFACT_ARMOR_PLATE_HELL	1
T4_ARMOR_PLATE_HELL	1	T4_METALBAR_LEVEL1	16
T4_ARMOR_PLATE_HELL	1	T4_ARTEFACT_ARMOR_PLATE_HELL	1
T4_ARMOR_PLATE_HELL	2	T4_METALBAR_LEVEL2	16
T4_ARMOR_PLATE_HELL	2	T4_ARTEFACT_ARMOR_PLATE_HELL	1
T4_ARMOR_PLATE_HELL	3	T4_METALBAR_LEVEL3	16
T4_ARMOR_PLATE_HELL	3	T4_ARTEFACT_ARMOR_PLATE_HELL	1
T4_ARMOR_PLATE_HELL	4	T4_METALBAR_LEVEL4	16
T4_ARMOR_PLATE_HELL	4	T4_ARTEFACT_ARMOR_PLATE_HELL	1
T5_ARMOR_PLATE_HELL	0	T5_METALBAR	16
T5_ARMOR_PLATE_HELL	0	T5_ARTEFACT_ARMOR_PLATE_HELL	1
T5_ARMOR_PLATE_HELL	1	T5_METALBAR_LEVEL1	16
T5_ARMOR_PLATE_HELL	1	T5_ARTEFACT_ARMOR_PLATE_HELL	1
T5_ARMOR_PLATE_HELL	2	T5_METALBAR_LEVEL2	16
T5_ARMOR_PLATE_HELL	2	T5_ARTEFACT_ARMOR_PLATE_HELL	1
T5_ARMOR_PLATE_HELL	3	T5_METALBAR_LEVEL3	16
T5_ARMOR_PLATE_HELL	3	T5_ARTEFACT_ARMOR_PLATE_HELL	1
T5_ARMOR_PLATE_HELL	4	T5_METALBAR_LEVEL4	16
T5_ARMOR_PLATE_HELL	4	T5_ARTEFACT_ARMOR_PLATE_HELL	1
T6_ARMOR_PLATE_HELL	0	T6_METALBAR	16
T6_ARMOR_PLATE_HELL	0	T6_ARTEFACT_ARMOR_PLATE_HELL	1
T6_ARMOR_PLATE_HELL	1	T6_METALBAR_LEVEL1	16
T6_ARMOR_PLATE_HELL	1	T6_ARTEFACT_ARMOR_PLATE_HELL	1
T6_ARMOR_PLATE_HELL	2	T6_METALBAR_LEVEL2	16
T6_ARMOR_PLATE_HELL	2	T6_ARTEFACT_ARMOR_PLATE_HELL	1
T6_ARMOR_PLATE_HELL	3	T6_METALBAR_LEVEL3	16
T6_ARMOR_PLATE_HELL	3	T6_ARTEFACT_ARMOR_PLATE_HELL	1
T6_ARMOR_PLATE_HELL	4	T6_METALBAR_LEVEL4	16
T6_ARMOR_PLATE_HELL	4	T6_ARTEFACT_ARMOR_PLATE_HELL	1
T7_ARMOR_PLATE_HELL	0	T7_METALBAR	16
T7_ARMOR_PLATE_HELL	0	T7_ARTEFACT_ARMOR_PLATE_HELL	1
T7_ARMOR_PLATE_HELL	1	T7_METALBAR_LEVEL1	16
T7_ARMOR_PLATE_HELL	1	T7_ARTEFACT_ARMOR_PLATE_HELL	1
T7_ARMOR_PLATE_HELL	2	T7_METALBAR_LEVEL2	16
T7_ARMOR_PLATE_HELL	2	T7_ARTEFACT_ARMOR_PLATE_HELL	1
T7_ARMOR_PLATE_HELL	3	T7_METALBAR_LEVEL3	16
T7_ARMOR_PLATE_HELL	3	T7_ARTEFACT_ARMOR_PLATE_HELL	1
T7_ARMOR_PLATE_HELL	4	T7_METALBAR_LEVEL4	16
T7_ARMOR_PLATE_HELL	4	T7_ARTEFACT_ARMOR_PLATE_HELL	1
T8_ARMOR_PLATE_HELL	0	T8_METALBAR	16
T8_ARMOR_PLATE_HELL	0	T8_ARTEFACT_ARMOR_PLATE_HELL	1
T8_ARMOR_PLATE_HELL	1	T8_METALBAR_LEVEL1	16
T8_ARMOR_PLATE_HELL	1	T8_ARTEFACT_ARMOR_PLATE_HELL	1
T8_ARMOR_PLATE_HELL	2	T8_METALBAR_LEVEL2	16
T8_ARMOR_PLATE_HELL	2	T8_ARTEFACT_ARMOR_PLATE_HELL	1
T8_ARMOR_PLATE_HELL	3	T8_METALBAR_LEVEL3	16
T8_ARMOR_PLATE_HELL	3	T8_ARTEFACT_ARMOR_PLATE_HELL	1
T8_ARMOR_PLATE_HELL	4	T8_METALBAR_LEVEL4	16
T8_ARMOR_PLATE_HELL	4	T8_ARTEFACT_ARMOR_PLATE_HELL	1
T4_SHOES_PLATE_HELL	0	T4_METALBAR	8
T4_SHOES_PLATE_HELL	0	T4_ARTEFACT_SHOES_PLATE_HELL	1
T4_SHOES_PLATE_HELL	1	T4_METALBAR_LEVEL1	8
T4_SHOES_PLATE_HELL	1	T4_ARTEFACT_SHOES_PLATE_HELL	1
T4_SHOES_PLATE_HELL	2	T4_METALBAR_LEVEL2	8
T4_SHOES_PLATE_HELL	2	T4_ARTEFACT_SHOES_PLATE_HELL	1
T4_SHOES_PLATE_HELL	3	T4_METALBAR_LEVEL3	8
T4_SHOES_PLATE_HELL	3	T4_ARTEFACT_SHOES_PLATE_HELL	1
T4_SHOES_PLATE_HELL	4	T4_METALBAR_LEVEL4	8
T4_SHOES_PLATE_HELL	4	T4_ARTEFACT_SHOES_PLATE_HELL	1
T5_SHOES_PLATE_HELL	0	T5_METALBAR	8
T5_SHOES_PLATE_HELL	0	T5_ARTEFACT_SHOES_PLATE_HELL	1
T5_SHOES_PLATE_HELL	1	T5_METALBAR_LEVEL1	8
T5_SHOES_PLATE_HELL	1	T5_ARTEFACT_SHOES_PLATE_HELL	1
T5_SHOES_PLATE_HELL	2	T5_METALBAR_LEVEL2	8
T5_SHOES_PLATE_HELL	2	T5_ARTEFACT_SHOES_PLATE_HELL	1
T5_SHOES_PLATE_HELL	3	T5_METALBAR_LEVEL3	8
T5_SHOES_PLATE_HELL	3	T5_ARTEFACT_SHOES_PLATE_HELL	1
T5_SHOES_PLATE_HELL	4	T5_METALBAR_LEVEL4	8
T5_SHOES_PLATE_HELL	4	T5_ARTEFACT_SHOES_PLATE_HELL	1
T6_SHOES_PLATE_HELL	0	T6_METALBAR	8
T6_SHOES_PLATE_HELL	0	T6_ARTEFACT_SHOES_PLATE_HELL	1
T6_SHOES_PLATE_HELL	1	T6_METALBAR_LEVEL1	8
T6_SHOES_PLATE_HELL	1	T6_ARTEFACT_SHOES_PLATE_HELL	1
T6_SHOES_PLATE_HELL	2	T6_METALBAR_LEVEL2	8
T6_SHOES_PLATE_HELL	2	T6_ARTEFACT_SHOES_PLATE_HELL	1
T6_SHOES_PLATE_HELL	3	T6_METALBAR_LEVEL3	8
T6_SHOES_PLATE_HELL	3	T6_ARTEFACT_SHOES_PLATE_HELL	1
T6_SHOES_PLATE_HELL	4	T6_METALBAR_LEVEL4	8
T6_SHOES_PLATE_HELL	4	T6_ARTEFACT_SHOES_PLATE_HELL	1
T7_SHOES_PLATE_HELL	0	T7_METALBAR	8
T7_SHOES_PLATE_HELL	0	T7_ARTEFACT_SHOES_PLATE_HELL	1
T7_SHOES_PLATE_HELL	1	T7_METALBAR_LEVEL1	8
T7_SHOES_PLATE_HELL	1	T7_ARTEFACT_SHOES_PLATE_HELL	1
T7_SHOES_PLATE_HELL	2	T7_METALBAR_LEVEL2	8
T7_SHOES_PLATE_HELL	2	T7_ARTEFACT_SHOES_PLATE_HELL	1
T7_SHOES_PLATE_HELL	3	T7_METALBAR_LEVEL3	8
T7_SHOES_PLATE_HELL	3	T7_ARTEFACT_SHOES_PLATE_HELL	1
T7_SHOES_PLATE_HELL	4	T7_METALBAR_LEVEL4	8
T7_SHOES_PLATE_HELL	4	T7_ARTEFACT_SHOES_PLATE_HELL	1
T8_SHOES_PLATE_HELL	0	T8_METALBAR	8
T8_SHOES_PLATE_HELL	0	T8_ARTEFACT_SHOES_PLATE_HELL	1
T8_SHOES_PLATE_HELL	1	T8_METALBAR_LEVEL1	8
T8_SHOES_PLATE_HELL	1	T8_ARTEFACT_SHOES_PLATE_HELL	1
T8_SHOES_PLATE_HELL	2	T8_METALBAR_LEVEL2	8
T8_SHOES_PLATE_HELL	2	T8_ARTEFACT_SHOES_PLATE_HELL	1
T8_SHOES_PLATE_HELL	3	T8_METALBAR_LEVEL3	8
T8_SHOES_PLATE_HELL	3	T8_ARTEFACT_SHOES_PLATE_HELL	1
T8_SHOES_PLATE_HELL	4	T8_METALBAR_LEVEL4	8
T8_SHOES_PLATE_HELL	4	T8_ARTEFACT_SHOES_PLATE_HELL	1
T4_HEAD_PLATE_KEEPER	0	T4_METALBAR	8
T4_HEAD_PLATE_KEEPER	0	T4_ARTEFACT_HEAD_PLATE_KEEPER	1
T4_HEAD_PLATE_KEEPER	1	T4_METALBAR_LEVEL1	8
T4_HEAD_PLATE_KEEPER	1	T4_ARTEFACT_HEAD_PLATE_KEEPER	1
T4_HEAD_PLATE_KEEPER	2	T4_METALBAR_LEVEL2	8
T4_HEAD_PLATE_KEEPER	2	T4_ARTEFACT_HEAD_PLATE_KEEPER	1
T4_HEAD_PLATE_KEEPER	3	T4_METALBAR_LEVEL3	8
T4_HEAD_PLATE_KEEPER	3	T4_ARTEFACT_HEAD_PLATE_KEEPER	1
T4_HEAD_PLATE_KEEPER	4	T4_METALBAR_LEVEL4	8
T4_HEAD_PLATE_KEEPER	4	T4_ARTEFACT_HEAD_PLATE_KEEPER	1
T5_HEAD_PLATE_KEEPER	0	T5_METALBAR	8
T5_HEAD_PLATE_KEEPER	0	T5_ARTEFACT_HEAD_PLATE_KEEPER	1
T5_HEAD_PLATE_KEEPER	1	T5_METALBAR_LEVEL1	8
T5_HEAD_PLATE_KEEPER	1	T5_ARTEFACT_HEAD_PLATE_KEEPER	1
T5_HEAD_PLATE_KEEPER	2	T5_METALBAR_LEVEL2	8
T5_HEAD_PLATE_KEEPER	2	T5_ARTEFACT_HEAD_PLATE_KEEPER	1
T5_HEAD_PLATE_KEEPER	3	T5_METALBAR_LEVEL3	8
T5_HEAD_PLATE_KEEPER	3	T5_ARTEFACT_HEAD_PLATE_KEEPER	1
T5_HEAD_PLATE_KEEPER	4	T5_METALBAR_LEVEL4	8
T5_HEAD_PLATE_KEEPER	4	T5_ARTEFACT_HEAD_PLATE_KEEPER	1
T6_HEAD_PLATE_KEEPER	0	T6_METALBAR	8
T6_HEAD_PLATE_KEEPER	0	T6_ARTEFACT_HEAD_PLATE_KEEPER	1
T6_HEAD_PLATE_KEEPER	1	T6_METALBAR_LEVEL1	8
T6_HEAD_PLATE_KEEPER	1	T6_ARTEFACT_HEAD_PLATE_KEEPER	1
T6_HEAD_PLATE_KEEPER	2	T6_METALBAR_LEVEL2	8
T6_HEAD_PLATE_KEEPER	2	T6_ARTEFACT_HEAD_PLATE_KEEPER	1
T6_HEAD_PLATE_KEEPER	3	T6_METALBAR_LEVEL3	8
T6_HEAD_PLATE_KEEPER	3	T6_ARTEFACT_HEAD_PLATE_KEEPER	1
T6_HEAD_PLATE_KEEPER	4	T6_METALBAR_LEVEL4	8
T6_HEAD_PLATE_KEEPER	4	T6_ARTEFACT_HEAD_PLATE_KEEPER	1
T7_HEAD_PLATE_KEEPER	0	T7_METALBAR	8
T7_HEAD_PLATE_KEEPER	0	T7_ARTEFACT_HEAD_PLATE_KEEPER	1
T7_HEAD_PLATE_KEEPER	1	T7_METALBAR_LEVEL1	8
T7_HEAD_PLATE_KEEPER	1	T7_ARTEFACT_HEAD_PLATE_KEEPER	1
T7_HEAD_PLATE_KEEPER	2	T7_METALBAR_LEVEL2	8
T7_HEAD_PLATE_KEEPER	2	T7_ARTEFACT_HEAD_PLATE_KEEPER	1
T7_HEAD_PLATE_KEEPER	3	T7_METALBAR_LEVEL3	8
T7_HEAD_PLATE_KEEPER	3	T7_ARTEFACT_HEAD_PLATE_KEEPER	1
T7_HEAD_PLATE_KEEPER	4	T7_METALBAR_LEVEL4	8
T7_HEAD_PLATE_KEEPER	4	T7_ARTEFACT_HEAD_PLATE_KEEPER	1
T8_HEAD_PLATE_KEEPER	0	T8_METALBAR	8
T8_HEAD_PLATE_KEEPER	0	T8_ARTEFACT_HEAD_PLATE_KEEPER	1
T8_HEAD_PLATE_KEEPER	1	T8_METALBAR_LEVEL1	8
T8_HEAD_PLATE_KEEPER	1	T8_ARTEFACT_HEAD_PLATE_KEEPER	1
T8_HEAD_PLATE_KEEPER	2	T8_METALBAR_LEVEL2	8
T8_HEAD_PLATE_KEEPER	2	T8_ARTEFACT_HEAD_PLATE_KEEPER	1
T8_HEAD_PLATE_KEEPER	3	T8_METALBAR_LEVEL3	8
T8_HEAD_PLATE_KEEPER	3	T8_ARTEFACT_HEAD_PLATE_KEEPER	1
T8_HEAD_PLATE_KEEPER	4	T8_METALBAR_LEVEL4	8
T8_HEAD_PLATE_KEEPER	4	T8_ARTEFACT_HEAD_PLATE_KEEPER	1
T4_ARMOR_PLATE_KEEPER	0	T4_METALBAR	16
T4_ARMOR_PLATE_KEEPER	0	T4_ARTEFACT_ARMOR_PLATE_KEEPER	1
T4_ARMOR_PLATE_KEEPER	1	T4_METALBAR_LEVEL1	16
T4_ARMOR_PLATE_KEEPER	1	T4_ARTEFACT_ARMOR_PLATE_KEEPER	1
T4_ARMOR_PLATE_KEEPER	2	T4_METALBAR_LEVEL2	16
T4_ARMOR_PLATE_KEEPER	2	T4_ARTEFACT_ARMOR_PLATE_KEEPER	1
T4_ARMOR_PLATE_KEEPER	3	T4_METALBAR_LEVEL3	16
T4_ARMOR_PLATE_KEEPER	3	T4_ARTEFACT_ARMOR_PLATE_KEEPER	1
T4_ARMOR_PLATE_KEEPER	4	T4_METALBAR_LEVEL4	16
T4_ARMOR_PLATE_KEEPER	4	T4_ARTEFACT_ARMOR_PLATE_KEEPER	1
T5_ARMOR_PLATE_KEEPER	0	T5_METALBAR	16
T5_ARMOR_PLATE_KEEPER	0	T5_ARTEFACT_ARMOR_PLATE_KEEPER	1
T5_ARMOR_PLATE_KEEPER	1	T5_METALBAR_LEVEL1	16
T5_ARMOR_PLATE_KEEPER	1	T5_ARTEFACT_ARMOR_PLATE_KEEPER	1
T5_ARMOR_PLATE_KEEPER	2	T5_METALBAR_LEVEL2	16
T5_ARMOR_PLATE_KEEPER	2	T5_ARTEFACT_ARMOR_PLATE_KEEPER	1
T5_ARMOR_PLATE_KEEPER	3	T5_METALBAR_LEVEL3	16
T5_ARMOR_PLATE_KEEPER	3	T5_ARTEFACT_ARMOR_PLATE_KEEPER	1
T5_ARMOR_PLATE_KEEPER	4	T5_METALBAR_LEVEL4	16
T5_ARMOR_PLATE_KEEPER	4	T5_ARTEFACT_ARMOR_PLATE_KEEPER	1
T6_ARMOR_PLATE_KEEPER	0	T6_METALBAR	16
T6_ARMOR_PLATE_KEEPER	0	T6_ARTEFACT_ARMOR_PLATE_KEEPER	1
T6_ARMOR_PLATE_KEEPER	1	T6_METALBAR_LEVEL1	16
T6_ARMOR_PLATE_KEEPER	1	T6_ARTEFACT_ARMOR_PLATE_KEEPER	1
T6_ARMOR_PLATE_KEEPER	2	T6_METALBAR_LEVEL2	16
T6_ARMOR_PLATE_KEEPER	2	T6_ARTEFACT_ARMOR_PLATE_KEEPER	1
T6_ARMOR_PLATE_KEEPER	3	T6_METALBAR_LEVEL3	16
T6_ARMOR_PLATE_KEEPER	3	T6_ARTEFACT_ARMOR_PLATE_KEEPER	1
T6_ARMOR_PLATE_KEEPER	4	T6_METALBAR_LEVEL4	16
T6_ARMOR_PLATE_KEEPER	4	T6_ARTEFACT_ARMOR_PLATE_KEEPER	1
T7_ARMOR_PLATE_KEEPER	0	T7_METALBAR	16
T7_ARMOR_PLATE_KEEPER	0	T7_ARTEFACT_ARMOR_PLATE_KEEPER	1
T7_ARMOR_PLATE_KEEPER	1	T7_METALBAR_LEVEL1	16
T7_ARMOR_PLATE_KEEPER	1	T7_ARTEFACT_ARMOR_PLATE_KEEPER	1
T7_ARMOR_PLATE_KEEPER	2	T7_METALBAR_LEVEL2	16
T7_ARMOR_PLATE_KEEPER	2	T7_ARTEFACT_ARMOR_PLATE_KEEPER	1
T7_ARMOR_PLATE_KEEPER	3	T7_METALBAR_LEVEL3	16
T7_ARMOR_PLATE_KEEPER	3	T7_ARTEFACT_ARMOR_PLATE_KEEPER	1
T7_ARMOR_PLATE_KEEPER	4	T7_METALBAR_LEVEL4	16
T7_ARMOR_PLATE_KEEPER	4	T7_ARTEFACT_ARMOR_PLATE_KEEPER	1
T8_ARMOR_PLATE_KEEPER	0	T8_METALBAR	16
T8_ARMOR_PLATE_KEEPER	0	T8_ARTEFACT_ARMOR_PLATE_KEEPER	1
T8_ARMOR_PLATE_KEEPER	1	T8_METALBAR_LEVEL1	16
T8_ARMOR_PLATE_KEEPER	1	T8_ARTEFACT_ARMOR_PLATE_KEEPER	1
T8_ARMOR_PLATE_KEEPER	2	T8_METALBAR_LEVEL2	16
T8_ARMOR_PLATE_KEEPER	2	T8_ARTEFACT_ARMOR_PLATE_KEEPER	1
T8_ARMOR_PLATE_KEEPER	3	T8_METALBAR_LEVEL3	16
T8_ARMOR_PLATE_KEEPER	3	T8_ARTEFACT_ARMOR_PLATE_KEEPER	1
T8_ARMOR_PLATE_KEEPER	4	T8_METALBAR_LEVEL4	16
T8_ARMOR_PLATE_KEEPER	4	T8_ARTEFACT_ARMOR_PLATE_KEEPER	1
T4_SHOES_PLATE_KEEPER	0	T4_METALBAR	8
T4_SHOES_PLATE_KEEPER	0	T4_ARTEFACT_SHOES_PLATE_KEEPER	1
T4_SHOES_PLATE_KEEPER	1	T4_METALBAR_LEVEL1	8
T4_SHOES_PLATE_KEEPER	1	T4_ARTEFACT_SHOES_PLATE_KEEPER	1
T4_SHOES_PLATE_KEEPER	2	T4_METALBAR_LEVEL2	8
T4_SHOES_PLATE_KEEPER	2	T4_ARTEFACT_SHOES_PLATE_KEEPER	1
T4_SHOES_PLATE_KEEPER	3	T4_METALBAR_LEVEL3	8
T4_SHOES_PLATE_KEEPER	3	T4_ARTEFACT_SHOES_PLATE_KEEPER	1
T4_SHOES_PLATE_KEEPER	4	T4_METALBAR_LEVEL4	8
T4_SHOES_PLATE_KEEPER	4	T4_ARTEFACT_SHOES_PLATE_KEEPER	1
T5_SHOES_PLATE_KEEPER	0	T5_METALBAR	8
T5_SHOES_PLATE_KEEPER	0	T5_ARTEFACT_SHOES_PLATE_KEEPER	1
T5_SHOES_PLATE_KEEPER	1	T5_METALBAR_LEVEL1	8
T5_SHOES_PLATE_KEEPER	1	T5_ARTEFACT_SHOES_PLATE_KEEPER	1
T5_SHOES_PLATE_KEEPER	2	T5_METALBAR_LEVEL2	8
T5_SHOES_PLATE_KEEPER	2	T5_ARTEFACT_SHOES_PLATE_KEEPER	1
T5_SHOES_PLATE_KEEPER	3	T5_METALBAR_LEVEL3	8
T5_SHOES_PLATE_KEEPER	3	T5_ARTEFACT_SHOES_PLATE_KEEPER	1
T5_SHOES_PLATE_KEEPER	4	T5_METALBAR_LEVEL4	8
T5_SHOES_PLATE_KEEPER	4	T5_ARTEFACT_SHOES_PLATE_KEEPER	1
T6_SHOES_PLATE_KEEPER	0	T6_METALBAR	8
T6_SHOES_PLATE_KEEPER	0	T6_ARTEFACT_SHOES_PLATE_KEEPER	1
T6_SHOES_PLATE_KEEPER	1	T6_METALBAR_LEVEL1	8
T6_SHOES_PLATE_KEEPER	1	T6_ARTEFACT_SHOES_PLATE_KEEPER	1
T6_SHOES_PLATE_KEEPER	2	T6_METALBAR_LEVEL2	8
T6_SHOES_PLATE_KEEPER	2	T6_ARTEFACT_SHOES_PLATE_KEEPER	1
T6_SHOES_PLATE_KEEPER	3	T6_METALBAR_LEVEL3	8
T6_SHOES_PLATE_KEEPER	3	T6_ARTEFACT_SHOES_PLATE_KEEPER	1
T6_SHOES_PLATE_KEEPER	4	T6_METALBAR_LEVEL4	8
T6_SHOES_PLATE_KEEPER	4	T6_ARTEFACT_SHOES_PLATE_KEEPER	1
T7_SHOES_PLATE_KEEPER	0	T7_METALBAR	8
T7_SHOES_PLATE_KEEPER	0	T7_ARTEFACT_SHOES_PLATE_KEEPER	1
T7_SHOES_PLATE_KEEPER	1	T7_METALBAR_LEVEL1	8
T7_SHOES_PLATE_KEEPER	1	T7_ARTEFACT_SHOES_PLATE_KEEPER	1
T7_SHOES_PLATE_KEEPER	2	T7_METALBAR_LEVEL2	8
T7_SHOES_PLATE_KEEPER	2	T7_ARTEFACT_SHOES_PLATE_KEEPER	1
T7_SHOES_PLATE_KEEPER	3	T7_METALBAR_LEVEL3	8
T7_SHOES_PLATE_KEEPER	3	T7_ARTEFACT_SHOES_PLATE_KEEPER	1
T7_SHOES_PLATE_KEEPER	4	T7_METALBAR_LEVEL4	8
T7_SHOES_PLATE_KEEPER	4	T7_ARTEFACT_SHOES_PLATE_KEEPER	1
T8_SHOES_PLATE_KEEPER	0	T8_METALBAR	8
T8_SHOES_PLATE_KEEPER	0	T8_ARTEFACT_SHOES_PLATE_KEEPER	1
T8_SHOES_PLATE_KEEPER	1	T8_METALBAR_LEVEL1	8
T8_SHOES_PLATE_KEEPER	1	T8_ARTEFACT_SHOES_PLATE_KEEPER	1
T8_SHOES_PLATE_KEEPER	2	T8_METALBAR_LEVEL2	8
T8_SHOES_PLATE_KEEPER	2	T8_ARTEFACT_SHOES_PLATE_KEEPER	1
T8_SHOES_PLATE_KEEPER	3	T8_METALBAR_LEVEL3	8
T8_SHOES_PLATE_KEEPER	3	T8_ARTEFACT_SHOES_PLATE_KEEPER	1
T8_SHOES_PLATE_KEEPER	4	T8_METALBAR_LEVEL4	8
T8_SHOES_PLATE_KEEPER	4	T8_ARTEFACT_SHOES_PLATE_KEEPER	1
T4_HEAD_PLATE_FEY	0	T4_METALBAR	8
T4_HEAD_PLATE_FEY	0	T4_ARTEFACT_HEAD_PLATE_FEY	1
T4_HEAD_PLATE_FEY	1	T4_METALBAR_LEVEL1	8
T4_HEAD_PLATE_FEY	1	T4_ARTEFACT_HEAD_PLATE_FEY	1
T4_HEAD_PLATE_FEY	2	T4_METALBAR_LEVEL2	8
T4_HEAD_PLATE_FEY	2	T4_ARTEFACT_HEAD_PLATE_FEY	1
T4_HEAD_PLATE_FEY	3	T4_METALBAR_LEVEL3	8
T4_HEAD_PLATE_FEY	3	T4_ARTEFACT_HEAD_PLATE_FEY	1
T4_HEAD_PLATE_FEY	4	T4_METALBAR_LEVEL4	8
T4_HEAD_PLATE_FEY	4	T4_ARTEFACT_HEAD_PLATE_FEY	1
T5_HEAD_PLATE_FEY	0	T5_METALBAR	8
T5_HEAD_PLATE_FEY	0	T5_ARTEFACT_HEAD_PLATE_FEY	1
T5_HEAD_PLATE_FEY	1	T5_METALBAR_LEVEL1	8
T5_HEAD_PLATE_FEY	1	T5_ARTEFACT_HEAD_PLATE_FEY	1
T5_HEAD_PLATE_FEY	2	T5_METALBAR_LEVEL2	8
T5_HEAD_PLATE_FEY	2	T5_ARTEFACT_HEAD_PLATE_FEY	1
T5_HEAD_PLATE_FEY	3	T5_METALBAR_LEVEL3	8
T5_HEAD_PLATE_FEY	3	T5_ARTEFACT_HEAD_PLATE_FEY	1
T5_HEAD_PLATE_FEY	4	T5_METALBAR_LEVEL4	8
T5_HEAD_PLATE_FEY	4	T5_ARTEFACT_HEAD_PLATE_FEY	1
T6_HEAD_PLATE_FEY	0	T6_METALBAR	8
T6_HEAD_PLATE_FEY	0	T6_ARTEFACT_HEAD_PLATE_FEY	1
T6_HEAD_PLATE_FEY	1	T6_METALBAR_LEVEL1	8
T6_HEAD_PLATE_FEY	1	T6_ARTEFACT_HEAD_PLATE_FEY	1
T6_HEAD_PLATE_FEY	2	T6_METALBAR_LEVEL2	8
T6_HEAD_PLATE_FEY	2	T6_ARTEFACT_HEAD_PLATE_FEY	1
T6_HEAD_PLATE_FEY	3	T6_METALBAR_LEVEL3	8
T6_HEAD_PLATE_FEY	3	T6_ARTEFACT_HEAD_PLATE_FEY	1
T6_HEAD_PLATE_FEY	4	T6_METALBAR_LEVEL4	8
T6_HEAD_PLATE_FEY	4	T6_ARTEFACT_HEAD_PLATE_FEY	1
T7_HEAD_PLATE_FEY	0	T7_METALBAR	8
T7_HEAD_PLATE_FEY	0	T7_ARTEFACT_HEAD_PLATE_FEY	1
T7_HEAD_PLATE_FEY	1	T7_METALBAR_LEVEL1	8
T7_HEAD_PLATE_FEY	1	T7_ARTEFACT_HEAD_PLATE_FEY	1
T7_HEAD_PLATE_FEY	2	T7_METALBAR_LEVEL2	8
T7_HEAD_PLATE_FEY	2	T7_ARTEFACT_HEAD_PLATE_FEY	1
T7_HEAD_PLATE_FEY	3	T7_METALBAR_LEVEL3	8
T7_HEAD_PLATE_FEY	3	T7_ARTEFACT_HEAD_PLATE_FEY	1
T7_HEAD_PLATE_FEY	4	T7_METALBAR_LEVEL4	8
T7_HEAD_PLATE_FEY	4	T7_ARTEFACT_HEAD_PLATE_FEY	1
T8_HEAD_PLATE_FEY	0	T8_METALBAR	8
T8_HEAD_PLATE_FEY	0	T8_ARTEFACT_HEAD_PLATE_FEY	1
T8_HEAD_PLATE_FEY	1	T8_METALBAR_LEVEL1	8
T8_HEAD_PLATE_FEY	1	T8_ARTEFACT_HEAD_PLATE_FEY	1
T8_HEAD_PLATE_FEY	2	T8_METALBAR_LEVEL2	8
T8_HEAD_PLATE_FEY	2	T8_ARTEFACT_HEAD_PLATE_FEY	1
T8_HEAD_PLATE_FEY	3	T8_METALBAR_LEVEL3	8
T8_HEAD_PLATE_FEY	3	T8_ARTEFACT_HEAD_PLATE_FEY	1
T8_HEAD_PLATE_FEY	4	T8_METALBAR_LEVEL4	8
T8_HEAD_PLATE_FEY	4	T8_ARTEFACT_HEAD_PLATE_FEY	1
T4_ARMOR_PLATE_FEY	0	T4_METALBAR	16
T4_ARMOR_PLATE_FEY	0	T4_ARTEFACT_ARMOR_PLATE_FEY	1
T4_ARMOR_PLATE_FEY	1	T4_METALBAR_LEVEL1	16
T4_ARMOR_PLATE_FEY	1	T4_ARTEFACT_ARMOR_PLATE_FEY	1
T4_ARMOR_PLATE_FEY	2	T4_METALBAR_LEVEL2	16
T4_ARMOR_PLATE_FEY	2	T4_ARTEFACT_ARMOR_PLATE_FEY	1
T4_ARMOR_PLATE_FEY	3	T4_METALBAR_LEVEL3	16
T4_ARMOR_PLATE_FEY	3	T4_ARTEFACT_ARMOR_PLATE_FEY	1
T4_ARMOR_PLATE_FEY	4	T4_METALBAR_LEVEL4	16
T4_ARMOR_PLATE_FEY	4	T4_ARTEFACT_ARMOR_PLATE_FEY	1
T5_ARMOR_PLATE_FEY	0	T5_METALBAR	16
T5_ARMOR_PLATE_FEY	0	T5_ARTEFACT_ARMOR_PLATE_FEY	1
T5_ARMOR_PLATE_FEY	1	T5_METALBAR_LEVEL1	16
T5_ARMOR_PLATE_FEY	1	T5_ARTEFACT_ARMOR_PLATE_FEY	1
T5_ARMOR_PLATE_FEY	2	T5_METALBAR_LEVEL2	16
T5_ARMOR_PLATE_FEY	2	T5_ARTEFACT_ARMOR_PLATE_FEY	1
T5_ARMOR_PLATE_FEY	3	T5_METALBAR_LEVEL3	16
T5_ARMOR_PLATE_FEY	3	T5_ARTEFACT_ARMOR_PLATE_FEY	1
T5_ARMOR_PLATE_FEY	4	T5_METALBAR_LEVEL4	16
T5_ARMOR_PLATE_FEY	4	T5_ARTEFACT_ARMOR_PLATE_FEY	1
T6_ARMOR_PLATE_FEY	0	T6_METALBAR	16
T6_ARMOR_PLATE_FEY	0	T6_ARTEFACT_ARMOR_PLATE_FEY	1
T6_ARMOR_PLATE_FEY	1	T6_METALBAR_LEVEL1	16
T6_ARMOR_PLATE_FEY	1	T6_ARTEFACT_ARMOR_PLATE_FEY	1
T6_ARMOR_PLATE_FEY	2	T6_METALBAR_LEVEL2	16
T6_ARMOR_PLATE_FEY	2	T6_ARTEFACT_ARMOR_PLATE_FEY	1
T6_ARMOR_PLATE_FEY	3	T6_METALBAR_LEVEL3	16
T6_ARMOR_PLATE_FEY	3	T6_ARTEFACT_ARMOR_PLATE_FEY	1
T6_ARMOR_PLATE_FEY	4	T6_METALBAR_LEVEL4	16
T6_ARMOR_PLATE_FEY	4	T6_ARTEFACT_ARMOR_PLATE_FEY	1
T7_ARMOR_PLATE_FEY	0	T7_METALBAR	16
T7_ARMOR_PLATE_FEY	0	T7_ARTEFACT_ARMOR_PLATE_FEY	1
T7_ARMOR_PLATE_FEY	1	T7_METALBAR_LEVEL1	16
T7_ARMOR_PLATE_FEY	1	T7_ARTEFACT_ARMOR_PLATE_FEY	1
T7_ARMOR_PLATE_FEY	2	T7_METALBAR_LEVEL2	16
T7_ARMOR_PLATE_FEY	2	T7_ARTEFACT_ARMOR_PLATE_FEY	1
T7_ARMOR_PLATE_FEY	3	T7_METALBAR_LEVEL3	16
T7_ARMOR_PLATE_FEY	3	T7_ARTEFACT_ARMOR_PLATE_FEY	1
T7_ARMOR_PLATE_FEY	4	T7_METALBAR_LEVEL4	16
T7_ARMOR_PLATE_FEY	4	T7_ARTEFACT_ARMOR_PLATE_FEY	1
T8_ARMOR_PLATE_FEY	0	T8_METALBAR	16
T8_ARMOR_PLATE_FEY	0	T8_ARTEFACT_ARMOR_PLATE_FEY	1
T8_ARMOR_PLATE_FEY	1	T8_METALBAR_LEVEL1	16
T8_ARMOR_PLATE_FEY	1	T8_ARTEFACT_ARMOR_PLATE_FEY	1
T8_ARMOR_PLATE_FEY	2	T8_METALBAR_LEVEL2	16
T8_ARMOR_PLATE_FEY	2	T8_ARTEFACT_ARMOR_PLATE_FEY	1
T8_ARMOR_PLATE_FEY	3	T8_METALBAR_LEVEL3	16
T8_ARMOR_PLATE_FEY	3	T8_ARTEFACT_ARMOR_PLATE_FEY	1
T8_ARMOR_PLATE_FEY	4	T8_METALBAR_LEVEL4	16
T8_ARMOR_PLATE_FEY	4	T8_ARTEFACT_ARMOR_PLATE_FEY	1
T4_SHOES_PLATE_FEY	0	T4_METALBAR	8
T4_SHOES_PLATE_FEY	0	T4_ARTEFACT_SHOES_PLATE_FEY	1
T4_SHOES_PLATE_FEY	1	T4_METALBAR_LEVEL1	8
T4_SHOES_PLATE_FEY	1	T4_ARTEFACT_SHOES_PLATE_FEY	1
T4_SHOES_PLATE_FEY	2	T4_METALBAR_LEVEL2	8
T4_SHOES_PLATE_FEY	2	T4_ARTEFACT_SHOES_PLATE_FEY	1
T4_SHOES_PLATE_FEY	3	T4_METALBAR_LEVEL3	8
T4_SHOES_PLATE_FEY	3	T4_ARTEFACT_SHOES_PLATE_FEY	1
T4_SHOES_PLATE_FEY	4	T4_METALBAR_LEVEL4	8
T4_SHOES_PLATE_FEY	4	T4_ARTEFACT_SHOES_PLATE_FEY	1
T5_SHOES_PLATE_FEY	0	T5_METALBAR	8
T5_SHOES_PLATE_FEY	0	T5_ARTEFACT_SHOES_PLATE_FEY	1
T5_SHOES_PLATE_FEY	1	T5_METALBAR_LEVEL1	8
T5_SHOES_PLATE_FEY	1	T5_ARTEFACT_SHOES_PLATE_FEY	1
T5_SHOES_PLATE_FEY	2	T5_METALBAR_LEVEL2	8
T5_SHOES_PLATE_FEY	2	T5_ARTEFACT_SHOES_PLATE_FEY	1
T5_SHOES_PLATE_FEY	3	T5_METALBAR_LEVEL3	8
T5_SHOES_PLATE_FEY	3	T5_ARTEFACT_SHOES_PLATE_FEY	1
T5_SHOES_PLATE_FEY	4	T5_METALBAR_LEVEL4	8
T5_SHOES_PLATE_FEY	4	T5_ARTEFACT_SHOES_PLATE_FEY	1
T6_SHOES_PLATE_FEY	0	T6_METALBAR	8
T6_SHOES_PLATE_FEY	0	T6_ARTEFACT_SHOES_PLATE_FEY	1
T6_SHOES_PLATE_FEY	1	T6_METALBAR_LEVEL1	8
T6_SHOES_PLATE_FEY	1	T6_ARTEFACT_SHOES_PLATE_FEY	1
T6_SHOES_PLATE_FEY	2	T6_METALBAR_LEVEL2	8
T6_SHOES_PLATE_FEY	2	T6_ARTEFACT_SHOES_PLATE_FEY	1
T6_SHOES_PLATE_FEY	3	T6_METALBAR_LEVEL3	8
T6_SHOES_PLATE_FEY	3	T6_ARTEFACT_SHOES_PLATE_FEY	1
T6_SHOES_PLATE_FEY	4	T6_METALBAR_LEVEL4	8
T6_SHOES_PLATE_FEY	4	T6_ARTEFACT_SHOES_PLATE_FEY	1
T7_SHOES_PLATE_FEY	0	T7_METALBAR	8
T7_SHOES_PLATE_FEY	0	T7_ARTEFACT_SHOES_PLATE_FEY	1
T7_SHOES_PLATE_FEY	1	T7_METALBAR_LEVEL1	8
T7_SHOES_PLATE_FEY	1	T7_ARTEFACT_SHOES_PLATE_FEY	1
T7_SHOES_PLATE_FEY	2	T7_METALBAR_LEVEL2	8
T7_SHOES_PLATE_FEY	2	T7_ARTEFACT_SHOES_PLATE_FEY	1
T7_SHOES_PLATE_FEY	3	T7_METALBAR_LEVEL3	8
T7_SHOES_PLATE_FEY	3	T7_ARTEFACT_SHOES_PLATE_FEY	1
T7_SHOES_PLATE_FEY	4	T7_METALBAR_LEVEL4	8
T7_SHOES_PLATE_FEY	4	T7_ARTEFACT_SHOES_PLATE_FEY	1
T8_SHOES_PLATE_FEY	0	T8_METALBAR	8
T8_SHOES_PLATE_FEY	0	T8_ARTEFACT_SHOES_PLATE_FEY	1
T8_SHOES_PLATE_FEY	1	T8_METALBAR_LEVEL1	8
T8_SHOES_PLATE_FEY	1	T8_ARTEFACT_SHOES_PLATE_FEY	1
T8_SHOES_PLATE_FEY	2	T8_METALBAR_LEVEL2	8
T8_SHOES_PLATE_FEY	2	T8_ARTEFACT_SHOES_PLATE_FEY	1
T8_SHOES_PLATE_FEY	3	T8_METALBAR_LEVEL3	8
T8_SHOES_PLATE_FEY	3	T8_ARTEFACT_SHOES_PLATE_FEY	1
T8_SHOES_PLATE_FEY	4	T8_METALBAR_LEVEL4	8
T8_SHOES_PLATE_FEY	4	T8_ARTEFACT_SHOES_PLATE_FEY	1
T4_HEAD_PLATE_AVALON	0	T4_METALBAR	8
T4_HEAD_PLATE_AVALON	0	T4_ARTEFACT_HEAD_PLATE_AVALON	1
T4_HEAD_PLATE_AVALON	1	T4_METALBAR_LEVEL1	8
T4_HEAD_PLATE_AVALON	1	T4_ARTEFACT_HEAD_PLATE_AVALON	1
T4_HEAD_PLATE_AVALON	2	T4_METALBAR_LEVEL2	8
T4_HEAD_PLATE_AVALON	2	T4_ARTEFACT_HEAD_PLATE_AVALON	1
T4_HEAD_PLATE_AVALON	3	T4_METALBAR_LEVEL3	8
T4_HEAD_PLATE_AVALON	3	T4_ARTEFACT_HEAD_PLATE_AVALON	1
T4_HEAD_PLATE_AVALON	4	T4_METALBAR_LEVEL4	8
T4_HEAD_PLATE_AVALON	4	T4_ARTEFACT_HEAD_PLATE_AVALON	1
T5_HEAD_PLATE_AVALON	0	T5_METALBAR	8
T5_HEAD_PLATE_AVALON	0	T5_ARTEFACT_HEAD_PLATE_AVALON	1
T5_HEAD_PLATE_AVALON	1	T5_METALBAR_LEVEL1	8
T5_HEAD_PLATE_AVALON	1	T5_ARTEFACT_HEAD_PLATE_AVALON	1
T5_HEAD_PLATE_AVALON	2	T5_METALBAR_LEVEL2	8
T5_HEAD_PLATE_AVALON	2	T5_ARTEFACT_HEAD_PLATE_AVALON	1
T5_HEAD_PLATE_AVALON	3	T5_METALBAR_LEVEL3	8
T5_HEAD_PLATE_AVALON	3	T5_ARTEFACT_HEAD_PLATE_AVALON	1
T5_HEAD_PLATE_AVALON	4	T5_METALBAR_LEVEL4	8
T5_HEAD_PLATE_AVALON	4	T5_ARTEFACT_HEAD_PLATE_AVALON	1
T6_HEAD_PLATE_AVALON	0	T6_METALBAR	8
T6_HEAD_PLATE_AVALON	0	T6_ARTEFACT_HEAD_PLATE_AVALON	1
T6_HEAD_PLATE_AVALON	1	T6_METALBAR_LEVEL1	8
T6_HEAD_PLATE_AVALON	1	T6_ARTEFACT_HEAD_PLATE_AVALON	1
T6_HEAD_PLATE_AVALON	2	T6_METALBAR_LEVEL2	8
T6_HEAD_PLATE_AVALON	2	T6_ARTEFACT_HEAD_PLATE_AVALON	1
T6_HEAD_PLATE_AVALON	3	T6_METALBAR_LEVEL3	8
T6_HEAD_PLATE_AVALON	3	T6_ARTEFACT_HEAD_PLATE_AVALON	1
T6_HEAD_PLATE_AVALON	4	T6_METALBAR_LEVEL4	8
T6_HEAD_PLATE_AVALON	4	T6_ARTEFACT_HEAD_PLATE_AVALON	1
T7_HEAD_PLATE_AVALON	0	T7_METALBAR	8
T7_HEAD_PLATE_AVALON	0	T7_ARTEFACT_HEAD_PLATE_AVALON	1
T7_HEAD_PLATE_AVALON	1	T7_METALBAR_LEVEL1	8
T7_HEAD_PLATE_AVALON	1	T7_ARTEFACT_HEAD_PLATE_AVALON	1
T7_HEAD_PLATE_AVALON	2	T7_METALBAR_LEVEL2	8
T7_HEAD_PLATE_AVALON	2	T7_ARTEFACT_HEAD_PLATE_AVALON	1
T7_HEAD_PLATE_AVALON	3	T7_METALBAR_LEVEL3	8
T7_HEAD_PLATE_AVALON	3	T7_ARTEFACT_HEAD_PLATE_AVALON	1
T7_HEAD_PLATE_AVALON	4	T7_METALBAR_LEVEL4	8
T7_HEAD_PLATE_AVALON	4	T7_ARTEFACT_HEAD_PLATE_AVALON	1
T8_HEAD_PLATE_AVALON	0	T8_METALBAR	8
T8_HEAD_PLATE_AVALON	0	T8_ARTEFACT_HEAD_PLATE_AVALON	1
T8_HEAD_PLATE_AVALON	1	T8_METALBAR_LEVEL1	8
T8_HEAD_PLATE_AVALON	1	T8_ARTEFACT_HEAD_PLATE_AVALON	1
T8_HEAD_PLATE_AVALON	2	T8_METALBAR_LEVEL2	8
T8_HEAD_PLATE_AVALON	2	T8_ARTEFACT_HEAD_PLATE_AVALON	1
T8_HEAD_PLATE_AVALON	3	T8_METALBAR_LEVEL3	8
T8_HEAD_PLATE_AVALON	3	T8_ARTEFACT_HEAD_PLATE_AVALON	1
T8_HEAD_PLATE_AVALON	4	T8_METALBAR_LEVEL4	8
T8_HEAD_PLATE_AVALON	4	T8_ARTEFACT_HEAD_PLATE_AVALON	1
T4_ARMOR_PLATE_AVALON	0	T4_METALBAR	16
T4_ARMOR_PLATE_AVALON	0	T4_ARTEFACT_ARMOR_PLATE_AVALON	1
T4_ARMOR_PLATE_AVALON	1	T4_METALBAR_LEVEL1	16
T4_ARMOR_PLATE_AVALON	1	T4_ARTEFACT_ARMOR_PLATE_AVALON	1
T4_ARMOR_PLATE_AVALON	2	T4_METALBAR_LEVEL2	16
T4_ARMOR_PLATE_AVALON	2	T4_ARTEFACT_ARMOR_PLATE_AVALON	1
T4_ARMOR_PLATE_AVALON	3	T4_METALBAR_LEVEL3	16
T4_ARMOR_PLATE_AVALON	3	T4_ARTEFACT_ARMOR_PLATE_AVALON	1
T4_ARMOR_PLATE_AVALON	4	T4_METALBAR_LEVEL4	16
T4_ARMOR_PLATE_AVALON	4	T4_ARTEFACT_ARMOR_PLATE_AVALON	1
T5_ARMOR_PLATE_AVALON	0	T5_METALBAR	16
T5_ARMOR_PLATE_AVALON	0	T5_ARTEFACT_ARMOR_PLATE_AVALON	1
T5_ARMOR_PLATE_AVALON	1	T5_METALBAR_LEVEL1	16
T5_ARMOR_PLATE_AVALON	1	T5_ARTEFACT_ARMOR_PLATE_AVALON	1
T5_ARMOR_PLATE_AVALON	2	T5_METALBAR_LEVEL2	16
T5_ARMOR_PLATE_AVALON	2	T5_ARTEFACT_ARMOR_PLATE_AVALON	1
T5_ARMOR_PLATE_AVALON	3	T5_METALBAR_LEVEL3	16
T5_ARMOR_PLATE_AVALON	3	T5_ARTEFACT_ARMOR_PLATE_AVALON	1
T5_ARMOR_PLATE_AVALON	4	T5_METALBAR_LEVEL4	16
T5_ARMOR_PLATE_AVALON	4	T5_ARTEFACT_ARMOR_PLATE_AVALON	1
T6_ARMOR_PLATE_AVALON	0	T6_METALBAR	16
T6_ARMOR_PLATE_AVALON	0	T6_ARTEFACT_ARMOR_PLATE_AVALON	1
T6_ARMOR_PLATE_AVALON	1	T6_METALBAR_LEVEL1	16
T6_ARMOR_PLATE_AVALON	1	T6_ARTEFACT_ARMOR_PLATE_AVALON	1
T6_ARMOR_PLATE_AVALON	2	T6_METALBAR_LEVEL2	16
T6_ARMOR_PLATE_AVALON	2	T6_ARTEFACT_ARMOR_PLATE_AVALON	1
T6_ARMOR_PLATE_AVALON	3	T6_METALBAR_LEVEL3	16
T6_ARMOR_PLATE_AVALON	3	T6_ARTEFACT_ARMOR_PLATE_AVALON	1
T6_ARMOR_PLATE_AVALON	4	T6_METALBAR_LEVEL4	16
T6_ARMOR_PLATE_AVALON	4	T6_ARTEFACT_ARMOR_PLATE_AVALON	1
T7_ARMOR_PLATE_AVALON	0	T7_METALBAR	16
T7_ARMOR_PLATE_AVALON	0	T7_ARTEFACT_ARMOR_PLATE_AVALON	1
T7_ARMOR_PLATE_AVALON	1	T7_METALBAR_LEVEL1	16
T7_ARMOR_PLATE_AVALON	1	T7_ARTEFACT_ARMOR_PLATE_AVALON	1
T7_ARMOR_PLATE_AVALON	2	T7_METALBAR_LEVEL2	16
T7_ARMOR_PLATE_AVALON	2	T7_ARTEFACT_ARMOR_PLATE_AVALON	1
T7_ARMOR_PLATE_AVALON	3	T7_METALBAR_LEVEL3	16
T7_ARMOR_PLATE_AVALON	3	T7_ARTEFACT_ARMOR_PLATE_AVALON	1
T7_ARMOR_PLATE_AVALON	4	T7_METALBAR_LEVEL4	16
T7_ARMOR_PLATE_AVALON	4	T7_ARTEFACT_ARMOR_PLATE_AVALON	1
T8_ARMOR_PLATE_AVALON	0	T8_METALBAR	16
T8_ARMOR_PLATE_AVALON	0	T8_ARTEFACT_ARMOR_PLATE_AVALON	1
T8_ARMOR_PLATE_AVALON	1	T8_METALBAR_LEVEL1	16
T8_ARMOR_PLATE_AVALON	1	T8_ARTEFACT_ARMOR_PLATE_AVALON	1
T8_ARMOR_PLATE_AVALON	2	T8_METALBAR_LEVEL2	16
T8_ARMOR_PLATE_AVALON	2	T8_ARTEFACT_ARMOR_PLATE_AVALON	1
T8_ARMOR_PLATE_AVALON	3	T8_METALBAR_LEVEL3	16
T8_ARMOR_PLATE_AVALON	3	T8_ARTEFACT_ARMOR_PLATE_AVALON	1
T8_ARMOR_PLATE_AVALON	4	T8_METALBAR_LEVEL4	16
T8_ARMOR_PLATE_AVALON	4	T8_ARTEFACT_ARMOR_PLATE_AVALON	1
T4_SHOES_PLATE_AVALON	0	T4_METALBAR	8
T4_SHOES_PLATE_AVALON	0	T4_ARTEFACT_SHOES_PLATE_AVALON	1
T4_SHOES_PLATE_AVALON	1	T4_METALBAR_LEVEL1	8
T4_SHOES_PLATE_AVALON	1	T4_ARTEFACT_SHOES_PLATE_AVALON	1
T4_SHOES_PLATE_AVALON	2	T4_METALBAR_LEVEL2	8
T4_SHOES_PLATE_AVALON	2	T4_ARTEFACT_SHOES_PLATE_AVALON	1
T4_SHOES_PLATE_AVALON	3	T4_METALBAR_LEVEL3	8
T4_SHOES_PLATE_AVALON	3	T4_ARTEFACT_SHOES_PLATE_AVALON	1
T4_SHOES_PLATE_AVALON	4	T4_METALBAR_LEVEL4	8
T4_SHOES_PLATE_AVALON	4	T4_ARTEFACT_SHOES_PLATE_AVALON	1
T5_SHOES_PLATE_AVALON	0	T5_METALBAR	8
T5_SHOES_PLATE_AVALON	0	T5_ARTEFACT_SHOES_PLATE_AVALON	1
T5_SHOES_PLATE_AVALON	1	T5_METALBAR_LEVEL1	8
T5_SHOES_PLATE_AVALON	1	T5_ARTEFACT_SHOES_PLATE_AVALON	1
T5_SHOES_PLATE_AVALON	2	T5_METALBAR_LEVEL2	8
T5_SHOES_PLATE_AVALON	2	T5_ARTEFACT_SHOES_PLATE_AVALON	1
T5_SHOES_PLATE_AVALON	3	T5_METALBAR_LEVEL3	8
T5_SHOES_PLATE_AVALON	3	T5_ARTEFACT_SHOES_PLATE_AVALON	1
T5_SHOES_PLATE_AVALON	4	T5_METALBAR_LEVEL4	8
T5_SHOES_PLATE_AVALON	4	T5_ARTEFACT_SHOES_PLATE_AVALON	1
T6_SHOES_PLATE_AVALON	0	T6_METALBAR	8
T6_SHOES_PLATE_AVALON	0	T6_ARTEFACT_SHOES_PLATE_AVALON	1
T6_SHOES_PLATE_AVALON	1	T6_METALBAR_LEVEL1	8
T6_SHOES_PLATE_AVALON	1	T6_ARTEFACT_SHOES_PLATE_AVALON	1
T6_SHOES_PLATE_AVALON	2	T6_METALBAR_LEVEL2	8
T6_SHOES_PLATE_AVALON	2	T6_ARTEFACT_SHOES_PLATE_AVALON	1
T6_SHOES_PLATE_AVALON	3	T6_METALBAR_LEVEL3	8
T6_SHOES_PLATE_AVALON	3	T6_ARTEFACT_SHOES_PLATE_AVALON	1
T6_SHOES_PLATE_AVALON	4	T6_METALBAR_LEVEL4	8
T6_SHOES_PLATE_AVALON	4	T6_ARTEFACT_SHOES_PLATE_AVALON	1
T7_SHOES_PLATE_AVALON	0	T7_METALBAR	8
T7_SHOES_PLATE_AVALON	0	T7_ARTEFACT_SHOES_PLATE_AVALON	1
T7_SHOES_PLATE_AVALON	1	T7_METALBAR_LEVEL1	8
T7_SHOES_PLATE_AVALON	1	T7_ARTEFACT_SHOES_PLATE_AVALON	1
T7_SHOES_PLATE_AVALON	2	T7_METALBAR_LEVEL2	8
T7_SHOES_PLATE_AVALON	2	T7_ARTEFACT_SHOES_PLATE_AVALON	1
T7_SHOES_PLATE_AVALON	3	T7_METALBAR_LEVEL3	8
T7_SHOES_PLATE_AVALON	3	T7_ARTEFACT_SHOES_PLATE_AVALON	1
T7_SHOES_PLATE_AVALON	4	T7_METALBAR_LEVEL4	8
T7_SHOES_PLATE_AVALON	4	T7_ARTEFACT_SHOES_PLATE_AVALON	1
T8_SHOES_PLATE_AVALON	0	T8_METALBAR	8
T8_SHOES_PLATE_AVALON	0	T8_ARTEFACT_SHOES_PLATE_AVALON	1
T8_SHOES_PLATE_AVALON	1	T8_METALBAR_LEVEL1	8
T8_SHOES_PLATE_AVALON	1	T8_ARTEFACT_SHOES_PLATE_AVALON	1
T8_SHOES_PLATE_AVALON	2	T8_METALBAR_LEVEL2	8
T8_SHOES_PLATE_AVALON	2	T8_ARTEFACT_SHOES_PLATE_AVALON	1
T8_SHOES_PLATE_AVALON	3	T8_METALBAR_LEVEL3	8
T8_SHOES_PLATE_AVALON	3	T8_ARTEFACT_SHOES_PLATE_AVALON	1
T8_SHOES_PLATE_AVALON	4	T8_METALBAR_LEVEL4	8
T8_SHOES_PLATE_AVALON	4	T8_ARTEFACT_SHOES_PLATE_AVALON	1
T1_HEAD_LEATHER_SET1	0	T1_HIDE	4
T2_HEAD_LEATHER_SET1	0	T2_LEATHER	8
T3_HEAD_LEATHER_SET1	0	T3_LEATHER	8
T4_HEAD_LEATHER_SET1	0	T4_LEATHER	8
T4_HEAD_LEATHER_SET1	1	T4_LEATHER_LEVEL1	8
T4_HEAD_LEATHER_SET1	2	T4_LEATHER_LEVEL2	8
T4_HEAD_LEATHER_SET1	3	T4_LEATHER_LEVEL3	8
T4_HEAD_LEATHER_SET1	4	T4_LEATHER_LEVEL4	8
T5_HEAD_LEATHER_SET1	0	T5_LEATHER	8
T5_HEAD_LEATHER_SET1	1	T5_LEATHER_LEVEL1	8
T5_HEAD_LEATHER_SET1	2	T5_LEATHER_LEVEL2	8
T5_HEAD_LEATHER_SET1	3	T5_LEATHER_LEVEL3	8
T5_HEAD_LEATHER_SET1	4	T5_LEATHER_LEVEL4	8
T6_HEAD_LEATHER_SET1	0	T6_LEATHER	8
T6_HEAD_LEATHER_SET1	1	T6_LEATHER_LEVEL1	8
T6_HEAD_LEATHER_SET1	2	T6_LEATHER_LEVEL2	8
T6_HEAD_LEATHER_SET1	3	T6_LEATHER_LEVEL3	8
T6_HEAD_LEATHER_SET1	4	T6_LEATHER_LEVEL4	8
T7_HEAD_LEATHER_SET1	0	T7_LEATHER	8
T7_HEAD_LEATHER_SET1	1	T7_LEATHER_LEVEL1	8
T7_HEAD_LEATHER_SET1	2	T7_LEATHER_LEVEL2	8
T7_HEAD_LEATHER_SET1	3	T7_LEATHER_LEVEL3	8
T7_HEAD_LEATHER_SET1	4	T7_LEATHER_LEVEL4	8
T8_HEAD_LEATHER_SET1	0	T8_LEATHER	8
T8_HEAD_LEATHER_SET1	1	T8_LEATHER_LEVEL1	8
T8_HEAD_LEATHER_SET1	2	T8_LEATHER_LEVEL2	8
T8_HEAD_LEATHER_SET1	3	T8_LEATHER_LEVEL3	8
T8_HEAD_LEATHER_SET1	4	T8_LEATHER_LEVEL4	8
T1_ARMOR_LEATHER_SET1	0	T1_HIDE	8
T2_ARMOR_LEATHER_SET1	0	T2_LEATHER	16
T3_ARMOR_LEATHER_SET1	0	T3_LEATHER	16
T4_ARMOR_LEATHER_SET1	0	T4_LEATHER	16
T4_ARMOR_LEATHER_SET1	1	T4_LEATHER_LEVEL1	16
T4_ARMOR_LEATHER_SET1	2	T4_LEATHER_LEVEL2	16
T4_ARMOR_LEATHER_SET1	3	T4_LEATHER_LEVEL3	16
T4_ARMOR_LEATHER_SET1	4	T4_LEATHER_LEVEL4	16
T5_ARMOR_LEATHER_SET1	0	T5_LEATHER	16
T5_ARMOR_LEATHER_SET1	1	T5_LEATHER_LEVEL1	16
T5_ARMOR_LEATHER_SET1	2	T5_LEATHER_LEVEL2	16
T5_ARMOR_LEATHER_SET1	3	T5_LEATHER_LEVEL3	16
T5_ARMOR_LEATHER_SET1	4	T5_LEATHER_LEVEL4	16
T6_ARMOR_LEATHER_SET1	0	T6_LEATHER	16
T6_ARMOR_LEATHER_SET1	1	T6_LEATHER_LEVEL1	16
T6_ARMOR_LEATHER_SET1	2	T6_LEATHER_LEVEL2	16
T6_ARMOR_LEATHER_SET1	3	T6_LEATHER_LEVEL3	16
T6_ARMOR_LEATHER_SET1	4	T6_LEATHER_LEVEL4	16
T7_ARMOR_LEATHER_SET1	0	T7_LEATHER	16
T7_ARMOR_LEATHER_SET1	1	T7_LEATHER_LEVEL1	16
T7_ARMOR_LEATHER_SET1	2	T7_LEATHER_LEVEL2	16
T7_ARMOR_LEATHER_SET1	3	T7_LEATHER_LEVEL3	16
T7_ARMOR_LEATHER_SET1	4	T7_LEATHER_LEVEL4	16
T8_ARMOR_LEATHER_SET1	0	T8_LEATHER	16
T8_ARMOR_LEATHER_SET1	1	T8_LEATHER_LEVEL1	16
T8_ARMOR_LEATHER_SET1	2	T8_LEATHER_LEVEL2	16
T8_ARMOR_LEATHER_SET1	3	T8_LEATHER_LEVEL3	16
T8_ARMOR_LEATHER_SET1	4	T8_LEATHER_LEVEL4	16
T1_SHOES_LEATHER_SET1	0	T1_HIDE	6
T2_SHOES_LEATHER_SET1	0	T2_LEATHER	8
T3_SHOES_LEATHER_SET1	0	T3_LEATHER	8
T4_SHOES_LEATHER_SET1	0	T4_LEATHER	8
T4_SHOES_LEATHER_SET1	1	T4_LEATHER_LEVEL1	8
T4_SHOES_LEATHER_SET1	2	T4_LEATHER_LEVEL2	8
T4_SHOES_LEATHER_SET1	3	T4_LEATHER_LEVEL3	8
T4_SHOES_LEATHER_SET1	4	T4_LEATHER_LEVEL4	8
T5_SHOES_LEATHER_SET1	0	T5_LEATHER	8
T5_SHOES_LEATHER_SET1	1	T5_LEATHER_LEVEL1	8
T5_SHOES_LEATHER_SET1	2	T5_LEATHER_LEVEL2	8
T5_SHOES_LEATHER_SET1	3	T5_LEATHER_LEVEL3	8
T5_SHOES_LEATHER_SET1	4	T5_LEATHER_LEVEL4	8
T6_SHOES_LEATHER_SET1	0	T6_LEATHER	8
T6_SHOES_LEATHER_SET1	1	T6_LEATHER_LEVEL1	8
T6_SHOES_LEATHER_SET1	2	T6_LEATHER_LEVEL2	8
T6_SHOES_LEATHER_SET1	3	T6_LEATHER_LEVEL3	8
T6_SHOES_LEATHER_SET1	4	T6_LEATHER_LEVEL4	8
T7_SHOES_LEATHER_SET1	0	T7_LEATHER	8
T7_SHOES_LEATHER_SET1	1	T7_LEATHER_LEVEL1	8
T7_SHOES_LEATHER_SET1	2	T7_LEATHER_LEVEL2	8
T7_SHOES_LEATHER_SET1	3	T7_LEATHER_LEVEL3	8
T7_SHOES_LEATHER_SET1	4	T7_LEATHER_LEVEL4	8
T8_SHOES_LEATHER_SET1	0	T8_LEATHER	8
T8_SHOES_LEATHER_SET1	1	T8_LEATHER_LEVEL1	8
T8_SHOES_LEATHER_SET1	2	T8_LEATHER_LEVEL2	8
T8_SHOES_LEATHER_SET1	3	T8_LEATHER_LEVEL3	8
T8_SHOES_LEATHER_SET1	4	T8_LEATHER_LEVEL4	8
T4_HEAD_LEATHER_SET2	0	T4_LEATHER	8
T4_HEAD_LEATHER_SET2	1	T4_LEATHER_LEVEL1	8
T4_HEAD_LEATHER_SET2	2	T4_LEATHER_LEVEL2	8
T4_HEAD_LEATHER_SET2	3	T4_LEATHER_LEVEL3	8
T4_HEAD_LEATHER_SET2	4	T4_LEATHER_LEVEL4	8
T5_HEAD_LEATHER_SET2	0	T5_LEATHER	8
T5_HEAD_LEATHER_SET2	1	T5_LEATHER_LEVEL1	8
T5_HEAD_LEATHER_SET2	2	T5_LEATHER_LEVEL2	8
T5_HEAD_LEATHER_SET2	3	T5_LEATHER_LEVEL3	8
T5_HEAD_LEATHER_SET2	4	T5_LEATHER_LEVEL4	8
T6_HEAD_LEATHER_SET2	0	T6_LEATHER	8
T6_HEAD_LEATHER_SET2	1	T6_LEATHER_LEVEL1	8
T6_HEAD_LEATHER_SET2	2	T6_LEATHER_LEVEL2	8
T6_HEAD_LEATHER_SET2	3	T6_LEATHER_LEVEL3	8
T6_HEAD_LEATHER_SET2	4	T6_LEATHER_LEVEL4	8
T7_HEAD_LEATHER_SET2	0	T7_LEATHER	8
T7_HEAD_LEATHER_SET2	1	T7_LEATHER_LEVEL1	8
T7_HEAD_LEATHER_SET2	2	T7_LEATHER_LEVEL2	8
T7_HEAD_LEATHER_SET2	3	T7_LEATHER_LEVEL3	8
T7_HEAD_LEATHER_SET2	4	T7_LEATHER_LEVEL4	8
T8_HEAD_LEATHER_SET2	0	T8_LEATHER	8
T8_HEAD_LEATHER_SET2	1	T8_LEATHER_LEVEL1	8
T8_HEAD_LEATHER_SET2	2	T8_LEATHER_LEVEL2	8
T8_HEAD_LEATHER_SET2	3	T8_LEATHER_LEVEL3	8
T8_HEAD_LEATHER_SET2	4	T8_LEATHER_LEVEL4	8
T4_ARMOR_LEATHER_SET2	0	T4_LEATHER	16
T4_ARMOR_LEATHER_SET2	1	T4_LEATHER_LEVEL1	16
T4_ARMOR_LEATHER_SET2	2	T4_LEATHER_LEVEL2	16
T4_ARMOR_LEATHER_SET2	3	T4_LEATHER_LEVEL3	16
T4_ARMOR_LEATHER_SET2	4	T4_LEATHER_LEVEL4	16
T5_ARMOR_LEATHER_SET2	0	T5_LEATHER	16
T5_ARMOR_LEATHER_SET2	1	T5_LEATHER_LEVEL1	16
T5_ARMOR_LEATHER_SET2	2	T5_LEATHER_LEVEL2	16
T5_ARMOR_LEATHER_SET2	3	T5_LEATHER_LEVEL3	16
T5_ARMOR_LEATHER_SET2	4	T5_LEATHER_LEVEL4	16
T6_ARMOR_LEATHER_SET2	0	T6_LEATHER	16
T6_ARMOR_LEATHER_SET2	1	T6_LEATHER_LEVEL1	16
T6_ARMOR_LEATHER_SET2	2	T6_LEATHER_LEVEL2	16
T6_ARMOR_LEATHER_SET2	3	T6_LEATHER_LEVEL3	16
T6_ARMOR_LEATHER_SET2	4	T6_LEATHER_LEVEL4	16
T7_ARMOR_LEATHER_SET2	0	T7_LEATHER	16
T7_ARMOR_LEATHER_SET2	1	T7_LEATHER_LEVEL1	16
T7_ARMOR_LEATHER_SET2	2	T7_LEATHER_LEVEL2	16
T7_ARMOR_LEATHER_SET2	3	T7_LEATHER_LEVEL3	16
T7_ARMOR_LEATHER_SET2	4	T7_LEATHER_LEVEL4	16
T8_ARMOR_LEATHER_SET2	0	T8_LEATHER	16
T8_ARMOR_LEATHER_SET2	1	T8_LEATHER_LEVEL1	16
T8_ARMOR_LEATHER_SET2	2	T8_LEATHER_LEVEL2	16
T8_ARMOR_LEATHER_SET2	3	T8_LEATHER_LEVEL3	16
T8_ARMOR_LEATHER_SET2	4	T8_LEATHER_LEVEL4	16
T4_SHOES_LEATHER_SET2	0	T4_LEATHER	8
T4_SHOES_LEATHER_SET2	1	T4_LEATHER_LEVEL1	8
T4_SHOES_LEATHER_SET2	2	T4_LEATHER_LEVEL2	8
T4_SHOES_LEATHER_SET2	3	T4_LEATHER_LEVEL3	8
T4_SHOES_LEATHER_SET2	4	T4_LEATHER_LEVEL4	8
T5_SHOES_LEATHER_SET2	0	T5_LEATHER	8
T5_SHOES_LEATHER_SET2	1	T5_LEATHER_LEVEL1	8
T5_SHOES_LEATHER_SET2	2	T5_LEATHER_LEVEL2	8
T5_SHOES_LEATHER_SET2	3	T5_LEATHER_LEVEL3	8
T5_SHOES_LEATHER_SET2	4	T5_LEATHER_LEVEL4	8
T6_SHOES_LEATHER_SET2	0	T6_LEATHER	8
T6_SHOES_LEATHER_SET2	1	T6_LEATHER_LEVEL1	8
T6_SHOES_LEATHER_SET2	2	T6_LEATHER_LEVEL2	8
T6_SHOES_LEATHER_SET2	3	T6_LEATHER_LEVEL3	8
T6_SHOES_LEATHER_SET2	4	T6_LEATHER_LEVEL4	8
T7_SHOES_LEATHER_SET2	0	T7_LEATHER	8
T7_SHOES_LEATHER_SET2	1	T7_LEATHER_LEVEL1	8
T7_SHOES_LEATHER_SET2	2	T7_LEATHER_LEVEL2	8
T7_SHOES_LEATHER_SET2	3	T7_LEATHER_LEVEL3	8
T7_SHOES_LEATHER_SET2	4	T7_LEATHER_LEVEL4	8
T8_SHOES_LEATHER_SET2	0	T8_LEATHER	8
T8_SHOES_LEATHER_SET2	1	T8_LEATHER_LEVEL1	8
T8_SHOES_LEATHER_SET2	2	T8_LEATHER_LEVEL2	8
T8_SHOES_LEATHER_SET2	3	T8_LEATHER_LEVEL3	8
T8_SHOES_LEATHER_SET2	4	T8_LEATHER_LEVEL4	8
T4_HEAD_LEATHER_SET3	0	T4_LEATHER	8
T4_HEAD_LEATHER_SET3	1	T4_LEATHER_LEVEL1	8
T4_HEAD_LEATHER_SET3	2	T4_LEATHER_LEVEL2	8
T4_HEAD_LEATHER_SET3	3	T4_LEATHER_LEVEL3	8
T4_HEAD_LEATHER_SET3	4	T4_LEATHER_LEVEL4	8
T5_HEAD_LEATHER_SET3	0	T5_LEATHER	8
T5_HEAD_LEATHER_SET3	1	T5_LEATHER_LEVEL1	8
T5_HEAD_LEATHER_SET3	2	T5_LEATHER_LEVEL2	8
T5_HEAD_LEATHER_SET3	3	T5_LEATHER_LEVEL3	8
T5_HEAD_LEATHER_SET3	4	T5_LEATHER_LEVEL4	8
T6_HEAD_LEATHER_SET3	0	T6_LEATHER	8
T6_HEAD_LEATHER_SET3	1	T6_LEATHER_LEVEL1	8
T6_HEAD_LEATHER_SET3	2	T6_LEATHER_LEVEL2	8
T6_HEAD_LEATHER_SET3	3	T6_LEATHER_LEVEL3	8
T6_HEAD_LEATHER_SET3	4	T6_LEATHER_LEVEL4	8
T7_HEAD_LEATHER_SET3	0	T7_LEATHER	8
T7_HEAD_LEATHER_SET3	1	T7_LEATHER_LEVEL1	8
T7_HEAD_LEATHER_SET3	2	T7_LEATHER_LEVEL2	8
T7_HEAD_LEATHER_SET3	3	T7_LEATHER_LEVEL3	8
T7_HEAD_LEATHER_SET3	4	T7_LEATHER_LEVEL4	8
T8_HEAD_LEATHER_SET3	0	T8_LEATHER	8
T8_HEAD_LEATHER_SET3	1	T8_LEATHER_LEVEL1	8
T8_HEAD_LEATHER_SET3	2	T8_LEATHER_LEVEL2	8
T8_HEAD_LEATHER_SET3	3	T8_LEATHER_LEVEL3	8
T8_HEAD_LEATHER_SET3	4	T8_LEATHER_LEVEL4	8
T4_ARMOR_LEATHER_SET3	0	T4_LEATHER	16
T4_ARMOR_LEATHER_SET3	1	T4_LEATHER_LEVEL1	16
T4_ARMOR_LEATHER_SET3	2	T4_LEATHER_LEVEL2	16
T4_ARMOR_LEATHER_SET3	3	T4_LEATHER_LEVEL3	16
T4_ARMOR_LEATHER_SET3	4	T4_LEATHER_LEVEL4	16
T5_ARMOR_LEATHER_SET3	0	T5_LEATHER	16
T5_ARMOR_LEATHER_SET3	1	T5_LEATHER_LEVEL1	16
T5_ARMOR_LEATHER_SET3	2	T5_LEATHER_LEVEL2	16
T5_ARMOR_LEATHER_SET3	3	T5_LEATHER_LEVEL3	16
T5_ARMOR_LEATHER_SET3	4	T5_LEATHER_LEVEL4	16
T6_ARMOR_LEATHER_SET3	0	T6_LEATHER	16
T6_ARMOR_LEATHER_SET3	1	T6_LEATHER_LEVEL1	16
T6_ARMOR_LEATHER_SET3	2	T6_LEATHER_LEVEL2	16
T6_ARMOR_LEATHER_SET3	3	T6_LEATHER_LEVEL3	16
T6_ARMOR_LEATHER_SET3	4	T6_LEATHER_LEVEL4	16
T7_ARMOR_LEATHER_SET3	0	T7_LEATHER	16
T7_ARMOR_LEATHER_SET3	1	T7_LEATHER_LEVEL1	16
T7_ARMOR_LEATHER_SET3	2	T7_LEATHER_LEVEL2	16
T7_ARMOR_LEATHER_SET3	3	T7_LEATHER_LEVEL3	16
T7_ARMOR_LEATHER_SET3	4	T7_LEATHER_LEVEL4	16
T8_ARMOR_LEATHER_SET3	0	T8_LEATHER	16
T8_ARMOR_LEATHER_SET3	1	T8_LEATHER_LEVEL1	16
T8_ARMOR_LEATHER_SET3	2	T8_LEATHER_LEVEL2	16
T8_ARMOR_LEATHER_SET3	3	T8_LEATHER_LEVEL3	16
T8_ARMOR_LEATHER_SET3	4	T8_LEATHER_LEVEL4	16
T4_SHOES_LEATHER_SET3	0	T4_LEATHER	8
T4_SHOES_LEATHER_SET3	1	T4_LEATHER_LEVEL1	8
T4_SHOES_LEATHER_SET3	2	T4_LEATHER_LEVEL2	8
T4_SHOES_LEATHER_SET3	3	T4_LEATHER_LEVEL3	8
T4_SHOES_LEATHER_SET3	4	T4_LEATHER_LEVEL4	8
T5_SHOES_LEATHER_SET3	0	T5_LEATHER	8
T5_SHOES_LEATHER_SET3	1	T5_LEATHER_LEVEL1	8
T5_SHOES_LEATHER_SET3	2	T5_LEATHER_LEVEL2	8
T5_SHOES_LEATHER_SET3	3	T5_LEATHER_LEVEL3	8
T5_SHOES_LEATHER_SET3	4	T5_LEATHER_LEVEL4	8
T6_SHOES_LEATHER_SET3	0	T6_LEATHER	8
T6_SHOES_LEATHER_SET3	1	T6_LEATHER_LEVEL1	8
T6_SHOES_LEATHER_SET3	2	T6_LEATHER_LEVEL2	8
T6_SHOES_LEATHER_SET3	3	T6_LEATHER_LEVEL3	8
T6_SHOES_LEATHER_SET3	4	T6_LEATHER_LEVEL4	8
T7_SHOES_LEATHER_SET3	0	T7_LEATHER	8
T7_SHOES_LEATHER_SET3	1	T7_LEATHER_LEVEL1	8
T7_SHOES_LEATHER_SET3	2	T7_LEATHER_LEVEL2	8
T7_SHOES_LEATHER_SET3	3	T7_LEATHER_LEVEL3	8
T7_SHOES_LEATHER_SET3	4	T7_LEATHER_LEVEL4	8
T8_SHOES_LEATHER_SET3	0	T8_LEATHER	8
T8_SHOES_LEATHER_SET3	1	T8_LEATHER_LEVEL1	8
T8_SHOES_LEATHER_SET3	2	T8_LEATHER_LEVEL2	8
T8_SHOES_LEATHER_SET3	3	T8_LEATHER_LEVEL3	8
T8_SHOES_LEATHER_SET3	4	T8_LEATHER_LEVEL4	8
T4_HEAD_LEATHER_MORGANA	0	T4_LEATHER	8
T4_HEAD_LEATHER_MORGANA	0	T4_ARTEFACT_HEAD_LEATHER_MORGANA	1
T4_HEAD_LEATHER_MORGANA	1	T4_LEATHER_LEVEL1	8
T4_HEAD_LEATHER_MORGANA	1	T4_ARTEFACT_HEAD_LEATHER_MORGANA	1
T4_HEAD_LEATHER_MORGANA	2	T4_LEATHER_LEVEL2	8
T4_HEAD_LEATHER_MORGANA	2	T4_ARTEFACT_HEAD_LEATHER_MORGANA	1
T4_HEAD_LEATHER_MORGANA	3	T4_LEATHER_LEVEL3	8
T4_HEAD_LEATHER_MORGANA	3	T4_ARTEFACT_HEAD_LEATHER_MORGANA	1
T4_HEAD_LEATHER_MORGANA	4	T4_LEATHER_LEVEL4	8
T4_HEAD_LEATHER_MORGANA	4	T4_ARTEFACT_HEAD_LEATHER_MORGANA	1
T5_HEAD_LEATHER_MORGANA	0	T5_LEATHER	8
T5_HEAD_LEATHER_MORGANA	0	T5_ARTEFACT_HEAD_LEATHER_MORGANA	1
T5_HEAD_LEATHER_MORGANA	1	T5_LEATHER_LEVEL1	8
T5_HEAD_LEATHER_MORGANA	1	T5_ARTEFACT_HEAD_LEATHER_MORGANA	1
T5_HEAD_LEATHER_MORGANA	2	T5_LEATHER_LEVEL2	8
T5_HEAD_LEATHER_MORGANA	2	T5_ARTEFACT_HEAD_LEATHER_MORGANA	1
T5_HEAD_LEATHER_MORGANA	3	T5_LEATHER_LEVEL3	8
T5_HEAD_LEATHER_MORGANA	3	T5_ARTEFACT_HEAD_LEATHER_MORGANA	1
T5_HEAD_LEATHER_MORGANA	4	T5_LEATHER_LEVEL4	8
T5_HEAD_LEATHER_MORGANA	4	T5_ARTEFACT_HEAD_LEATHER_MORGANA	1
T6_HEAD_LEATHER_MORGANA	0	T6_LEATHER	8
T6_HEAD_LEATHER_MORGANA	0	T6_ARTEFACT_HEAD_LEATHER_MORGANA	1
T6_HEAD_LEATHER_MORGANA	1	T6_LEATHER_LEVEL1	8
T6_HEAD_LEATHER_MORGANA	1	T6_ARTEFACT_HEAD_LEATHER_MORGANA	1
T6_HEAD_LEATHER_MORGANA	2	T6_LEATHER_LEVEL2	8
T6_HEAD_LEATHER_MORGANA	2	T6_ARTEFACT_HEAD_LEATHER_MORGANA	1
T6_HEAD_LEATHER_MORGANA	3	T6_LEATHER_LEVEL3	8
T6_HEAD_LEATHER_MORGANA	3	T6_ARTEFACT_HEAD_LEATHER_MORGANA	1
T6_HEAD_LEATHER_MORGANA	4	T6_LEATHER_LEVEL4	8
T6_HEAD_LEATHER_MORGANA	4	T6_ARTEFACT_HEAD_LEATHER_MORGANA	1
T7_HEAD_LEATHER_MORGANA	0	T7_LEATHER	8
T7_HEAD_LEATHER_MORGANA	0	T7_ARTEFACT_HEAD_LEATHER_MORGANA	1
T7_HEAD_LEATHER_MORGANA	1	T7_LEATHER_LEVEL1	8
T7_HEAD_LEATHER_MORGANA	1	T7_ARTEFACT_HEAD_LEATHER_MORGANA	1
T7_HEAD_LEATHER_MORGANA	2	T7_LEATHER_LEVEL2	8
T7_HEAD_LEATHER_MORGANA	2	T7_ARTEFACT_HEAD_LEATHER_MORGANA	1
T7_HEAD_LEATHER_MORGANA	3	T7_LEATHER_LEVEL3	8
T7_HEAD_LEATHER_MORGANA	3	T7_ARTEFACT_HEAD_LEATHER_MORGANA	1
T7_HEAD_LEATHER_MORGANA	4	T7_LEATHER_LEVEL4	8
T7_HEAD_LEATHER_MORGANA	4	T7_ARTEFACT_HEAD_LEATHER_MORGANA	1
T8_HEAD_LEATHER_MORGANA	0	T8_LEATHER	8
T8_HEAD_LEATHER_MORGANA	0	T8_ARTEFACT_HEAD_LEATHER_MORGANA	1
T8_HEAD_LEATHER_MORGANA	1	T8_LEATHER_LEVEL1	8
T8_HEAD_LEATHER_MORGANA	1	T8_ARTEFACT_HEAD_LEATHER_MORGANA	1
T8_HEAD_LEATHER_MORGANA	2	T8_LEATHER_LEVEL2	8
T8_HEAD_LEATHER_MORGANA	2	T8_ARTEFACT_HEAD_LEATHER_MORGANA	1
T8_HEAD_LEATHER_MORGANA	3	T8_LEATHER_LEVEL3	8
T8_HEAD_LEATHER_MORGANA	3	T8_ARTEFACT_HEAD_LEATHER_MORGANA	1
T8_HEAD_LEATHER_MORGANA	4	T8_LEATHER_LEVEL4	8
T8_HEAD_LEATHER_MORGANA	4	T8_ARTEFACT_HEAD_LEATHER_MORGANA	1
T4_ARMOR_LEATHER_MORGANA	0	T4_LEATHER	16
T4_ARMOR_LEATHER_MORGANA	0	T4_ARTEFACT_ARMOR_LEATHER_MORGANA	1
T4_ARMOR_LEATHER_MORGANA	1	T4_LEATHER_LEVEL1	16
T4_ARMOR_LEATHER_MORGANA	1	T4_ARTEFACT_ARMOR_LEATHER_MORGANA	1
T4_ARMOR_LEATHER_MORGANA	2	T4_LEATHER_LEVEL2	16
T4_ARMOR_LEATHER_MORGANA	2	T4_ARTEFACT_ARMOR_LEATHER_MORGANA	1
T4_ARMOR_LEATHER_MORGANA	3	T4_LEATHER_LEVEL3	16
T4_ARMOR_LEATHER_MORGANA	3	T4_ARTEFACT_ARMOR_LEATHER_MORGANA	1
T4_ARMOR_LEATHER_MORGANA	4	T4_LEATHER_LEVEL4	16
T4_ARMOR_LEATHER_MORGANA	4	T4_ARTEFACT_ARMOR_LEATHER_MORGANA	1
T5_ARMOR_LEATHER_MORGANA	0	T5_LEATHER	16
T5_ARMOR_LEATHER_MORGANA	0	T5_ARTEFACT_ARMOR_LEATHER_MORGANA	1
T5_ARMOR_LEATHER_MORGANA	1	T5_LEATHER_LEVEL1	16
T5_ARMOR_LEATHER_MORGANA	1	T5_ARTEFACT_ARMOR_LEATHER_MORGANA	1
T5_ARMOR_LEATHER_MORGANA	2	T5_LEATHER_LEVEL2	16
T5_ARMOR_LEATHER_MORGANA	2	T5_ARTEFACT_ARMOR_LEATHER_MORGANA	1
T5_ARMOR_LEATHER_MORGANA	3	T5_LEATHER_LEVEL3	16
T5_ARMOR_LEATHER_MORGANA	3	T5_ARTEFACT_ARMOR_LEATHER_MORGANA	1
T5_ARMOR_LEATHER_MORGANA	4	T5_LEATHER_LEVEL4	16
T5_ARMOR_LEATHER_MORGANA	4	T5_ARTEFACT_ARMOR_LEATHER_MORGANA	1
T6_ARMOR_LEATHER_MORGANA	0	T6_LEATHER	16
T6_ARMOR_LEATHER_MORGANA	0	T6_ARTEFACT_ARMOR_LEATHER_MORGANA	1
T6_ARMOR_LEATHER_MORGANA	1	T6_LEATHER_LEVEL1	16
T6_ARMOR_LEATHER_MORGANA	1	T6_ARTEFACT_ARMOR_LEATHER_MORGANA	1
T6_ARMOR_LEATHER_MORGANA	2	T6_LEATHER_LEVEL2	16
T6_ARMOR_LEATHER_MORGANA	2	T6_ARTEFACT_ARMOR_LEATHER_MORGANA	1
T6_ARMOR_LEATHER_MORGANA	3	T6_LEATHER_LEVEL3	16
T6_ARMOR_LEATHER_MORGANA	3	T6_ARTEFACT_ARMOR_LEATHER_MORGANA	1
T6_ARMOR_LEATHER_MORGANA	4	T6_LEATHER_LEVEL4	16
T6_ARMOR_LEATHER_MORGANA	4	T6_ARTEFACT_ARMOR_LEATHER_MORGANA	1
T7_ARMOR_LEATHER_MORGANA	0	T7_LEATHER	16
T7_ARMOR_LEATHER_MORGANA	0	T7_ARTEFACT_ARMOR_LEATHER_MORGANA	1
T7_ARMOR_LEATHER_MORGANA	1	T7_LEATHER_LEVEL1	16
T7_ARMOR_LEATHER_MORGANA	1	T7_ARTEFACT_ARMOR_LEATHER_MORGANA	1
T7_ARMOR_LEATHER_MORGANA	2	T7_LEATHER_LEVEL2	16
T7_ARMOR_LEATHER_MORGANA	2	T7_ARTEFACT_ARMOR_LEATHER_MORGANA	1
T7_ARMOR_LEATHER_MORGANA	3	T7_LEATHER_LEVEL3	16
T7_ARMOR_LEATHER_MORGANA	3	T7_ARTEFACT_ARMOR_LEATHER_MORGANA	1
T7_ARMOR_LEATHER_MORGANA	4	T7_LEATHER_LEVEL4	16
T7_ARMOR_LEATHER_MORGANA	4	T7_ARTEFACT_ARMOR_LEATHER_MORGANA	1
T8_ARMOR_LEATHER_MORGANA	0	T8_LEATHER	16
T8_ARMOR_LEATHER_MORGANA	0	T8_ARTEFACT_ARMOR_LEATHER_MORGANA	1
T8_ARMOR_LEATHER_MORGANA	1	T8_LEATHER_LEVEL1	16
T8_ARMOR_LEATHER_MORGANA	1	T8_ARTEFACT_ARMOR_LEATHER_MORGANA	1
T8_ARMOR_LEATHER_MORGANA	2	T8_LEATHER_LEVEL2	16
T8_ARMOR_LEATHER_MORGANA	2	T8_ARTEFACT_ARMOR_LEATHER_MORGANA	1
T8_ARMOR_LEATHER_MORGANA	3	T8_LEATHER_LEVEL3	16
T8_ARMOR_LEATHER_MORGANA	3	T8_ARTEFACT_ARMOR_LEATHER_MORGANA	1
T8_ARMOR_LEATHER_MORGANA	4	T8_LEATHER_LEVEL4	16
T8_ARMOR_LEATHER_MORGANA	4	T8_ARTEFACT_ARMOR_LEATHER_MORGANA	1
T4_SHOES_LEATHER_MORGANA	0	T4_LEATHER	8
T4_SHOES_LEATHER_MORGANA	0	T4_ARTEFACT_SHOES_LEATHER_MORGANA	1
T4_SHOES_LEATHER_MORGANA	1	T4_LEATHER_LEVEL1	8
T4_SHOES_LEATHER_MORGANA	1	T4_ARTEFACT_SHOES_LEATHER_MORGANA	1
T4_SHOES_LEATHER_MORGANA	2	T4_LEATHER_LEVEL2	8
T4_SHOES_LEATHER_MORGANA	2	T4_ARTEFACT_SHOES_LEATHER_MORGANA	1
T4_SHOES_LEATHER_MORGANA	3	T4_LEATHER_LEVEL3	8
T4_SHOES_LEATHER_MORGANA	3	T4_ARTEFACT_SHOES_LEATHER_MORGANA	1
T4_SHOES_LEATHER_MORGANA	4	T4_LEATHER_LEVEL4	8
T4_SHOES_LEATHER_MORGANA	4	T4_ARTEFACT_SHOES_LEATHER_MORGANA	1
T5_SHOES_LEATHER_MORGANA	0	T5_LEATHER	8
T5_SHOES_LEATHER_MORGANA	0	T5_ARTEFACT_SHOES_LEATHER_MORGANA	1
T5_SHOES_LEATHER_MORGANA	1	T5_LEATHER_LEVEL1	8
T5_SHOES_LEATHER_MORGANA	1	T5_ARTEFACT_SHOES_LEATHER_MORGANA	1
T5_SHOES_LEATHER_MORGANA	2	T5_LEATHER_LEVEL2	8
T5_SHOES_LEATHER_MORGANA	2	T5_ARTEFACT_SHOES_LEATHER_MORGANA	1
T5_SHOES_LEATHER_MORGANA	3	T5_LEATHER_LEVEL3	8
T5_SHOES_LEATHER_MORGANA	3	T5_ARTEFACT_SHOES_LEATHER_MORGANA	1
T5_SHOES_LEATHER_MORGANA	4	T5_LEATHER_LEVEL4	8
T5_SHOES_LEATHER_MORGANA	4	T5_ARTEFACT_SHOES_LEATHER_MORGANA	1
T6_SHOES_LEATHER_MORGANA	0	T6_LEATHER	8
T6_SHOES_LEATHER_MORGANA	0	T6_ARTEFACT_SHOES_LEATHER_MORGANA	1
T6_SHOES_LEATHER_MORGANA	1	T6_LEATHER_LEVEL1	8
T6_SHOES_LEATHER_MORGANA	1	T6_ARTEFACT_SHOES_LEATHER_MORGANA	1
T6_SHOES_LEATHER_MORGANA	2	T6_LEATHER_LEVEL2	8
T6_SHOES_LEATHER_MORGANA	2	T6_ARTEFACT_SHOES_LEATHER_MORGANA	1
T6_SHOES_LEATHER_MORGANA	3	T6_LEATHER_LEVEL3	8
T6_SHOES_LEATHER_MORGANA	3	T6_ARTEFACT_SHOES_LEATHER_MORGANA	1
T6_SHOES_LEATHER_MORGANA	4	T6_LEATHER_LEVEL4	8
T6_SHOES_LEATHER_MORGANA	4	T6_ARTEFACT_SHOES_LEATHER_MORGANA	1
T7_SHOES_LEATHER_MORGANA	0	T7_LEATHER	8
T7_SHOES_LEATHER_MORGANA	0	T7_ARTEFACT_SHOES_LEATHER_MORGANA	1
T7_SHOES_LEATHER_MORGANA	1	T7_LEATHER_LEVEL1	8
T7_SHOES_LEATHER_MORGANA	1	T7_ARTEFACT_SHOES_LEATHER_MORGANA	1
T7_SHOES_LEATHER_MORGANA	2	T7_LEATHER_LEVEL2	8
T7_SHOES_LEATHER_MORGANA	2	T7_ARTEFACT_SHOES_LEATHER_MORGANA	1
T7_SHOES_LEATHER_MORGANA	3	T7_LEATHER_LEVEL3	8
T7_SHOES_LEATHER_MORGANA	3	T7_ARTEFACT_SHOES_LEATHER_MORGANA	1
T7_SHOES_LEATHER_MORGANA	4	T7_LEATHER_LEVEL4	8
T7_SHOES_LEATHER_MORGANA	4	T7_ARTEFACT_SHOES_LEATHER_MORGANA	1
T8_SHOES_LEATHER_MORGANA	0	T8_LEATHER	8
T8_SHOES_LEATHER_MORGANA	0	T8_ARTEFACT_SHOES_LEATHER_MORGANA	1
T8_SHOES_LEATHER_MORGANA	1	T8_LEATHER_LEVEL1	8
T8_SHOES_LEATHER_MORGANA	1	T8_ARTEFACT_SHOES_LEATHER_MORGANA	1
T8_SHOES_LEATHER_MORGANA	2	T8_LEATHER_LEVEL2	8
T8_SHOES_LEATHER_MORGANA	2	T8_ARTEFACT_SHOES_LEATHER_MORGANA	1
T8_SHOES_LEATHER_MORGANA	3	T8_LEATHER_LEVEL3	8
T8_SHOES_LEATHER_MORGANA	3	T8_ARTEFACT_SHOES_LEATHER_MORGANA	1
T8_SHOES_LEATHER_MORGANA	4	T8_LEATHER_LEVEL4	8
T8_SHOES_LEATHER_MORGANA	4	T8_ARTEFACT_SHOES_LEATHER_MORGANA	1
T4_HEAD_LEATHER_HELL	0	T4_LEATHER	8
T4_HEAD_LEATHER_HELL	0	T4_ARTEFACT_HEAD_LEATHER_HELL	1
T4_HEAD_LEATHER_HELL	1	T4_LEATHER_LEVEL1	8
T4_HEAD_LEATHER_HELL	1	T4_ARTEFACT_HEAD_LEATHER_HELL	1
T4_HEAD_LEATHER_HELL	2	T4_LEATHER_LEVEL2	8
T4_HEAD_LEATHER_HELL	2	T4_ARTEFACT_HEAD_LEATHER_HELL	1
T4_HEAD_LEATHER_HELL	3	T4_LEATHER_LEVEL3	8
T4_HEAD_LEATHER_HELL	3	T4_ARTEFACT_HEAD_LEATHER_HELL	1
T4_HEAD_LEATHER_HELL	4	T4_LEATHER_LEVEL4	8
T4_HEAD_LEATHER_HELL	4	T4_ARTEFACT_HEAD_LEATHER_HELL	1
T5_HEAD_LEATHER_HELL	0	T5_LEATHER	8
T5_HEAD_LEATHER_HELL	0	T5_ARTEFACT_HEAD_LEATHER_HELL	1
T5_HEAD_LEATHER_HELL	1	T5_LEATHER_LEVEL1	8
T5_HEAD_LEATHER_HELL	1	T5_ARTEFACT_HEAD_LEATHER_HELL	1
T5_HEAD_LEATHER_HELL	2	T5_LEATHER_LEVEL2	8
T5_HEAD_LEATHER_HELL	2	T5_ARTEFACT_HEAD_LEATHER_HELL	1
T5_HEAD_LEATHER_HELL	3	T5_LEATHER_LEVEL3	8
T5_HEAD_LEATHER_HELL	3	T5_ARTEFACT_HEAD_LEATHER_HELL	1
T5_HEAD_LEATHER_HELL	4	T5_LEATHER_LEVEL4	8
T5_HEAD_LEATHER_HELL	4	T5_ARTEFACT_HEAD_LEATHER_HELL	1
T6_HEAD_LEATHER_HELL	0	T6_LEATHER	8
T6_HEAD_LEATHER_HELL	0	T6_ARTEFACT_HEAD_LEATHER_HELL	1
T6_HEAD_LEATHER_HELL	1	T6_LEATHER_LEVEL1	8
T6_HEAD_LEATHER_HELL	1	T6_ARTEFACT_HEAD_LEATHER_HELL	1
T6_HEAD_LEATHER_HELL	2	T6_LEATHER_LEVEL2	8
T6_HEAD_LEATHER_HELL	2	T6_ARTEFACT_HEAD_LEATHER_HELL	1
T6_HEAD_LEATHER_HELL	3	T6_LEATHER_LEVEL3	8
T6_HEAD_LEATHER_HELL	3	T6_ARTEFACT_HEAD_LEATHER_HELL	1
T6_HEAD_LEATHER_HELL	4	T6_LEATHER_LEVEL4	8
T6_HEAD_LEATHER_HELL	4	T6_ARTEFACT_HEAD_LEATHER_HELL	1
T7_HEAD_LEATHER_HELL	0	T7_LEATHER	8
T7_HEAD_LEATHER_HELL	0	T7_ARTEFACT_HEAD_LEATHER_HELL	1
T7_HEAD_LEATHER_HELL	1	T7_LEATHER_LEVEL1	8
T7_HEAD_LEATHER_HELL	1	T7_ARTEFACT_HEAD_LEATHER_HELL	1
T7_HEAD_LEATHER_HELL	2	T7_LEATHER_LEVEL2	8
T7_HEAD_LEATHER_HELL	2	T7_ARTEFACT_HEAD_LEATHER_HELL	1
T7_HEAD_LEATHER_HELL	3	T7_LEATHER_LEVEL3	8
T7_HEAD_LEATHER_HELL	3	T7_ARTEFACT_HEAD_LEATHER_HELL	1
T7_HEAD_LEATHER_HELL	4	T7_LEATHER_LEVEL4	8
T7_HEAD_LEATHER_HELL	4	T7_ARTEFACT_HEAD_LEATHER_HELL	1
T8_HEAD_LEATHER_HELL	0	T8_LEATHER	8
T8_HEAD_LEATHER_HELL	0	T8_ARTEFACT_HEAD_LEATHER_HELL	1
T8_HEAD_LEATHER_HELL	1	T8_LEATHER_LEVEL1	8
T8_HEAD_LEATHER_HELL	1	T8_ARTEFACT_HEAD_LEATHER_HELL	1
T8_HEAD_LEATHER_HELL	2	T8_LEATHER_LEVEL2	8
T8_HEAD_LEATHER_HELL	2	T8_ARTEFACT_HEAD_LEATHER_HELL	1
T8_HEAD_LEATHER_HELL	3	T8_LEATHER_LEVEL3	8
T8_HEAD_LEATHER_HELL	3	T8_ARTEFACT_HEAD_LEATHER_HELL	1
T8_HEAD_LEATHER_HELL	4	T8_LEATHER_LEVEL4	8
T8_HEAD_LEATHER_HELL	4	T8_ARTEFACT_HEAD_LEATHER_HELL	1
T4_ARMOR_LEATHER_HELL	0	T4_LEATHER	16
T4_ARMOR_LEATHER_HELL	0	T4_ARTEFACT_ARMOR_LEATHER_HELL	1
T4_ARMOR_LEATHER_HELL	1	T4_LEATHER_LEVEL1	16
T4_ARMOR_LEATHER_HELL	1	T4_ARTEFACT_ARMOR_LEATHER_HELL	1
T4_ARMOR_LEATHER_HELL	2	T4_LEATHER_LEVEL2	16
T4_ARMOR_LEATHER_HELL	2	T4_ARTEFACT_ARMOR_LEATHER_HELL	1
T4_ARMOR_LEATHER_HELL	3	T4_LEATHER_LEVEL3	16
T4_ARMOR_LEATHER_HELL	3	T4_ARTEFACT_ARMOR_LEATHER_HELL	1
T4_ARMOR_LEATHER_HELL	4	T4_LEATHER_LEVEL4	16
T4_ARMOR_LEATHER_HELL	4	T4_ARTEFACT_ARMOR_LEATHER_HELL	1
T5_ARMOR_LEATHER_HELL	0	T5_LEATHER	16
T5_ARMOR_LEATHER_HELL	0	T5_ARTEFACT_ARMOR_LEATHER_HELL	1
T5_ARMOR_LEATHER_HELL	1	T5_LEATHER_LEVEL1	16
T5_ARMOR_LEATHER_HELL	1	T5_ARTEFACT_ARMOR_LEATHER_HELL	1
T5_ARMOR_LEATHER_HELL	2	T5_LEATHER_LEVEL2	16
T5_ARMOR_LEATHER_HELL	2	T5_ARTEFACT_ARMOR_LEATHER_HELL	1
T5_ARMOR_LEATHER_HELL	3	T5_LEATHER_LEVEL3	16
T5_ARMOR_LEATHER_HELL	3	T5_ARTEFACT_ARMOR_LEATHER_HELL	1
T5_ARMOR_LEATHER_HELL	4	T5_LEATHER_LEVEL4	16
T5_ARMOR_LEATHER_HELL	4	T5_ARTEFACT_ARMOR_LEATHER_HELL	1
T6_ARMOR_LEATHER_HELL	0	T6_LEATHER	16
T6_ARMOR_LEATHER_HELL	0	T6_ARTEFACT_ARMOR_LEATHER_HELL	1
T6_ARMOR_LEATHER_HELL	1	T6_LEATHER_LEVEL1	16
T6_ARMOR_LEATHER_HELL	1	T6_ARTEFACT_ARMOR_LEATHER_HELL	1
T6_ARMOR_LEATHER_HELL	2	T6_LEATHER_LEVEL2	16
T6_ARMOR_LEATHER_HELL	2	T6_ARTEFACT_ARMOR_LEATHER_HELL	1
T6_ARMOR_LEATHER_HELL	3	T6_LEATHER_LEVEL3	16
T6_ARMOR_LEATHER_HELL	3	T6_ARTEFACT_ARMOR_LEATHER_HELL	1
T6_ARMOR_LEATHER_HELL	4	T6_LEATHER_LEVEL4	16
T6_ARMOR_LEATHER_HELL	4	T6_ARTEFACT_ARMOR_LEATHER_HELL	1
T7_ARMOR_LEATHER_HELL	0	T7_LEATHER	16
T7_ARMOR_LEATHER_HELL	0	T7_ARTEFACT_ARMOR_LEATHER_HELL	1
T7_ARMOR_LEATHER_HELL	1	T7_LEATHER_LEVEL1	16
T7_ARMOR_LEATHER_HELL	1	T7_ARTEFACT_ARMOR_LEATHER_HELL	1
T7_ARMOR_LEATHER_HELL	2	T7_LEATHER_LEVEL2	16
T7_ARMOR_LEATHER_HELL	2	T7_ARTEFACT_ARMOR_LEATHER_HELL	1
T7_ARMOR_LEATHER_HELL	3	T7_LEATHER_LEVEL3	16
T7_ARMOR_LEATHER_HELL	3	T7_ARTEFACT_ARMOR_LEATHER_HELL	1
T7_ARMOR_LEATHER_HELL	4	T7_LEATHER_LEVEL4	16
T7_ARMOR_LEATHER_HELL	4	T7_ARTEFACT_ARMOR_LEATHER_HELL	1
T8_ARMOR_LEATHER_HELL	0	T8_LEATHER	16
T8_ARMOR_LEATHER_HELL	0	T8_ARTEFACT_ARMOR_LEATHER_HELL	1
T8_ARMOR_LEATHER_HELL	1	T8_LEATHER_LEVEL1	16
T8_ARMOR_LEATHER_HELL	1	T8_ARTEFACT_ARMOR_LEATHER_HELL	1
T8_ARMOR_LEATHER_HELL	2	T8_LEATHER_LEVEL2	16
T8_ARMOR_LEATHER_HELL	2	T8_ARTEFACT_ARMOR_LEATHER_HELL	1
T8_ARMOR_LEATHER_HELL	3	T8_LEATHER_LEVEL3	16
T8_ARMOR_LEATHER_HELL	3	T8_ARTEFACT_ARMOR_LEATHER_HELL	1
T8_ARMOR_LEATHER_HELL	4	T8_LEATHER_LEVEL4	16
T8_ARMOR_LEATHER_HELL	4	T8_ARTEFACT_ARMOR_LEATHER_HELL	1
T4_SHOES_LEATHER_HELL	0	T4_LEATHER	8
T4_SHOES_LEATHER_HELL	0	T4_ARTEFACT_SHOES_LEATHER_HELL	1
T4_SHOES_LEATHER_HELL	1	T4_LEATHER_LEVEL1	8
T4_SHOES_LEATHER_HELL	1	T4_ARTEFACT_SHOES_LEATHER_HELL	1
T4_SHOES_LEATHER_HELL	2	T4_LEATHER_LEVEL2	8
T4_SHOES_LEATHER_HELL	2	T4_ARTEFACT_SHOES_LEATHER_HELL	1
T4_SHOES_LEATHER_HELL	3	T4_LEATHER_LEVEL3	8
T4_SHOES_LEATHER_HELL	3	T4_ARTEFACT_SHOES_LEATHER_HELL	1
T4_SHOES_LEATHER_HELL	4	T4_LEATHER_LEVEL4	8
T4_SHOES_LEATHER_HELL	4	T4_ARTEFACT_SHOES_LEATHER_HELL	1
T5_SHOES_LEATHER_HELL	0	T5_LEATHER	8
T5_SHOES_LEATHER_HELL	0	T5_ARTEFACT_SHOES_LEATHER_HELL	1
T5_SHOES_LEATHER_HELL	1	T5_LEATHER_LEVEL1	8
T5_SHOES_LEATHER_HELL	1	T5_ARTEFACT_SHOES_LEATHER_HELL	1
T5_SHOES_LEATHER_HELL	2	T5_LEATHER_LEVEL2	8
T5_SHOES_LEATHER_HELL	2	T5_ARTEFACT_SHOES_LEATHER_HELL	1
T5_SHOES_LEATHER_HELL	3	T5_LEATHER_LEVEL3	8
T5_SHOES_LEATHER_HELL	3	T5_ARTEFACT_SHOES_LEATHER_HELL	1
T5_SHOES_LEATHER_HELL	4	T5_LEATHER_LEVEL4	8
T5_SHOES_LEATHER_HELL	4	T5_ARTEFACT_SHOES_LEATHER_HELL	1
T6_SHOES_LEATHER_HELL	0	T6_LEATHER	8
T6_SHOES_LEATHER_HELL	0	T6_ARTEFACT_SHOES_LEATHER_HELL	1
T6_SHOES_LEATHER_HELL	1	T6_LEATHER_LEVEL1	8
T6_SHOES_LEATHER_HELL	1	T6_ARTEFACT_SHOES_LEATHER_HELL	1
T6_SHOES_LEATHER_HELL	2	T6_LEATHER_LEVEL2	8
T6_SHOES_LEATHER_HELL	2	T6_ARTEFACT_SHOES_LEATHER_HELL	1
T6_SHOES_LEATHER_HELL	3	T6_LEATHER_LEVEL3	8
T6_SHOES_LEATHER_HELL	3	T6_ARTEFACT_SHOES_LEATHER_HELL	1
T6_SHOES_LEATHER_HELL	4	T6_LEATHER_LEVEL4	8
T6_SHOES_LEATHER_HELL	4	T6_ARTEFACT_SHOES_LEATHER_HELL	1
T7_SHOES_LEATHER_HELL	0	T7_LEATHER	8
T7_SHOES_LEATHER_HELL	0	T7_ARTEFACT_SHOES_LEATHER_HELL	1
T7_SHOES_LEATHER_HELL	1	T7_LEATHER_LEVEL1	8
T7_SHOES_LEATHER_HELL	1	T7_ARTEFACT_SHOES_LEATHER_HELL	1
T7_SHOES_LEATHER_HELL	2	T7_LEATHER_LEVEL2	8
T7_SHOES_LEATHER_HELL	2	T7_ARTEFACT_SHOES_LEATHER_HELL	1
T7_SHOES_LEATHER_HELL	3	T7_LEATHER_LEVEL3	8
T7_SHOES_LEATHER_HELL	3	T7_ARTEFACT_SHOES_LEATHER_HELL	1
T7_SHOES_LEATHER_HELL	4	T7_LEATHER_LEVEL4	8
T7_SHOES_LEATHER_HELL	4	T7_ARTEFACT_SHOES_LEATHER_HELL	1
T8_SHOES_LEATHER_HELL	0	T8_LEATHER	8
T8_SHOES_LEATHER_HELL	0	T8_ARTEFACT_SHOES_LEATHER_HELL	1
T8_SHOES_LEATHER_HELL	1	T8_LEATHER_LEVEL1	8
T8_SHOES_LEATHER_HELL	1	T8_ARTEFACT_SHOES_LEATHER_HELL	1
T8_SHOES_LEATHER_HELL	2	T8_LEATHER_LEVEL2	8
T8_SHOES_LEATHER_HELL	2	T8_ARTEFACT_SHOES_LEATHER_HELL	1
T8_SHOES_LEATHER_HELL	3	T8_LEATHER_LEVEL3	8
T8_SHOES_LEATHER_HELL	3	T8_ARTEFACT_SHOES_LEATHER_HELL	1
T8_SHOES_LEATHER_HELL	4	T8_LEATHER_LEVEL4	8
T8_SHOES_LEATHER_HELL	4	T8_ARTEFACT_SHOES_LEATHER_HELL	1
T4_HEAD_LEATHER_UNDEAD	0	T4_LEATHER	8
T4_HEAD_LEATHER_UNDEAD	0	T4_ARTEFACT_HEAD_LEATHER_UNDEAD	1
T4_HEAD_LEATHER_UNDEAD	1	T4_LEATHER_LEVEL1	8
T4_HEAD_LEATHER_UNDEAD	1	T4_ARTEFACT_HEAD_LEATHER_UNDEAD	1
T4_HEAD_LEATHER_UNDEAD	2	T4_LEATHER_LEVEL2	8
T4_HEAD_LEATHER_UNDEAD	2	T4_ARTEFACT_HEAD_LEATHER_UNDEAD	1
T4_HEAD_LEATHER_UNDEAD	3	T4_LEATHER_LEVEL3	8
T4_HEAD_LEATHER_UNDEAD	3	T4_ARTEFACT_HEAD_LEATHER_UNDEAD	1
T4_HEAD_LEATHER_UNDEAD	4	T4_LEATHER_LEVEL4	8
T4_HEAD_LEATHER_UNDEAD	4	T4_ARTEFACT_HEAD_LEATHER_UNDEAD	1
T5_HEAD_LEATHER_UNDEAD	0	T5_LEATHER	8
T5_HEAD_LEATHER_UNDEAD	0	T5_ARTEFACT_HEAD_LEATHER_UNDEAD	1
T5_HEAD_LEATHER_UNDEAD	1	T5_LEATHER_LEVEL1	8
T5_HEAD_LEATHER_UNDEAD	1	T5_ARTEFACT_HEAD_LEATHER_UNDEAD	1
T5_HEAD_LEATHER_UNDEAD	2	T5_LEATHER_LEVEL2	8
T5_HEAD_LEATHER_UNDEAD	2	T5_ARTEFACT_HEAD_LEATHER_UNDEAD	1
T5_HEAD_LEATHER_UNDEAD	3	T5_LEATHER_LEVEL3	8
T5_HEAD_LEATHER_UNDEAD	3	T5_ARTEFACT_HEAD_LEATHER_UNDEAD	1
T5_HEAD_LEATHER_UNDEAD	4	T5_LEATHER_LEVEL4	8
T5_HEAD_LEATHER_UNDEAD	4	T5_ARTEFACT_HEAD_LEATHER_UNDEAD	1
T6_HEAD_LEATHER_UNDEAD	0	T6_LEATHER	8
T6_HEAD_LEATHER_UNDEAD	0	T6_ARTEFACT_HEAD_LEATHER_UNDEAD	1
T6_HEAD_LEATHER_UNDEAD	1	T6_LEATHER_LEVEL1	8
T6_HEAD_LEATHER_UNDEAD	1	T6_ARTEFACT_HEAD_LEATHER_UNDEAD	1
T6_HEAD_LEATHER_UNDEAD	2	T6_LEATHER_LEVEL2	8
T6_HEAD_LEATHER_UNDEAD	2	T6_ARTEFACT_HEAD_LEATHER_UNDEAD	1
T6_HEAD_LEATHER_UNDEAD	3	T6_LEATHER_LEVEL3	8
T6_HEAD_LEATHER_UNDEAD	3	T6_ARTEFACT_HEAD_LEATHER_UNDEAD	1
T6_HEAD_LEATHER_UNDEAD	4	T6_LEATHER_LEVEL4	8
T6_HEAD_LEATHER_UNDEAD	4	T6_ARTEFACT_HEAD_LEATHER_UNDEAD	1
T7_HEAD_LEATHER_UNDEAD	0	T7_LEATHER	8
T7_HEAD_LEATHER_UNDEAD	0	T7_ARTEFACT_HEAD_LEATHER_UNDEAD	1
T7_HEAD_LEATHER_UNDEAD	1	T7_LEATHER_LEVEL1	8
T7_HEAD_LEATHER_UNDEAD	1	T7_ARTEFACT_HEAD_LEATHER_UNDEAD	1
T7_HEAD_LEATHER_UNDEAD	2	T7_LEATHER_LEVEL2	8
T7_HEAD_LEATHER_UNDEAD	2	T7_ARTEFACT_HEAD_LEATHER_UNDEAD	1
T7_HEAD_LEATHER_UNDEAD	3	T7_LEATHER_LEVEL3	8
T7_HEAD_LEATHER_UNDEAD	3	T7_ARTEFACT_HEAD_LEATHER_UNDEAD	1
T7_HEAD_LEATHER_UNDEAD	4	T7_LEATHER_LEVEL4	8
T7_HEAD_LEATHER_UNDEAD	4	T7_ARTEFACT_HEAD_LEATHER_UNDEAD	1
T8_HEAD_LEATHER_UNDEAD	0	T8_LEATHER	8
T8_HEAD_LEATHER_UNDEAD	0	T8_ARTEFACT_HEAD_LEATHER_UNDEAD	1
T8_HEAD_LEATHER_UNDEAD	1	T8_LEATHER_LEVEL1	8
T8_HEAD_LEATHER_UNDEAD	1	T8_ARTEFACT_HEAD_LEATHER_UNDEAD	1
T8_HEAD_LEATHER_UNDEAD	2	T8_LEATHER_LEVEL2	8
T8_HEAD_LEATHER_UNDEAD	2	T8_ARTEFACT_HEAD_LEATHER_UNDEAD	1
T8_HEAD_LEATHER_UNDEAD	3	T8_LEATHER_LEVEL3	8
T8_HEAD_LEATHER_UNDEAD	3	T8_ARTEFACT_HEAD_LEATHER_UNDEAD	1
T8_HEAD_LEATHER_UNDEAD	4	T8_LEATHER_LEVEL4	8
T8_HEAD_LEATHER_UNDEAD	4	T8_ARTEFACT_HEAD_LEATHER_UNDEAD	1
T4_ARMOR_LEATHER_UNDEAD	0	T4_LEATHER	16
T4_ARMOR_LEATHER_UNDEAD	0	T4_ARTEFACT_ARMOR_LEATHER_UNDEAD	1
T4_ARMOR_LEATHER_UNDEAD	1	T4_LEATHER_LEVEL1	16
T4_ARMOR_LEATHER_UNDEAD	1	T4_ARTEFACT_ARMOR_LEATHER_UNDEAD	1
T4_ARMOR_LEATHER_UNDEAD	2	T4_LEATHER_LEVEL2	16
T4_ARMOR_LEATHER_UNDEAD	2	T4_ARTEFACT_ARMOR_LEATHER_UNDEAD	1
T4_ARMOR_LEATHER_UNDEAD	3	T4_LEATHER_LEVEL3	16
T4_ARMOR_LEATHER_UNDEAD	3	T4_ARTEFACT_ARMOR_LEATHER_UNDEAD	1
T4_ARMOR_LEATHER_UNDEAD	4	T4_LEATHER_LEVEL4	16
T4_ARMOR_LEATHER_UNDEAD	4	T4_ARTEFACT_ARMOR_LEATHER_UNDEAD	1
T5_ARMOR_LEATHER_UNDEAD	0	T5_LEATHER	16
T5_ARMOR_LEATHER_UNDEAD	0	T5_ARTEFACT_ARMOR_LEATHER_UNDEAD	1
T5_ARMOR_LEATHER_UNDEAD	1	T5_LEATHER_LEVEL1	16
T5_ARMOR_LEATHER_UNDEAD	1	T5_ARTEFACT_ARMOR_LEATHER_UNDEAD	1
T5_ARMOR_LEATHER_UNDEAD	2	T5_LEATHER_LEVEL2	16
T5_ARMOR_LEATHER_UNDEAD	2	T5_ARTEFACT_ARMOR_LEATHER_UNDEAD	1
T5_ARMOR_LEATHER_UNDEAD	3	T5_LEATHER_LEVEL3	16
T5_ARMOR_LEATHER_UNDEAD	3	T5_ARTEFACT_ARMOR_LEATHER_UNDEAD	1
T5_ARMOR_LEATHER_UNDEAD	4	T5_LEATHER_LEVEL4	16
T5_ARMOR_LEATHER_UNDEAD	4	T5_ARTEFACT_ARMOR_LEATHER_UNDEAD	1
T6_ARMOR_LEATHER_UNDEAD	0	T6_LEATHER	16
T6_ARMOR_LEATHER_UNDEAD	0	T6_ARTEFACT_ARMOR_LEATHER_UNDEAD	1
T6_ARMOR_LEATHER_UNDEAD	1	T6_LEATHER_LEVEL1	16
T6_ARMOR_LEATHER_UNDEAD	1	T6_ARTEFACT_ARMOR_LEATHER_UNDEAD	1
T6_ARMOR_LEATHER_UNDEAD	2	T6_LEATHER_LEVEL2	16
T6_ARMOR_LEATHER_UNDEAD	2	T6_ARTEFACT_ARMOR_LEATHER_UNDEAD	1
T6_ARMOR_LEATHER_UNDEAD	3	T6_LEATHER_LEVEL3	16
T6_ARMOR_LEATHER_UNDEAD	3	T6_ARTEFACT_ARMOR_LEATHER_UNDEAD	1
T6_ARMOR_LEATHER_UNDEAD	4	T6_LEATHER_LEVEL4	16
T6_ARMOR_LEATHER_UNDEAD	4	T6_ARTEFACT_ARMOR_LEATHER_UNDEAD	1
T7_ARMOR_LEATHER_UNDEAD	0	T7_LEATHER	16
T7_ARMOR_LEATHER_UNDEAD	0	T7_ARTEFACT_ARMOR_LEATHER_UNDEAD	1
T7_ARMOR_LEATHER_UNDEAD	1	T7_LEATHER_LEVEL1	16
T7_ARMOR_LEATHER_UNDEAD	1	T7_ARTEFACT_ARMOR_LEATHER_UNDEAD	1
T7_ARMOR_LEATHER_UNDEAD	2	T7_LEATHER_LEVEL2	16
T7_ARMOR_LEATHER_UNDEAD	2	T7_ARTEFACT_ARMOR_LEATHER_UNDEAD	1
T7_ARMOR_LEATHER_UNDEAD	3	T7_LEATHER_LEVEL3	16
T7_ARMOR_LEATHER_UNDEAD	3	T7_ARTEFACT_ARMOR_LEATHER_UNDEAD	1
T7_ARMOR_LEATHER_UNDEAD	4	T7_LEATHER_LEVEL4	16
T7_ARMOR_LEATHER_UNDEAD	4	T7_ARTEFACT_ARMOR_LEATHER_UNDEAD	1
T8_ARMOR_LEATHER_UNDEAD	0	T8_LEATHER	16
T8_ARMOR_LEATHER_UNDEAD	0	T8_ARTEFACT_ARMOR_LEATHER_UNDEAD	1
T8_ARMOR_LEATHER_UNDEAD	1	T8_LEATHER_LEVEL1	16
T8_ARMOR_LEATHER_UNDEAD	1	T8_ARTEFACT_ARMOR_LEATHER_UNDEAD	1
T8_ARMOR_LEATHER_UNDEAD	2	T8_LEATHER_LEVEL2	16
T8_ARMOR_LEATHER_UNDEAD	2	T8_ARTEFACT_ARMOR_LEATHER_UNDEAD	1
T8_ARMOR_LEATHER_UNDEAD	3	T8_LEATHER_LEVEL3	16
T8_ARMOR_LEATHER_UNDEAD	3	T8_ARTEFACT_ARMOR_LEATHER_UNDEAD	1
T8_ARMOR_LEATHER_UNDEAD	4	T8_LEATHER_LEVEL4	16
T8_ARMOR_LEATHER_UNDEAD	4	T8_ARTEFACT_ARMOR_LEATHER_UNDEAD	1
T4_SHOES_LEATHER_UNDEAD	0	T4_LEATHER	8
T4_SHOES_LEATHER_UNDEAD	0	T4_ARTEFACT_SHOES_LEATHER_UNDEAD	1
T4_SHOES_LEATHER_UNDEAD	1	T4_LEATHER_LEVEL1	8
T4_SHOES_LEATHER_UNDEAD	1	T4_ARTEFACT_SHOES_LEATHER_UNDEAD	1
T4_SHOES_LEATHER_UNDEAD	2	T4_LEATHER_LEVEL2	8
T4_SHOES_LEATHER_UNDEAD	2	T4_ARTEFACT_SHOES_LEATHER_UNDEAD	1
T4_SHOES_LEATHER_UNDEAD	3	T4_LEATHER_LEVEL3	8
T4_SHOES_LEATHER_UNDEAD	3	T4_ARTEFACT_SHOES_LEATHER_UNDEAD	1
T4_SHOES_LEATHER_UNDEAD	4	T4_LEATHER_LEVEL4	8
T4_SHOES_LEATHER_UNDEAD	4	T4_ARTEFACT_SHOES_LEATHER_UNDEAD	1
T5_SHOES_LEATHER_UNDEAD	0	T5_LEATHER	8
T5_SHOES_LEATHER_UNDEAD	0	T5_ARTEFACT_SHOES_LEATHER_UNDEAD	1
T5_SHOES_LEATHER_UNDEAD	1	T5_LEATHER_LEVEL1	8
T5_SHOES_LEATHER_UNDEAD	1	T5_ARTEFACT_SHOES_LEATHER_UNDEAD	1
T5_SHOES_LEATHER_UNDEAD	2	T5_LEATHER_LEVEL2	8
T5_SHOES_LEATHER_UNDEAD	2	T5_ARTEFACT_SHOES_LEATHER_UNDEAD	1
T5_SHOES_LEATHER_UNDEAD	3	T5_LEATHER_LEVEL3	8
T5_SHOES_LEATHER_UNDEAD	3	T5_ARTEFACT_SHOES_LEATHER_UNDEAD	1
T5_SHOES_LEATHER_UNDEAD	4	T5_LEATHER_LEVEL4	8
T5_SHOES_LEATHER_UNDEAD	4	T5_ARTEFACT_SHOES_LEATHER_UNDEAD	1
T6_SHOES_LEATHER_UNDEAD	0	T6_LEATHER	8
T6_SHOES_LEATHER_UNDEAD	0	T6_ARTEFACT_SHOES_LEATHER_UNDEAD	1
T6_SHOES_LEATHER_UNDEAD	1	T6_LEATHER_LEVEL1	8
T6_SHOES_LEATHER_UNDEAD	1	T6_ARTEFACT_SHOES_LEATHER_UNDEAD	1
T6_SHOES_LEATHER_UNDEAD	2	T6_LEATHER_LEVEL2	8
T6_SHOES_LEATHER_UNDEAD	2	T6_ARTEFACT_SHOES_LEATHER_UNDEAD	1
T6_SHOES_LEATHER_UNDEAD	3	T6_LEATHER_LEVEL3	8
T6_SHOES_LEATHER_UNDEAD	3	T6_ARTEFACT_SHOES_LEATHER_UNDEAD	1
T6_SHOES_LEATHER_UNDEAD	4	T6_LEATHER_LEVEL4	8
T6_SHOES_LEATHER_UNDEAD	4	T6_ARTEFACT_SHOES_LEATHER_UNDEAD	1
T7_SHOES_LEATHER_UNDEAD	0	T7_LEATHER	8
T7_SHOES_LEATHER_UNDEAD	0	T7_ARTEFACT_SHOES_LEATHER_UNDEAD	1
T7_SHOES_LEATHER_UNDEAD	1	T7_LEATHER_LEVEL1	8
T7_SHOES_LEATHER_UNDEAD	1	T7_ARTEFACT_SHOES_LEATHER_UNDEAD	1
T7_SHOES_LEATHER_UNDEAD	2	T7_LEATHER_LEVEL2	8
T7_SHOES_LEATHER_UNDEAD	2	T7_ARTEFACT_SHOES_LEATHER_UNDEAD	1
T7_SHOES_LEATHER_UNDEAD	3	T7_LEATHER_LEVEL3	8
T7_SHOES_LEATHER_UNDEAD	3	T7_ARTEFACT_SHOES_LEATHER_UNDEAD	1
T7_SHOES_LEATHER_UNDEAD	4	T7_LEATHER_LEVEL4	8
T7_SHOES_LEATHER_UNDEAD	4	T7_ARTEFACT_SHOES_LEATHER_UNDEAD	1
T8_SHOES_LEATHER_UNDEAD	0	T8_LEATHER	8
T8_SHOES_LEATHER_UNDEAD	0	T8_ARTEFACT_SHOES_LEATHER_UNDEAD	1
T8_SHOES_LEATHER_UNDEAD	1	T8_LEATHER_LEVEL1	8
T8_SHOES_LEATHER_UNDEAD	1	T8_ARTEFACT_SHOES_LEATHER_UNDEAD	1
T8_SHOES_LEATHER_UNDEAD	2	T8_LEATHER_LEVEL2	8
T8_SHOES_LEATHER_UNDEAD	2	T8_ARTEFACT_SHOES_LEATHER_UNDEAD	1
T8_SHOES_LEATHER_UNDEAD	3	T8_LEATHER_LEVEL3	8
T8_SHOES_LEATHER_UNDEAD	3	T8_ARTEFACT_SHOES_LEATHER_UNDEAD	1
T8_SHOES_LEATHER_UNDEAD	4	T8_LEATHER_LEVEL4	8
T8_SHOES_LEATHER_UNDEAD	4	T8_ARTEFACT_SHOES_LEATHER_UNDEAD	1
T4_HEAD_LEATHER_FEY	0	T4_LEATHER	8
T4_HEAD_LEATHER_FEY	0	T4_ARTEFACT_HEAD_LEATHER_FEY	1
T4_HEAD_LEATHER_FEY	1	T4_LEATHER_LEVEL1	8
T4_HEAD_LEATHER_FEY	1	T4_ARTEFACT_HEAD_LEATHER_FEY	1
T4_HEAD_LEATHER_FEY	2	T4_LEATHER_LEVEL2	8
T4_HEAD_LEATHER_FEY	2	T4_ARTEFACT_HEAD_LEATHER_FEY	1
T4_HEAD_LEATHER_FEY	3	T4_LEATHER_LEVEL3	8
T4_HEAD_LEATHER_FEY	3	T4_ARTEFACT_HEAD_LEATHER_FEY	1
T4_HEAD_LEATHER_FEY	4	T4_LEATHER_LEVEL4	8
T4_HEAD_LEATHER_FEY	4	T4_ARTEFACT_HEAD_LEATHER_FEY	1
T5_HEAD_LEATHER_FEY	0	T5_LEATHER	8
T5_HEAD_LEATHER_FEY	0	T5_ARTEFACT_HEAD_LEATHER_FEY	1
T5_HEAD_LEATHER_FEY	1	T5_LEATHER_LEVEL1	8
T5_HEAD_LEATHER_FEY	1	T5_ARTEFACT_HEAD_LEATHER_FEY	1
T5_HEAD_LEATHER_FEY	2	T5_LEATHER_LEVEL2	8
T5_HEAD_LEATHER_FEY	2	T5_ARTEFACT_HEAD_LEATHER_FEY	1
T5_HEAD_LEATHER_FEY	3	T5_LEATHER_LEVEL3	8
T5_HEAD_LEATHER_FEY	3	T5_ARTEFACT_HEAD_LEATHER_FEY	1
T5_HEAD_LEATHER_FEY	4	T5_LEATHER_LEVEL4	8
T5_HEAD_LEATHER_FEY	4	T5_ARTEFACT_HEAD_LEATHER_FEY	1
T6_HEAD_LEATHER_FEY	0	T6_LEATHER	8
T6_HEAD_LEATHER_FEY	0	T6_ARTEFACT_HEAD_LEATHER_FEY	1
T6_HEAD_LEATHER_FEY	1	T6_LEATHER_LEVEL1	8
T6_HEAD_LEATHER_FEY	1	T6_ARTEFACT_HEAD_LEATHER_FEY	1
T6_HEAD_LEATHER_FEY	2	T6_LEATHER_LEVEL2	8
T6_HEAD_LEATHER_FEY	2	T6_ARTEFACT_HEAD_LEATHER_FEY	1
T6_HEAD_LEATHER_FEY	3	T6_LEATHER_LEVEL3	8
T6_HEAD_LEATHER_FEY	3	T6_ARTEFACT_HEAD_LEATHER_FEY	1
T6_HEAD_LEATHER_FEY	4	T6_LEATHER_LEVEL4	8
T6_HEAD_LEATHER_FEY	4	T6_ARTEFACT_HEAD_LEATHER_FEY	1
T7_HEAD_LEATHER_FEY	0	T7_LEATHER	8
T7_HEAD_LEATHER_FEY	0	T7_ARTEFACT_HEAD_LEATHER_FEY	1
T7_HEAD_LEATHER_FEY	1	T7_LEATHER_LEVEL1	8
T7_HEAD_LEATHER_FEY	1	T7_ARTEFACT_HEAD_LEATHER_FEY	1
T7_HEAD_LEATHER_FEY	2	T7_LEATHER_LEVEL2	8
T7_HEAD_LEATHER_FEY	2	T7_ARTEFACT_HEAD_LEATHER_FEY	1
T7_HEAD_LEATHER_FEY	3	T7_LEATHER_LEVEL3	8
T7_HEAD_LEATHER_FEY	3	T7_ARTEFACT_HEAD_LEATHER_FEY	1
T7_HEAD_LEATHER_FEY	4	T7_LEATHER_LEVEL4	8
T7_HEAD_LEATHER_FEY	4	T7_ARTEFACT_HEAD_LEATHER_FEY	1
T8_HEAD_LEATHER_FEY	0	T8_LEATHER	8
T8_HEAD_LEATHER_FEY	0	T8_ARTEFACT_HEAD_LEATHER_FEY	1
T8_HEAD_LEATHER_FEY	1	T8_LEATHER_LEVEL1	8
T8_HEAD_LEATHER_FEY	1	T8_ARTEFACT_HEAD_LEATHER_FEY	1
T8_HEAD_LEATHER_FEY	2	T8_LEATHER_LEVEL2	8
T8_HEAD_LEATHER_FEY	2	T8_ARTEFACT_HEAD_LEATHER_FEY	1
T8_HEAD_LEATHER_FEY	3	T8_LEATHER_LEVEL3	8
T8_HEAD_LEATHER_FEY	3	T8_ARTEFACT_HEAD_LEATHER_FEY	1
T8_HEAD_LEATHER_FEY	4	T8_LEATHER_LEVEL4	8
T8_HEAD_LEATHER_FEY	4	T8_ARTEFACT_HEAD_LEATHER_FEY	1
T4_ARMOR_LEATHER_FEY	0	T4_LEATHER	16
T4_ARMOR_LEATHER_FEY	0	T4_ARTEFACT_ARMOR_LEATHER_FEY	1
T4_ARMOR_LEATHER_FEY	1	T4_LEATHER_LEVEL1	16
T4_ARMOR_LEATHER_FEY	1	T4_ARTEFACT_ARMOR_LEATHER_FEY	1
T4_ARMOR_LEATHER_FEY	2	T4_LEATHER_LEVEL2	16
T4_ARMOR_LEATHER_FEY	2	T4_ARTEFACT_ARMOR_LEATHER_FEY	1
T4_ARMOR_LEATHER_FEY	3	T4_LEATHER_LEVEL3	16
T4_ARMOR_LEATHER_FEY	3	T4_ARTEFACT_ARMOR_LEATHER_FEY	1
T4_ARMOR_LEATHER_FEY	4	T4_LEATHER_LEVEL4	16
T4_ARMOR_LEATHER_FEY	4	T4_ARTEFACT_ARMOR_LEATHER_FEY	1
T5_ARMOR_LEATHER_FEY	0	T5_LEATHER	16
T5_ARMOR_LEATHER_FEY	0	T5_ARTEFACT_ARMOR_LEATHER_FEY	1
T5_ARMOR_LEATHER_FEY	1	T5_LEATHER_LEVEL1	16
T5_ARMOR_LEATHER_FEY	1	T5_ARTEFACT_ARMOR_LEATHER_FEY	1
T5_ARMOR_LEATHER_FEY	2	T5_LEATHER_LEVEL2	16
T5_ARMOR_LEATHER_FEY	2	T5_ARTEFACT_ARMOR_LEATHER_FEY	1
T5_ARMOR_LEATHER_FEY	3	T5_LEATHER_LEVEL3	16
T5_ARMOR_LEATHER_FEY	3	T5_ARTEFACT_ARMOR_LEATHER_FEY	1
T5_ARMOR_LEATHER_FEY	4	T5_LEATHER_LEVEL4	16
T5_ARMOR_LEATHER_FEY	4	T5_ARTEFACT_ARMOR_LEATHER_FEY	1
T6_ARMOR_LEATHER_FEY	0	T6_LEATHER	16
T6_ARMOR_LEATHER_FEY	0	T6_ARTEFACT_ARMOR_LEATHER_FEY	1
T6_ARMOR_LEATHER_FEY	1	T6_LEATHER_LEVEL1	16
T6_ARMOR_LEATHER_FEY	1	T6_ARTEFACT_ARMOR_LEATHER_FEY	1
T6_ARMOR_LEATHER_FEY	2	T6_LEATHER_LEVEL2	16
T6_ARMOR_LEATHER_FEY	2	T6_ARTEFACT_ARMOR_LEATHER_FEY	1
T6_ARMOR_LEATHER_FEY	3	T6_LEATHER_LEVEL3	16
T6_ARMOR_LEATHER_FEY	3	T6_ARTEFACT_ARMOR_LEATHER_FEY	1
T6_ARMOR_LEATHER_FEY	4	T6_LEATHER_LEVEL4	16
T6_ARMOR_LEATHER_FEY	4	T6_ARTEFACT_ARMOR_LEATHER_FEY	1
T7_ARMOR_LEATHER_FEY	0	T7_LEATHER	16
T7_ARMOR_LEATHER_FEY	0	T7_ARTEFACT_ARMOR_LEATHER_FEY	1
T7_ARMOR_LEATHER_FEY	1	T7_LEATHER_LEVEL1	16
T7_ARMOR_LEATHER_FEY	1	T7_ARTEFACT_ARMOR_LEATHER_FEY	1
T7_ARMOR_LEATHER_FEY	2	T7_LEATHER_LEVEL2	16
T7_ARMOR_LEATHER_FEY	2	T7_ARTEFACT_ARMOR_LEATHER_FEY	1
T7_ARMOR_LEATHER_FEY	3	T7_LEATHER_LEVEL3	16
T7_ARMOR_LEATHER_FEY	3	T7_ARTEFACT_ARMOR_LEATHER_FEY	1
T7_ARMOR_LEATHER_FEY	4	T7_LEATHER_LEVEL4	16
T7_ARMOR_LEATHER_FEY	4	T7_ARTEFACT_ARMOR_LEATHER_FEY	1
T8_ARMOR_LEATHER_FEY	0	T8_LEATHER	16
T8_ARMOR_LEATHER_FEY	0	T8_ARTEFACT_ARMOR_LEATHER_FEY	1
T8_ARMOR_LEATHER_FEY	1	T8_LEATHER_LEVEL1	16
T8_ARMOR_LEATHER_FEY	1	T8_ARTEFACT_ARMOR_LEATHER_FEY	1
T8_ARMOR_LEATHER_FEY	2	T8_LEATHER_LEVEL2	16
T8_ARMOR_LEATHER_FEY	2	T8_ARTEFACT_ARMOR_LEATHER_FEY	1
T8_ARMOR_LEATHER_FEY	3	T8_LEATHER_LEVEL3	16
T8_ARMOR_LEATHER_FEY	3	T8_ARTEFACT_ARMOR_LEATHER_FEY	1
T8_ARMOR_LEATHER_FEY	4	T8_LEATHER_LEVEL4	16
T8_ARMOR_LEATHER_FEY	4	T8_ARTEFACT_ARMOR_LEATHER_FEY	1
T4_SHOES_LEATHER_FEY	0	T4_LEATHER	8
T4_SHOES_LEATHER_FEY	0	T4_ARTEFACT_SHOES_LEATHER_FEY	1
T4_SHOES_LEATHER_FEY	1	T4_LEATHER_LEVEL1	8
T4_SHOES_LEATHER_FEY	1	T4_ARTEFACT_SHOES_LEATHER_FEY	1
T4_SHOES_LEATHER_FEY	2	T4_LEATHER_LEVEL2	8
T4_SHOES_LEATHER_FEY	2	T4_ARTEFACT_SHOES_LEATHER_FEY	1
T4_SHOES_LEATHER_FEY	3	T4_LEATHER_LEVEL3	8
T4_SHOES_LEATHER_FEY	3	T4_ARTEFACT_SHOES_LEATHER_FEY	1
T4_SHOES_LEATHER_FEY	4	T4_LEATHER_LEVEL4	8
T4_SHOES_LEATHER_FEY	4	T4_ARTEFACT_SHOES_LEATHER_FEY	1
T5_SHOES_LEATHER_FEY	0	T5_LEATHER	8
T5_SHOES_LEATHER_FEY	0	T5_ARTEFACT_SHOES_LEATHER_FEY	1
T5_SHOES_LEATHER_FEY	1	T5_LEATHER_LEVEL1	8
T5_SHOES_LEATHER_FEY	1	T5_ARTEFACT_SHOES_LEATHER_FEY	1
T5_SHOES_LEATHER_FEY	2	T5_LEATHER_LEVEL2	8
T5_SHOES_LEATHER_FEY	2	T5_ARTEFACT_SHOES_LEATHER_FEY	1
T5_SHOES_LEATHER_FEY	3	T5_LEATHER_LEVEL3	8
T5_SHOES_LEATHER_FEY	3	T5_ARTEFACT_SHOES_LEATHER_FEY	1
T5_SHOES_LEATHER_FEY	4	T5_LEATHER_LEVEL4	8
T5_SHOES_LEATHER_FEY	4	T5_ARTEFACT_SHOES_LEATHER_FEY	1
T6_SHOES_LEATHER_FEY	0	T6_LEATHER	8
T6_SHOES_LEATHER_FEY	0	T6_ARTEFACT_SHOES_LEATHER_FEY	1
T6_SHOES_LEATHER_FEY	1	T6_LEATHER_LEVEL1	8
T6_SHOES_LEATHER_FEY	1	T6_ARTEFACT_SHOES_LEATHER_FEY	1
T6_SHOES_LEATHER_FEY	2	T6_LEATHER_LEVEL2	8
T6_SHOES_LEATHER_FEY	2	T6_ARTEFACT_SHOES_LEATHER_FEY	1
T6_SHOES_LEATHER_FEY	3	T6_LEATHER_LEVEL3	8
T6_SHOES_LEATHER_FEY	3	T6_ARTEFACT_SHOES_LEATHER_FEY	1
T6_SHOES_LEATHER_FEY	4	T6_LEATHER_LEVEL4	8
T6_SHOES_LEATHER_FEY	4	T6_ARTEFACT_SHOES_LEATHER_FEY	1
T7_SHOES_LEATHER_FEY	0	T7_LEATHER	8
T7_SHOES_LEATHER_FEY	0	T7_ARTEFACT_SHOES_LEATHER_FEY	1
T7_SHOES_LEATHER_FEY	1	T7_LEATHER_LEVEL1	8
T7_SHOES_LEATHER_FEY	1	T7_ARTEFACT_SHOES_LEATHER_FEY	1
T7_SHOES_LEATHER_FEY	2	T7_LEATHER_LEVEL2	8
T7_SHOES_LEATHER_FEY	2	T7_ARTEFACT_SHOES_LEATHER_FEY	1
T7_SHOES_LEATHER_FEY	3	T7_LEATHER_LEVEL3	8
T7_SHOES_LEATHER_FEY	3	T7_ARTEFACT_SHOES_LEATHER_FEY	1
T7_SHOES_LEATHER_FEY	4	T7_LEATHER_LEVEL4	8
T7_SHOES_LEATHER_FEY	4	T7_ARTEFACT_SHOES_LEATHER_FEY	1
T8_SHOES_LEATHER_FEY	0	T8_LEATHER	8
T8_SHOES_LEATHER_FEY	0	T8_ARTEFACT_SHOES_LEATHER_FEY	1
T8_SHOES_LEATHER_FEY	1	T8_LEATHER_LEVEL1	8
T8_SHOES_LEATHER_FEY	1	T8_ARTEFACT_SHOES_LEATHER_FEY	1
T8_SHOES_LEATHER_FEY	2	T8_LEATHER_LEVEL2	8
T8_SHOES_LEATHER_FEY	2	T8_ARTEFACT_SHOES_LEATHER_FEY	1
T8_SHOES_LEATHER_FEY	3	T8_LEATHER_LEVEL3	8
T8_SHOES_LEATHER_FEY	3	T8_ARTEFACT_SHOES_LEATHER_FEY	1
T8_SHOES_LEATHER_FEY	4	T8_LEATHER_LEVEL4	8
T8_SHOES_LEATHER_FEY	4	T8_ARTEFACT_SHOES_LEATHER_FEY	1
T4_HEAD_LEATHER_AVALON	0	T4_LEATHER	8
T4_HEAD_LEATHER_AVALON	0	T4_ARTEFACT_HEAD_LEATHER_AVALON	1
T4_HEAD_LEATHER_AVALON	1	T4_LEATHER_LEVEL1	8
T4_HEAD_LEATHER_AVALON	1	T4_ARTEFACT_HEAD_LEATHER_AVALON	1
T4_HEAD_LEATHER_AVALON	2	T4_LEATHER_LEVEL2	8
T4_HEAD_LEATHER_AVALON	2	T4_ARTEFACT_HEAD_LEATHER_AVALON	1
T4_HEAD_LEATHER_AVALON	3	T4_LEATHER_LEVEL3	8
T4_HEAD_LEATHER_AVALON	3	T4_ARTEFACT_HEAD_LEATHER_AVALON	1
T4_HEAD_LEATHER_AVALON	4	T4_LEATHER_LEVEL4	8
T4_HEAD_LEATHER_AVALON	4	T4_ARTEFACT_HEAD_LEATHER_AVALON	1
T5_HEAD_LEATHER_AVALON	0	T5_LEATHER	8
T5_HEAD_LEATHER_AVALON	0	T5_ARTEFACT_HEAD_LEATHER_AVALON	1
T5_HEAD_LEATHER_AVALON	1	T5_LEATHER_LEVEL1	8
T5_HEAD_LEATHER_AVALON	1	T5_ARTEFACT_HEAD_LEATHER_AVALON	1
T5_HEAD_LEATHER_AVALON	2	T5_LEATHER_LEVEL2	8
T5_HEAD_LEATHER_AVALON	2	T5_ARTEFACT_HEAD_LEATHER_AVALON	1
T5_HEAD_LEATHER_AVALON	3	T5_LEATHER_LEVEL3	8
T5_HEAD_LEATHER_AVALON	3	T5_ARTEFACT_HEAD_LEATHER_AVALON	1
T5_HEAD_LEATHER_AVALON	4	T5_LEATHER_LEVEL4	8
T5_HEAD_LEATHER_AVALON	4	T5_ARTEFACT_HEAD_LEATHER_AVALON	1
T6_HEAD_LEATHER_AVALON	0	T6_LEATHER	8
T6_HEAD_LEATHER_AVALON	0	T6_ARTEFACT_HEAD_LEATHER_AVALON	1
T6_HEAD_LEATHER_AVALON	1	T6_LEATHER_LEVEL1	8
T6_HEAD_LEATHER_AVALON	1	T6_ARTEFACT_HEAD_LEATHER_AVALON	1
T6_HEAD_LEATHER_AVALON	2	T6_LEATHER_LEVEL2	8
T6_HEAD_LEATHER_AVALON	2	T6_ARTEFACT_HEAD_LEATHER_AVALON	1
T6_HEAD_LEATHER_AVALON	3	T6_LEATHER_LEVEL3	8
T6_HEAD_LEATHER_AVALON	3	T6_ARTEFACT_HEAD_LEATHER_AVALON	1
T6_HEAD_LEATHER_AVALON	4	T6_LEATHER_LEVEL4	8
T6_HEAD_LEATHER_AVALON	4	T6_ARTEFACT_HEAD_LEATHER_AVALON	1
T7_HEAD_LEATHER_AVALON	0	T7_LEATHER	8
T7_HEAD_LEATHER_AVALON	0	T7_ARTEFACT_HEAD_LEATHER_AVALON	1
T7_HEAD_LEATHER_AVALON	1	T7_LEATHER_LEVEL1	8
T7_HEAD_LEATHER_AVALON	1	T7_ARTEFACT_HEAD_LEATHER_AVALON	1
T7_HEAD_LEATHER_AVALON	2	T7_LEATHER_LEVEL2	8
T7_HEAD_LEATHER_AVALON	2	T7_ARTEFACT_HEAD_LEATHER_AVALON	1
T7_HEAD_LEATHER_AVALON	3	T7_LEATHER_LEVEL3	8
T7_HEAD_LEATHER_AVALON	3	T7_ARTEFACT_HEAD_LEATHER_AVALON	1
T7_HEAD_LEATHER_AVALON	4	T7_LEATHER_LEVEL4	8
T7_HEAD_LEATHER_AVALON	4	T7_ARTEFACT_HEAD_LEATHER_AVALON	1
T8_HEAD_LEATHER_AVALON	0	T8_LEATHER	8
T8_HEAD_LEATHER_AVALON	0	T8_ARTEFACT_HEAD_LEATHER_AVALON	1
T8_HEAD_LEATHER_AVALON	1	T8_LEATHER_LEVEL1	8
T8_HEAD_LEATHER_AVALON	1	T8_ARTEFACT_HEAD_LEATHER_AVALON	1
T8_HEAD_LEATHER_AVALON	2	T8_LEATHER_LEVEL2	8
T8_HEAD_LEATHER_AVALON	2	T8_ARTEFACT_HEAD_LEATHER_AVALON	1
T8_HEAD_LEATHER_AVALON	3	T8_LEATHER_LEVEL3	8
T8_HEAD_LEATHER_AVALON	3	T8_ARTEFACT_HEAD_LEATHER_AVALON	1
T8_HEAD_LEATHER_AVALON	4	T8_LEATHER_LEVEL4	8
T8_HEAD_LEATHER_AVALON	4	T8_ARTEFACT_HEAD_LEATHER_AVALON	1
T4_ARMOR_LEATHER_AVALON	0	T4_LEATHER	16
T4_ARMOR_LEATHER_AVALON	0	T4_ARTEFACT_ARMOR_LEATHER_AVALON	1
T4_ARMOR_LEATHER_AVALON	1	T4_LEATHER_LEVEL1	16
T4_ARMOR_LEATHER_AVALON	1	T4_ARTEFACT_ARMOR_LEATHER_AVALON	1
T4_ARMOR_LEATHER_AVALON	2	T4_LEATHER_LEVEL2	16
T4_ARMOR_LEATHER_AVALON	2	T4_ARTEFACT_ARMOR_LEATHER_AVALON	1
T4_ARMOR_LEATHER_AVALON	3	T4_LEATHER_LEVEL3	16
T4_ARMOR_LEATHER_AVALON	3	T4_ARTEFACT_ARMOR_LEATHER_AVALON	1
T4_ARMOR_LEATHER_AVALON	4	T4_LEATHER_LEVEL4	16
T4_ARMOR_LEATHER_AVALON	4	T4_ARTEFACT_ARMOR_LEATHER_AVALON	1
T5_ARMOR_LEATHER_AVALON	0	T5_LEATHER	16
T5_ARMOR_LEATHER_AVALON	0	T5_ARTEFACT_ARMOR_LEATHER_AVALON	1
T5_ARMOR_LEATHER_AVALON	1	T5_LEATHER_LEVEL1	16
T5_ARMOR_LEATHER_AVALON	1	T5_ARTEFACT_ARMOR_LEATHER_AVALON	1
T5_ARMOR_LEATHER_AVALON	2	T5_LEATHER_LEVEL2	16
T5_ARMOR_LEATHER_AVALON	2	T5_ARTEFACT_ARMOR_LEATHER_AVALON	1
T5_ARMOR_LEATHER_AVALON	3	T5_LEATHER_LEVEL3	16
T5_ARMOR_LEATHER_AVALON	3	T5_ARTEFACT_ARMOR_LEATHER_AVALON	1
T5_ARMOR_LEATHER_AVALON	4	T5_LEATHER_LEVEL4	16
T5_ARMOR_LEATHER_AVALON	4	T5_ARTEFACT_ARMOR_LEATHER_AVALON	1
T6_ARMOR_LEATHER_AVALON	0	T6_LEATHER	16
T6_ARMOR_LEATHER_AVALON	0	T6_ARTEFACT_ARMOR_LEATHER_AVALON	1
T6_ARMOR_LEATHER_AVALON	1	T6_LEATHER_LEVEL1	16
T6_ARMOR_LEATHER_AVALON	1	T6_ARTEFACT_ARMOR_LEATHER_AVALON	1
T6_ARMOR_LEATHER_AVALON	2	T6_LEATHER_LEVEL2	16
T6_ARMOR_LEATHER_AVALON	2	T6_ARTEFACT_ARMOR_LEATHER_AVALON	1
T6_ARMOR_LEATHER_AVALON	3	T6_LEATHER_LEVEL3	16
T6_ARMOR_LEATHER_AVALON	3	T6_ARTEFACT_ARMOR_LEATHER_AVALON	1
T6_ARMOR_LEATHER_AVALON	4	T6_LEATHER_LEVEL4	16
T6_ARMOR_LEATHER_AVALON	4	T6_ARTEFACT_ARMOR_LEATHER_AVALON	1
T7_ARMOR_LEATHER_AVALON	0	T7_LEATHER	16
T7_ARMOR_LEATHER_AVALON	0	T7_ARTEFACT_ARMOR_LEATHER_AVALON	1
T7_ARMOR_LEATHER_AVALON	1	T7_LEATHER_LEVEL1	16
T7_ARMOR_LEATHER_AVALON	1	T7_ARTEFACT_ARMOR_LEATHER_AVALON	1
T7_ARMOR_LEATHER_AVALON	2	T7_LEATHER_LEVEL2	16
T7_ARMOR_LEATHER_AVALON	2	T7_ARTEFACT_ARMOR_LEATHER_AVALON	1
T7_ARMOR_LEATHER_AVALON	3	T7_LEATHER_LEVEL3	16
T7_ARMOR_LEATHER_AVALON	3	T7_ARTEFACT_ARMOR_LEATHER_AVALON	1
T7_ARMOR_LEATHER_AVALON	4	T7_LEATHER_LEVEL4	16
T7_ARMOR_LEATHER_AVALON	4	T7_ARTEFACT_ARMOR_LEATHER_AVALON	1
T8_ARMOR_LEATHER_AVALON	0	T8_LEATHER	16
T8_ARMOR_LEATHER_AVALON	0	T8_ARTEFACT_ARMOR_LEATHER_AVALON	1
T8_ARMOR_LEATHER_AVALON	1	T8_LEATHER_LEVEL1	16
T8_ARMOR_LEATHER_AVALON	1	T8_ARTEFACT_ARMOR_LEATHER_AVALON	1
T8_ARMOR_LEATHER_AVALON	2	T8_LEATHER_LEVEL2	16
T8_ARMOR_LEATHER_AVALON	2	T8_ARTEFACT_ARMOR_LEATHER_AVALON	1
T8_ARMOR_LEATHER_AVALON	3	T8_LEATHER_LEVEL3	16
T8_ARMOR_LEATHER_AVALON	3	T8_ARTEFACT_ARMOR_LEATHER_AVALON	1
T8_ARMOR_LEATHER_AVALON	4	T8_LEATHER_LEVEL4	16
T8_ARMOR_LEATHER_AVALON	4	T8_ARTEFACT_ARMOR_LEATHER_AVALON	1
T4_SHOES_LEATHER_AVALON	0	T4_LEATHER	8
T4_SHOES_LEATHER_AVALON	0	T4_ARTEFACT_SHOES_LEATHER_AVALON	1
T4_SHOES_LEATHER_AVALON	1	T4_LEATHER_LEVEL1	8
T4_SHOES_LEATHER_AVALON	1	T4_ARTEFACT_SHOES_LEATHER_AVALON	1
T4_SHOES_LEATHER_AVALON	2	T4_LEATHER_LEVEL2	8
T4_SHOES_LEATHER_AVALON	2	T4_ARTEFACT_SHOES_LEATHER_AVALON	1
T4_SHOES_LEATHER_AVALON	3	T4_LEATHER_LEVEL3	8
T4_SHOES_LEATHER_AVALON	3	T4_ARTEFACT_SHOES_LEATHER_AVALON	1
T4_SHOES_LEATHER_AVALON	4	T4_LEATHER_LEVEL4	8
T4_SHOES_LEATHER_AVALON	4	T4_ARTEFACT_SHOES_LEATHER_AVALON	1
T5_SHOES_LEATHER_AVALON	0	T5_LEATHER	8
T5_SHOES_LEATHER_AVALON	0	T5_ARTEFACT_SHOES_LEATHER_AVALON	1
T5_SHOES_LEATHER_AVALON	1	T5_LEATHER_LEVEL1	8
T5_SHOES_LEATHER_AVALON	1	T5_ARTEFACT_SHOES_LEATHER_AVALON	1
T5_SHOES_LEATHER_AVALON	2	T5_LEATHER_LEVEL2	8
T5_SHOES_LEATHER_AVALON	2	T5_ARTEFACT_SHOES_LEATHER_AVALON	1
T5_SHOES_LEATHER_AVALON	3	T5_LEATHER_LEVEL3	8
T5_SHOES_LEATHER_AVALON	3	T5_ARTEFACT_SHOES_LEATHER_AVALON	1
T5_SHOES_LEATHER_AVALON	4	T5_LEATHER_LEVEL4	8
T5_SHOES_LEATHER_AVALON	4	T5_ARTEFACT_SHOES_LEATHER_AVALON	1
T6_SHOES_LEATHER_AVALON	0	T6_LEATHER	8
T6_SHOES_LEATHER_AVALON	0	T6_ARTEFACT_SHOES_LEATHER_AVALON	1
T6_SHOES_LEATHER_AVALON	1	T6_LEATHER_LEVEL1	8
T6_SHOES_LEATHER_AVALON	1	T6_ARTEFACT_SHOES_LEATHER_AVALON	1
T6_SHOES_LEATHER_AVALON	2	T6_LEATHER_LEVEL2	8
T6_SHOES_LEATHER_AVALON	2	T6_ARTEFACT_SHOES_LEATHER_AVALON	1
T6_SHOES_LEATHER_AVALON	3	T6_LEATHER_LEVEL3	8
T6_SHOES_LEATHER_AVALON	3	T6_ARTEFACT_SHOES_LEATHER_AVALON	1
T6_SHOES_LEATHER_AVALON	4	T6_LEATHER_LEVEL4	8
T6_SHOES_LEATHER_AVALON	4	T6_ARTEFACT_SHOES_LEATHER_AVALON	1
T7_SHOES_LEATHER_AVALON	0	T7_LEATHER	8
T7_SHOES_LEATHER_AVALON	0	T7_ARTEFACT_SHOES_LEATHER_AVALON	1
T7_SHOES_LEATHER_AVALON	1	T7_LEATHER_LEVEL1	8
T7_SHOES_LEATHER_AVALON	1	T7_ARTEFACT_SHOES_LEATHER_AVALON	1
T7_SHOES_LEATHER_AVALON	2	T7_LEATHER_LEVEL2	8
T7_SHOES_LEATHER_AVALON	2	T7_ARTEFACT_SHOES_LEATHER_AVALON	1
T7_SHOES_LEATHER_AVALON	3	T7_LEATHER_LEVEL3	8
T7_SHOES_LEATHER_AVALON	3	T7_ARTEFACT_SHOES_LEATHER_AVALON	1
T7_SHOES_LEATHER_AVALON	4	T7_LEATHER_LEVEL4	8
T7_SHOES_LEATHER_AVALON	4	T7_ARTEFACT_SHOES_LEATHER_AVALON	1
T8_SHOES_LEATHER_AVALON	0	T8_LEATHER	8
T8_SHOES_LEATHER_AVALON	0	T8_ARTEFACT_SHOES_LEATHER_AVALON	1
T8_SHOES_LEATHER_AVALON	1	T8_LEATHER_LEVEL1	8
T8_SHOES_LEATHER_AVALON	1	T8_ARTEFACT_SHOES_LEATHER_AVALON	1
T8_SHOES_LEATHER_AVALON	2	T8_LEATHER_LEVEL2	8
T8_SHOES_LEATHER_AVALON	2	T8_ARTEFACT_SHOES_LEATHER_AVALON	1
T8_SHOES_LEATHER_AVALON	3	T8_LEATHER_LEVEL3	8
T8_SHOES_LEATHER_AVALON	3	T8_ARTEFACT_SHOES_LEATHER_AVALON	1
T8_SHOES_LEATHER_AVALON	4	T8_LEATHER_LEVEL4	8
T8_SHOES_LEATHER_AVALON	4	T8_ARTEFACT_SHOES_LEATHER_AVALON	1
T2_HEAD_CLOTH_SET1	0	T2_CLOTH	8
T3_HEAD_CLOTH_SET1	0	T3_CLOTH	8
T4_HEAD_CLOTH_SET1	0	T4_CLOTH	8
T4_HEAD_CLOTH_SET1	1	T4_CLOTH_LEVEL1	8
T4_HEAD_CLOTH_SET1	2	T4_CLOTH_LEVEL2	8
T4_HEAD_CLOTH_SET1	3	T4_CLOTH_LEVEL3	8
T4_HEAD_CLOTH_SET1	4	T4_CLOTH_LEVEL4	8
T5_HEAD_CLOTH_SET1	0	T5_CLOTH	8
T5_HEAD_CLOTH_SET1	1	T5_CLOTH_LEVEL1	8
T5_HEAD_CLOTH_SET1	2	T5_CLOTH_LEVEL2	8
T5_HEAD_CLOTH_SET1	3	T5_CLOTH_LEVEL3	8
T5_HEAD_CLOTH_SET1	4	T5_CLOTH_LEVEL4	8
T6_HEAD_CLOTH_SET1	0	T6_CLOTH	8
T6_HEAD_CLOTH_SET1	1	T6_CLOTH_LEVEL1	8
T6_HEAD_CLOTH_SET1	2	T6_CLOTH_LEVEL2	8
T6_HEAD_CLOTH_SET1	3	T6_CLOTH_LEVEL3	8
T6_HEAD_CLOTH_SET1	4	T6_CLOTH_LEVEL4	8
T7_HEAD_CLOTH_SET1	0	T7_CLOTH	8
T7_HEAD_CLOTH_SET1	1	T7_CLOTH_LEVEL1	8
T7_HEAD_CLOTH_SET1	2	T7_CLOTH_LEVEL2	8
T7_HEAD_CLOTH_SET1	3	T7_CLOTH_LEVEL3	8
T7_HEAD_CLOTH_SET1	4	T7_CLOTH_LEVEL4	8
T8_HEAD_CLOTH_SET1	0	T8_CLOTH	8
T8_HEAD_CLOTH_SET1	1	T8_CLOTH_LEVEL1	8
T8_HEAD_CLOTH_SET1	2	T8_CLOTH_LEVEL2	8
T8_HEAD_CLOTH_SET1	3	T8_CLOTH_LEVEL3	8
T8_HEAD_CLOTH_SET1	4	T8_CLOTH_LEVEL4	8
T2_ARMOR_CLOTH_SET1	0	T2_CLOTH	16
T3_ARMOR_CLOTH_SET1	0	T3_CLOTH	16
T4_ARMOR_CLOTH_SET1	0	T4_CLOTH	16
T4_ARMOR_CLOTH_SET1	1	T4_CLOTH_LEVEL1	16
T4_ARMOR_CLOTH_SET1	2	T4_CLOTH_LEVEL2	16
T4_ARMOR_CLOTH_SET1	3	T4_CLOTH_LEVEL3	16
T4_ARMOR_CLOTH_SET1	4	T4_CLOTH_LEVEL4	16
T5_ARMOR_CLOTH_SET1	0	T5_CLOTH	16
T5_ARMOR_CLOTH_SET1	1	T5_CLOTH_LEVEL1	16
T5_ARMOR_CLOTH_SET1	2	T5_CLOTH_LEVEL2	16
T5_ARMOR_CLOTH_SET1	3	T5_CLOTH_LEVEL3	16
T5_ARMOR_CLOTH_SET1	4	T5_CLOTH_LEVEL4	16
T6_ARMOR_CLOTH_SET1	0	T6_CLOTH	16
T6_ARMOR_CLOTH_SET1	1	T6_CLOTH_LEVEL1	16
T6_ARMOR_CLOTH_SET1	2	T6_CLOTH_LEVEL2	16
T6_ARMOR_CLOTH_SET1	3	T6_CLOTH_LEVEL3	16
T6_ARMOR_CLOTH_SET1	4	T6_CLOTH_LEVEL4	16
T7_ARMOR_CLOTH_SET1	0	T7_CLOTH	16
T7_ARMOR_CLOTH_SET1	1	T7_CLOTH_LEVEL1	16
T7_ARMOR_CLOTH_SET1	2	T7_CLOTH_LEVEL2	16
T7_ARMOR_CLOTH_SET1	3	T7_CLOTH_LEVEL3	16
T7_ARMOR_CLOTH_SET1	4	T7_CLOTH_LEVEL4	16
T8_ARMOR_CLOTH_SET1	0	T8_CLOTH	16
T8_ARMOR_CLOTH_SET1	1	T8_CLOTH_LEVEL1	16
T8_ARMOR_CLOTH_SET1	2	T8_CLOTH_LEVEL2	16
T8_ARMOR_CLOTH_SET1	3	T8_CLOTH_LEVEL3	16
T8_ARMOR_CLOTH_SET1	4	T8_CLOTH_LEVEL4	16
T2_SHOES_CLOTH_SET1	0	T2_CLOTH	8
T3_SHOES_CLOTH_SET1	0	T3_CLOTH	8
T4_SHOES_CLOTH_SET1	0	T4_CLOTH	8
T4_SHOES_CLOTH_SET1	1	T4_CLOTH_LEVEL1	8
T4_SHOES_CLOTH_SET1	2	T4_CLOTH_LEVEL2	8
T4_SHOES_CLOTH_SET1	3	T4_CLOTH_LEVEL3	8
T4_SHOES_CLOTH_SET1	4	T4_CLOTH_LEVEL4	8
T5_SHOES_CLOTH_SET1	0	T5_CLOTH	8
T5_SHOES_CLOTH_SET1	1	T5_CLOTH_LEVEL1	8
T5_SHOES_CLOTH_SET1	2	T5_CLOTH_LEVEL2	8
T5_SHOES_CLOTH_SET1	3	T5_CLOTH_LEVEL3	8
T5_SHOES_CLOTH_SET1	4	T5_CLOTH_LEVEL4	8
T6_SHOES_CLOTH_SET1	0	T6_CLOTH	8
T6_SHOES_CLOTH_SET1	1	T6_CLOTH_LEVEL1	8
T6_SHOES_CLOTH_SET1	2	T6_CLOTH_LEVEL2	8
T6_SHOES_CLOTH_SET1	3	T6_CLOTH_LEVEL3	8
T6_SHOES_CLOTH_SET1	4	T6_CLOTH_LEVEL4	8
T7_SHOES_CLOTH_SET1	0	T7_CLOTH	8
T7_SHOES_CLOTH_SET1	1	T7_CLOTH_LEVEL1	8
T7_SHOES_CLOTH_SET1	2	T7_CLOTH_LEVEL2	8
T7_SHOES_CLOTH_SET1	3	T7_CLOTH_LEVEL3	8
T7_SHOES_CLOTH_SET1	4	T7_CLOTH_LEVEL4	8
T8_SHOES_CLOTH_SET1	0	T8_CLOTH	8
T8_SHOES_CLOTH_SET1	1	T8_CLOTH_LEVEL1	8
T8_SHOES_CLOTH_SET1	2	T8_CLOTH_LEVEL2	8
T8_SHOES_CLOTH_SET1	3	T8_CLOTH_LEVEL3	8
T8_SHOES_CLOTH_SET1	4	T8_CLOTH_LEVEL4	8
T4_HEAD_CLOTH_SET2	0	T4_CLOTH	8
T4_HEAD_CLOTH_SET2	1	T4_CLOTH_LEVEL1	8
T4_HEAD_CLOTH_SET2	2	T4_CLOTH_LEVEL2	8
T4_HEAD_CLOTH_SET2	3	T4_CLOTH_LEVEL3	8
T4_HEAD_CLOTH_SET2	4	T4_CLOTH_LEVEL4	8
T5_HEAD_CLOTH_SET2	0	T5_CLOTH	8
T5_HEAD_CLOTH_SET2	1	T5_CLOTH_LEVEL1	8
T5_HEAD_CLOTH_SET2	2	T5_CLOTH_LEVEL2	8
T5_HEAD_CLOTH_SET2	3	T5_CLOTH_LEVEL3	8
T5_HEAD_CLOTH_SET2	4	T5_CLOTH_LEVEL4	8
T6_HEAD_CLOTH_SET2	0	T6_CLOTH	8
T6_HEAD_CLOTH_SET2	1	T6_CLOTH_LEVEL1	8
T6_HEAD_CLOTH_SET2	2	T6_CLOTH_LEVEL2	8
T6_HEAD_CLOTH_SET2	3	T6_CLOTH_LEVEL3	8
T6_HEAD_CLOTH_SET2	4	T6_CLOTH_LEVEL4	8
T7_HEAD_CLOTH_SET2	0	T7_CLOTH	8
T7_HEAD_CLOTH_SET2	1	T7_CLOTH_LEVEL1	8
T7_HEAD_CLOTH_SET2	2	T7_CLOTH_LEVEL2	8
T7_HEAD_CLOTH_SET2	3	T7_CLOTH_LEVEL3	8
T7_HEAD_CLOTH_SET2	4	T7_CLOTH_LEVEL4	8
T8_HEAD_CLOTH_SET2	0	T8_CLOTH	8
T8_HEAD_CLOTH_SET2	1	T8_CLOTH_LEVEL1	8
T8_HEAD_CLOTH_SET2	2	T8_CLOTH_LEVEL2	8
T8_HEAD_CLOTH_SET2	3	T8_CLOTH_LEVEL3	8
T8_HEAD_CLOTH_SET2	4	T8_CLOTH_LEVEL4	8
T4_ARMOR_CLOTH_SET2	0	T4_CLOTH	16
T4_ARMOR_CLOTH_SET2	1	T4_CLOTH_LEVEL1	16
T4_ARMOR_CLOTH_SET2	2	T4_CLOTH_LEVEL2	16
T4_ARMOR_CLOTH_SET2	3	T4_CLOTH_LEVEL3	16
T4_ARMOR_CLOTH_SET2	4	T4_CLOTH_LEVEL4	16
T5_ARMOR_CLOTH_SET2	0	T5_CLOTH	16
T5_ARMOR_CLOTH_SET2	1	T5_CLOTH_LEVEL1	16
T5_ARMOR_CLOTH_SET2	2	T5_CLOTH_LEVEL2	16
T5_ARMOR_CLOTH_SET2	3	T5_CLOTH_LEVEL3	16
T5_ARMOR_CLOTH_SET2	4	T5_CLOTH_LEVEL4	16
T6_ARMOR_CLOTH_SET2	0	T6_CLOTH	16
T6_ARMOR_CLOTH_SET2	1	T6_CLOTH_LEVEL1	16
T6_ARMOR_CLOTH_SET2	2	T6_CLOTH_LEVEL2	16
T6_ARMOR_CLOTH_SET2	3	T6_CLOTH_LEVEL3	16
T6_ARMOR_CLOTH_SET2	4	T6_CLOTH_LEVEL4	16
T7_ARMOR_CLOTH_SET2	0	T7_CLOTH	16
T7_ARMOR_CLOTH_SET2	1	T7_CLOTH_LEVEL1	16
T7_ARMOR_CLOTH_SET2	2	T7_CLOTH_LEVEL2	16
T7_ARMOR_CLOTH_SET2	3	T7_CLOTH_LEVEL3	16
T7_ARMOR_CLOTH_SET2	4	T7_CLOTH_LEVEL4	16
T8_ARMOR_CLOTH_SET2	0	T8_CLOTH	16
T8_ARMOR_CLOTH_SET2	1	T8_CLOTH_LEVEL1	16
T8_ARMOR_CLOTH_SET2	2	T8_CLOTH_LEVEL2	16
T8_ARMOR_CLOTH_SET2	3	T8_CLOTH_LEVEL3	16
T8_ARMOR_CLOTH_SET2	4	T8_CLOTH_LEVEL4	16
T4_SHOES_CLOTH_SET2	0	T4_CLOTH	8
T4_SHOES_CLOTH_SET2	1	T4_CLOTH_LEVEL1	8
T4_SHOES_CLOTH_SET2	2	T4_CLOTH_LEVEL2	8
T4_SHOES_CLOTH_SET2	3	T4_CLOTH_LEVEL3	8
T4_SHOES_CLOTH_SET2	4	T4_CLOTH_LEVEL4	8
T5_SHOES_CLOTH_SET2	0	T5_CLOTH	8
T5_SHOES_CLOTH_SET2	1	T5_CLOTH_LEVEL1	8
T5_SHOES_CLOTH_SET2	2	T5_CLOTH_LEVEL2	8
T5_SHOES_CLOTH_SET2	3	T5_CLOTH_LEVEL3	8
T5_SHOES_CLOTH_SET2	4	T5_CLOTH_LEVEL4	8
T6_SHOES_CLOTH_SET2	0	T6_CLOTH	8
T6_SHOES_CLOTH_SET2	1	T6_CLOTH_LEVEL1	8
T6_SHOES_CLOTH_SET2	2	T6_CLOTH_LEVEL2	8
T6_SHOES_CLOTH_SET2	3	T6_CLOTH_LEVEL3	8
T6_SHOES_CLOTH_SET2	4	T6_CLOTH_LEVEL4	8
T7_SHOES_CLOTH_SET2	0	T7_CLOTH	8
T7_SHOES_CLOTH_SET2	1	T7_CLOTH_LEVEL1	8
T7_SHOES_CLOTH_SET2	2	T7_CLOTH_LEVEL2	8
T7_SHOES_CLOTH_SET2	3	T7_CLOTH_LEVEL3	8
T7_SHOES_CLOTH_SET2	4	T7_CLOTH_LEVEL4	8
T8_SHOES_CLOTH_SET2	0	T8_CLOTH	8
T8_SHOES_CLOTH_SET2	1	T8_CLOTH_LEVEL1	8
T8_SHOES_CLOTH_SET2	2	T8_CLOTH_LEVEL2	8
T8_SHOES_CLOTH_SET2	3	T8_CLOTH_LEVEL3	8
T8_SHOES_CLOTH_SET2	4	T8_CLOTH_LEVEL4	8
T4_HEAD_CLOTH_SET3	0	T4_CLOTH	8
T4_HEAD_CLOTH_SET3	1	T4_CLOTH_LEVEL1	8
T4_HEAD_CLOTH_SET3	2	T4_CLOTH_LEVEL2	8
T4_HEAD_CLOTH_SET3	3	T4_CLOTH_LEVEL3	8
T4_HEAD_CLOTH_SET3	4	T4_CLOTH_LEVEL4	8
T5_HEAD_CLOTH_SET3	0	T5_CLOTH	8
T5_HEAD_CLOTH_SET3	1	T5_CLOTH_LEVEL1	8
T5_HEAD_CLOTH_SET3	2	T5_CLOTH_LEVEL2	8
T5_HEAD_CLOTH_SET3	3	T5_CLOTH_LEVEL3	8
T5_HEAD_CLOTH_SET3	4	T5_CLOTH_LEVEL4	8
T6_HEAD_CLOTH_SET3	0	T6_CLOTH	8
T6_HEAD_CLOTH_SET3	1	T6_CLOTH_LEVEL1	8
T6_HEAD_CLOTH_SET3	2	T6_CLOTH_LEVEL2	8
T6_HEAD_CLOTH_SET3	3	T6_CLOTH_LEVEL3	8
T6_HEAD_CLOTH_SET3	4	T6_CLOTH_LEVEL4	8
T7_HEAD_CLOTH_SET3	0	T7_CLOTH	8
T7_HEAD_CLOTH_SET3	1	T7_CLOTH_LEVEL1	8
T7_HEAD_CLOTH_SET3	2	T7_CLOTH_LEVEL2	8
T7_HEAD_CLOTH_SET3	3	T7_CLOTH_LEVEL3	8
T7_HEAD_CLOTH_SET3	4	T7_CLOTH_LEVEL4	8
T8_HEAD_CLOTH_SET3	0	T8_CLOTH	8
T8_HEAD_CLOTH_SET3	1	T8_CLOTH_LEVEL1	8
T8_HEAD_CLOTH_SET3	2	T8_CLOTH_LEVEL2	8
T8_HEAD_CLOTH_SET3	3	T8_CLOTH_LEVEL3	8
T8_HEAD_CLOTH_SET3	4	T8_CLOTH_LEVEL4	8
T4_ARMOR_CLOTH_SET3	0	T4_CLOTH	16
T4_ARMOR_CLOTH_SET3	1	T4_CLOTH_LEVEL1	16
T4_ARMOR_CLOTH_SET3	2	T4_CLOTH_LEVEL2	16
T4_ARMOR_CLOTH_SET3	3	T4_CLOTH_LEVEL3	16
T4_ARMOR_CLOTH_SET3	4	T4_CLOTH_LEVEL4	16
T5_ARMOR_CLOTH_SET3	0	T5_CLOTH	16
T5_ARMOR_CLOTH_SET3	1	T5_CLOTH_LEVEL1	16
T5_ARMOR_CLOTH_SET3	2	T5_CLOTH_LEVEL2	16
T5_ARMOR_CLOTH_SET3	3	T5_CLOTH_LEVEL3	16
T5_ARMOR_CLOTH_SET3	4	T5_CLOTH_LEVEL4	16
T6_ARMOR_CLOTH_SET3	0	T6_CLOTH	16
T6_ARMOR_CLOTH_SET3	1	T6_CLOTH_LEVEL1	16
T6_ARMOR_CLOTH_SET3	2	T6_CLOTH_LEVEL2	16
T6_ARMOR_CLOTH_SET3	3	T6_CLOTH_LEVEL3	16
T6_ARMOR_CLOTH_SET3	4	T6_CLOTH_LEVEL4	16
T7_ARMOR_CLOTH_SET3	0	T7_CLOTH	16
T7_ARMOR_CLOTH_SET3	1	T7_CLOTH_LEVEL1	16
T7_ARMOR_CLOTH_SET3	2	T7_CLOTH_LEVEL2	16
T7_ARMOR_CLOTH_SET3	3	T7_CLOTH_LEVEL3	16
T7_ARMOR_CLOTH_SET3	4	T7_CLOTH_LEVEL4	16
T8_ARMOR_CLOTH_SET3	0	T8_CLOTH	16
T8_ARMOR_CLOTH_SET3	1	T8_CLOTH_LEVEL1	16
T8_ARMOR_CLOTH_SET3	2	T8_CLOTH_LEVEL2	16
T8_ARMOR_CLOTH_SET3	3	T8_CLOTH_LEVEL3	16
T8_ARMOR_CLOTH_SET3	4	T8_CLOTH_LEVEL4	16
T4_SHOES_CLOTH_SET3	0	T4_CLOTH	8
T4_SHOES_CLOTH_SET3	1	T4_CLOTH_LEVEL1	8
T4_SHOES_CLOTH_SET3	2	T4_CLOTH_LEVEL2	8
T4_SHOES_CLOTH_SET3	3	T4_CLOTH_LEVEL3	8
T4_SHOES_CLOTH_SET3	4	T4_CLOTH_LEVEL4	8
T5_SHOES_CLOTH_SET3	0	T5_CLOTH	8
T5_SHOES_CLOTH_SET3	1	T5_CLOTH_LEVEL1	8
T5_SHOES_CLOTH_SET3	2	T5_CLOTH_LEVEL2	8
T5_SHOES_CLOTH_SET3	3	T5_CLOTH_LEVEL3	8
T5_SHOES_CLOTH_SET3	4	T5_CLOTH_LEVEL4	8
T6_SHOES_CLOTH_SET3	0	T6_CLOTH	8
T6_SHOES_CLOTH_SET3	1	T6_CLOTH_LEVEL1	8
T6_SHOES_CLOTH_SET3	2	T6_CLOTH_LEVEL2	8
T6_SHOES_CLOTH_SET3	3	T6_CLOTH_LEVEL3	8
T6_SHOES_CLOTH_SET3	4	T6_CLOTH_LEVEL4	8
T7_SHOES_CLOTH_SET3	0	T7_CLOTH	8
T7_SHOES_CLOTH_SET3	1	T7_CLOTH_LEVEL1	8
T7_SHOES_CLOTH_SET3	2	T7_CLOTH_LEVEL2	8
T7_SHOES_CLOTH_SET3	3	T7_CLOTH_LEVEL3	8
T7_SHOES_CLOTH_SET3	4	T7_CLOTH_LEVEL4	8
T8_SHOES_CLOTH_SET3	0	T8_CLOTH	8
T8_SHOES_CLOTH_SET3	1	T8_CLOTH_LEVEL1	8
T8_SHOES_CLOTH_SET3	2	T8_CLOTH_LEVEL2	8
T8_SHOES_CLOTH_SET3	3	T8_CLOTH_LEVEL3	8
T8_SHOES_CLOTH_SET3	4	T8_CLOTH_LEVEL4	8
T4_HEAD_CLOTH_KEEPER	0	T4_CLOTH	8
T4_HEAD_CLOTH_KEEPER	0	T4_ARTEFACT_HEAD_CLOTH_KEEPER	1
T4_HEAD_CLOTH_KEEPER	1	T4_CLOTH_LEVEL1	8
T4_HEAD_CLOTH_KEEPER	1	T4_ARTEFACT_HEAD_CLOTH_KEEPER	1
T4_HEAD_CLOTH_KEEPER	2	T4_CLOTH_LEVEL2	8
T4_HEAD_CLOTH_KEEPER	2	T4_ARTEFACT_HEAD_CLOTH_KEEPER	1
T4_HEAD_CLOTH_KEEPER	3	T4_CLOTH_LEVEL3	8
T4_HEAD_CLOTH_KEEPER	3	T4_ARTEFACT_HEAD_CLOTH_KEEPER	1
T4_HEAD_CLOTH_KEEPER	4	T4_CLOTH_LEVEL4	8
T4_HEAD_CLOTH_KEEPER	4	T4_ARTEFACT_HEAD_CLOTH_KEEPER	1
T5_HEAD_CLOTH_KEEPER	0	T5_CLOTH	8
T5_HEAD_CLOTH_KEEPER	0	T5_ARTEFACT_HEAD_CLOTH_KEEPER	1
T5_HEAD_CLOTH_KEEPER	1	T5_CLOTH_LEVEL1	8
T5_HEAD_CLOTH_KEEPER	1	T5_ARTEFACT_HEAD_CLOTH_KEEPER	1
T5_HEAD_CLOTH_KEEPER	2	T5_CLOTH_LEVEL2	8
T5_HEAD_CLOTH_KEEPER	2	T5_ARTEFACT_HEAD_CLOTH_KEEPER	1
T5_HEAD_CLOTH_KEEPER	3	T5_CLOTH_LEVEL3	8
T5_HEAD_CLOTH_KEEPER	3	T5_ARTEFACT_HEAD_CLOTH_KEEPER	1
T5_HEAD_CLOTH_KEEPER	4	T5_CLOTH_LEVEL4	8
T5_HEAD_CLOTH_KEEPER	4	T5_ARTEFACT_HEAD_CLOTH_KEEPER	1
T6_HEAD_CLOTH_KEEPER	0	T6_CLOTH	8
T6_HEAD_CLOTH_KEEPER	0	T6_ARTEFACT_HEAD_CLOTH_KEEPER	1
T6_HEAD_CLOTH_KEEPER	1	T6_CLOTH_LEVEL1	8
T6_HEAD_CLOTH_KEEPER	1	T6_ARTEFACT_HEAD_CLOTH_KEEPER	1
T6_HEAD_CLOTH_KEEPER	2	T6_CLOTH_LEVEL2	8
T6_HEAD_CLOTH_KEEPER	2	T6_ARTEFACT_HEAD_CLOTH_KEEPER	1
T6_HEAD_CLOTH_KEEPER	3	T6_CLOTH_LEVEL3	8
T6_HEAD_CLOTH_KEEPER	3	T6_ARTEFACT_HEAD_CLOTH_KEEPER	1
T6_HEAD_CLOTH_KEEPER	4	T6_CLOTH_LEVEL4	8
T6_HEAD_CLOTH_KEEPER	4	T6_ARTEFACT_HEAD_CLOTH_KEEPER	1
T7_HEAD_CLOTH_KEEPER	0	T7_CLOTH	8
T7_HEAD_CLOTH_KEEPER	0	T7_ARTEFACT_HEAD_CLOTH_KEEPER	1
T7_HEAD_CLOTH_KEEPER	1	T7_CLOTH_LEVEL1	8
T7_HEAD_CLOTH_KEEPER	1	T7_ARTEFACT_HEAD_CLOTH_KEEPER	1
T7_HEAD_CLOTH_KEEPER	2	T7_CLOTH_LEVEL2	8
T7_HEAD_CLOTH_KEEPER	2	T7_ARTEFACT_HEAD_CLOTH_KEEPER	1
T7_HEAD_CLOTH_KEEPER	3	T7_CLOTH_LEVEL3	8
T7_HEAD_CLOTH_KEEPER	3	T7_ARTEFACT_HEAD_CLOTH_KEEPER	1
T7_HEAD_CLOTH_KEEPER	4	T7_CLOTH_LEVEL4	8
T7_HEAD_CLOTH_KEEPER	4	T7_ARTEFACT_HEAD_CLOTH_KEEPER	1
T8_HEAD_CLOTH_KEEPER	0	T8_CLOTH	8
T8_HEAD_CLOTH_KEEPER	0	T8_ARTEFACT_HEAD_CLOTH_KEEPER	1
T8_HEAD_CLOTH_KEEPER	1	T8_CLOTH_LEVEL1	8
T8_HEAD_CLOTH_KEEPER	1	T8_ARTEFACT_HEAD_CLOTH_KEEPER	1
T8_HEAD_CLOTH_KEEPER	2	T8_CLOTH_LEVEL2	8
T8_HEAD_CLOTH_KEEPER	2	T8_ARTEFACT_HEAD_CLOTH_KEEPER	1
T8_HEAD_CLOTH_KEEPER	3	T8_CLOTH_LEVEL3	8
T8_HEAD_CLOTH_KEEPER	3	T8_ARTEFACT_HEAD_CLOTH_KEEPER	1
T8_HEAD_CLOTH_KEEPER	4	T8_CLOTH_LEVEL4	8
T8_HEAD_CLOTH_KEEPER	4	T8_ARTEFACT_HEAD_CLOTH_KEEPER	1
T4_ARMOR_CLOTH_KEEPER	0	T4_CLOTH	16
T4_ARMOR_CLOTH_KEEPER	0	T4_ARTEFACT_ARMOR_CLOTH_KEEPER	1
T4_ARMOR_CLOTH_KEEPER	1	T4_CLOTH_LEVEL1	16
T4_ARMOR_CLOTH_KEEPER	1	T4_ARTEFACT_ARMOR_CLOTH_KEEPER	1
T4_ARMOR_CLOTH_KEEPER	2	T4_CLOTH_LEVEL2	16
T4_ARMOR_CLOTH_KEEPER	2	T4_ARTEFACT_ARMOR_CLOTH_KEEPER	1
T4_ARMOR_CLOTH_KEEPER	3	T4_CLOTH_LEVEL3	16
T4_ARMOR_CLOTH_KEEPER	3	T4_ARTEFACT_ARMOR_CLOTH_KEEPER	1
T4_ARMOR_CLOTH_KEEPER	4	T4_CLOTH_LEVEL4	16
T4_ARMOR_CLOTH_KEEPER	4	T4_ARTEFACT_ARMOR_CLOTH_KEEPER	1
T5_ARMOR_CLOTH_KEEPER	0	T5_CLOTH	16
T5_ARMOR_CLOTH_KEEPER	0	T5_ARTEFACT_ARMOR_CLOTH_KEEPER	1
T5_ARMOR_CLOTH_KEEPER	1	T5_CLOTH_LEVEL1	16
T5_ARMOR_CLOTH_KEEPER	1	T5_ARTEFACT_ARMOR_CLOTH_KEEPER	1
T5_ARMOR_CLOTH_KEEPER	2	T5_CLOTH_LEVEL2	16
T5_ARMOR_CLOTH_KEEPER	2	T5_ARTEFACT_ARMOR_CLOTH_KEEPER	1
T5_ARMOR_CLOTH_KEEPER	3	T5_CLOTH_LEVEL3	16
T5_ARMOR_CLOTH_KEEPER	3	T5_ARTEFACT_ARMOR_CLOTH_KEEPER	1
T5_ARMOR_CLOTH_KEEPER	4	T5_CLOTH_LEVEL4	16
T5_ARMOR_CLOTH_KEEPER	4	T5_ARTEFACT_ARMOR_CLOTH_KEEPER	1
T6_ARMOR_CLOTH_KEEPER	0	T6_CLOTH	16
T6_ARMOR_CLOTH_KEEPER	0	T6_ARTEFACT_ARMOR_CLOTH_KEEPER	1
T6_ARMOR_CLOTH_KEEPER	1	T6_CLOTH_LEVEL1	16
T6_ARMOR_CLOTH_KEEPER	1	T6_ARTEFACT_ARMOR_CLOTH_KEEPER	1
T6_ARMOR_CLOTH_KEEPER	2	T6_CLOTH_LEVEL2	16
T6_ARMOR_CLOTH_KEEPER	2	T6_ARTEFACT_ARMOR_CLOTH_KEEPER	1
T6_ARMOR_CLOTH_KEEPER	3	T6_CLOTH_LEVEL3	16
T6_ARMOR_CLOTH_KEEPER	3	T6_ARTEFACT_ARMOR_CLOTH_KEEPER	1
T6_ARMOR_CLOTH_KEEPER	4	T6_CLOTH_LEVEL4	16
T6_ARMOR_CLOTH_KEEPER	4	T6_ARTEFACT_ARMOR_CLOTH_KEEPER	1
T7_ARMOR_CLOTH_KEEPER	0	T7_CLOTH	16
T7_ARMOR_CLOTH_KEEPER	0	T7_ARTEFACT_ARMOR_CLOTH_KEEPER	1
T7_ARMOR_CLOTH_KEEPER	1	T7_CLOTH_LEVEL1	16
T7_ARMOR_CLOTH_KEEPER	1	T7_ARTEFACT_ARMOR_CLOTH_KEEPER	1
T7_ARMOR_CLOTH_KEEPER	2	T7_CLOTH_LEVEL2	16
T7_ARMOR_CLOTH_KEEPER	2	T7_ARTEFACT_ARMOR_CLOTH_KEEPER	1
T7_ARMOR_CLOTH_KEEPER	3	T7_CLOTH_LEVEL3	16
T7_ARMOR_CLOTH_KEEPER	3	T7_ARTEFACT_ARMOR_CLOTH_KEEPER	1
T7_ARMOR_CLOTH_KEEPER	4	T7_CLOTH_LEVEL4	16
T7_ARMOR_CLOTH_KEEPER	4	T7_ARTEFACT_ARMOR_CLOTH_KEEPER	1
T8_ARMOR_CLOTH_KEEPER	0	T8_CLOTH	16
T8_ARMOR_CLOTH_KEEPER	0	T8_ARTEFACT_ARMOR_CLOTH_KEEPER	1
T8_ARMOR_CLOTH_KEEPER	1	T8_CLOTH_LEVEL1	16
T8_ARMOR_CLOTH_KEEPER	1	T8_ARTEFACT_ARMOR_CLOTH_KEEPER	1
T8_ARMOR_CLOTH_KEEPER	2	T8_CLOTH_LEVEL2	16
T8_ARMOR_CLOTH_KEEPER	2	T8_ARTEFACT_ARMOR_CLOTH_KEEPER	1
T8_ARMOR_CLOTH_KEEPER	3	T8_CLOTH_LEVEL3	16
T8_ARMOR_CLOTH_KEEPER	3	T8_ARTEFACT_ARMOR_CLOTH_KEEPER	1
T8_ARMOR_CLOTH_KEEPER	4	T8_CLOTH_LEVEL4	16
T8_ARMOR_CLOTH_KEEPER	4	T8_ARTEFACT_ARMOR_CLOTH_KEEPER	1
T4_SHOES_CLOTH_KEEPER	0	T4_CLOTH	8
T4_SHOES_CLOTH_KEEPER	0	T4_ARTEFACT_SHOES_CLOTH_KEEPER	1
T4_SHOES_CLOTH_KEEPER	1	T4_CLOTH_LEVEL1	8
T4_SHOES_CLOTH_KEEPER	1	T4_ARTEFACT_SHOES_CLOTH_KEEPER	1
T4_SHOES_CLOTH_KEEPER	2	T4_CLOTH_LEVEL2	8
T4_SHOES_CLOTH_KEEPER	2	T4_ARTEFACT_SHOES_CLOTH_KEEPER	1
T4_SHOES_CLOTH_KEEPER	3	T4_CLOTH_LEVEL3	8
T4_SHOES_CLOTH_KEEPER	3	T4_ARTEFACT_SHOES_CLOTH_KEEPER	1
T4_SHOES_CLOTH_KEEPER	4	T4_CLOTH_LEVEL4	8
T4_SHOES_CLOTH_KEEPER	4	T4_ARTEFACT_SHOES_CLOTH_KEEPER	1
T5_SHOES_CLOTH_KEEPER	0	T5_CLOTH	8
T5_SHOES_CLOTH_KEEPER	0	T5_ARTEFACT_SHOES_CLOTH_KEEPER	1
T5_SHOES_CLOTH_KEEPER	1	T5_CLOTH_LEVEL1	8
T5_SHOES_CLOTH_KEEPER	1	T5_ARTEFACT_SHOES_CLOTH_KEEPER	1
T5_SHOES_CLOTH_KEEPER	2	T5_CLOTH_LEVEL2	8
T5_SHOES_CLOTH_KEEPER	2	T5_ARTEFACT_SHOES_CLOTH_KEEPER	1
T5_SHOES_CLOTH_KEEPER	3	T5_CLOTH_LEVEL3	8
T5_SHOES_CLOTH_KEEPER	3	T5_ARTEFACT_SHOES_CLOTH_KEEPER	1
T5_SHOES_CLOTH_KEEPER	4	T5_CLOTH_LEVEL4	8
T5_SHOES_CLOTH_KEEPER	4	T5_ARTEFACT_SHOES_CLOTH_KEEPER	1
T6_SHOES_CLOTH_KEEPER	0	T6_CLOTH	8
T6_SHOES_CLOTH_KEEPER	0	T6_ARTEFACT_SHOES_CLOTH_KEEPER	1
T6_SHOES_CLOTH_KEEPER	1	T6_CLOTH_LEVEL1	8
T6_SHOES_CLOTH_KEEPER	1	T6_ARTEFACT_SHOES_CLOTH_KEEPER	1
T6_SHOES_CLOTH_KEEPER	2	T6_CLOTH_LEVEL2	8
T6_SHOES_CLOTH_KEEPER	2	T6_ARTEFACT_SHOES_CLOTH_KEEPER	1
T6_SHOES_CLOTH_KEEPER	3	T6_CLOTH_LEVEL3	8
T6_SHOES_CLOTH_KEEPER	3	T6_ARTEFACT_SHOES_CLOTH_KEEPER	1
T6_SHOES_CLOTH_KEEPER	4	T6_CLOTH_LEVEL4	8
T6_SHOES_CLOTH_KEEPER	4	T6_ARTEFACT_SHOES_CLOTH_KEEPER	1
T7_SHOES_CLOTH_KEEPER	0	T7_CLOTH	8
T7_SHOES_CLOTH_KEEPER	0	T7_ARTEFACT_SHOES_CLOTH_KEEPER	1
T7_SHOES_CLOTH_KEEPER	1	T7_CLOTH_LEVEL1	8
T7_SHOES_CLOTH_KEEPER	1	T7_ARTEFACT_SHOES_CLOTH_KEEPER	1
T7_SHOES_CLOTH_KEEPER	2	T7_CLOTH_LEVEL2	8
T7_SHOES_CLOTH_KEEPER	2	T7_ARTEFACT_SHOES_CLOTH_KEEPER	1
T7_SHOES_CLOTH_KEEPER	3	T7_CLOTH_LEVEL3	8
T7_SHOES_CLOTH_KEEPER	3	T7_ARTEFACT_SHOES_CLOTH_KEEPER	1
T7_SHOES_CLOTH_KEEPER	4	T7_CLOTH_LEVEL4	8
T7_SHOES_CLOTH_KEEPER	4	T7_ARTEFACT_SHOES_CLOTH_KEEPER	1
T8_SHOES_CLOTH_KEEPER	0	T8_CLOTH	8
T8_SHOES_CLOTH_KEEPER	0	T8_ARTEFACT_SHOES_CLOTH_KEEPER	1
T8_SHOES_CLOTH_KEEPER	1	T8_CLOTH_LEVEL1	8
T8_SHOES_CLOTH_KEEPER	1	T8_ARTEFACT_SHOES_CLOTH_KEEPER	1
T8_SHOES_CLOTH_KEEPER	2	T8_CLOTH_LEVEL2	8
T8_SHOES_CLOTH_KEEPER	2	T8_ARTEFACT_SHOES_CLOTH_KEEPER	1
T8_SHOES_CLOTH_KEEPER	3	T8_CLOTH_LEVEL3	8
T8_SHOES_CLOTH_KEEPER	3	T8_ARTEFACT_SHOES_CLOTH_KEEPER	1
T8_SHOES_CLOTH_KEEPER	4	T8_CLOTH_LEVEL4	8
T8_SHOES_CLOTH_KEEPER	4	T8_ARTEFACT_SHOES_CLOTH_KEEPER	1
T4_HEAD_CLOTH_HELL	0	T4_CLOTH	8
T4_HEAD_CLOTH_HELL	0	T4_ARTEFACT_HEAD_CLOTH_HELL	1
T4_HEAD_CLOTH_HELL	1	T4_CLOTH_LEVEL1	8
T4_HEAD_CLOTH_HELL	1	T4_ARTEFACT_HEAD_CLOTH_HELL	1
T4_HEAD_CLOTH_HELL	2	T4_CLOTH_LEVEL2	8
T4_HEAD_CLOTH_HELL	2	T4_ARTEFACT_HEAD_CLOTH_HELL	1
T4_HEAD_CLOTH_HELL	3	T4_CLOTH_LEVEL3	8
T4_HEAD_CLOTH_HELL	3	T4_ARTEFACT_HEAD_CLOTH_HELL	1
T4_HEAD_CLOTH_HELL	4	T4_CLOTH_LEVEL4	8
T4_HEAD_CLOTH_HELL	4	T4_ARTEFACT_HEAD_CLOTH_HELL	1
T5_HEAD_CLOTH_HELL	0	T5_CLOTH	8
T5_HEAD_CLOTH_HELL	0	T5_ARTEFACT_HEAD_CLOTH_HELL	1
T5_HEAD_CLOTH_HELL	1	T5_CLOTH_LEVEL1	8
T5_HEAD_CLOTH_HELL	1	T5_ARTEFACT_HEAD_CLOTH_HELL	1
T5_HEAD_CLOTH_HELL	2	T5_CLOTH_LEVEL2	8
T5_HEAD_CLOTH_HELL	2	T5_ARTEFACT_HEAD_CLOTH_HELL	1
T5_HEAD_CLOTH_HELL	3	T5_CLOTH_LEVEL3	8
T5_HEAD_CLOTH_HELL	3	T5_ARTEFACT_HEAD_CLOTH_HELL	1
T5_HEAD_CLOTH_HELL	4	T5_CLOTH_LEVEL4	8
T5_HEAD_CLOTH_HELL	4	T5_ARTEFACT_HEAD_CLOTH_HELL	1
T6_HEAD_CLOTH_HELL	0	T6_CLOTH	8
T6_HEAD_CLOTH_HELL	0	T6_ARTEFACT_HEAD_CLOTH_HELL	1
T6_HEAD_CLOTH_HELL	1	T6_CLOTH_LEVEL1	8
T6_HEAD_CLOTH_HELL	1	T6_ARTEFACT_HEAD_CLOTH_HELL	1
T6_HEAD_CLOTH_HELL	2	T6_CLOTH_LEVEL2	8
T6_HEAD_CLOTH_HELL	2	T6_ARTEFACT_HEAD_CLOTH_HELL	1
T6_HEAD_CLOTH_HELL	3	T6_CLOTH_LEVEL3	8
T6_HEAD_CLOTH_HELL	3	T6_ARTEFACT_HEAD_CLOTH_HELL	1
T6_HEAD_CLOTH_HELL	4	T6_CLOTH_LEVEL4	8
T6_HEAD_CLOTH_HELL	4	T6_ARTEFACT_HEAD_CLOTH_HELL	1
T7_HEAD_CLOTH_HELL	0	T7_CLOTH	8
T7_HEAD_CLOTH_HELL	0	T7_ARTEFACT_HEAD_CLOTH_HELL	1
T7_HEAD_CLOTH_HELL	1	T7_CLOTH_LEVEL1	8
T7_HEAD_CLOTH_HELL	1	T7_ARTEFACT_HEAD_CLOTH_HELL	1
T7_HEAD_CLOTH_HELL	2	T7_CLOTH_LEVEL2	8
T7_HEAD_CLOTH_HELL	2	T7_ARTEFACT_HEAD_CLOTH_HELL	1
T7_HEAD_CLOTH_HELL	3	T7_CLOTH_LEVEL3	8
T7_HEAD_CLOTH_HELL	3	T7_ARTEFACT_HEAD_CLOTH_HELL	1
T7_HEAD_CLOTH_HELL	4	T7_CLOTH_LEVEL4	8
T7_HEAD_CLOTH_HELL	4	T7_ARTEFACT_HEAD_CLOTH_HELL	1
T8_HEAD_CLOTH_HELL	0	T8_CLOTH	8
T8_HEAD_CLOTH_HELL	0	T8_ARTEFACT_HEAD_CLOTH_HELL	1
T8_HEAD_CLOTH_HELL	1	T8_CLOTH_LEVEL1	8
T8_HEAD_CLOTH_HELL	1	T8_ARTEFACT_HEAD_CLOTH_HELL	1
T8_HEAD_CLOTH_HELL	2	T8_CLOTH_LEVEL2	8
T8_HEAD_CLOTH_HELL	2	T8_ARTEFACT_HEAD_CLOTH_HELL	1
T8_HEAD_CLOTH_HELL	3	T8_CLOTH_LEVEL3	8
T8_HEAD_CLOTH_HELL	3	T8_ARTEFACT_HEAD_CLOTH_HELL	1
T8_HEAD_CLOTH_HELL	4	T8_CLOTH_LEVEL4	8
T8_HEAD_CLOTH_HELL	4	T8_ARTEFACT_HEAD_CLOTH_HELL	1
T4_ARMOR_CLOTH_HELL	0	T4_CLOTH	16
T4_ARMOR_CLOTH_HELL	0	T4_ARTEFACT_ARMOR_CLOTH_HELL	1
T4_ARMOR_CLOTH_HELL	1	T4_CLOTH_LEVEL1	16
T4_ARMOR_CLOTH_HELL	1	T4_ARTEFACT_ARMOR_CLOTH_HELL	1
T4_ARMOR_CLOTH_HELL	2	T4_CLOTH_LEVEL2	16
T4_ARMOR_CLOTH_HELL	2	T4_ARTEFACT_ARMOR_CLOTH_HELL	1
T4_ARMOR_CLOTH_HELL	3	T4_CLOTH_LEVEL3	16
T4_ARMOR_CLOTH_HELL	3	T4_ARTEFACT_ARMOR_CLOTH_HELL	1
T4_ARMOR_CLOTH_HELL	4	T4_CLOTH_LEVEL4	16
T4_ARMOR_CLOTH_HELL	4	T4_ARTEFACT_ARMOR_CLOTH_HELL	1
T5_ARMOR_CLOTH_HELL	0	T5_CLOTH	16
T5_ARMOR_CLOTH_HELL	0	T5_ARTEFACT_ARMOR_CLOTH_HELL	1
T5_ARMOR_CLOTH_HELL	1	T5_CLOTH_LEVEL1	16
T5_ARMOR_CLOTH_HELL	1	T5_ARTEFACT_ARMOR_CLOTH_HELL	1
T5_ARMOR_CLOTH_HELL	2	T5_CLOTH_LEVEL2	16
T5_ARMOR_CLOTH_HELL	2	T5_ARTEFACT_ARMOR_CLOTH_HELL	1
T5_ARMOR_CLOTH_HELL	3	T5_CLOTH_LEVEL3	16
T5_ARMOR_CLOTH_HELL	3	T5_ARTEFACT_ARMOR_CLOTH_HELL	1
T5_ARMOR_CLOTH_HELL	4	T5_CLOTH_LEVEL4	16
T5_ARMOR_CLOTH_HELL	4	T5_ARTEFACT_ARMOR_CLOTH_HELL	1
T6_ARMOR_CLOTH_HELL	0	T6_CLOTH	16
T6_ARMOR_CLOTH_HELL	0	T6_ARTEFACT_ARMOR_CLOTH_HELL	1
T6_ARMOR_CLOTH_HELL	1	T6_CLOTH_LEVEL1	16
T6_ARMOR_CLOTH_HELL	1	T6_ARTEFACT_ARMOR_CLOTH_HELL	1
T6_ARMOR_CLOTH_HELL	2	T6_CLOTH_LEVEL2	16
T6_ARMOR_CLOTH_HELL	2	T6_ARTEFACT_ARMOR_CLOTH_HELL	1
T6_ARMOR_CLOTH_HELL	3	T6_CLOTH_LEVEL3	16
T6_ARMOR_CLOTH_HELL	3	T6_ARTEFACT_ARMOR_CLOTH_HELL	1
T6_ARMOR_CLOTH_HELL	4	T6_CLOTH_LEVEL4	16
T6_ARMOR_CLOTH_HELL	4	T6_ARTEFACT_ARMOR_CLOTH_HELL	1
T7_ARMOR_CLOTH_HELL	0	T7_CLOTH	16
T7_ARMOR_CLOTH_HELL	0	T7_ARTEFACT_ARMOR_CLOTH_HELL	1
T7_ARMOR_CLOTH_HELL	1	T7_CLOTH_LEVEL1	16
T7_ARMOR_CLOTH_HELL	1	T7_ARTEFACT_ARMOR_CLOTH_HELL	1
T7_ARMOR_CLOTH_HELL	2	T7_CLOTH_LEVEL2	16
T7_ARMOR_CLOTH_HELL	2	T7_ARTEFACT_ARMOR_CLOTH_HELL	1
T7_ARMOR_CLOTH_HELL	3	T7_CLOTH_LEVEL3	16
T7_ARMOR_CLOTH_HELL	3	T7_ARTEFACT_ARMOR_CLOTH_HELL	1
T7_ARMOR_CLOTH_HELL	4	T7_CLOTH_LEVEL4	16
T7_ARMOR_CLOTH_HELL	4	T7_ARTEFACT_ARMOR_CLOTH_HELL	1
T8_ARMOR_CLOTH_HELL	0	T8_CLOTH	16
T8_ARMOR_CLOTH_HELL	0	T8_ARTEFACT_ARMOR_CLOTH_HELL	1
T8_ARMOR_CLOTH_HELL	1	T8_CLOTH_LEVEL1	16
T8_ARMOR_CLOTH_HELL	1	T8_ARTEFACT_ARMOR_CLOTH_HELL	1
T8_ARMOR_CLOTH_HELL	2	T8_CLOTH_LEVEL2	16
T8_ARMOR_CLOTH_HELL	2	T8_ARTEFACT_ARMOR_CLOTH_HELL	1
T8_ARMOR_CLOTH_HELL	3	T8_CLOTH_LEVEL3	16
T8_ARMOR_CLOTH_HELL	3	T8_ARTEFACT_ARMOR_CLOTH_HELL	1
T8_ARMOR_CLOTH_HELL	4	T8_CLOTH_LEVEL4	16
T8_ARMOR_CLOTH_HELL	4	T8_ARTEFACT_ARMOR_CLOTH_HELL	1
T4_SHOES_CLOTH_HELL	0	T4_CLOTH	8
T4_SHOES_CLOTH_HELL	0	T4_ARTEFACT_SHOES_CLOTH_HELL	1
T4_SHOES_CLOTH_HELL	1	T4_CLOTH_LEVEL1	8
T4_SHOES_CLOTH_HELL	1	T4_ARTEFACT_SHOES_CLOTH_HELL	1
T4_SHOES_CLOTH_HELL	2	T4_CLOTH_LEVEL2	8
T4_SHOES_CLOTH_HELL	2	T4_ARTEFACT_SHOES_CLOTH_HELL	1
T4_SHOES_CLOTH_HELL	3	T4_CLOTH_LEVEL3	8
T4_SHOES_CLOTH_HELL	3	T4_ARTEFACT_SHOES_CLOTH_HELL	1
T4_SHOES_CLOTH_HELL	4	T4_CLOTH_LEVEL4	8
T4_SHOES_CLOTH_HELL	4	T4_ARTEFACT_SHOES_CLOTH_HELL	1
T5_SHOES_CLOTH_HELL	0	T5_CLOTH	8
T5_SHOES_CLOTH_HELL	0	T5_ARTEFACT_SHOES_CLOTH_HELL	1
T5_SHOES_CLOTH_HELL	1	T5_CLOTH_LEVEL1	8
T5_SHOES_CLOTH_HELL	1	T5_ARTEFACT_SHOES_CLOTH_HELL	1
T5_SHOES_CLOTH_HELL	2	T5_CLOTH_LEVEL2	8
T5_SHOES_CLOTH_HELL	2	T5_ARTEFACT_SHOES_CLOTH_HELL	1
T5_SHOES_CLOTH_HELL	3	T5_CLOTH_LEVEL3	8
T5_SHOES_CLOTH_HELL	3	T5_ARTEFACT_SHOES_CLOTH_HELL	1
T5_SHOES_CLOTH_HELL	4	T5_CLOTH_LEVEL4	8
T5_SHOES_CLOTH_HELL	4	T5_ARTEFACT_SHOES_CLOTH_HELL	1
T6_SHOES_CLOTH_HELL	0	T6_CLOTH	8
T6_SHOES_CLOTH_HELL	0	T6_ARTEFACT_SHOES_CLOTH_HELL	1
T6_SHOES_CLOTH_HELL	1	T6_CLOTH_LEVEL1	8
T6_SHOES_CLOTH_HELL	1	T6_ARTEFACT_SHOES_CLOTH_HELL	1
T6_SHOES_CLOTH_HELL	2	T6_CLOTH_LEVEL2	8
T6_SHOES_CLOTH_HELL	2	T6_ARTEFACT_SHOES_CLOTH_HELL	1
T6_SHOES_CLOTH_HELL	3	T6_CLOTH_LEVEL3	8
T6_SHOES_CLOTH_HELL	3	T6_ARTEFACT_SHOES_CLOTH_HELL	1
T6_SHOES_CLOTH_HELL	4	T6_CLOTH_LEVEL4	8
T6_SHOES_CLOTH_HELL	4	T6_ARTEFACT_SHOES_CLOTH_HELL	1
T7_SHOES_CLOTH_HELL	0	T7_CLOTH	8
T7_SHOES_CLOTH_HELL	0	T7_ARTEFACT_SHOES_CLOTH_HELL	1
T7_SHOES_CLOTH_HELL	1	T7_CLOTH_LEVEL1	8
T7_SHOES_CLOTH_HELL	1	T7_ARTEFACT_SHOES_CLOTH_HELL	1
T7_SHOES_CLOTH_HELL	2	T7_CLOTH_LEVEL2	8
T7_SHOES_CLOTH_HELL	2	T7_ARTEFACT_SHOES_CLOTH_HELL	1
T7_SHOES_CLOTH_HELL	3	T7_CLOTH_LEVEL3	8
T7_SHOES_CLOTH_HELL	3	T7_ARTEFACT_SHOES_CLOTH_HELL	1
T7_SHOES_CLOTH_HELL	4	T7_CLOTH_LEVEL4	8
T7_SHOES_CLOTH_HELL	4	T7_ARTEFACT_SHOES_CLOTH_HELL	1
T8_SHOES_CLOTH_HELL	0	T8_CLOTH	8
T8_SHOES_CLOTH_HELL	0	T8_ARTEFACT_SHOES_CLOTH_HELL	1
T8_SHOES_CLOTH_HELL	1	T8_CLOTH_LEVEL1	8
T8_SHOES_CLOTH_HELL	1	T8_ARTEFACT_SHOES_CLOTH_HELL	1
T8_SHOES_CLOTH_HELL	2	T8_CLOTH_LEVEL2	8
T8_SHOES_CLOTH_HELL	2	T8_ARTEFACT_SHOES_CLOTH_HELL	1
T8_SHOES_CLOTH_HELL	3	T8_CLOTH_LEVEL3	8
T8_SHOES_CLOTH_HELL	3	T8_ARTEFACT_SHOES_CLOTH_HELL	1
T8_SHOES_CLOTH_HELL	4	T8_CLOTH_LEVEL4	8
T8_SHOES_CLOTH_HELL	4	T8_ARTEFACT_SHOES_CLOTH_HELL	1
T4_HEAD_CLOTH_MORGANA	0	T4_CLOTH	8
T4_HEAD_CLOTH_MORGANA	0	T4_ARTEFACT_HEAD_CLOTH_MORGANA	1
T4_HEAD_CLOTH_MORGANA	1	T4_CLOTH_LEVEL1	8
T4_HEAD_CLOTH_MORGANA	1	T4_ARTEFACT_HEAD_CLOTH_MORGANA	1
T4_HEAD_CLOTH_MORGANA	2	T4_CLOTH_LEVEL2	8
T4_HEAD_CLOTH_MORGANA	2	T4_ARTEFACT_HEAD_CLOTH_MORGANA	1
T4_HEAD_CLOTH_MORGANA	3	T4_CLOTH_LEVEL3	8
T4_HEAD_CLOTH_MORGANA	3	T4_ARTEFACT_HEAD_CLOTH_MORGANA	1
T4_HEAD_CLOTH_MORGANA	4	T4_CLOTH_LEVEL4	8
T4_HEAD_CLOTH_MORGANA	4	T4_ARTEFACT_HEAD_CLOTH_MORGANA	1
T5_HEAD_CLOTH_MORGANA	0	T5_CLOTH	8
T5_HEAD_CLOTH_MORGANA	0	T5_ARTEFACT_HEAD_CLOTH_MORGANA	1
T5_HEAD_CLOTH_MORGANA	1	T5_CLOTH_LEVEL1	8
T5_HEAD_CLOTH_MORGANA	1	T5_ARTEFACT_HEAD_CLOTH_MORGANA	1
T5_HEAD_CLOTH_MORGANA	2	T5_CLOTH_LEVEL2	8
T5_HEAD_CLOTH_MORGANA	2	T5_ARTEFACT_HEAD_CLOTH_MORGANA	1
T5_HEAD_CLOTH_MORGANA	3	T5_CLOTH_LEVEL3	8
T5_HEAD_CLOTH_MORGANA	3	T5_ARTEFACT_HEAD_CLOTH_MORGANA	1
T5_HEAD_CLOTH_MORGANA	4	T5_CLOTH_LEVEL4	8
T5_HEAD_CLOTH_MORGANA	4	T5_ARTEFACT_HEAD_CLOTH_MORGANA	1
T6_HEAD_CLOTH_MORGANA	0	T6_CLOTH	8
T6_HEAD_CLOTH_MORGANA	0	T6_ARTEFACT_HEAD_CLOTH_MORGANA	1
T6_HEAD_CLOTH_MORGANA	1	T6_CLOTH_LEVEL1	8
T6_HEAD_CLOTH_MORGANA	1	T6_ARTEFACT_HEAD_CLOTH_MORGANA	1
T6_HEAD_CLOTH_MORGANA	2	T6_CLOTH_LEVEL2	8
T6_HEAD_CLOTH_MORGANA	2	T6_ARTEFACT_HEAD_CLOTH_MORGANA	1
T6_HEAD_CLOTH_MORGANA	3	T6_CLOTH_LEVEL3	8
T6_HEAD_CLOTH_MORGANA	3	T6_ARTEFACT_HEAD_CLOTH_MORGANA	1
T6_HEAD_CLOTH_MORGANA	4	T6_CLOTH_LEVEL4	8
T6_HEAD_CLOTH_MORGANA	4	T6_ARTEFACT_HEAD_CLOTH_MORGANA	1
T7_HEAD_CLOTH_MORGANA	0	T7_CLOTH	8
T7_HEAD_CLOTH_MORGANA	0	T7_ARTEFACT_HEAD_CLOTH_MORGANA	1
T7_HEAD_CLOTH_MORGANA	1	T7_CLOTH_LEVEL1	8
T7_HEAD_CLOTH_MORGANA	1	T7_ARTEFACT_HEAD_CLOTH_MORGANA	1
T7_HEAD_CLOTH_MORGANA	2	T7_CLOTH_LEVEL2	8
T7_HEAD_CLOTH_MORGANA	2	T7_ARTEFACT_HEAD_CLOTH_MORGANA	1
T7_HEAD_CLOTH_MORGANA	3	T7_CLOTH_LEVEL3	8
T7_HEAD_CLOTH_MORGANA	3	T7_ARTEFACT_HEAD_CLOTH_MORGANA	1
T7_HEAD_CLOTH_MORGANA	4	T7_CLOTH_LEVEL4	8
T7_HEAD_CLOTH_MORGANA	4	T7_ARTEFACT_HEAD_CLOTH_MORGANA	1
T8_HEAD_CLOTH_MORGANA	0	T8_CLOTH	8
T8_HEAD_CLOTH_MORGANA	0	T8_ARTEFACT_HEAD_CLOTH_MORGANA	1
T8_HEAD_CLOTH_MORGANA	1	T8_CLOTH_LEVEL1	8
T8_HEAD_CLOTH_MORGANA	1	T8_ARTEFACT_HEAD_CLOTH_MORGANA	1
T8_HEAD_CLOTH_MORGANA	2	T8_CLOTH_LEVEL2	8
T8_HEAD_CLOTH_MORGANA	2	T8_ARTEFACT_HEAD_CLOTH_MORGANA	1
T8_HEAD_CLOTH_MORGANA	3	T8_CLOTH_LEVEL3	8
T8_HEAD_CLOTH_MORGANA	3	T8_ARTEFACT_HEAD_CLOTH_MORGANA	1
T8_HEAD_CLOTH_MORGANA	4	T8_CLOTH_LEVEL4	8
T8_HEAD_CLOTH_MORGANA	4	T8_ARTEFACT_HEAD_CLOTH_MORGANA	1
T4_ARMOR_CLOTH_MORGANA	0	T4_CLOTH	16
T4_ARMOR_CLOTH_MORGANA	0	T4_ARTEFACT_ARMOR_CLOTH_MORGANA	1
T4_ARMOR_CLOTH_MORGANA	1	T4_CLOTH_LEVEL1	16
T4_ARMOR_CLOTH_MORGANA	1	T4_ARTEFACT_ARMOR_CLOTH_MORGANA	1
T4_ARMOR_CLOTH_MORGANA	2	T4_CLOTH_LEVEL2	16
T4_ARMOR_CLOTH_MORGANA	2	T4_ARTEFACT_ARMOR_CLOTH_MORGANA	1
T4_ARMOR_CLOTH_MORGANA	3	T4_CLOTH_LEVEL3	16
T4_ARMOR_CLOTH_MORGANA	3	T4_ARTEFACT_ARMOR_CLOTH_MORGANA	1
T4_ARMOR_CLOTH_MORGANA	4	T4_CLOTH_LEVEL4	16
T4_ARMOR_CLOTH_MORGANA	4	T4_ARTEFACT_ARMOR_CLOTH_MORGANA	1
T5_ARMOR_CLOTH_MORGANA	0	T5_CLOTH	16
T5_ARMOR_CLOTH_MORGANA	0	T5_ARTEFACT_ARMOR_CLOTH_MORGANA	1
T5_ARMOR_CLOTH_MORGANA	1	T5_CLOTH_LEVEL1	16
T5_ARMOR_CLOTH_MORGANA	1	T5_ARTEFACT_ARMOR_CLOTH_MORGANA	1
T5_ARMOR_CLOTH_MORGANA	2	T5_CLOTH_LEVEL2	16
T5_ARMOR_CLOTH_MORGANA	2	T5_ARTEFACT_ARMOR_CLOTH_MORGANA	1
T5_ARMOR_CLOTH_MORGANA	3	T5_CLOTH_LEVEL3	16
T5_ARMOR_CLOTH_MORGANA	3	T5_ARTEFACT_ARMOR_CLOTH_MORGANA	1
T5_ARMOR_CLOTH_MORGANA	4	T5_CLOTH_LEVEL4	16
T5_ARMOR_CLOTH_MORGANA	4	T5_ARTEFACT_ARMOR_CLOTH_MORGANA	1
T6_ARMOR_CLOTH_MORGANA	0	T6_CLOTH	16
T6_ARMOR_CLOTH_MORGANA	0	T6_ARTEFACT_ARMOR_CLOTH_MORGANA	1
T6_ARMOR_CLOTH_MORGANA	1	T6_CLOTH_LEVEL1	16
T6_ARMOR_CLOTH_MORGANA	1	T6_ARTEFACT_ARMOR_CLOTH_MORGANA	1
T6_ARMOR_CLOTH_MORGANA	2	T6_CLOTH_LEVEL2	16
T6_ARMOR_CLOTH_MORGANA	2	T6_ARTEFACT_ARMOR_CLOTH_MORGANA	1
T6_ARMOR_CLOTH_MORGANA	3	T6_CLOTH_LEVEL3	16
T6_ARMOR_CLOTH_MORGANA	3	T6_ARTEFACT_ARMOR_CLOTH_MORGANA	1
T6_ARMOR_CLOTH_MORGANA	4	T6_CLOTH_LEVEL4	16
T6_ARMOR_CLOTH_MORGANA	4	T6_ARTEFACT_ARMOR_CLOTH_MORGANA	1
T7_ARMOR_CLOTH_MORGANA	0	T7_CLOTH	16
T7_ARMOR_CLOTH_MORGANA	0	T7_ARTEFACT_ARMOR_CLOTH_MORGANA	1
T7_ARMOR_CLOTH_MORGANA	1	T7_CLOTH_LEVEL1	16
T7_ARMOR_CLOTH_MORGANA	1	T7_ARTEFACT_ARMOR_CLOTH_MORGANA	1
T7_ARMOR_CLOTH_MORGANA	2	T7_CLOTH_LEVEL2	16
T7_ARMOR_CLOTH_MORGANA	2	T7_ARTEFACT_ARMOR_CLOTH_MORGANA	1
T7_ARMOR_CLOTH_MORGANA	3	T7_CLOTH_LEVEL3	16
T7_ARMOR_CLOTH_MORGANA	3	T7_ARTEFACT_ARMOR_CLOTH_MORGANA	1
T7_ARMOR_CLOTH_MORGANA	4	T7_CLOTH_LEVEL4	16
T7_ARMOR_CLOTH_MORGANA	4	T7_ARTEFACT_ARMOR_CLOTH_MORGANA	1
T8_ARMOR_CLOTH_MORGANA	0	T8_CLOTH	16
T8_ARMOR_CLOTH_MORGANA	0	T8_ARTEFACT_ARMOR_CLOTH_MORGANA	1
T8_ARMOR_CLOTH_MORGANA	1	T8_CLOTH_LEVEL1	16
T8_ARMOR_CLOTH_MORGANA	1	T8_ARTEFACT_ARMOR_CLOTH_MORGANA	1
T8_ARMOR_CLOTH_MORGANA	2	T8_CLOTH_LEVEL2	16
T8_ARMOR_CLOTH_MORGANA	2	T8_ARTEFACT_ARMOR_CLOTH_MORGANA	1
T8_ARMOR_CLOTH_MORGANA	3	T8_CLOTH_LEVEL3	16
T8_ARMOR_CLOTH_MORGANA	3	T8_ARTEFACT_ARMOR_CLOTH_MORGANA	1
T8_ARMOR_CLOTH_MORGANA	4	T8_CLOTH_LEVEL4	16
T8_ARMOR_CLOTH_MORGANA	4	T8_ARTEFACT_ARMOR_CLOTH_MORGANA	1
T4_SHOES_CLOTH_MORGANA	0	T4_CLOTH	8
T4_SHOES_CLOTH_MORGANA	0	T4_ARTEFACT_SHOES_CLOTH_MORGANA	1
T4_SHOES_CLOTH_MORGANA	1	T4_CLOTH_LEVEL1	8
T4_SHOES_CLOTH_MORGANA	1	T4_ARTEFACT_SHOES_CLOTH_MORGANA	1
T4_SHOES_CLOTH_MORGANA	2	T4_CLOTH_LEVEL2	8
T4_SHOES_CLOTH_MORGANA	2	T4_ARTEFACT_SHOES_CLOTH_MORGANA	1
T4_SHOES_CLOTH_MORGANA	3	T4_CLOTH_LEVEL3	8
T4_SHOES_CLOTH_MORGANA	3	T4_ARTEFACT_SHOES_CLOTH_MORGANA	1
T4_SHOES_CLOTH_MORGANA	4	T4_CLOTH_LEVEL4	8
T4_SHOES_CLOTH_MORGANA	4	T4_ARTEFACT_SHOES_CLOTH_MORGANA	1
T5_SHOES_CLOTH_MORGANA	0	T5_CLOTH	8
T5_SHOES_CLOTH_MORGANA	0	T5_ARTEFACT_SHOES_CLOTH_MORGANA	1
T5_SHOES_CLOTH_MORGANA	1	T5_CLOTH_LEVEL1	8
T5_SHOES_CLOTH_MORGANA	1	T5_ARTEFACT_SHOES_CLOTH_MORGANA	1
T5_SHOES_CLOTH_MORGANA	2	T5_CLOTH_LEVEL2	8
T5_SHOES_CLOTH_MORGANA	2	T5_ARTEFACT_SHOES_CLOTH_MORGANA	1
T5_SHOES_CLOTH_MORGANA	3	T5_CLOTH_LEVEL3	8
T5_SHOES_CLOTH_MORGANA	3	T5_ARTEFACT_SHOES_CLOTH_MORGANA	1
T5_SHOES_CLOTH_MORGANA	4	T5_CLOTH_LEVEL4	8
T5_SHOES_CLOTH_MORGANA	4	T5_ARTEFACT_SHOES_CLOTH_MORGANA	1
T6_SHOES_CLOTH_MORGANA	0	T6_CLOTH	8
T6_SHOES_CLOTH_MORGANA	0	T6_ARTEFACT_SHOES_CLOTH_MORGANA	1
T6_SHOES_CLOTH_MORGANA	1	T6_CLOTH_LEVEL1	8
T6_SHOES_CLOTH_MORGANA	1	T6_ARTEFACT_SHOES_CLOTH_MORGANA	1
T6_SHOES_CLOTH_MORGANA	2	T6_CLOTH_LEVEL2	8
T6_SHOES_CLOTH_MORGANA	2	T6_ARTEFACT_SHOES_CLOTH_MORGANA	1
T6_SHOES_CLOTH_MORGANA	3	T6_CLOTH_LEVEL3	8
T6_SHOES_CLOTH_MORGANA	3	T6_ARTEFACT_SHOES_CLOTH_MORGANA	1
T6_SHOES_CLOTH_MORGANA	4	T6_CLOTH_LEVEL4	8
T6_SHOES_CLOTH_MORGANA	4	T6_ARTEFACT_SHOES_CLOTH_MORGANA	1
T7_SHOES_CLOTH_MORGANA	0	T7_CLOTH	8
T7_SHOES_CLOTH_MORGANA	0	T7_ARTEFACT_SHOES_CLOTH_MORGANA	1
T7_SHOES_CLOTH_MORGANA	1	T7_CLOTH_LEVEL1	8
T7_SHOES_CLOTH_MORGANA	1	T7_ARTEFACT_SHOES_CLOTH_MORGANA	1
T7_SHOES_CLOTH_MORGANA	2	T7_CLOTH_LEVEL2	8
T7_SHOES_CLOTH_MORGANA	2	T7_ARTEFACT_SHOES_CLOTH_MORGANA	1
T7_SHOES_CLOTH_MORGANA	3	T7_CLOTH_LEVEL3	8
T7_SHOES_CLOTH_MORGANA	3	T7_ARTEFACT_SHOES_CLOTH_MORGANA	1
T7_SHOES_CLOTH_MORGANA	4	T7_CLOTH_LEVEL4	8
T7_SHOES_CLOTH_MORGANA	4	T7_ARTEFACT_SHOES_CLOTH_MORGANA	1
T8_SHOES_CLOTH_MORGANA	0	T8_CLOTH	8
T8_SHOES_CLOTH_MORGANA	0	T8_ARTEFACT_SHOES_CLOTH_MORGANA	1
T8_SHOES_CLOTH_MORGANA	1	T8_CLOTH_LEVEL1	8
T8_SHOES_CLOTH_MORGANA	1	T8_ARTEFACT_SHOES_CLOTH_MORGANA	1
T8_SHOES_CLOTH_MORGANA	2	T8_CLOTH_LEVEL2	8
T8_SHOES_CLOTH_MORGANA	2	T8_ARTEFACT_SHOES_CLOTH_MORGANA	1
T8_SHOES_CLOTH_MORGANA	3	T8_CLOTH_LEVEL3	8
T8_SHOES_CLOTH_MORGANA	3	T8_ARTEFACT_SHOES_CLOTH_MORGANA	1
T8_SHOES_CLOTH_MORGANA	4	T8_CLOTH_LEVEL4	8
T8_SHOES_CLOTH_MORGANA	4	T8_ARTEFACT_SHOES_CLOTH_MORGANA	1
T4_HEAD_CLOTH_FEY	0	T4_CLOTH	8
T4_HEAD_CLOTH_FEY	0	T4_ARTEFACT_HEAD_CLOTH_FEY	1
T4_HEAD_CLOTH_FEY	1	T4_CLOTH_LEVEL1	8
T4_HEAD_CLOTH_FEY	1	T4_ARTEFACT_HEAD_CLOTH_FEY	1
T4_HEAD_CLOTH_FEY	2	T4_CLOTH_LEVEL2	8
T4_HEAD_CLOTH_FEY	2	T4_ARTEFACT_HEAD_CLOTH_FEY	1
T4_HEAD_CLOTH_FEY	3	T4_CLOTH_LEVEL3	8
T4_HEAD_CLOTH_FEY	3	T4_ARTEFACT_HEAD_CLOTH_FEY	1
T4_HEAD_CLOTH_FEY	4	T4_CLOTH_LEVEL4	8
T4_HEAD_CLOTH_FEY	4	T4_ARTEFACT_HEAD_CLOTH_FEY	1
T5_HEAD_CLOTH_FEY	0	T5_CLOTH	8
T5_HEAD_CLOTH_FEY	0	T5_ARTEFACT_HEAD_CLOTH_FEY	1
T5_HEAD_CLOTH_FEY	1	T5_CLOTH_LEVEL1	8
T5_HEAD_CLOTH_FEY	1	T5_ARTEFACT_HEAD_CLOTH_FEY	1
T5_HEAD_CLOTH_FEY	2	T5_CLOTH_LEVEL2	8
T5_HEAD_CLOTH_FEY	2	T5_ARTEFACT_HEAD_CLOTH_FEY	1
T5_HEAD_CLOTH_FEY	3	T5_CLOTH_LEVEL3	8
T5_HEAD_CLOTH_FEY	3	T5_ARTEFACT_HEAD_CLOTH_FEY	1
T5_HEAD_CLOTH_FEY	4	T5_CLOTH_LEVEL4	8
T5_HEAD_CLOTH_FEY	4	T5_ARTEFACT_HEAD_CLOTH_FEY	1
T6_HEAD_CLOTH_FEY	0	T6_CLOTH	8
T6_HEAD_CLOTH_FEY	0	T6_ARTEFACT_HEAD_CLOTH_FEY	1
T6_HEAD_CLOTH_FEY	1	T6_CLOTH_LEVEL1	8
T6_HEAD_CLOTH_FEY	1	T6_ARTEFACT_HEAD_CLOTH_FEY	1
T6_HEAD_CLOTH_FEY	2	T6_CLOTH_LEVEL2	8
T6_HEAD_CLOTH_FEY	2	T6_ARTEFACT_HEAD_CLOTH_FEY	1
T6_HEAD_CLOTH_FEY	3	T6_CLOTH_LEVEL3	8
T6_HEAD_CLOTH_FEY	3	T6_ARTEFACT_HEAD_CLOTH_FEY	1
T6_HEAD_CLOTH_FEY	4	T6_CLOTH_LEVEL4	8
T6_HEAD_CLOTH_FEY	4	T6_ARTEFACT_HEAD_CLOTH_FEY	1
T7_HEAD_CLOTH_FEY	0	T7_CLOTH	8
T7_HEAD_CLOTH_FEY	0	T7_ARTEFACT_HEAD_CLOTH_FEY	1
T7_HEAD_CLOTH_FEY	1	T7_CLOTH_LEVEL1	8
T7_HEAD_CLOTH_FEY	1	T7_ARTEFACT_HEAD_CLOTH_FEY	1
T7_HEAD_CLOTH_FEY	2	T7_CLOTH_LEVEL2	8
T7_HEAD_CLOTH_FEY	2	T7_ARTEFACT_HEAD_CLOTH_FEY	1
T7_HEAD_CLOTH_FEY	3	T7_CLOTH_LEVEL3	8
T7_HEAD_CLOTH_FEY	3	T7_ARTEFACT_HEAD_CLOTH_FEY	1
T7_HEAD_CLOTH_FEY	4	T7_CLOTH_LEVEL4	8
T7_HEAD_CLOTH_FEY	4	T7_ARTEFACT_HEAD_CLOTH_FEY	1
T8_HEAD_CLOTH_FEY	0	T8_CLOTH	8
T8_HEAD_CLOTH_FEY	0	T8_ARTEFACT_HEAD_CLOTH_FEY	1
T8_HEAD_CLOTH_FEY	1	T8_CLOTH_LEVEL1	8
T8_HEAD_CLOTH_FEY	1	T8_ARTEFACT_HEAD_CLOTH_FEY	1
T8_HEAD_CLOTH_FEY	2	T8_CLOTH_LEVEL2	8
T8_HEAD_CLOTH_FEY	2	T8_ARTEFACT_HEAD_CLOTH_FEY	1
T8_HEAD_CLOTH_FEY	3	T8_CLOTH_LEVEL3	8
T8_HEAD_CLOTH_FEY	3	T8_ARTEFACT_HEAD_CLOTH_FEY	1
T8_HEAD_CLOTH_FEY	4	T8_CLOTH_LEVEL4	8
T8_HEAD_CLOTH_FEY	4	T8_ARTEFACT_HEAD_CLOTH_FEY	1
T4_ARMOR_CLOTH_FEY	0	T4_CLOTH	16
T4_ARMOR_CLOTH_FEY	0	T4_ARTEFACT_ARMOR_CLOTH_FEY	1
T4_ARMOR_CLOTH_FEY	1	T4_CLOTH_LEVEL1	16
T4_ARMOR_CLOTH_FEY	1	T4_ARTEFACT_ARMOR_CLOTH_FEY	1
T4_ARMOR_CLOTH_FEY	2	T4_CLOTH_LEVEL2	16
T4_ARMOR_CLOTH_FEY	2	T4_ARTEFACT_ARMOR_CLOTH_FEY	1
T4_ARMOR_CLOTH_FEY	3	T4_CLOTH_LEVEL3	16
T4_ARMOR_CLOTH_FEY	3	T4_ARTEFACT_ARMOR_CLOTH_FEY	1
T4_ARMOR_CLOTH_FEY	4	T4_CLOTH_LEVEL4	16
T4_ARMOR_CLOTH_FEY	4	T4_ARTEFACT_ARMOR_CLOTH_FEY	1
T5_ARMOR_CLOTH_FEY	0	T5_CLOTH	16
T5_ARMOR_CLOTH_FEY	0	T5_ARTEFACT_ARMOR_CLOTH_FEY	1
T5_ARMOR_CLOTH_FEY	1	T5_CLOTH_LEVEL1	16
T5_ARMOR_CLOTH_FEY	1	T5_ARTEFACT_ARMOR_CLOTH_FEY	1
T5_ARMOR_CLOTH_FEY	2	T5_CLOTH_LEVEL2	16
T5_ARMOR_CLOTH_FEY	2	T5_ARTEFACT_ARMOR_CLOTH_FEY	1
T5_ARMOR_CLOTH_FEY	3	T5_CLOTH_LEVEL3	16
T5_ARMOR_CLOTH_FEY	3	T5_ARTEFACT_ARMOR_CLOTH_FEY	1
T5_ARMOR_CLOTH_FEY	4	T5_CLOTH_LEVEL4	16
T5_ARMOR_CLOTH_FEY	4	T5_ARTEFACT_ARMOR_CLOTH_FEY	1
T6_ARMOR_CLOTH_FEY	0	T6_CLOTH	16
T6_ARMOR_CLOTH_FEY	0	T6_ARTEFACT_ARMOR_CLOTH_FEY	1
T6_ARMOR_CLOTH_FEY	1	T6_CLOTH_LEVEL1	16
T6_ARMOR_CLOTH_FEY	1	T6_ARTEFACT_ARMOR_CLOTH_FEY	1
T6_ARMOR_CLOTH_FEY	2	T6_CLOTH_LEVEL2	16
T6_ARMOR_CLOTH_FEY	2	T6_ARTEFACT_ARMOR_CLOTH_FEY	1
T6_ARMOR_CLOTH_FEY	3	T6_CLOTH_LEVEL3	16
T6_ARMOR_CLOTH_FEY	3	T6_ARTEFACT_ARMOR_CLOTH_FEY	1
T6_ARMOR_CLOTH_FEY	4	T6_CLOTH_LEVEL4	16
T6_ARMOR_CLOTH_FEY	4	T6_ARTEFACT_ARMOR_CLOTH_FEY	1
T7_ARMOR_CLOTH_FEY	0	T7_CLOTH	16
T7_ARMOR_CLOTH_FEY	0	T7_ARTEFACT_ARMOR_CLOTH_FEY	1
T7_ARMOR_CLOTH_FEY	1	T7_CLOTH_LEVEL1	16
T7_ARMOR_CLOTH_FEY	1	T7_ARTEFACT_ARMOR_CLOTH_FEY	1
T7_ARMOR_CLOTH_FEY	2	T7_CLOTH_LEVEL2	16
T7_ARMOR_CLOTH_FEY	2	T7_ARTEFACT_ARMOR_CLOTH_FEY	1
T7_ARMOR_CLOTH_FEY	3	T7_CLOTH_LEVEL3	16
T7_ARMOR_CLOTH_FEY	3	T7_ARTEFACT_ARMOR_CLOTH_FEY	1
T7_ARMOR_CLOTH_FEY	4	T7_CLOTH_LEVEL4	16
T7_ARMOR_CLOTH_FEY	4	T7_ARTEFACT_ARMOR_CLOTH_FEY	1
T8_ARMOR_CLOTH_FEY	0	T8_CLOTH	16
T8_ARMOR_CLOTH_FEY	0	T8_ARTEFACT_ARMOR_CLOTH_FEY	1
T8_ARMOR_CLOTH_FEY	1	T8_CLOTH_LEVEL1	16
T8_ARMOR_CLOTH_FEY	1	T8_ARTEFACT_ARMOR_CLOTH_FEY	1
T8_ARMOR_CLOTH_FEY	2	T8_CLOTH_LEVEL2	16
T8_ARMOR_CLOTH_FEY	2	T8_ARTEFACT_ARMOR_CLOTH_FEY	1
T8_ARMOR_CLOTH_FEY	3	T8_CLOTH_LEVEL3	16
T8_ARMOR_CLOTH_FEY	3	T8_ARTEFACT_ARMOR_CLOTH_FEY	1
T8_ARMOR_CLOTH_FEY	4	T8_CLOTH_LEVEL4	16
T8_ARMOR_CLOTH_FEY	4	T8_ARTEFACT_ARMOR_CLOTH_FEY	1
T4_SHOES_CLOTH_FEY	0	T4_CLOTH	8
T4_SHOES_CLOTH_FEY	0	T4_ARTEFACT_SHOES_CLOTH_FEY	1
T4_SHOES_CLOTH_FEY	1	T4_CLOTH_LEVEL1	8
T4_SHOES_CLOTH_FEY	1	T4_ARTEFACT_SHOES_CLOTH_FEY	1
T4_SHOES_CLOTH_FEY	2	T4_CLOTH_LEVEL2	8
T4_SHOES_CLOTH_FEY	2	T4_ARTEFACT_SHOES_CLOTH_FEY	1
T4_SHOES_CLOTH_FEY	3	T4_CLOTH_LEVEL3	8
T4_SHOES_CLOTH_FEY	3	T4_ARTEFACT_SHOES_CLOTH_FEY	1
T4_SHOES_CLOTH_FEY	4	T4_CLOTH_LEVEL4	8
T4_SHOES_CLOTH_FEY	4	T4_ARTEFACT_SHOES_CLOTH_FEY	1
T5_SHOES_CLOTH_FEY	0	T5_CLOTH	8
T5_SHOES_CLOTH_FEY	0	T5_ARTEFACT_SHOES_CLOTH_FEY	1
T5_SHOES_CLOTH_FEY	1	T5_CLOTH_LEVEL1	8
T5_SHOES_CLOTH_FEY	1	T5_ARTEFACT_SHOES_CLOTH_FEY	1
T5_SHOES_CLOTH_FEY	2	T5_CLOTH_LEVEL2	8
T5_SHOES_CLOTH_FEY	2	T5_ARTEFACT_SHOES_CLOTH_FEY	1
T5_SHOES_CLOTH_FEY	3	T5_CLOTH_LEVEL3	8
T5_SHOES_CLOTH_FEY	3	T5_ARTEFACT_SHOES_CLOTH_FEY	1
T5_SHOES_CLOTH_FEY	4	T5_CLOTH_LEVEL4	8
T5_SHOES_CLOTH_FEY	4	T5_ARTEFACT_SHOES_CLOTH_FEY	1
T6_SHOES_CLOTH_FEY	0	T6_CLOTH	8
T6_SHOES_CLOTH_FEY	0	T6_ARTEFACT_SHOES_CLOTH_FEY	1
T6_SHOES_CLOTH_FEY	1	T6_CLOTH_LEVEL1	8
T6_SHOES_CLOTH_FEY	1	T6_ARTEFACT_SHOES_CLOTH_FEY	1
T6_SHOES_CLOTH_FEY	2	T6_CLOTH_LEVEL2	8
T6_SHOES_CLOTH_FEY	2	T6_ARTEFACT_SHOES_CLOTH_FEY	1
T6_SHOES_CLOTH_FEY	3	T6_CLOTH_LEVEL3	8
T6_SHOES_CLOTH_FEY	3	T6_ARTEFACT_SHOES_CLOTH_FEY	1
T6_SHOES_CLOTH_FEY	4	T6_CLOTH_LEVEL4	8
T6_SHOES_CLOTH_FEY	4	T6_ARTEFACT_SHOES_CLOTH_FEY	1
T7_SHOES_CLOTH_FEY	0	T7_CLOTH	8
T7_SHOES_CLOTH_FEY	0	T7_ARTEFACT_SHOES_CLOTH_FEY	1
T7_SHOES_CLOTH_FEY	1	T7_CLOTH_LEVEL1	8
T7_SHOES_CLOTH_FEY	1	T7_ARTEFACT_SHOES_CLOTH_FEY	1
T7_SHOES_CLOTH_FEY	2	T7_CLOTH_LEVEL2	8
T7_SHOES_CLOTH_FEY	2	T7_ARTEFACT_SHOES_CLOTH_FEY	1
T7_SHOES_CLOTH_FEY	3	T7_CLOTH_LEVEL3	8
T7_SHOES_CLOTH_FEY	3	T7_ARTEFACT_SHOES_CLOTH_FEY	1
T7_SHOES_CLOTH_FEY	4	T7_CLOTH_LEVEL4	8
T7_SHOES_CLOTH_FEY	4	T7_ARTEFACT_SHOES_CLOTH_FEY	1
T8_SHOES_CLOTH_FEY	0	T8_CLOTH	8
T8_SHOES_CLOTH_FEY	0	T8_ARTEFACT_SHOES_CLOTH_FEY	1
T8_SHOES_CLOTH_FEY	1	T8_CLOTH_LEVEL1	8
T8_SHOES_CLOTH_FEY	1	T8_ARTEFACT_SHOES_CLOTH_FEY	1
T8_SHOES_CLOTH_FEY	2	T8_CLOTH_LEVEL2	8
T8_SHOES_CLOTH_FEY	2	T8_ARTEFACT_SHOES_CLOTH_FEY	1
T8_SHOES_CLOTH_FEY	3	T8_CLOTH_LEVEL3	8
T8_SHOES_CLOTH_FEY	3	T8_ARTEFACT_SHOES_CLOTH_FEY	1
T8_SHOES_CLOTH_FEY	4	T8_CLOTH_LEVEL4	8
T8_SHOES_CLOTH_FEY	4	T8_ARTEFACT_SHOES_CLOTH_FEY	1
T4_HEAD_CLOTH_AVALON	0	T4_CLOTH	8
T4_HEAD_CLOTH_AVALON	0	T4_ARTEFACT_HEAD_CLOTH_AVALON	1
T4_HEAD_CLOTH_AVALON	1	T4_CLOTH_LEVEL1	8
T4_HEAD_CLOTH_AVALON	1	T4_ARTEFACT_HEAD_CLOTH_AVALON	1
T4_HEAD_CLOTH_AVALON	2	T4_CLOTH_LEVEL2	8
T4_HEAD_CLOTH_AVALON	2	T4_ARTEFACT_HEAD_CLOTH_AVALON	1
T4_HEAD_CLOTH_AVALON	3	T4_CLOTH_LEVEL3	8
T4_HEAD_CLOTH_AVALON	3	T4_ARTEFACT_HEAD_CLOTH_AVALON	1
T4_HEAD_CLOTH_AVALON	4	T4_CLOTH_LEVEL4	8
T4_HEAD_CLOTH_AVALON	4	T4_ARTEFACT_HEAD_CLOTH_AVALON	1
T5_HEAD_CLOTH_AVALON	0	T5_CLOTH	8
T5_HEAD_CLOTH_AVALON	0	T5_ARTEFACT_HEAD_CLOTH_AVALON	1
T5_HEAD_CLOTH_AVALON	1	T5_CLOTH_LEVEL1	8
T5_HEAD_CLOTH_AVALON	1	T5_ARTEFACT_HEAD_CLOTH_AVALON	1
T5_HEAD_CLOTH_AVALON	2	T5_CLOTH_LEVEL2	8
T5_HEAD_CLOTH_AVALON	2	T5_ARTEFACT_HEAD_CLOTH_AVALON	1
T5_HEAD_CLOTH_AVALON	3	T5_CLOTH_LEVEL3	8
T5_HEAD_CLOTH_AVALON	3	T5_ARTEFACT_HEAD_CLOTH_AVALON	1
T5_HEAD_CLOTH_AVALON	4	T5_CLOTH_LEVEL4	8
T5_HEAD_CLOTH_AVALON	4	T5_ARTEFACT_HEAD_CLOTH_AVALON	1
T6_HEAD_CLOTH_AVALON	0	T6_CLOTH	8
T6_HEAD_CLOTH_AVALON	0	T6_ARTEFACT_HEAD_CLOTH_AVALON	1
T6_HEAD_CLOTH_AVALON	1	T6_CLOTH_LEVEL1	8
T6_HEAD_CLOTH_AVALON	1	T6_ARTEFACT_HEAD_CLOTH_AVALON	1
T6_HEAD_CLOTH_AVALON	2	T6_CLOTH_LEVEL2	8
T6_HEAD_CLOTH_AVALON	2	T6_ARTEFACT_HEAD_CLOTH_AVALON	1
T6_HEAD_CLOTH_AVALON	3	T6_CLOTH_LEVEL3	8
T6_HEAD_CLOTH_AVALON	3	T6_ARTEFACT_HEAD_CLOTH_AVALON	1
T6_HEAD_CLOTH_AVALON	4	T6_CLOTH_LEVEL4	8
T6_HEAD_CLOTH_AVALON	4	T6_ARTEFACT_HEAD_CLOTH_AVALON	1
T7_HEAD_CLOTH_AVALON	0	T7_CLOTH	8
T7_HEAD_CLOTH_AVALON	0	T7_ARTEFACT_HEAD_CLOTH_AVALON	1
T7_HEAD_CLOTH_AVALON	1	T7_CLOTH_LEVEL1	8
T7_HEAD_CLOTH_AVALON	1	T7_ARTEFACT_HEAD_CLOTH_AVALON	1
T7_HEAD_CLOTH_AVALON	2	T7_CLOTH_LEVEL2	8
T7_HEAD_CLOTH_AVALON	2	T7_ARTEFACT_HEAD_CLOTH_AVALON	1
T7_HEAD_CLOTH_AVALON	3	T7_CLOTH_LEVEL3	8
T7_HEAD_CLOTH_AVALON	3	T7_ARTEFACT_HEAD_CLOTH_AVALON	1
T7_HEAD_CLOTH_AVALON	4	T7_CLOTH_LEVEL4	8
T7_HEAD_CLOTH_AVALON	4	T7_ARTEFACT_HEAD_CLOTH_AVALON	1
T8_HEAD_CLOTH_AVALON	0	T8_CLOTH	8
T8_HEAD_CLOTH_AVALON	0	T8_ARTEFACT_HEAD_CLOTH_AVALON	1
T8_HEAD_CLOTH_AVALON	1	T8_CLOTH_LEVEL1	8
T8_HEAD_CLOTH_AVALON	1	T8_ARTEFACT_HEAD_CLOTH_AVALON	1
T8_HEAD_CLOTH_AVALON	2	T8_CLOTH_LEVEL2	8
T8_HEAD_CLOTH_AVALON	2	T8_ARTEFACT_HEAD_CLOTH_AVALON	1
T8_HEAD_CLOTH_AVALON	3	T8_CLOTH_LEVEL3	8
T8_HEAD_CLOTH_AVALON	3	T8_ARTEFACT_HEAD_CLOTH_AVALON	1
T8_HEAD_CLOTH_AVALON	4	T8_CLOTH_LEVEL4	8
T8_HEAD_CLOTH_AVALON	4	T8_ARTEFACT_HEAD_CLOTH_AVALON	1
T4_ARMOR_CLOTH_AVALON	0	T4_CLOTH	16
T4_ARMOR_CLOTH_AVALON	0	T4_ARTEFACT_ARMOR_CLOTH_AVALON	1
T4_ARMOR_CLOTH_AVALON	1	T4_CLOTH_LEVEL1	16
T4_ARMOR_CLOTH_AVALON	1	T4_ARTEFACT_ARMOR_CLOTH_AVALON	1
T4_ARMOR_CLOTH_AVALON	2	T4_CLOTH_LEVEL2	16
T4_ARMOR_CLOTH_AVALON	2	T4_ARTEFACT_ARMOR_CLOTH_AVALON	1
T4_ARMOR_CLOTH_AVALON	3	T4_CLOTH_LEVEL3	16
T4_ARMOR_CLOTH_AVALON	3	T4_ARTEFACT_ARMOR_CLOTH_AVALON	1
T4_ARMOR_CLOTH_AVALON	4	T4_CLOTH_LEVEL4	16
T4_ARMOR_CLOTH_AVALON	4	T4_ARTEFACT_ARMOR_CLOTH_AVALON	1
T5_ARMOR_CLOTH_AVALON	0	T5_CLOTH	16
T5_ARMOR_CLOTH_AVALON	0	T5_ARTEFACT_ARMOR_CLOTH_AVALON	1
T5_ARMOR_CLOTH_AVALON	1	T5_CLOTH_LEVEL1	16
T5_ARMOR_CLOTH_AVALON	1	T5_ARTEFACT_ARMOR_CLOTH_AVALON	1
T5_ARMOR_CLOTH_AVALON	2	T5_CLOTH_LEVEL2	16
T5_ARMOR_CLOTH_AVALON	2	T5_ARTEFACT_ARMOR_CLOTH_AVALON	1
T5_ARMOR_CLOTH_AVALON	3	T5_CLOTH_LEVEL3	16
T5_ARMOR_CLOTH_AVALON	3	T5_ARTEFACT_ARMOR_CLOTH_AVALON	1
T5_ARMOR_CLOTH_AVALON	4	T5_CLOTH_LEVEL4	16
T5_ARMOR_CLOTH_AVALON	4	T5_ARTEFACT_ARMOR_CLOTH_AVALON	1
T6_ARMOR_CLOTH_AVALON	0	T6_CLOTH	16
T6_ARMOR_CLOTH_AVALON	0	T6_ARTEFACT_ARMOR_CLOTH_AVALON	1
T6_ARMOR_CLOTH_AVALON	1	T6_CLOTH_LEVEL1	16
T6_ARMOR_CLOTH_AVALON	1	T6_ARTEFACT_ARMOR_CLOTH_AVALON	1
T6_ARMOR_CLOTH_AVALON	2	T6_CLOTH_LEVEL2	16
T6_ARMOR_CLOTH_AVALON	2	T6_ARTEFACT_ARMOR_CLOTH_AVALON	1
T6_ARMOR_CLOTH_AVALON	3	T6_CLOTH_LEVEL3	16
T6_ARMOR_CLOTH_AVALON	3	T6_ARTEFACT_ARMOR_CLOTH_AVALON	1
T6_ARMOR_CLOTH_AVALON	4	T6_CLOTH_LEVEL4	16
T6_ARMOR_CLOTH_AVALON	4	T6_ARTEFACT_ARMOR_CLOTH_AVALON	1
T7_ARMOR_CLOTH_AVALON	0	T7_CLOTH	16
T7_ARMOR_CLOTH_AVALON	0	T7_ARTEFACT_ARMOR_CLOTH_AVALON	1
T7_ARMOR_CLOTH_AVALON	1	T7_CLOTH_LEVEL1	16
T7_ARMOR_CLOTH_AVALON	1	T7_ARTEFACT_ARMOR_CLOTH_AVALON	1
T7_ARMOR_CLOTH_AVALON	2	T7_CLOTH_LEVEL2	16
T7_ARMOR_CLOTH_AVALON	2	T7_ARTEFACT_ARMOR_CLOTH_AVALON	1
T7_ARMOR_CLOTH_AVALON	3	T7_CLOTH_LEVEL3	16
T7_ARMOR_CLOTH_AVALON	3	T7_ARTEFACT_ARMOR_CLOTH_AVALON	1
T7_ARMOR_CLOTH_AVALON	4	T7_CLOTH_LEVEL4	16
T7_ARMOR_CLOTH_AVALON	4	T7_ARTEFACT_ARMOR_CLOTH_AVALON	1
T8_ARMOR_CLOTH_AVALON	0	T8_CLOTH	16
T8_ARMOR_CLOTH_AVALON	0	T8_ARTEFACT_ARMOR_CLOTH_AVALON	1
T8_ARMOR_CLOTH_AVALON	1	T8_CLOTH_LEVEL1	16
T8_ARMOR_CLOTH_AVALON	1	T8_ARTEFACT_ARMOR_CLOTH_AVALON	1
T8_ARMOR_CLOTH_AVALON	2	T8_CLOTH_LEVEL2	16
T8_ARMOR_CLOTH_AVALON	2	T8_ARTEFACT_ARMOR_CLOTH_AVALON	1
T8_ARMOR_CLOTH_AVALON	3	T8_CLOTH_LEVEL3	16
T8_ARMOR_CLOTH_AVALON	3	T8_ARTEFACT_ARMOR_CLOTH_AVALON	1
T8_ARMOR_CLOTH_AVALON	4	T8_CLOTH_LEVEL4	16
T8_ARMOR_CLOTH_AVALON	4	T8_ARTEFACT_ARMOR_CLOTH_AVALON	1
T4_SHOES_CLOTH_AVALON	0	T4_CLOTH	8
T4_SHOES_CLOTH_AVALON	0	T4_ARTEFACT_SHOES_CLOTH_AVALON	1
T4_SHOES_CLOTH_AVALON	1	T4_CLOTH_LEVEL1	8
T4_SHOES_CLOTH_AVALON	1	T4_ARTEFACT_SHOES_CLOTH_AVALON	1
T4_SHOES_CLOTH_AVALON	2	T4_CLOTH_LEVEL2	8
T4_SHOES_CLOTH_AVALON	2	T4_ARTEFACT_SHOES_CLOTH_AVALON	1
T4_SHOES_CLOTH_AVALON	3	T4_CLOTH_LEVEL3	8
T4_SHOES_CLOTH_AVALON	3	T4_ARTEFACT_SHOES_CLOTH_AVALON	1
T4_SHOES_CLOTH_AVALON	4	T4_CLOTH_LEVEL4	8
T4_SHOES_CLOTH_AVALON	4	T4_ARTEFACT_SHOES_CLOTH_AVALON	1
T5_SHOES_CLOTH_AVALON	0	T5_CLOTH	8
T5_SHOES_CLOTH_AVALON	0	T5_ARTEFACT_SHOES_CLOTH_AVALON	1
T5_SHOES_CLOTH_AVALON	1	T5_CLOTH_LEVEL1	8
T5_SHOES_CLOTH_AVALON	1	T5_ARTEFACT_SHOES_CLOTH_AVALON	1
T5_SHOES_CLOTH_AVALON	2	T5_CLOTH_LEVEL2	8
T5_SHOES_CLOTH_AVALON	2	T5_ARTEFACT_SHOES_CLOTH_AVALON	1
T5_SHOES_CLOTH_AVALON	3	T5_CLOTH_LEVEL3	8
T5_SHOES_CLOTH_AVALON	3	T5_ARTEFACT_SHOES_CLOTH_AVALON	1
T5_SHOES_CLOTH_AVALON	4	T5_CLOTH_LEVEL4	8
T5_SHOES_CLOTH_AVALON	4	T5_ARTEFACT_SHOES_CLOTH_AVALON	1
T6_SHOES_CLOTH_AVALON	0	T6_CLOTH	8
T6_SHOES_CLOTH_AVALON	0	T6_ARTEFACT_SHOES_CLOTH_AVALON	1
T6_SHOES_CLOTH_AVALON	1	T6_CLOTH_LEVEL1	8
T6_SHOES_CLOTH_AVALON	1	T6_ARTEFACT_SHOES_CLOTH_AVALON	1
T6_SHOES_CLOTH_AVALON	2	T6_CLOTH_LEVEL2	8
T6_SHOES_CLOTH_AVALON	2	T6_ARTEFACT_SHOES_CLOTH_AVALON	1
T6_SHOES_CLOTH_AVALON	3	T6_CLOTH_LEVEL3	8
T6_SHOES_CLOTH_AVALON	3	T6_ARTEFACT_SHOES_CLOTH_AVALON	1
T6_SHOES_CLOTH_AVALON	4	T6_CLOTH_LEVEL4	8
T6_SHOES_CLOTH_AVALON	4	T6_ARTEFACT_SHOES_CLOTH_AVALON	1
T7_SHOES_CLOTH_AVALON	0	T7_CLOTH	8
T7_SHOES_CLOTH_AVALON	0	T7_ARTEFACT_SHOES_CLOTH_AVALON	1
T7_SHOES_CLOTH_AVALON	1	T7_CLOTH_LEVEL1	8
T7_SHOES_CLOTH_AVALON	1	T7_ARTEFACT_SHOES_CLOTH_AVALON	1
T7_SHOES_CLOTH_AVALON	2	T7_CLOTH_LEVEL2	8
T7_SHOES_CLOTH_AVALON	2	T7_ARTEFACT_SHOES_CLOTH_AVALON	1
T7_SHOES_CLOTH_AVALON	3	T7_CLOTH_LEVEL3	8
T7_SHOES_CLOTH_AVALON	3	T7_ARTEFACT_SHOES_CLOTH_AVALON	1
T7_SHOES_CLOTH_AVALON	4	T7_CLOTH_LEVEL4	8
T7_SHOES_CLOTH_AVALON	4	T7_ARTEFACT_SHOES_CLOTH_AVALON	1
T8_SHOES_CLOTH_AVALON	0	T8_CLOTH	8
T8_SHOES_CLOTH_AVALON	0	T8_ARTEFACT_SHOES_CLOTH_AVALON	1
T8_SHOES_CLOTH_AVALON	1	T8_CLOTH_LEVEL1	8
T8_SHOES_CLOTH_AVALON	1	T8_ARTEFACT_SHOES_CLOTH_AVALON	1
T8_SHOES_CLOTH_AVALON	2	T8_CLOTH_LEVEL2	8
T8_SHOES_CLOTH_AVALON	2	T8_ARTEFACT_SHOES_CLOTH_AVALON	1
T8_SHOES_CLOTH_AVALON	3	T8_CLOTH_LEVEL3	8
T8_SHOES_CLOTH_AVALON	3	T8_ARTEFACT_SHOES_CLOTH_AVALON	1
T8_SHOES_CLOTH_AVALON	4	T8_CLOTH_LEVEL4	8
T8_SHOES_CLOTH_AVALON	4	T8_ARTEFACT_SHOES_CLOTH_AVALON	1
T4_HEAD_CLOTH_ROYAL	0	T4_HEAD_CLOTH_SET1	1
T4_HEAD_CLOTH_ROYAL	0	QUESTITEM_TOKEN_ROYAL_T4	2
T4_HEAD_CLOTH_ROYAL	1	T4_HEAD_CLOTH_SET1	1
T4_HEAD_CLOTH_ROYAL	1	QUESTITEM_TOKEN_ROYAL_T4	2
T4_HEAD_CLOTH_ROYAL	2	T4_HEAD_CLOTH_SET1	1
T4_HEAD_CLOTH_ROYAL	2	QUESTITEM_TOKEN_ROYAL_T4	2
T4_HEAD_CLOTH_ROYAL	3	T4_HEAD_CLOTH_SET1	1
T4_HEAD_CLOTH_ROYAL	3	QUESTITEM_TOKEN_ROYAL_T4	2
T4_HEAD_CLOTH_ROYAL	4	T4_HEAD_CLOTH_SET1	1
T4_HEAD_CLOTH_ROYAL	4	QUESTITEM_TOKEN_ROYAL_T4	2
T5_HEAD_CLOTH_ROYAL	0	T5_HEAD_CLOTH_SET1	1
T5_HEAD_CLOTH_ROYAL	0	QUESTITEM_TOKEN_ROYAL_T5	4
T5_HEAD_CLOTH_ROYAL	1	T5_HEAD_CLOTH_SET1	1
T5_HEAD_CLOTH_ROYAL	1	QUESTITEM_TOKEN_ROYAL_T5	4
T5_HEAD_CLOTH_ROYAL	2	T5_HEAD_CLOTH_SET1	1
T5_HEAD_CLOTH_ROYAL	2	QUESTITEM_TOKEN_ROYAL_T5	4
T5_HEAD_CLOTH_ROYAL	3	T5_HEAD_CLOTH_SET1	1
T5_HEAD_CLOTH_ROYAL	3	QUESTITEM_TOKEN_ROYAL_T5	4
T5_HEAD_CLOTH_ROYAL	4	T5_HEAD_CLOTH_SET1	1
T5_HEAD_CLOTH_ROYAL	4	QUESTITEM_TOKEN_ROYAL_T5	4
T6_HEAD_CLOTH_ROYAL	0	T6_HEAD_CLOTH_SET1	1
T6_HEAD_CLOTH_ROYAL	0	QUESTITEM_TOKEN_ROYAL_T6	8
T6_HEAD_CLOTH_ROYAL	1	T6_HEAD_CLOTH_SET1	1
T6_HEAD_CLOTH_ROYAL	1	QUESTITEM_TOKEN_ROYAL_T6	8
T6_HEAD_CLOTH_ROYAL	2	T6_HEAD_CLOTH_SET1	1
T6_HEAD_CLOTH_ROYAL	2	QUESTITEM_TOKEN_ROYAL_T6	8
T6_HEAD_CLOTH_ROYAL	3	T6_HEAD_CLOTH_SET1	1
T6_HEAD_CLOTH_ROYAL	3	QUESTITEM_TOKEN_ROYAL_T6	8
T6_HEAD_CLOTH_ROYAL	4	T6_HEAD_CLOTH_SET1	1
T6_HEAD_CLOTH_ROYAL	4	QUESTITEM_TOKEN_ROYAL_T6	8
T7_HEAD_CLOTH_ROYAL	0	T7_HEAD_CLOTH_SET1	1
T7_HEAD_CLOTH_ROYAL	0	QUESTITEM_TOKEN_ROYAL_T7	8
T7_HEAD_CLOTH_ROYAL	1	T7_HEAD_CLOTH_SET1	1
T7_HEAD_CLOTH_ROYAL	1	QUESTITEM_TOKEN_ROYAL_T7	8
T7_HEAD_CLOTH_ROYAL	2	T7_HEAD_CLOTH_SET1	1
T7_HEAD_CLOTH_ROYAL	2	QUESTITEM_TOKEN_ROYAL_T7	8
T7_HEAD_CLOTH_ROYAL	3	T7_HEAD_CLOTH_SET1	1
T7_HEAD_CLOTH_ROYAL	3	QUESTITEM_TOKEN_ROYAL_T7	8
T7_HEAD_CLOTH_ROYAL	4	T7_HEAD_CLOTH_SET1	1
T7_HEAD_CLOTH_ROYAL	4	QUESTITEM_TOKEN_ROYAL_T7	8
T8_HEAD_CLOTH_ROYAL	0	T8_HEAD_CLOTH_SET1	1
T8_HEAD_CLOTH_ROYAL	0	QUESTITEM_TOKEN_ROYAL_T8	8
T8_HEAD_CLOTH_ROYAL	1	T8_HEAD_CLOTH_SET1	1
T8_HEAD_CLOTH_ROYAL	1	QUESTITEM_TOKEN_ROYAL_T8	8
T8_HEAD_CLOTH_ROYAL	2	T8_HEAD_CLOTH_SET1	1
T8_HEAD_CLOTH_ROYAL	2	QUESTITEM_TOKEN_ROYAL_T8	8
T8_HEAD_CLOTH_ROYAL	3	T8_HEAD_CLOTH_SET1	1
T8_HEAD_CLOTH_ROYAL	3	QUESTITEM_TOKEN_ROYAL_T8	8
T8_HEAD_CLOTH_ROYAL	4	T8_HEAD_CLOTH_SET1	1
T8_HEAD_CLOTH_ROYAL	4	QUESTITEM_TOKEN_ROYAL_T8	8
T4_ARMOR_CLOTH_ROYAL	0	T4_ARMOR_CLOTH_SET1	1
T4_ARMOR_CLOTH_ROYAL	0	QUESTITEM_TOKEN_ROYAL_T4	4
T4_ARMOR_CLOTH_ROYAL	1	T4_ARMOR_CLOTH_SET1	1
T4_ARMOR_CLOTH_ROYAL	1	QUESTITEM_TOKEN_ROYAL_T4	4
T4_ARMOR_CLOTH_ROYAL	2	T4_ARMOR_CLOTH_SET1	1
T4_ARMOR_CLOTH_ROYAL	2	QUESTITEM_TOKEN_ROYAL_T4	4
T4_ARMOR_CLOTH_ROYAL	3	T4_ARMOR_CLOTH_SET1	1
T4_ARMOR_CLOTH_ROYAL	3	QUESTITEM_TOKEN_ROYAL_T4	4
T4_ARMOR_CLOTH_ROYAL	4	T4_ARMOR_CLOTH_SET1	1
T4_ARMOR_CLOTH_ROYAL	4	QUESTITEM_TOKEN_ROYAL_T4	4
T5_ARMOR_CLOTH_ROYAL	0	T5_ARMOR_CLOTH_SET1	1
T5_ARMOR_CLOTH_ROYAL	0	QUESTITEM_TOKEN_ROYAL_T5	8
T5_ARMOR_CLOTH_ROYAL	1	T5_ARMOR_CLOTH_SET1	1
T5_ARMOR_CLOTH_ROYAL	1	QUESTITEM_TOKEN_ROYAL_T5	8
T5_ARMOR_CLOTH_ROYAL	2	T5_ARMOR_CLOTH_SET1	1
T5_ARMOR_CLOTH_ROYAL	2	QUESTITEM_TOKEN_ROYAL_T5	8
T5_ARMOR_CLOTH_ROYAL	3	T5_ARMOR_CLOTH_SET1	1
T5_ARMOR_CLOTH_ROYAL	3	QUESTITEM_TOKEN_ROYAL_T5	8
T5_ARMOR_CLOTH_ROYAL	4	T5_ARMOR_CLOTH_SET1	1
T5_ARMOR_CLOTH_ROYAL	4	QUESTITEM_TOKEN_ROYAL_T5	8
T6_ARMOR_CLOTH_ROYAL	0	T6_ARMOR_CLOTH_SET1	1
T6_ARMOR_CLOTH_ROYAL	0	QUESTITEM_TOKEN_ROYAL_T6	16
T6_ARMOR_CLOTH_ROYAL	1	T6_ARMOR_CLOTH_SET1	1
T6_ARMOR_CLOTH_ROYAL	1	QUESTITEM_TOKEN_ROYAL_T6	16
T6_ARMOR_CLOTH_ROYAL	2	T6_ARMOR_CLOTH_SET1	1
T6_ARMOR_CLOTH_ROYAL	2	QUESTITEM_TOKEN_ROYAL_T6	16
T6_ARMOR_CLOTH_ROYAL	3	T6_ARMOR_CLOTH_SET1	1
T6_ARMOR_CLOTH_ROYAL	3	QUESTITEM_TOKEN_ROYAL_T6	16
T6_ARMOR_CLOTH_ROYAL	4	T6_ARMOR_CLOTH_SET1	1
T6_ARMOR_CLOTH_ROYAL	4	QUESTITEM_TOKEN_ROYAL_T6	16
T7_ARMOR_CLOTH_ROYAL	0	T7_ARMOR_CLOTH_SET1	1
T7_ARMOR_CLOTH_ROYAL	0	QUESTITEM_TOKEN_ROYAL_T7	16
T7_ARMOR_CLOTH_ROYAL	1	T7_ARMOR_CLOTH_SET1	1
T7_ARMOR_CLOTH_ROYAL	1	QUESTITEM_TOKEN_ROYAL_T7	16
T7_ARMOR_CLOTH_ROYAL	2	T7_ARMOR_CLOTH_SET1	1
T7_ARMOR_CLOTH_ROYAL	2	QUESTITEM_TOKEN_ROYAL_T7	16
T7_ARMOR_CLOTH_ROYAL	3	T7_ARMOR_CLOTH_SET1	1
T7_ARMOR_CLOTH_ROYAL	3	QUESTITEM_TOKEN_ROYAL_T7	16
T7_ARMOR_CLOTH_ROYAL	4	T7_ARMOR_CLOTH_SET1	1
T7_ARMOR_CLOTH_ROYAL	4	QUESTITEM_TOKEN_ROYAL_T7	16
T8_ARMOR_CLOTH_ROYAL	0	T8_ARMOR_CLOTH_SET1	1
T8_ARMOR_CLOTH_ROYAL	0	QUESTITEM_TOKEN_ROYAL_T8	16
T8_ARMOR_CLOTH_ROYAL	1	T8_ARMOR_CLOTH_SET1	1
T8_ARMOR_CLOTH_ROYAL	1	QUESTITEM_TOKEN_ROYAL_T8	16
T8_ARMOR_CLOTH_ROYAL	2	T8_ARMOR_CLOTH_SET1	1
T8_ARMOR_CLOTH_ROYAL	2	QUESTITEM_TOKEN_ROYAL_T8	16
T8_ARMOR_CLOTH_ROYAL	3	T8_ARMOR_CLOTH_SET1	1
T8_ARMOR_CLOTH_ROYAL	3	QUESTITEM_TOKEN_ROYAL_T8	16
T8_ARMOR_CLOTH_ROYAL	4	T8_ARMOR_CLOTH_SET1	1
T8_ARMOR_CLOTH_ROYAL	4	QUESTITEM_TOKEN_ROYAL_T8	16
T4_SHOES_CLOTH_ROYAL	0	T4_SHOES_CLOTH_SET1	1
T4_SHOES_CLOTH_ROYAL	0	QUESTITEM_TOKEN_ROYAL_T4	2
T4_SHOES_CLOTH_ROYAL	1	T4_SHOES_CLOTH_SET1	1
T4_SHOES_CLOTH_ROYAL	1	QUESTITEM_TOKEN_ROYAL_T4	2
T4_SHOES_CLOTH_ROYAL	2	T4_SHOES_CLOTH_SET1	1
T4_SHOES_CLOTH_ROYAL	2	QUESTITEM_TOKEN_ROYAL_T4	2
T4_SHOES_CLOTH_ROYAL	3	T4_SHOES_CLOTH_SET1	1
T4_SHOES_CLOTH_ROYAL	3	QUESTITEM_TOKEN_ROYAL_T4	2
T4_SHOES_CLOTH_ROYAL	4	T4_SHOES_CLOTH_SET1	1
T4_SHOES_CLOTH_ROYAL	4	QUESTITEM_TOKEN_ROYAL_T4	2
T5_SHOES_CLOTH_ROYAL	0	T5_SHOES_CLOTH_SET1	1
T5_SHOES_CLOTH_ROYAL	0	QUESTITEM_TOKEN_ROYAL_T5	4
T5_SHOES_CLOTH_ROYAL	1	T5_SHOES_CLOTH_SET1	1
T5_SHOES_CLOTH_ROYAL	1	QUESTITEM_TOKEN_ROYAL_T5	4
T5_SHOES_CLOTH_ROYAL	2	T5_SHOES_CLOTH_SET1	1
T5_SHOES_CLOTH_ROYAL	2	QUESTITEM_TOKEN_ROYAL_T5	4
T5_SHOES_CLOTH_ROYAL	3	T5_SHOES_CLOTH_SET1	1
T5_SHOES_CLOTH_ROYAL	3	QUESTITEM_TOKEN_ROYAL_T5	4
T5_SHOES_CLOTH_ROYAL	4	T5_SHOES_CLOTH_SET1	1
T5_SHOES_CLOTH_ROYAL	4	QUESTITEM_TOKEN_ROYAL_T5	4
T6_SHOES_CLOTH_ROYAL	0	T6_SHOES_CLOTH_SET1	1
T6_SHOES_CLOTH_ROYAL	0	QUESTITEM_TOKEN_ROYAL_T6	8
T6_SHOES_CLOTH_ROYAL	1	T6_SHOES_CLOTH_SET1	1
T6_SHOES_CLOTH_ROYAL	1	QUESTITEM_TOKEN_ROYAL_T6	8
T6_SHOES_CLOTH_ROYAL	2	T6_SHOES_CLOTH_SET1	1
T6_SHOES_CLOTH_ROYAL	2	QUESTITEM_TOKEN_ROYAL_T6	8
T6_SHOES_CLOTH_ROYAL	3	T6_SHOES_CLOTH_SET1	1
T6_SHOES_CLOTH_ROYAL	3	QUESTITEM_TOKEN_ROYAL_T6	8
T6_SHOES_CLOTH_ROYAL	4	T6_SHOES_CLOTH_SET1	1
T6_SHOES_CLOTH_ROYAL	4	QUESTITEM_TOKEN_ROYAL_T6	8
T7_SHOES_CLOTH_ROYAL	0	T7_SHOES_CLOTH_SET1	1
T7_SHOES_CLOTH_ROYAL	0	QUESTITEM_TOKEN_ROYAL_T7	8
T7_SHOES_CLOTH_ROYAL	1	T7_SHOES_CLOTH_SET1	1
T7_SHOES_CLOTH_ROYAL	1	QUESTITEM_TOKEN_ROYAL_T7	8
T7_SHOES_CLOTH_ROYAL	2	T7_SHOES_CLOTH_SET1	1
T7_SHOES_CLOTH_ROYAL	2	QUESTITEM_TOKEN_ROYAL_T7	8
T7_SHOES_CLOTH_ROYAL	3	T7_SHOES_CLOTH_SET1	1
T7_SHOES_CLOTH_ROYAL	3	QUESTITEM_TOKEN_ROYAL_T7	8
T7_SHOES_CLOTH_ROYAL	4	T7_SHOES_CLOTH_SET1	1
T7_SHOES_CLOTH_ROYAL	4	QUESTITEM_TOKEN_ROYAL_T7	8
T8_SHOES_CLOTH_ROYAL	0	T8_SHOES_CLOTH_SET1	1
T8_SHOES_CLOTH_ROYAL	0	QUESTITEM_TOKEN_ROYAL_T8	8
T8_SHOES_CLOTH_ROYAL	1	T8_SHOES_CLOTH_SET1	1
T8_SHOES_CLOTH_ROYAL	1	QUESTITEM_TOKEN_ROYAL_T8	8
T8_SHOES_CLOTH_ROYAL	2	T8_SHOES_CLOTH_SET1	1
T8_SHOES_CLOTH_ROYAL	2	QUESTITEM_TOKEN_ROYAL_T8	8
T8_SHOES_CLOTH_ROYAL	3	T8_SHOES_CLOTH_SET1	1
T8_SHOES_CLOTH_ROYAL	3	QUESTITEM_TOKEN_ROYAL_T8	8
T8_SHOES_CLOTH_ROYAL	4	T8_SHOES_CLOTH_SET1	1
T8_SHOES_CLOTH_ROYAL	4	QUESTITEM_TOKEN_ROYAL_T8	8
T4_HEAD_LEATHER_ROYAL	0	T4_HEAD_LEATHER_SET1	1
T4_HEAD_LEATHER_ROYAL	0	QUESTITEM_TOKEN_ROYAL_T4	2
T4_HEAD_LEATHER_ROYAL	1	T4_HEAD_LEATHER_SET1	1
T4_HEAD_LEATHER_ROYAL	1	QUESTITEM_TOKEN_ROYAL_T4	2
T4_HEAD_LEATHER_ROYAL	2	T4_HEAD_LEATHER_SET1	1
T4_HEAD_LEATHER_ROYAL	2	QUESTITEM_TOKEN_ROYAL_T4	2
T4_HEAD_LEATHER_ROYAL	3	T4_HEAD_LEATHER_SET1	1
T4_HEAD_LEATHER_ROYAL	3	QUESTITEM_TOKEN_ROYAL_T4	2
T4_HEAD_LEATHER_ROYAL	4	T4_HEAD_LEATHER_SET1	1
T4_HEAD_LEATHER_ROYAL	4	QUESTITEM_TOKEN_ROYAL_T4	2
T5_HEAD_LEATHER_ROYAL	0	T5_HEAD_LEATHER_SET1	1
T5_HEAD_LEATHER_ROYAL	0	QUESTITEM_TOKEN_ROYAL_T5	4
T5_HEAD_LEATHER_ROYAL	1	T5_HEAD_LEATHER_SET1	1
T5_HEAD_LEATHER_ROYAL	1	QUESTITEM_TOKEN_ROYAL_T5	4
T5_HEAD_LEATHER_ROYAL	2	T5_HEAD_LEATHER_SET1	1
T5_HEAD_LEATHER_ROYAL	2	QUESTITEM_TOKEN_ROYAL_T5	4
T5_HEAD_LEATHER_ROYAL	3	T5_HEAD_LEATHER_SET1	1
T5_HEAD_LEATHER_ROYAL	3	QUESTITEM_TOKEN_ROYAL_T5	4
T5_HEAD_LEATHER_ROYAL	4	T5_HEAD_LEATHER_SET1	1
T5_HEAD_LEATHER_ROYAL	4	QUESTITEM_TOKEN_ROYAL_T5	4
T6_HEAD_LEATHER_ROYAL	0	T6_HEAD_LEATHER_SET1	1
T6_HEAD_LEATHER_ROYAL	0	QUESTITEM_TOKEN_ROYAL_T6	8
T6_HEAD_LEATHER_ROYAL	1	T6_HEAD_LEATHER_SET1	1
T6_HEAD_LEATHER_ROYAL	1	QUESTITEM_TOKEN_ROYAL_T6	8
T6_HEAD_LEATHER_ROYAL	2	T6_HEAD_LEATHER_SET1	1
T6_HEAD_LEATHER_ROYAL	2	QUESTITEM_TOKEN_ROYAL_T6	8
T6_HEAD_LEATHER_ROYAL	3	T6_HEAD_LEATHER_SET1	1
T6_HEAD_LEATHER_ROYAL	3	QUESTITEM_TOKEN_ROYAL_T6	8
T6_HEAD_LEATHER_ROYAL	4	T6_HEAD_LEATHER_SET1	1
T6_HEAD_LEATHER_ROYAL	4	QUESTITEM_TOKEN_ROYAL_T6	8
T7_HEAD_LEATHER_ROYAL	0	T7_HEAD_LEATHER_SET1	1
T7_HEAD_LEATHER_ROYAL	0	QUESTITEM_TOKEN_ROYAL_T7	8
T7_HEAD_LEATHER_ROYAL	1	T7_HEAD_LEATHER_SET1	1
T7_HEAD_LEATHER_ROYAL	1	QUESTITEM_TOKEN_ROYAL_T7	8
T7_HEAD_LEATHER_ROYAL	2	T7_HEAD_LEATHER_SET1	1
T7_HEAD_LEATHER_ROYAL	2	QUESTITEM_TOKEN_ROYAL_T7	8
T7_HEAD_LEATHER_ROYAL	3	T7_HEAD_LEATHER_SET1	1
T7_HEAD_LEATHER_ROYAL	3	QUESTITEM_TOKEN_ROYAL_T7	8
T7_HEAD_LEATHER_ROYAL	4	T7_HEAD_LEATHER_SET1	1
T7_HEAD_LEATHER_ROYAL	4	QUESTITEM_TOKEN_ROYAL_T7	8
T8_HEAD_LEATHER_ROYAL	0	T8_HEAD_LEATHER_SET1	1
T8_HEAD_LEATHER_ROYAL	0	QUESTITEM_TOKEN_ROYAL_T8	8
T8_HEAD_LEATHER_ROYAL	1	T8_HEAD_LEATHER_SET1	1
T8_HEAD_LEATHER_ROYAL	1	QUESTITEM_TOKEN_ROYAL_T8	8
T8_HEAD_LEATHER_ROYAL	2	T8_HEAD_LEATHER_SET1	1
T8_HEAD_LEATHER_ROYAL	2	QUESTITEM_TOKEN_ROYAL_T8	8
T8_HEAD_LEATHER_ROYAL	3	T8_HEAD_LEATHER_SET1	1
T8_HEAD_LEATHER_ROYAL	3	QUESTITEM_TOKEN_ROYAL_T8	8
T8_HEAD_LEATHER_ROYAL	4	T8_HEAD_LEATHER_SET1	1
T8_HEAD_LEATHER_ROYAL	4	QUESTITEM_TOKEN_ROYAL_T8	8
T4_ARMOR_LEATHER_ROYAL	0	T4_ARMOR_LEATHER_SET1	1
T4_ARMOR_LEATHER_ROYAL	0	QUESTITEM_TOKEN_ROYAL_T4	4
T4_ARMOR_LEATHER_ROYAL	1	T4_ARMOR_LEATHER_SET1	1
T4_ARMOR_LEATHER_ROYAL	1	QUESTITEM_TOKEN_ROYAL_T4	4
T4_ARMOR_LEATHER_ROYAL	2	T4_ARMOR_LEATHER_SET1	1
T4_ARMOR_LEATHER_ROYAL	2	QUESTITEM_TOKEN_ROYAL_T4	4
T4_ARMOR_LEATHER_ROYAL	3	T4_ARMOR_LEATHER_SET1	1
T4_ARMOR_LEATHER_ROYAL	3	QUESTITEM_TOKEN_ROYAL_T4	4
T4_ARMOR_LEATHER_ROYAL	4	T4_ARMOR_LEATHER_SET1	1
T4_ARMOR_LEATHER_ROYAL	4	QUESTITEM_TOKEN_ROYAL_T4	4
T5_ARMOR_LEATHER_ROYAL	0	T5_ARMOR_LEATHER_SET1	1
T5_ARMOR_LEATHER_ROYAL	0	QUESTITEM_TOKEN_ROYAL_T5	8
T5_ARMOR_LEATHER_ROYAL	1	T5_ARMOR_LEATHER_SET1	1
T5_ARMOR_LEATHER_ROYAL	1	QUESTITEM_TOKEN_ROYAL_T5	8
T5_ARMOR_LEATHER_ROYAL	2	T5_ARMOR_LEATHER_SET1	1
T5_ARMOR_LEATHER_ROYAL	2	QUESTITEM_TOKEN_ROYAL_T5	8
T5_ARMOR_LEATHER_ROYAL	3	T5_ARMOR_LEATHER_SET1	1
T5_ARMOR_LEATHER_ROYAL	3	QUESTITEM_TOKEN_ROYAL_T5	8
T5_ARMOR_LEATHER_ROYAL	4	T5_ARMOR_LEATHER_SET1	1
T5_ARMOR_LEATHER_ROYAL	4	QUESTITEM_TOKEN_ROYAL_T5	8
T6_ARMOR_LEATHER_ROYAL	0	T6_ARMOR_LEATHER_SET1	1
T6_ARMOR_LEATHER_ROYAL	0	QUESTITEM_TOKEN_ROYAL_T6	16
T6_ARMOR_LEATHER_ROYAL	1	T6_ARMOR_LEATHER_SET1	1
T6_ARMOR_LEATHER_ROYAL	1	QUESTITEM_TOKEN_ROYAL_T6	16
T6_ARMOR_LEATHER_ROYAL	2	T6_ARMOR_LEATHER_SET1	1
T6_ARMOR_LEATHER_ROYAL	2	QUESTITEM_TOKEN_ROYAL_T6	16
T6_ARMOR_LEATHER_ROYAL	3	T6_ARMOR_LEATHER_SET1	1
T6_ARMOR_LEATHER_ROYAL	3	QUESTITEM_TOKEN_ROYAL_T6	16
T6_ARMOR_LEATHER_ROYAL	4	T6_ARMOR_LEATHER_SET1	1
T6_ARMOR_LEATHER_ROYAL	4	QUESTITEM_TOKEN_ROYAL_T6	16
T7_ARMOR_LEATHER_ROYAL	0	T7_ARMOR_LEATHER_SET1	1
T7_ARMOR_LEATHER_ROYAL	0	QUESTITEM_TOKEN_ROYAL_T7	16
T7_ARMOR_LEATHER_ROYAL	1	T7_ARMOR_LEATHER_SET1	1
T7_ARMOR_LEATHER_ROYAL	1	QUESTITEM_TOKEN_ROYAL_T7	16
T7_ARMOR_LEATHER_ROYAL	2	T7_ARMOR_LEATHER_SET1	1
T7_ARMOR_LEATHER_ROYAL	2	QUESTITEM_TOKEN_ROYAL_T7	16
T7_ARMOR_LEATHER_ROYAL	3	T7_ARMOR_LEATHER_SET1	1
T7_ARMOR_LEATHER_ROYAL	3	QUESTITEM_TOKEN_ROYAL_T7	16
T7_ARMOR_LEATHER_ROYAL	4	T7_ARMOR_LEATHER_SET1	1
T7_ARMOR_LEATHER_ROYAL	4	QUESTITEM_TOKEN_ROYAL_T7	16
T8_ARMOR_LEATHER_ROYAL	0	T8_ARMOR_LEATHER_SET1	1
T8_ARMOR_LEATHER_ROYAL	0	QUESTITEM_TOKEN_ROYAL_T8	16
T8_ARMOR_LEATHER_ROYAL	1	T8_ARMOR_LEATHER_SET1	1
T8_ARMOR_LEATHER_ROYAL	1	QUESTITEM_TOKEN_ROYAL_T8	16
T8_ARMOR_LEATHER_ROYAL	2	T8_ARMOR_LEATHER_SET1	1
T8_ARMOR_LEATHER_ROYAL	2	QUESTITEM_TOKEN_ROYAL_T8	16
T8_ARMOR_LEATHER_ROYAL	3	T8_ARMOR_LEATHER_SET1	1
T8_ARMOR_LEATHER_ROYAL	3	QUESTITEM_TOKEN_ROYAL_T8	16
T8_ARMOR_LEATHER_ROYAL	4	T8_ARMOR_LEATHER_SET1	1
T8_ARMOR_LEATHER_ROYAL	4	QUESTITEM_TOKEN_ROYAL_T8	16
T4_SHOES_LEATHER_ROYAL	0	T4_SHOES_LEATHER_SET1	1
T4_SHOES_LEATHER_ROYAL	0	QUESTITEM_TOKEN_ROYAL_T4	2
T4_SHOES_LEATHER_ROYAL	1	T4_SHOES_LEATHER_SET1	1
T4_SHOES_LEATHER_ROYAL	1	QUESTITEM_TOKEN_ROYAL_T4	2
T4_SHOES_LEATHER_ROYAL	2	T4_SHOES_LEATHER_SET1	1
T4_SHOES_LEATHER_ROYAL	2	QUESTITEM_TOKEN_ROYAL_T4	2
T4_SHOES_LEATHER_ROYAL	3	T4_SHOES_LEATHER_SET1	1
T4_SHOES_LEATHER_ROYAL	3	QUESTITEM_TOKEN_ROYAL_T4	2
T4_SHOES_LEATHER_ROYAL	4	T4_SHOES_LEATHER_SET1	1
T4_SHOES_LEATHER_ROYAL	4	QUESTITEM_TOKEN_ROYAL_T4	2
T5_SHOES_LEATHER_ROYAL	0	T5_SHOES_LEATHER_SET1	1
T5_SHOES_LEATHER_ROYAL	0	QUESTITEM_TOKEN_ROYAL_T5	4
T5_SHOES_LEATHER_ROYAL	1	T5_SHOES_LEATHER_SET1	1
T5_SHOES_LEATHER_ROYAL	1	QUESTITEM_TOKEN_ROYAL_T5	4
T5_SHOES_LEATHER_ROYAL	2	T5_SHOES_LEATHER_SET1	1
T5_SHOES_LEATHER_ROYAL	2	QUESTITEM_TOKEN_ROYAL_T5	4
T5_SHOES_LEATHER_ROYAL	3	T5_SHOES_LEATHER_SET1	1
T5_SHOES_LEATHER_ROYAL	3	QUESTITEM_TOKEN_ROYAL_T5	4
T5_SHOES_LEATHER_ROYAL	4	T5_SHOES_LEATHER_SET1	1
T5_SHOES_LEATHER_ROYAL	4	QUESTITEM_TOKEN_ROYAL_T5	4
T6_SHOES_LEATHER_ROYAL	0	T6_SHOES_LEATHER_SET1	1
T6_SHOES_LEATHER_ROYAL	0	QUESTITEM_TOKEN_ROYAL_T6	8
T6_SHOES_LEATHER_ROYAL	1	T6_SHOES_LEATHER_SET1	1
T6_SHOES_LEATHER_ROYAL	1	QUESTITEM_TOKEN_ROYAL_T6	8
T6_SHOES_LEATHER_ROYAL	2	T6_SHOES_LEATHER_SET1	1
T6_SHOES_LEATHER_ROYAL	2	QUESTITEM_TOKEN_ROYAL_T6	8
T6_SHOES_LEATHER_ROYAL	3	T6_SHOES_LEATHER_SET1	1
T6_SHOES_LEATHER_ROYAL	3	QUESTITEM_TOKEN_ROYAL_T6	8
T6_SHOES_LEATHER_ROYAL	4	T6_SHOES_LEATHER_SET1	1
T6_SHOES_LEATHER_ROYAL	4	QUESTITEM_TOKEN_ROYAL_T6	8
T7_SHOES_LEATHER_ROYAL	0	T7_SHOES_LEATHER_SET1	1
T7_SHOES_LEATHER_ROYAL	0	QUESTITEM_TOKEN_ROYAL_T7	8
T7_SHOES_LEATHER_ROYAL	1	T7_SHOES_LEATHER_SET1	1
T7_SHOES_LEATHER_ROYAL	1	QUESTITEM_TOKEN_ROYAL_T7	8
T7_SHOES_LEATHER_ROYAL	2	T7_SHOES_LEATHER_SET1	1
T7_SHOES_LEATHER_ROYAL	2	QUESTITEM_TOKEN_ROYAL_T7	8
T7_SHOES_LEATHER_ROYAL	3	T7_SHOES_LEATHER_SET1	1
T7_SHOES_LEATHER_ROYAL	3	QUESTITEM_TOKEN_ROYAL_T7	8
T7_SHOES_LEATHER_ROYAL	4	T7_SHOES_LEATHER_SET1	1
T7_SHOES_LEATHER_ROYAL	4	QUESTITEM_TOKEN_ROYAL_T7	8
T8_SHOES_LEATHER_ROYAL	0	T8_SHOES_LEATHER_SET1	1
T8_SHOES_LEATHER_ROYAL	0	QUESTITEM_TOKEN_ROYAL_T8	8
T8_SHOES_LEATHER_ROYAL	1	T8_SHOES_LEATHER_SET1	1
T8_SHOES_LEATHER_ROYAL	1	QUESTITEM_TOKEN_ROYAL_T8	8
T8_SHOES_LEATHER_ROYAL	2	T8_SHOES_LEATHER_SET1	1
T8_SHOES_LEATHER_ROYAL	2	QUESTITEM_TOKEN_ROYAL_T8	8
T8_SHOES_LEATHER_ROYAL	3	T8_SHOES_LEATHER_SET1	1
T8_SHOES_LEATHER_ROYAL	3	QUESTITEM_TOKEN_ROYAL_T8	8
T8_SHOES_LEATHER_ROYAL	4	T8_SHOES_LEATHER_SET1	1
T8_SHOES_LEATHER_ROYAL	4	QUESTITEM_TOKEN_ROYAL_T8	8
T4_HEAD_PLATE_ROYAL	0	T4_HEAD_PLATE_SET1	1
T4_HEAD_PLATE_ROYAL	0	QUESTITEM_TOKEN_ROYAL_T4	2
T4_HEAD_PLATE_ROYAL	1	T4_HEAD_PLATE_SET1	1
T4_HEAD_PLATE_ROYAL	1	QUESTITEM_TOKEN_ROYAL_T4	2
T4_HEAD_PLATE_ROYAL	2	T4_HEAD_PLATE_SET1	1
T4_HEAD_PLATE_ROYAL	2	QUESTITEM_TOKEN_ROYAL_T4	2
T4_HEAD_PLATE_ROYAL	3	T4_HEAD_PLATE_SET1	1
T4_HEAD_PLATE_ROYAL	3	QUESTITEM_TOKEN_ROYAL_T4	2
T4_HEAD_PLATE_ROYAL	4	T4_HEAD_PLATE_SET1	1
T4_HEAD_PLATE_ROYAL	4	QUESTITEM_TOKEN_ROYAL_T4	2
T5_HEAD_PLATE_ROYAL	0	T5_HEAD_PLATE_SET1	1
T5_HEAD_PLATE_ROYAL	0	QUESTITEM_TOKEN_ROYAL_T5	4
T5_HEAD_PLATE_ROYAL	1	T5_HEAD_PLATE_SET1	1
T5_HEAD_PLATE_ROYAL	1	QUESTITEM_TOKEN_ROYAL_T5	4
T5_HEAD_PLATE_ROYAL	2	T5_HEAD_PLATE_SET1	1
T5_HEAD_PLATE_ROYAL	2	QUESTITEM_TOKEN_ROYAL_T5	4
T5_HEAD_PLATE_ROYAL	3	T5_HEAD_PLATE_SET1	1
T5_HEAD_PLATE_ROYAL	3	QUESTITEM_TOKEN_ROYAL_T5	4
T5_HEAD_PLATE_ROYAL	4	T5_HEAD_PLATE_SET1	1
T5_HEAD_PLATE_ROYAL	4	QUESTITEM_TOKEN_ROYAL_T5	4
T6_HEAD_PLATE_ROYAL	0	T6_HEAD_PLATE_SET1	1
T6_HEAD_PLATE_ROYAL	0	QUESTITEM_TOKEN_ROYAL_T6	8
T6_HEAD_PLATE_ROYAL	1	T6_HEAD_PLATE_SET1	1
T6_HEAD_PLATE_ROYAL	1	QUESTITEM_TOKEN_ROYAL_T6	8
T6_HEAD_PLATE_ROYAL	2	T6_HEAD_PLATE_SET1	1
T6_HEAD_PLATE_ROYAL	2	QUESTITEM_TOKEN_ROYAL_T6	8
T6_HEAD_PLATE_ROYAL	3	T6_HEAD_PLATE_SET1	1
T6_HEAD_PLATE_ROYAL	3	QUESTITEM_TOKEN_ROYAL_T6	8
T6_HEAD_PLATE_ROYAL	4	T6_HEAD_PLATE_SET1	1
T6_HEAD_PLATE_ROYAL	4	QUESTITEM_TOKEN_ROYAL_T6	8
T7_HEAD_PLATE_ROYAL	0	T7_HEAD_PLATE_SET1	1
T7_HEAD_PLATE_ROYAL	0	QUESTITEM_TOKEN_ROYAL_T7	8
T7_HEAD_PLATE_ROYAL	1	T7_HEAD_PLATE_SET1	1
T7_HEAD_PLATE_ROYAL	1	QUESTITEM_TOKEN_ROYAL_T7	8
T7_HEAD_PLATE_ROYAL	2	T7_HEAD_PLATE_SET1	1
T7_HEAD_PLATE_ROYAL	2	QUESTITEM_TOKEN_ROYAL_T7	8
T7_HEAD_PLATE_ROYAL	3	T7_HEAD_PLATE_SET1	1
T7_HEAD_PLATE_ROYAL	3	QUESTITEM_TOKEN_ROYAL_T7	8
T7_HEAD_PLATE_ROYAL	4	T7_HEAD_PLATE_SET1	1
T7_HEAD_PLATE_ROYAL	4	QUESTITEM_TOKEN_ROYAL_T7	8
T8_HEAD_PLATE_ROYAL	0	T8_HEAD_PLATE_SET1	1
T8_HEAD_PLATE_ROYAL	0	QUESTITEM_TOKEN_ROYAL_T8	8
T8_HEAD_PLATE_ROYAL	1	T8_HEAD_PLATE_SET1	1
T8_HEAD_PLATE_ROYAL	1	QUESTITEM_TOKEN_ROYAL_T8	8
T8_HEAD_PLATE_ROYAL	2	T8_HEAD_PLATE_SET1	1
T8_HEAD_PLATE_ROYAL	2	QUESTITEM_TOKEN_ROYAL_T8	8
T8_HEAD_PLATE_ROYAL	3	T8_HEAD_PLATE_SET1	1
T8_HEAD_PLATE_ROYAL	3	QUESTITEM_TOKEN_ROYAL_T8	8
T8_HEAD_PLATE_ROYAL	4	T8_HEAD_PLATE_SET1	1
T8_HEAD_PLATE_ROYAL	4	QUESTITEM_TOKEN_ROYAL_T8	8
T4_ARMOR_PLATE_ROYAL	0	T4_ARMOR_PLATE_SET1	1
T4_ARMOR_PLATE_ROYAL	0	QUESTITEM_TOKEN_ROYAL_T4	4
T4_ARMOR_PLATE_ROYAL	1	T4_ARMOR_PLATE_SET1	1
T4_ARMOR_PLATE_ROYAL	1	QUESTITEM_TOKEN_ROYAL_T4	4
T4_ARMOR_PLATE_ROYAL	2	T4_ARMOR_PLATE_SET1	1
T4_ARMOR_PLATE_ROYAL	2	QUESTITEM_TOKEN_ROYAL_T4	4
T4_ARMOR_PLATE_ROYAL	3	T4_ARMOR_PLATE_SET1	1
T4_ARMOR_PLATE_ROYAL	3	QUESTITEM_TOKEN_ROYAL_T4	4
T4_ARMOR_PLATE_ROYAL	4	T4_ARMOR_PLATE_SET1	1
T4_ARMOR_PLATE_ROYAL	4	QUESTITEM_TOKEN_ROYAL_T4	4
T5_ARMOR_PLATE_ROYAL	0	T5_ARMOR_PLATE_SET1	1
T5_ARMOR_PLATE_ROYAL	0	QUESTITEM_TOKEN_ROYAL_T5	8
T5_ARMOR_PLATE_ROYAL	1	T5_ARMOR_PLATE_SET1	1
T5_ARMOR_PLATE_ROYAL	1	QUESTITEM_TOKEN_ROYAL_T5	8
T5_ARMOR_PLATE_ROYAL	2	T5_ARMOR_PLATE_SET1	1
T5_ARMOR_PLATE_ROYAL	2	QUESTITEM_TOKEN_ROYAL_T5	8
T5_ARMOR_PLATE_ROYAL	3	T5_ARMOR_PLATE_SET1	1
T5_ARMOR_PLATE_ROYAL	3	QUESTITEM_TOKEN_ROYAL_T5	8
T5_ARMOR_PLATE_ROYAL	4	T5_ARMOR_PLATE_SET1	1
T5_ARMOR_PLATE_ROYAL	4	QUESTITEM_TOKEN_ROYAL_T5	8
T6_ARMOR_PLATE_ROYAL	0	T6_ARMOR_PLATE_SET1	1
T6_ARMOR_PLATE_ROYAL	0	QUESTITEM_TOKEN_ROYAL_T6	16
T6_ARMOR_PLATE_ROYAL	1	T6_ARMOR_PLATE_SET1	1
T6_ARMOR_PLATE_ROYAL	1	QUESTITEM_TOKEN_ROYAL_T6	16
T6_ARMOR_PLATE_ROYAL	2	T6_ARMOR_PLATE_SET1	1
T6_ARMOR_PLATE_ROYAL	2	QUESTITEM_TOKEN_ROYAL_T6	16
T6_ARMOR_PLATE_ROYAL	3	T6_ARMOR_PLATE_SET1	1
T6_ARMOR_PLATE_ROYAL	3	QUESTITEM_TOKEN_ROYAL_T6	16
T6_ARMOR_PLATE_ROYAL	4	T6_ARMOR_PLATE_SET1	1
T6_ARMOR_PLATE_ROYAL	4	QUESTITEM_TOKEN_ROYAL_T6	16
T7_ARMOR_PLATE_ROYAL	0	T7_ARMOR_PLATE_SET1	1
T7_ARMOR_PLATE_ROYAL	0	QUESTITEM_TOKEN_ROYAL_T7	16
T7_ARMOR_PLATE_ROYAL	1	T7_ARMOR_PLATE_SET1	1
T7_ARMOR_PLATE_ROYAL	1	QUESTITEM_TOKEN_ROYAL_T7	16
T7_ARMOR_PLATE_ROYAL	2	T7_ARMOR_PLATE_SET1	1
T7_ARMOR_PLATE_ROYAL	2	QUESTITEM_TOKEN_ROYAL_T7	16
T7_ARMOR_PLATE_ROYAL	3	T7_ARMOR_PLATE_SET1	1
T7_ARMOR_PLATE_ROYAL	3	QUESTITEM_TOKEN_ROYAL_T7	16
T7_ARMOR_PLATE_ROYAL	4	T7_ARMOR_PLATE_SET1	1
T7_ARMOR_PLATE_ROYAL	4	QUESTITEM_TOKEN_ROYAL_T7	16
T8_ARMOR_PLATE_ROYAL	0	T8_ARMOR_PLATE_SET1	1
T8_ARMOR_PLATE_ROYAL	0	QUESTITEM_TOKEN_ROYAL_T8	16
T8_ARMOR_PLATE_ROYAL	1	T8_ARMOR_PLATE_SET1	1
T8_ARMOR_PLATE_ROYAL	1	QUESTITEM_TOKEN_ROYAL_T8	16
T8_ARMOR_PLATE_ROYAL	2	T8_ARMOR_PLATE_SET1	1
T8_ARMOR_PLATE_ROYAL	2	QUESTITEM_TOKEN_ROYAL_T8	16
T8_ARMOR_PLATE_ROYAL	3	T8_ARMOR_PLATE_SET1	1
T8_ARMOR_PLATE_ROYAL	3	QUESTITEM_TOKEN_ROYAL_T8	16
T8_ARMOR_PLATE_ROYAL	4	T8_ARMOR_PLATE_SET1	1
T8_ARMOR_PLATE_ROYAL	4	QUESTITEM_TOKEN_ROYAL_T8	16
T4_SHOES_PLATE_ROYAL	0	T4_SHOES_PLATE_SET1	1
T4_SHOES_PLATE_ROYAL	0	QUESTITEM_TOKEN_ROYAL_T4	2
T4_SHOES_PLATE_ROYAL	1	T4_SHOES_PLATE_SET1	1
T4_SHOES_PLATE_ROYAL	1	QUESTITEM_TOKEN_ROYAL_T4	2
T4_SHOES_PLATE_ROYAL	2	T4_SHOES_PLATE_SET1	1
T4_SHOES_PLATE_ROYAL	2	QUESTITEM_TOKEN_ROYAL_T4	2
T4_SHOES_PLATE_ROYAL	3	T4_SHOES_PLATE_SET1	1
T4_SHOES_PLATE_ROYAL	3	QUESTITEM_TOKEN_ROYAL_T4	2
T4_SHOES_PLATE_ROYAL	4	T4_SHOES_PLATE_SET1	1
T4_SHOES_PLATE_ROYAL	4	QUESTITEM_TOKEN_ROYAL_T4	2
T5_SHOES_PLATE_ROYAL	0	T5_SHOES_PLATE_SET1	1
T5_SHOES_PLATE_ROYAL	0	QUESTITEM_TOKEN_ROYAL_T5	4
T5_SHOES_PLATE_ROYAL	1	T5_SHOES_PLATE_SET1	1
T5_SHOES_PLATE_ROYAL	1	QUESTITEM_TOKEN_ROYAL_T5	4
T5_SHOES_PLATE_ROYAL	2	T5_SHOES_PLATE_SET1	1
T5_SHOES_PLATE_ROYAL	2	QUESTITEM_TOKEN_ROYAL_T5	4
T5_SHOES_PLATE_ROYAL	3	T5_SHOES_PLATE_SET1	1
T5_SHOES_PLATE_ROYAL	3	QUESTITEM_TOKEN_ROYAL_T5	4
T5_SHOES_PLATE_ROYAL	4	T5_SHOES_PLATE_SET1	1
T5_SHOES_PLATE_ROYAL	4	QUESTITEM_TOKEN_ROYAL_T5	4
T6_SHOES_PLATE_ROYAL	0	T6_SHOES_PLATE_SET1	1
T6_SHOES_PLATE_ROYAL	0	QUESTITEM_TOKEN_ROYAL_T6	8
T6_SHOES_PLATE_ROYAL	1	T6_SHOES_PLATE_SET1	1
T6_SHOES_PLATE_ROYAL	1	QUESTITEM_TOKEN_ROYAL_T6	8
T6_SHOES_PLATE_ROYAL	2	T6_SHOES_PLATE_SET1	1
T6_SHOES_PLATE_ROYAL	2	QUESTITEM_TOKEN_ROYAL_T6	8
T6_SHOES_PLATE_ROYAL	3	T6_SHOES_PLATE_SET1	1
T6_SHOES_PLATE_ROYAL	3	QUESTITEM_TOKEN_ROYAL_T6	8
T6_SHOES_PLATE_ROYAL	4	T6_SHOES_PLATE_SET1	1
T6_SHOES_PLATE_ROYAL	4	QUESTITEM_TOKEN_ROYAL_T6	8
T7_SHOES_PLATE_ROYAL	0	T7_SHOES_PLATE_SET1	1
T7_SHOES_PLATE_ROYAL	0	QUESTITEM_TOKEN_ROYAL_T7	8
T7_SHOES_PLATE_ROYAL	1	T7_SHOES_PLATE_SET1	1
T7_SHOES_PLATE_ROYAL	1	QUESTITEM_TOKEN_ROYAL_T7	8
T7_SHOES_PLATE_ROYAL	2	T7_SHOES_PLATE_SET1	1
T7_SHOES_PLATE_ROYAL	2	QUESTITEM_TOKEN_ROYAL_T7	8
T7_SHOES_PLATE_ROYAL	3	T7_SHOES_PLATE_SET1	1
T7_SHOES_PLATE_ROYAL	3	QUESTITEM_TOKEN_ROYAL_T7	8
T7_SHOES_PLATE_ROYAL	4	T7_SHOES_PLATE_SET1	1
T7_SHOES_PLATE_ROYAL	4	QUESTITEM_TOKEN_ROYAL_T7	8
T8_SHOES_PLATE_ROYAL	0	T8_SHOES_PLATE_SET1	1
T8_SHOES_PLATE_ROYAL	0	QUESTITEM_TOKEN_ROYAL_T8	8
T8_SHOES_PLATE_ROYAL	1	T8_SHOES_PLATE_SET1	1
T8_SHOES_PLATE_ROYAL	1	QUESTITEM_TOKEN_ROYAL_T8	8
T8_SHOES_PLATE_ROYAL	2	T8_SHOES_PLATE_SET1	1
T8_SHOES_PLATE_ROYAL	2	QUESTITEM_TOKEN_ROYAL_T8	8
T8_SHOES_PLATE_ROYAL	3	T8_SHOES_PLATE_SET1	1
T8_SHOES_PLATE_ROYAL	3	QUESTITEM_TOKEN_ROYAL_T8	8
T8_SHOES_PLATE_ROYAL	4	T8_SHOES_PLATE_SET1	1
T8_SHOES_PLATE_ROYAL	4	QUESTITEM_TOKEN_ROYAL_T8	8
T4_HEAD_GATHERER_FIBER	0	T4_CLOTH	8
T4_HEAD_GATHERER_FIBER	1	T4_CLOTH_LEVEL1	8
T4_HEAD_GATHERER_FIBER	2	T4_CLOTH_LEVEL2	8
T4_HEAD_GATHERER_FIBER	3	T4_CLOTH_LEVEL3	8
T4_HEAD_GATHERER_FIBER	4	T4_CLOTH_LEVEL4	8
T5_HEAD_GATHERER_FIBER	0	T5_CLOTH	8
T5_HEAD_GATHERER_FIBER	1	T5_CLOTH_LEVEL1	8
T5_HEAD_GATHERER_FIBER	2	T5_CLOTH_LEVEL2	8
T5_HEAD_GATHERER_FIBER	3	T5_CLOTH_LEVEL3	8
T5_HEAD_GATHERER_FIBER	4	T5_CLOTH_LEVEL4	8
T6_HEAD_GATHERER_FIBER	0	T6_CLOTH	8
T6_HEAD_GATHERER_FIBER	1	T6_CLOTH_LEVEL1	8
T6_HEAD_GATHERER_FIBER	2	T6_CLOTH_LEVEL2	8
T6_HEAD_GATHERER_FIBER	3	T6_CLOTH_LEVEL3	8
T6_HEAD_GATHERER_FIBER	4	T6_CLOTH_LEVEL4	8
T7_HEAD_GATHERER_FIBER	0	T7_CLOTH	8
T7_HEAD_GATHERER_FIBER	1	T7_CLOTH_LEVEL1	8
T7_HEAD_GATHERER_FIBER	2	T7_CLOTH_LEVEL2	8
T7_HEAD_GATHERER_FIBER	3	T7_CLOTH_LEVEL3	8
T7_HEAD_GATHERER_FIBER	4	T7_CLOTH_LEVEL4	8
T8_HEAD_GATHERER_FIBER	0	T8_CLOTH	8
T8_HEAD_GATHERER_FIBER	1	T8_CLOTH_LEVEL1	8
T8_HEAD_GATHERER_FIBER	2	T8_CLOTH_LEVEL2	8
T8_HEAD_GATHERER_FIBER	3	T8_CLOTH_LEVEL3	8
T8_HEAD_GATHERER_FIBER	4	T8_CLOTH_LEVEL4	8
T4_ARMOR_GATHERER_FIBER	0	T4_CLOTH	16
T4_ARMOR_GATHERER_FIBER	1	T4_CLOTH_LEVEL1	16
T4_ARMOR_GATHERER_FIBER	2	T4_CLOTH_LEVEL2	16
T4_ARMOR_GATHERER_FIBER	3	T4_CLOTH_LEVEL3	16
T4_ARMOR_GATHERER_FIBER	4	T4_CLOTH_LEVEL4	16
T5_ARMOR_GATHERER_FIBER	0	T5_CLOTH	16
T5_ARMOR_GATHERER_FIBER	1	T5_CLOTH_LEVEL1	16
T5_ARMOR_GATHERER_FIBER	2	T5_CLOTH_LEVEL2	16
T5_ARMOR_GATHERER_FIBER	3	T5_CLOTH_LEVEL3	16
T5_ARMOR_GATHERER_FIBER	4	T5_CLOTH_LEVEL4	16
T6_ARMOR_GATHERER_FIBER	0	T6_CLOTH	16
T6_ARMOR_GATHERER_FIBER	1	T6_CLOTH_LEVEL1	16
T6_ARMOR_GATHERER_FIBER	2	T6_CLOTH_LEVEL2	16
T6_ARMOR_GATHERER_FIBER	3	T6_CLOTH_LEVEL3	16
T6_ARMOR_GATHERER_FIBER	4	T6_CLOTH_LEVEL4	16
T7_ARMOR_GATHERER_FIBER	0	T7_CLOTH	16
T7_ARMOR_GATHERER_FIBER	1	T7_CLOTH_LEVEL1	16
T7_ARMOR_GATHERER_FIBER	2	T7_CLOTH_LEVEL2	16
T7_ARMOR_GATHERER_FIBER	3	T7_CLOTH_LEVEL3	16
T7_ARMOR_GATHERER_FIBER	4	T7_CLOTH_LEVEL4	16
T8_ARMOR_GATHERER_FIBER	0	T8_CLOTH	16
T8_ARMOR_GATHERER_FIBER	1	T8_CLOTH_LEVEL1	16
T8_ARMOR_GATHERER_FIBER	2	T8_CLOTH_LEVEL2	16
T8_ARMOR_GATHERER_FIBER	3	T8_CLOTH_LEVEL3	16
T8_ARMOR_GATHERER_FIBER	4	T8_CLOTH_LEVEL4	16
T4_SHOES_GATHERER_FIBER	0	T4_CLOTH	8
T4_SHOES_GATHERER_FIBER	1	T4_CLOTH_LEVEL1	8
T4_SHOES_GATHERER_FIBER	2	T4_CLOTH_LEVEL2	8
T4_SHOES_GATHERER_FIBER	3	T4_CLOTH_LEVEL3	8
T4_SHOES_GATHERER_FIBER	4	T4_CLOTH_LEVEL4	8
T5_SHOES_GATHERER_FIBER	0	T5_CLOTH	8
T5_SHOES_GATHERER_FIBER	1	T5_CLOTH_LEVEL1	8
T5_SHOES_GATHERER_FIBER	2	T5_CLOTH_LEVEL2	8
T5_SHOES_GATHERER_FIBER	3	T5_CLOTH_LEVEL3	8
T5_SHOES_GATHERER_FIBER	4	T5_CLOTH_LEVEL4	8
T6_SHOES_GATHERER_FIBER	0	T6_CLOTH	8
T6_SHOES_GATHERER_FIBER	1	T6_CLOTH_LEVEL1	8
T6_SHOES_GATHERER_FIBER	2	T6_CLOTH_LEVEL2	8
T6_SHOES_GATHERER_FIBER	3	T6_CLOTH_LEVEL3	8
T6_SHOES_GATHERER_FIBER	4	T6_CLOTH_LEVEL4	8
T7_SHOES_GATHERER_FIBER	0	T7_CLOTH	8
T7_SHOES_GATHERER_FIBER	1	T7_CLOTH_LEVEL1	8
T7_SHOES_GATHERER_FIBER	2	T7_CLOTH_LEVEL2	8
T7_SHOES_GATHERER_FIBER	3	T7_CLOTH_LEVEL3	8
T7_SHOES_GATHERER_FIBER	4	T7_CLOTH_LEVEL4	8
T8_SHOES_GATHERER_FIBER	0	T8_CLOTH	8
T8_SHOES_GATHERER_FIBER	1	T8_CLOTH_LEVEL1	8
T8_SHOES_GATHERER_FIBER	2	T8_CLOTH_LEVEL2	8
T8_SHOES_GATHERER_FIBER	3	T8_CLOTH_LEVEL3	8
T8_SHOES_GATHERER_FIBER	4	T8_CLOTH_LEVEL4	8
T4_BACKPACK_GATHERER_FIBER	0	T4_CLOTH	4
T4_BACKPACK_GATHERER_FIBER	0	T4_LEATHER	4
T4_BACKPACK_GATHERER_FIBER	1	T4_CLOTH_LEVEL1	4
T4_BACKPACK_GATHERER_FIBER	1	T4_LEATHER_LEVEL1	4
T4_BACKPACK_GATHERER_FIBER	2	T4_CLOTH_LEVEL2	4
T4_BACKPACK_GATHERER_FIBER	2	T4_LEATHER_LEVEL2	4
T4_BACKPACK_GATHERER_FIBER	3	T4_CLOTH_LEVEL3	4
T4_BACKPACK_GATHERER_FIBER	3	T4_LEATHER_LEVEL3	4
T4_BACKPACK_GATHERER_FIBER	4	T4_CLOTH_LEVEL4	4
T4_BACKPACK_GATHERER_FIBER	4	T4_LEATHER_LEVEL4	4
T5_BACKPACK_GATHERER_FIBER	0	T5_CLOTH	4
T5_BACKPACK_GATHERER_FIBER	0	T5_LEATHER	4
T5_BACKPACK_GATHERER_FIBER	1	T5_CLOTH_LEVEL1	4
T5_BACKPACK_GATHERER_FIBER	1	T5_LEATHER_LEVEL1	4
T5_BACKPACK_GATHERER_FIBER	2	T5_CLOTH_LEVEL2	4
T5_BACKPACK_GATHERER_FIBER	2	T5_LEATHER_LEVEL2	4
T5_BACKPACK_GATHERER_FIBER	3	T5_CLOTH_LEVEL3	4
T5_BACKPACK_GATHERER_FIBER	3	T5_LEATHER_LEVEL3	4
T5_BACKPACK_GATHERER_FIBER	4	T5_CLOTH_LEVEL4	4
T5_BACKPACK_GATHERER_FIBER	4	T5_LEATHER_LEVEL4	4
T6_BACKPACK_GATHERER_FIBER	0	T6_CLOTH	4
T6_BACKPACK_GATHERER_FIBER	0	T6_LEATHER	4
T6_BACKPACK_GATHERER_FIBER	1	T6_CLOTH_LEVEL1	4
T6_BACKPACK_GATHERER_FIBER	1	T6_LEATHER_LEVEL1	4
T6_BACKPACK_GATHERER_FIBER	2	T6_CLOTH_LEVEL2	4
T6_BACKPACK_GATHERER_FIBER	2	T6_LEATHER_LEVEL2	4
T6_BACKPACK_GATHERER_FIBER	3	T6_CLOTH_LEVEL3	4
T6_BACKPACK_GATHERER_FIBER	3	T6_LEATHER_LEVEL3	4
T6_BACKPACK_GATHERER_FIBER	4	T6_CLOTH_LEVEL4	4
T6_BACKPACK_GATHERER_FIBER	4	T6_LEATHER_LEVEL4	4
T7_BACKPACK_GATHERER_FIBER	0	T7_CLOTH	4
T7_BACKPACK_GATHERER_FIBER	0	T7_LEATHER	4
T7_BACKPACK_GATHERER_FIBER	1	T7_CLOTH_LEVEL1	4
T7_BACKPACK_GATHERER_FIBER	1	T7_LEATHER_LEVEL1	4
T7_BACKPACK_GATHERER_FIBER	2	T7_CLOTH_LEVEL2	4
T7_BACKPACK_GATHERER_FIBER	2	T7_LEATHER_LEVEL2	4
T7_BACKPACK_GATHERER_FIBER	3	T7_CLOTH_LEVEL3	4
T7_BACKPACK_GATHERER_FIBER	3	T7_LEATHER_LEVEL3	4
T7_BACKPACK_GATHERER_FIBER	4	T7_CLOTH_LEVEL4	4
T7_BACKPACK_GATHERER_FIBER	4	T7_LEATHER_LEVEL4	4
T8_BACKPACK_GATHERER_FIBER	0	T8_CLOTH	4
T8_BACKPACK_GATHERER_FIBER	0	T8_LEATHER	4
T8_BACKPACK_GATHERER_FIBER	1	T8_CLOTH_LEVEL1	4
T8_BACKPACK_GATHERER_FIBER	1	T8_LEATHER_LEVEL1	4
T8_BACKPACK_GATHERER_FIBER	2	T8_CLOTH_LEVEL2	4
T8_BACKPACK_GATHERER_FIBER	2	T8_LEATHER_LEVEL2	4
T8_BACKPACK_GATHERER_FIBER	3	T8_CLOTH_LEVEL3	4
T8_BACKPACK_GATHERER_FIBER	3	T8_LEATHER_LEVEL3	4
T8_BACKPACK_GATHERER_FIBER	4	T8_CLOTH_LEVEL4	4
T8_BACKPACK_GATHERER_FIBER	4	T8_LEATHER_LEVEL4	4
T4_HEAD_GATHERER_HIDE	0	T4_LEATHER	8
T4_HEAD_GATHERER_HIDE	1	T4_LEATHER_LEVEL1	8
T4_HEAD_GATHERER_HIDE	2	T4_LEATHER_LEVEL2	8
T4_HEAD_GATHERER_HIDE	3	T4_LEATHER_LEVEL3	8
T4_HEAD_GATHERER_HIDE	4	T4_LEATHER_LEVEL4	8
T5_HEAD_GATHERER_HIDE	0	T5_LEATHER	8
T5_HEAD_GATHERER_HIDE	1	T5_LEATHER_LEVEL1	8
T5_HEAD_GATHERER_HIDE	2	T5_LEATHER_LEVEL2	8
T5_HEAD_GATHERER_HIDE	3	T5_LEATHER_LEVEL3	8
T5_HEAD_GATHERER_HIDE	4	T5_LEATHER_LEVEL4	8
T6_HEAD_GATHERER_HIDE	0	T6_LEATHER	8
T6_HEAD_GATHERER_HIDE	1	T6_LEATHER_LEVEL1	8
T6_HEAD_GATHERER_HIDE	2	T6_LEATHER_LEVEL2	8
T6_HEAD_GATHERER_HIDE	3	T6_LEATHER_LEVEL3	8
T6_HEAD_GATHERER_HIDE	4	T6_LEATHER_LEVEL4	8
T7_HEAD_GATHERER_HIDE	0	T7_LEATHER	8
T7_HEAD_GATHERER_HIDE	1	T7_LEATHER_LEVEL1	8
T7_HEAD_GATHERER_HIDE	2	T7_LEATHER_LEVEL2	8
T7_HEAD_GATHERER_HIDE	3	T7_LEATHER_LEVEL3	8
T7_HEAD_GATHERER_HIDE	4	T7_LEATHER_LEVEL4	8
T8_HEAD_GATHERER_HIDE	0	T8_LEATHER	8
T8_HEAD_GATHERER_HIDE	1	T8_LEATHER_LEVEL1	8
T8_HEAD_GATHERER_HIDE	2	T8_LEATHER_LEVEL2	8
T8_HEAD_GATHERER_HIDE	3	T8_LEATHER_LEVEL3	8
T8_HEAD_GATHERER_HIDE	4	T8_LEATHER_LEVEL4	8
T4_ARMOR_GATHERER_HIDE	0	T4_LEATHER	16
T4_ARMOR_GATHERER_HIDE	1	T4_LEATHER_LEVEL1	16
T4_ARMOR_GATHERER_HIDE	2	T4_LEATHER_LEVEL2	16
T4_ARMOR_GATHERER_HIDE	3	T4_LEATHER_LEVEL3	16
T4_ARMOR_GATHERER_HIDE	4	T4_LEATHER_LEVEL4	16
T5_ARMOR_GATHERER_HIDE	0	T5_LEATHER	16
T5_ARMOR_GATHERER_HIDE	1	T5_LEATHER_LEVEL1	16
T5_ARMOR_GATHERER_HIDE	2	T5_LEATHER_LEVEL2	16
T5_ARMOR_GATHERER_HIDE	3	T5_LEATHER_LEVEL3	16
T5_ARMOR_GATHERER_HIDE	4	T5_LEATHER_LEVEL4	16
T6_ARMOR_GATHERER_HIDE	0	T6_LEATHER	16
T6_ARMOR_GATHERER_HIDE	1	T6_LEATHER_LEVEL1	16
T6_ARMOR_GATHERER_HIDE	2	T6_LEATHER_LEVEL2	16
T6_ARMOR_GATHERER_HIDE	3	T6_LEATHER_LEVEL3	16
T6_ARMOR_GATHERER_HIDE	4	T6_LEATHER_LEVEL4	16
T7_ARMOR_GATHERER_HIDE	0	T7_LEATHER	16
T7_ARMOR_GATHERER_HIDE	1	T7_LEATHER_LEVEL1	16
T7_ARMOR_GATHERER_HIDE	2	T7_LEATHER_LEVEL2	16
T7_ARMOR_GATHERER_HIDE	3	T7_LEATHER_LEVEL3	16
T7_ARMOR_GATHERER_HIDE	4	T7_LEATHER_LEVEL4	16
T8_ARMOR_GATHERER_HIDE	0	T8_LEATHER	16
T8_ARMOR_GATHERER_HIDE	1	T8_LEATHER_LEVEL1	16
T8_ARMOR_GATHERER_HIDE	2	T8_LEATHER_LEVEL2	16
T8_ARMOR_GATHERER_HIDE	3	T8_LEATHER_LEVEL3	16
T8_ARMOR_GATHERER_HIDE	4	T8_LEATHER_LEVEL4	16
T4_SHOES_GATHERER_HIDE	0	T4_LEATHER	8
T4_SHOES_GATHERER_HIDE	1	T4_LEATHER_LEVEL1	8
T4_SHOES_GATHERER_HIDE	2	T4_LEATHER_LEVEL2	8
T4_SHOES_GATHERER_HIDE	3	T4_LEATHER_LEVEL3	8
T4_SHOES_GATHERER_HIDE	4	T4_LEATHER_LEVEL4	8
T5_SHOES_GATHERER_HIDE	0	T5_LEATHER	8
T5_SHOES_GATHERER_HIDE	1	T5_LEATHER_LEVEL1	8
T5_SHOES_GATHERER_HIDE	2	T5_LEATHER_LEVEL2	8
T5_SHOES_GATHERER_HIDE	3	T5_LEATHER_LEVEL3	8
T5_SHOES_GATHERER_HIDE	4	T5_LEATHER_LEVEL4	8
T6_SHOES_GATHERER_HIDE	0	T6_LEATHER	8
T6_SHOES_GATHERER_HIDE	1	T6_LEATHER_LEVEL1	8
T6_SHOES_GATHERER_HIDE	2	T6_LEATHER_LEVEL2	8
T6_SHOES_GATHERER_HIDE	3	T6_LEATHER_LEVEL3	8
T6_SHOES_GATHERER_HIDE	4	T6_LEATHER_LEVEL4	8
T7_SHOES_GATHERER_HIDE	0	T7_LEATHER	8
T7_SHOES_GATHERER_HIDE	1	T7_LEATHER_LEVEL1	8
T7_SHOES_GATHERER_HIDE	2	T7_LEATHER_LEVEL2	8
T7_SHOES_GATHERER_HIDE	3	T7_LEATHER_LEVEL3	8
T7_SHOES_GATHERER_HIDE	4	T7_LEATHER_LEVEL4	8
T8_SHOES_GATHERER_HIDE	0	T8_LEATHER	8
T8_SHOES_GATHERER_HIDE	1	T8_LEATHER_LEVEL1	8
T8_SHOES_GATHERER_HIDE	2	T8_LEATHER_LEVEL2	8
T8_SHOES_GATHERER_HIDE	3	T8_LEATHER_LEVEL3	8
T8_SHOES_GATHERER_HIDE	4	T8_LEATHER_LEVEL4	8
T4_BACKPACK_GATHERER_HIDE	0	T4_CLOTH	4
T4_BACKPACK_GATHERER_HIDE	0	T4_LEATHER	4
T4_BACKPACK_GATHERER_HIDE	1	T4_CLOTH_LEVEL1	4
T4_BACKPACK_GATHERER_HIDE	1	T4_LEATHER_LEVEL1	4
T4_BACKPACK_GATHERER_HIDE	2	T4_CLOTH_LEVEL2	4
T4_BACKPACK_GATHERER_HIDE	2	T4_LEATHER_LEVEL2	4
T4_BACKPACK_GATHERER_HIDE	3	T4_CLOTH_LEVEL3	4
T4_BACKPACK_GATHERER_HIDE	3	T4_LEATHER_LEVEL3	4
T4_BACKPACK_GATHERER_HIDE	4	T4_CLOTH_LEVEL4	4
T4_BACKPACK_GATHERER_HIDE	4	T4_LEATHER_LEVEL4	4
T5_BACKPACK_GATHERER_HIDE	0	T5_CLOTH	4
T5_BACKPACK_GATHERER_HIDE	0	T5_LEATHER	4
T5_BACKPACK_GATHERER_HIDE	1	T5_CLOTH_LEVEL1	4
T5_BACKPACK_GATHERER_HIDE	1	T5_LEATHER_LEVEL1	4
T5_BACKPACK_GATHERER_HIDE	2	T5_CLOTH_LEVEL2	4
T5_BACKPACK_GATHERER_HIDE	2	T5_LEATHER_LEVEL2	4
T5_BACKPACK_GATHERER_HIDE	3	T5_CLOTH_LEVEL3	4
T5_BACKPACK_GATHERER_HIDE	3	T5_LEATHER_LEVEL3	4
T5_BACKPACK_GATHERER_HIDE	4	T5_CLOTH_LEVEL4	4
T5_BACKPACK_GATHERER_HIDE	4	T5_LEATHER_LEVEL4	4
T6_BACKPACK_GATHERER_HIDE	0	T6_CLOTH	4
T6_BACKPACK_GATHERER_HIDE	0	T6_LEATHER	4
T6_BACKPACK_GATHERER_HIDE	1	T6_CLOTH_LEVEL1	4
T6_BACKPACK_GATHERER_HIDE	1	T6_LEATHER_LEVEL1	4
T6_BACKPACK_GATHERER_HIDE	2	T6_CLOTH_LEVEL2	4
T6_BACKPACK_GATHERER_HIDE	2	T6_LEATHER_LEVEL2	4
T6_BACKPACK_GATHERER_HIDE	3	T6_CLOTH_LEVEL3	4
T6_BACKPACK_GATHERER_HIDE	3	T6_LEATHER_LEVEL3	4
T6_BACKPACK_GATHERER_HIDE	4	T6_CLOTH_LEVEL4	4
T6_BACKPACK_GATHERER_HIDE	4	T6_LEATHER_LEVEL4	4
T7_BACKPACK_GATHERER_HIDE	0	T7_CLOTH	4
T7_BACKPACK_GATHERER_HIDE	0	T7_LEATHER	4
T7_BACKPACK_GATHERER_HIDE	1	T7_CLOTH_LEVEL1	4
T7_BACKPACK_GATHERER_HIDE	1	T7_LEATHER_LEVEL1	4
T7_BACKPACK_GATHERER_HIDE	2	T7_CLOTH_LEVEL2	4
T7_BACKPACK_GATHERER_HIDE	2	T7_LEATHER_LEVEL2	4
T7_BACKPACK_GATHERER_HIDE	3	T7_CLOTH_LEVEL3	4
T7_BACKPACK_GATHERER_HIDE	3	T7_LEATHER_LEVEL3	4
T7_BACKPACK_GATHERER_HIDE	4	T7_CLOTH_LEVEL4	4
T7_BACKPACK_GATHERER_HIDE	4	T7_LEATHER_LEVEL4	4
T8_BACKPACK_GATHERER_HIDE	0	T8_CLOTH	4
T8_BACKPACK_GATHERER_HIDE	0	T8_LEATHER	4
T8_BACKPACK_GATHERER_HIDE	1	T8_CLOTH_LEVEL1	4
T8_BACKPACK_GATHERER_HIDE	1	T8_LEATHER_LEVEL1	4
T8_BACKPACK_GATHERER_HIDE	2	T8_CLOTH_LEVEL2	4
T8_BACKPACK_GATHERER_HIDE	2	T8_LEATHER_LEVEL2	4
T8_BACKPACK_GATHERER_HIDE	3	T8_CLOTH_LEVEL3	4
T8_BACKPACK_GATHERER_HIDE	3	T8_LEATHER_LEVEL3	4
T8_BACKPACK_GATHERER_HIDE	4	T8_CLOTH_LEVEL4	4
T8_BACKPACK_GATHERER_HIDE	4	T8_LEATHER_LEVEL4	4
T4_HEAD_GATHERER_ORE	0	T4_METALBAR	8
T4_HEAD_GATHERER_ORE	1	T4_METALBAR_LEVEL1	8
T4_HEAD_GATHERER_ORE	2	T4_METALBAR_LEVEL2	8
T4_HEAD_GATHERER_ORE	3	T4_METALBAR_LEVEL3	8
T4_HEAD_GATHERER_ORE	4	T4_METALBAR_LEVEL4	8
T5_HEAD_GATHERER_ORE	0	T5_METALBAR	8
T5_HEAD_GATHERER_ORE	1	T5_METALBAR_LEVEL1	8
T5_HEAD_GATHERER_ORE	2	T5_METALBAR_LEVEL2	8
T5_HEAD_GATHERER_ORE	3	T5_METALBAR_LEVEL3	8
T5_HEAD_GATHERER_ORE	4	T5_METALBAR_LEVEL4	8
T6_HEAD_GATHERER_ORE	0	T6_METALBAR	8
T6_HEAD_GATHERER_ORE	1	T6_METALBAR_LEVEL1	8
T6_HEAD_GATHERER_ORE	2	T6_METALBAR_LEVEL2	8
T6_HEAD_GATHERER_ORE	3	T6_METALBAR_LEVEL3	8
T6_HEAD_GATHERER_ORE	4	T6_METALBAR_LEVEL4	8
T7_HEAD_GATHERER_ORE	0	T7_METALBAR	8
T7_HEAD_GATHERER_ORE	1	T7_METALBAR_LEVEL1	8
T7_HEAD_GATHERER_ORE	2	T7_METALBAR_LEVEL2	8
T7_HEAD_GATHERER_ORE	3	T7_METALBAR_LEVEL3	8
T7_HEAD_GATHERER_ORE	4	T7_METALBAR_LEVEL4	8
T8_HEAD_GATHERER_ORE	0	T8_METALBAR	8
T8_HEAD_GATHERER_ORE	1	T8_METALBAR_LEVEL1	8
T8_HEAD_GATHERER_ORE	2	T8_METALBAR_LEVEL2	8
T8_HEAD_GATHERER_ORE	3	T8_METALBAR_LEVEL3	8
T8_HEAD_GATHERER_ORE	4	T8_METALBAR_LEVEL4	8
T4_ARMOR_GATHERER_ORE	0	T4_METALBAR	16
T4_ARMOR_GATHERER_ORE	1	T4_METALBAR_LEVEL1	16
T4_ARMOR_GATHERER_ORE	2	T4_METALBAR_LEVEL2	16
T4_ARMOR_GATHERER_ORE	3	T4_METALBAR_LEVEL3	16
T4_ARMOR_GATHERER_ORE	4	T4_METALBAR_LEVEL4	16
T5_ARMOR_GATHERER_ORE	0	T5_METALBAR	16
T5_ARMOR_GATHERER_ORE	1	T5_METALBAR_LEVEL1	16
T5_ARMOR_GATHERER_ORE	2	T5_METALBAR_LEVEL2	16
T5_ARMOR_GATHERER_ORE	3	T5_METALBAR_LEVEL3	16
T5_ARMOR_GATHERER_ORE	4	T5_METALBAR_LEVEL4	16
T6_ARMOR_GATHERER_ORE	0	T6_METALBAR	16
T6_ARMOR_GATHERER_ORE	1	T6_METALBAR_LEVEL1	16
T6_ARMOR_GATHERER_ORE	2	T6_METALBAR_LEVEL2	16
T6_ARMOR_GATHERER_ORE	3	T6_METALBAR_LEVEL3	16
T6_ARMOR_GATHERER_ORE	4	T6_METALBAR_LEVEL4	16
T7_ARMOR_GATHERER_ORE	0	T7_METALBAR	16
T7_ARMOR_GATHERER_ORE	1	T7_METALBAR_LEVEL1	16
T7_ARMOR_GATHERER_ORE	2	T7_METALBAR_LEVEL2	16
T7_ARMOR_GATHERER_ORE	3	T7_METALBAR_LEVEL3	16
T7_ARMOR_GATHERER_ORE	4	T7_METALBAR_LEVEL4	16
T8_ARMOR_GATHERER_ORE	0	T8_METALBAR	16
T8_ARMOR_GATHERER_ORE	1	T8_METALBAR_LEVEL1	16
T8_ARMOR_GATHERER_ORE	2	T8_METALBAR_LEVEL2	16
T8_ARMOR_GATHERER_ORE	3	T8_METALBAR_LEVEL3	16
T8_ARMOR_GATHERER_ORE	4	T8_METALBAR_LEVEL4	16
T4_SHOES_GATHERER_ORE	0	T4_METALBAR	8
T4_SHOES_GATHERER_ORE	1	T4_METALBAR_LEVEL1	8
T4_SHOES_GATHERER_ORE	2	T4_METALBAR_LEVEL2	8
T4_SHOES_GATHERER_ORE	3	T4_METALBAR_LEVEL3	8
T4_SHOES_GATHERER_ORE	4	T4_METALBAR_LEVEL4	8
T5_SHOES_GATHERER_ORE	0	T5_METALBAR	8
T5_SHOES_GATHERER_ORE	1	T5_METALBAR_LEVEL1	8
T5_SHOES_GATHERER_ORE	2	T5_METALBAR_LEVEL2	8
T5_SHOES_GATHERER_ORE	3	T5_METALBAR_LEVEL3	8
T5_SHOES_GATHERER_ORE	4	T5_METALBAR_LEVEL4	8
T6_SHOES_GATHERER_ORE	0	T6_METALBAR	8
T6_SHOES_GATHERER_ORE	1	T6_METALBAR_LEVEL1	8
T6_SHOES_GATHERER_ORE	2	T6_METALBAR_LEVEL2	8
T6_SHOES_GATHERER_ORE	3	T6_METALBAR_LEVEL3	8
T6_SHOES_GATHERER_ORE	4	T6_METALBAR_LEVEL4	8
T7_SHOES_GATHERER_ORE	0	T7_METALBAR	8
T7_SHOES_GATHERER_ORE	1	T7_METALBAR_LEVEL1	8
T7_SHOES_GATHERER_ORE	2	T7_METALBAR_LEVEL2	8
T7_SHOES_GATHERER_ORE	3	T7_METALBAR_LEVEL3	8
T7_SHOES_GATHERER_ORE	4	T7_METALBAR_LEVEL4	8
T8_SHOES_GATHERER_ORE	0	T8_METALBAR	8
T8_SHOES_GATHERER_ORE	1	T8_METALBAR_LEVEL1	8
T8_SHOES_GATHERER_ORE	2	T8_METALBAR_LEVEL2	8
T8_SHOES_GATHERER_ORE	3	T8_METALBAR_LEVEL3	8
T8_SHOES_GATHERER_ORE	4	T8_METALBAR_LEVEL4	8
T4_BACKPACK_GATHERER_ORE	0	T4_CLOTH	4
T4_BACKPACK_GATHERER_ORE	0	T4_LEATHER	4
T4_BACKPACK_GATHERER_ORE	1	T4_CLOTH_LEVEL1	4
T4_BACKPACK_GATHERER_ORE	1	T4_LEATHER_LEVEL1	4
T4_BACKPACK_GATHERER_ORE	2	T4_CLOTH_LEVEL2	4
T4_BACKPACK_GATHERER_ORE	2	T4_LEATHER_LEVEL2	4
T4_BACKPACK_GATHERER_ORE	3	T4_CLOTH_LEVEL3	4
T4_BACKPACK_GATHERER_ORE	3	T4_LEATHER_LEVEL3	4
T4_BACKPACK_GATHERER_ORE	4	T4_CLOTH_LEVEL4	4
T4_BACKPACK_GATHERER_ORE	4	T4_LEATHER_LEVEL4	4
T5_BACKPACK_GATHERER_ORE	0	T5_CLOTH	4
T5_BACKPACK_GATHERER_ORE	0	T5_LEATHER	4
T5_BACKPACK_GATHERER_ORE	1	T5_CLOTH_LEVEL1	4
T5_BACKPACK_GATHERER_ORE	1	T5_LEATHER_LEVEL1	4
T5_BACKPACK_GATHERER_ORE	2	T5_CLOTH_LEVEL2	4
T5_BACKPACK_GATHERER_ORE	2	T5_LEATHER_LEVEL2	4
T5_BACKPACK_GATHERER_ORE	3	T5_CLOTH_LEVEL3	4
T5_BACKPACK_GATHERER_ORE	3	T5_LEATHER_LEVEL3	4
T5_BACKPACK_GATHERER_ORE	4	T5_CLOTH_LEVEL4	4
T5_BACKPACK_GATHERER_ORE	4	T5_LEATHER_LEVEL4	4
T6_BACKPACK_GATHERER_ORE	0	T6_CLOTH	4
T6_BACKPACK_GATHERER_ORE	0	T6_LEATHER	4
T6_BACKPACK_GATHERER_ORE	1	T6_CLOTH_LEVEL1	4
T6_BACKPACK_GATHERER_ORE	1	T6_LEATHER_LEVEL1	4
T6_BACKPACK_GATHERER_ORE	2	T6_CLOTH_LEVEL2	4
T6_BACKPACK_GATHERER_ORE	2	T6_LEATHER_LEVEL2	4
T6_BACKPACK_GATHERER_ORE	3	T6_CLOTH_LEVEL3	4
T6_BACKPACK_GATHERER_ORE	3	T6_LEATHER_LEVEL3	4
T6_BACKPACK_GATHERER_ORE	4	T6_CLOTH_LEVEL4	4
T6_BACKPACK_GATHERER_ORE	4	T6_LEATHER_LEVEL4	4
T7_BACKPACK_GATHERER_ORE	0	T7_CLOTH	4
T7_BACKPACK_GATHERER_ORE	0	T7_LEATHER	4
T7_BACKPACK_GATHERER_ORE	1	T7_CLOTH_LEVEL1	4
T7_BACKPACK_GATHERER_ORE	1	T7_LEATHER_LEVEL1	4
T7_BACKPACK_GATHERER_ORE	2	T7_CLOTH_LEVEL2	4
T7_BACKPACK_GATHERER_ORE	2	T7_LEATHER_LEVEL2	4
T7_BACKPACK_GATHERER_ORE	3	T7_CLOTH_LEVEL3	4
T7_BACKPACK_GATHERER_ORE	3	T7_LEATHER_LEVEL3	4
T7_BACKPACK_GATHERER_ORE	4	T7_CLOTH_LEVEL4	4
T7_BACKPACK_GATHERER_ORE	4	T7_LEATHER_LEVEL4	4
T8_BACKPACK_GATHERER_ORE	0	T8_CLOTH	4
T8_BACKPACK_GATHERER_ORE	0	T8_LEATHER	4
T8_BACKPACK_GATHERER_ORE	1	T8_CLOTH_LEVEL1	4
T8_BACKPACK_GATHERER_ORE	1	T8_LEATHER_LEVEL1	4
T8_BACKPACK_GATHERER_ORE	2	T8_CLOTH_LEVEL2	4
T8_BACKPACK_GATHERER_ORE	2	T8_LEATHER_LEVEL2	4
T8_BACKPACK_GATHERER_ORE	3	T8_CLOTH_LEVEL3	4
T8_BACKPACK_GATHERER_ORE	3	T8_LEATHER_LEVEL3	4
T8_BACKPACK_GATHERER_ORE	4	T8_CLOTH_LEVEL4	4
T8_BACKPACK_GATHERER_ORE	4	T8_LEATHER_LEVEL4	4
T4_HEAD_GATHERER_ROCK	0	T4_METALBAR	8
T4_HEAD_GATHERER_ROCK	1	T4_METALBAR_LEVEL1	8
T4_HEAD_GATHERER_ROCK	2	T4_METALBAR_LEVEL2	8
T4_HEAD_GATHERER_ROCK	3	T4_METALBAR_LEVEL3	8
T4_HEAD_GATHERER_ROCK	4	T4_METALBAR_LEVEL4	8
T5_HEAD_GATHERER_ROCK	0	T5_METALBAR	8
T5_HEAD_GATHERER_ROCK	1	T5_METALBAR_LEVEL1	8
T5_HEAD_GATHERER_ROCK	2	T5_METALBAR_LEVEL2	8
T5_HEAD_GATHERER_ROCK	3	T5_METALBAR_LEVEL3	8
T5_HEAD_GATHERER_ROCK	4	T5_METALBAR_LEVEL4	8
T6_HEAD_GATHERER_ROCK	0	T6_METALBAR	8
T6_HEAD_GATHERER_ROCK	1	T6_METALBAR_LEVEL1	8
T6_HEAD_GATHERER_ROCK	2	T6_METALBAR_LEVEL2	8
T6_HEAD_GATHERER_ROCK	3	T6_METALBAR_LEVEL3	8
T6_HEAD_GATHERER_ROCK	4	T6_METALBAR_LEVEL4	8
T7_HEAD_GATHERER_ROCK	0	T7_METALBAR	8
T7_HEAD_GATHERER_ROCK	1	T7_METALBAR_LEVEL1	8
T7_HEAD_GATHERER_ROCK	2	T7_METALBAR_LEVEL2	8
T7_HEAD_GATHERER_ROCK	3	T7_METALBAR_LEVEL3	8
T7_HEAD_GATHERER_ROCK	4	T7_METALBAR_LEVEL4	8
T8_HEAD_GATHERER_ROCK	0	T8_METALBAR	8
T8_HEAD_GATHERER_ROCK	1	T8_METALBAR_LEVEL1	8
T8_HEAD_GATHERER_ROCK	2	T8_METALBAR_LEVEL2	8
T8_HEAD_GATHERER_ROCK	3	T8_METALBAR_LEVEL3	8
T8_HEAD_GATHERER_ROCK	4	T8_METALBAR_LEVEL4	8
T4_ARMOR_GATHERER_ROCK	0	T4_METALBAR	16
T4_ARMOR_GATHERER_ROCK	1	T4_METALBAR_LEVEL1	16
T4_ARMOR_GATHERER_ROCK	2	T4_METALBAR_LEVEL2	16
T4_ARMOR_GATHERER_ROCK	3	T4_METALBAR_LEVEL3	16
T4_ARMOR_GATHERER_ROCK	4	T4_METALBAR_LEVEL4	16
T5_ARMOR_GATHERER_ROCK	0	T5_METALBAR	16
T5_ARMOR_GATHERER_ROCK	1	T5_METALBAR_LEVEL1	16
T5_ARMOR_GATHERER_ROCK	2	T5_METALBAR_LEVEL2	16
T5_ARMOR_GATHERER_ROCK	3	T5_METALBAR_LEVEL3	16
T5_ARMOR_GATHERER_ROCK	4	T5_METALBAR_LEVEL4	16
T6_ARMOR_GATHERER_ROCK	0	T6_METALBAR	16
T6_ARMOR_GATHERER_ROCK	1	T6_METALBAR_LEVEL1	16
T6_ARMOR_GATHERER_ROCK	2	T6_METALBAR_LEVEL2	16
T6_ARMOR_GATHERER_ROCK	3	T6_METALBAR_LEVEL3	16
T6_ARMOR_GATHERER_ROCK	4	T6_METALBAR_LEVEL4	16
T7_ARMOR_GATHERER_ROCK	0	T7_METALBAR	16
T7_ARMOR_GATHERER_ROCK	1	T7_METALBAR_LEVEL1	16
T7_ARMOR_GATHERER_ROCK	2	T7_METALBAR_LEVEL2	16
T7_ARMOR_GATHERER_ROCK	3	T7_METALBAR_LEVEL3	16
T7_ARMOR_GATHERER_ROCK	4	T7_METALBAR_LEVEL4	16
T8_ARMOR_GATHERER_ROCK	0	T8_METALBAR	16
T8_ARMOR_GATHERER_ROCK	1	T8_METALBAR_LEVEL1	16
T8_ARMOR_GATHERER_ROCK	2	T8_METALBAR_LEVEL2	16
T8_ARMOR_GATHERER_ROCK	3	T8_METALBAR_LEVEL3	16
T8_ARMOR_GATHERER_ROCK	4	T8_METALBAR_LEVEL4	16
T4_SHOES_GATHERER_ROCK	0	T4_METALBAR	8
T4_SHOES_GATHERER_ROCK	1	T4_METALBAR_LEVEL1	8
T4_SHOES_GATHERER_ROCK	2	T4_METALBAR_LEVEL2	8
T4_SHOES_GATHERER_ROCK	3	T4_METALBAR_LEVEL3	8
T4_SHOES_GATHERER_ROCK	4	T4_METALBAR_LEVEL4	8
T5_SHOES_GATHERER_ROCK	0	T5_METALBAR	8
T5_SHOES_GATHERER_ROCK	1	T5_METALBAR_LEVEL1	8
T5_SHOES_GATHERER_ROCK	2	T5_METALBAR_LEVEL2	8
T5_SHOES_GATHERER_ROCK	3	T5_METALBAR_LEVEL3	8
T5_SHOES_GATHERER_ROCK	4	T5_METALBAR_LEVEL4	8
T6_SHOES_GATHERER_ROCK	0	T6_METALBAR	8
T6_SHOES_GATHERER_ROCK	1	T6_METALBAR_LEVEL1	8
T6_SHOES_GATHERER_ROCK	2	T6_METALBAR_LEVEL2	8
T6_SHOES_GATHERER_ROCK	3	T6_METALBAR_LEVEL3	8
T6_SHOES_GATHERER_ROCK	4	T6_METALBAR_LEVEL4	8
T7_SHOES_GATHERER_ROCK	0	T7_METALBAR	8
T7_SHOES_GATHERER_ROCK	1	T7_METALBAR_LEVEL1	8
T7_SHOES_GATHERER_ROCK	2	T7_METALBAR_LEVEL2	8
T7_SHOES_GATHERER_ROCK	3	T7_METALBAR_LEVEL3	8
T7_SHOES_GATHERER_ROCK	4	T7_METALBAR_LEVEL4	8
T8_SHOES_GATHERER_ROCK	0	T8_METALBAR	8
T8_SHOES_GATHERER_ROCK	1	T8_METALBAR_LEVEL1	8
T8_SHOES_GATHERER_ROCK	2	T8_METALBAR_LEVEL2	8
T8_SHOES_GATHERER_ROCK	3	T8_METALBAR_LEVEL3	8
T8_SHOES_GATHERER_ROCK	4	T8_METALBAR_LEVEL4	8
T4_BACKPACK_GATHERER_ROCK	0	T4_CLOTH	4
T4_BACKPACK_GATHERER_ROCK	0	T4_LEATHER	4
T4_BACKPACK_GATHERER_ROCK	1	T4_CLOTH_LEVEL1	4
T4_BACKPACK_GATHERER_ROCK	1	T4_LEATHER_LEVEL1	4
T4_BACKPACK_GATHERER_ROCK	2	T4_CLOTH_LEVEL2	4
T4_BACKPACK_GATHERER_ROCK	2	T4_LEATHER_LEVEL2	4
T4_BACKPACK_GATHERER_ROCK	3	T4_CLOTH_LEVEL3	4
T4_BACKPACK_GATHERER_ROCK	3	T4_LEATHER_LEVEL3	4
T4_BACKPACK_GATHERER_ROCK	4	T4_CLOTH_LEVEL4	4
T4_BACKPACK_GATHERER_ROCK	4	T4_LEATHER_LEVEL4	4
T5_BACKPACK_GATHERER_ROCK	0	T5_CLOTH	4
T5_BACKPACK_GATHERER_ROCK	0	T5_LEATHER	4
T5_BACKPACK_GATHERER_ROCK	1	T5_CLOTH_LEVEL1	4
T5_BACKPACK_GATHERER_ROCK	1	T5_LEATHER_LEVEL1	4
T5_BACKPACK_GATHERER_ROCK	2	T5_CLOTH_LEVEL2	4
T5_BACKPACK_GATHERER_ROCK	2	T5_LEATHER_LEVEL2	4
T5_BACKPACK_GATHERER_ROCK	3	T5_CLOTH_LEVEL3	4
T5_BACKPACK_GATHERER_ROCK	3	T5_LEATHER_LEVEL3	4
T5_BACKPACK_GATHERER_ROCK	4	T5_CLOTH_LEVEL4	4
T5_BACKPACK_GATHERER_ROCK	4	T5_LEATHER_LEVEL4	4
T6_BACKPACK_GATHERER_ROCK	0	T6_CLOTH	4
T6_BACKPACK_GATHERER_ROCK	0	T6_LEATHER	4
T6_BACKPACK_GATHERER_ROCK	1	T6_CLOTH_LEVEL1	4
T6_BACKPACK_GATHERER_ROCK	1	T6_LEATHER_LEVEL1	4
T6_BACKPACK_GATHERER_ROCK	2	T6_CLOTH_LEVEL2	4
T6_BACKPACK_GATHERER_ROCK	2	T6_LEATHER_LEVEL2	4
T6_BACKPACK_GATHERER_ROCK	3	T6_CLOTH_LEVEL3	4
T6_BACKPACK_GATHERER_ROCK	3	T6_LEATHER_LEVEL3	4
T6_BACKPACK_GATHERER_ROCK	4	T6_CLOTH_LEVEL4	4
T6_BACKPACK_GATHERER_ROCK	4	T6_LEATHER_LEVEL4	4
T7_BACKPACK_GATHERER_ROCK	0	T7_CLOTH	4
T7_BACKPACK_GATHERER_ROCK	0	T7_LEATHER	4
T7_BACKPACK_GATHERER_ROCK	1	T7_CLOTH_LEVEL1	4
T7_BACKPACK_GATHERER_ROCK	1	T7_LEATHER_LEVEL1	4
T7_BACKPACK_GATHERER_ROCK	2	T7_CLOTH_LEVEL2	4
T7_BACKPACK_GATHERER_ROCK	2	T7_LEATHER_LEVEL2	4
T7_BACKPACK_GATHERER_ROCK	3	T7_CLOTH_LEVEL3	4
T7_BACKPACK_GATHERER_ROCK	3	T7_LEATHER_LEVEL3	4
T7_BACKPACK_GATHERER_ROCK	4	T7_CLOTH_LEVEL4	4
T7_BACKPACK_GATHERER_ROCK	4	T7_LEATHER_LEVEL4	4
T8_BACKPACK_GATHERER_ROCK	0	T8_CLOTH	4
T8_BACKPACK_GATHERER_ROCK	0	T8_LEATHER	4
T8_BACKPACK_GATHERER_ROCK	1	T8_CLOTH_LEVEL1	4
T8_BACKPACK_GATHERER_ROCK	1	T8_LEATHER_LEVEL1	4
T8_BACKPACK_GATHERER_ROCK	2	T8_CLOTH_LEVEL2	4
T8_BACKPACK_GATHERER_ROCK	2	T8_LEATHER_LEVEL2	4
T8_BACKPACK_GATHERER_ROCK	3	T8_CLOTH_LEVEL3	4
T8_BACKPACK_GATHERER_ROCK	3	T8_LEATHER_LEVEL3	4
T8_BACKPACK_GATHERER_ROCK	4	T8_CLOTH_LEVEL4	4
T8_BACKPACK_GATHERER_ROCK	4	T8_LEATHER_LEVEL4	4
T4_HEAD_GATHERER_WOOD	0	T4_LEATHER	8
T4_HEAD_GATHERER_WOOD	1	T4_LEATHER_LEVEL1	8
T4_HEAD_GATHERER_WOOD	2	T4_LEATHER_LEVEL2	8
T4_HEAD_GATHERER_WOOD	3	T4_LEATHER_LEVEL3	8
T4_HEAD_GATHERER_WOOD	4	T4_LEATHER_LEVEL4	8
T5_HEAD_GATHERER_WOOD	0	T5_LEATHER	8
T5_HEAD_GATHERER_WOOD	1	T5_LEATHER_LEVEL1	8
T5_HEAD_GATHERER_WOOD	2	T5_LEATHER_LEVEL2	8
T5_HEAD_GATHERER_WOOD	3	T5_LEATHER_LEVEL3	8
T5_HEAD_GATHERER_WOOD	4	T5_LEATHER_LEVEL4	8
T6_HEAD_GATHERER_WOOD	0	T6_LEATHER	8
T6_HEAD_GATHERER_WOOD	1	T6_LEATHER_LEVEL1	8
T6_HEAD_GATHERER_WOOD	2	T6_LEATHER_LEVEL2	8
T6_HEAD_GATHERER_WOOD	3	T6_LEATHER_LEVEL3	8
T6_HEAD_GATHERER_WOOD	4	T6_LEATHER_LEVEL4	8
T7_HEAD_GATHERER_WOOD	0	T7_LEATHER	8
T7_HEAD_GATHERER_WOOD	1	T7_LEATHER_LEVEL1	8
T7_HEAD_GATHERER_WOOD	2	T7_LEATHER_LEVEL2	8
T7_HEAD_GATHERER_WOOD	3	T7_LEATHER_LEVEL3	8
T7_HEAD_GATHERER_WOOD	4	T7_LEATHER_LEVEL4	8
T8_HEAD_GATHERER_WOOD	0	T8_LEATHER	8
T8_HEAD_GATHERER_WOOD	1	T8_LEATHER_LEVEL1	8
T8_HEAD_GATHERER_WOOD	2	T8_LEATHER_LEVEL2	8
T8_HEAD_GATHERER_WOOD	3	T8_LEATHER_LEVEL3	8
T8_HEAD_GATHERER_WOOD	4	T8_LEATHER_LEVEL4	8
T4_ARMOR_GATHERER_WOOD	0	T4_LEATHER	16
T4_ARMOR_GATHERER_WOOD	1	T4_LEATHER_LEVEL1	16
T4_ARMOR_GATHERER_WOOD	2	T4_LEATHER_LEVEL2	16
T4_ARMOR_GATHERER_WOOD	3	T4_LEATHER_LEVEL3	16
T4_ARMOR_GATHERER_WOOD	4	T4_LEATHER_LEVEL4	16
T5_ARMOR_GATHERER_WOOD	0	T5_LEATHER	16
T5_ARMOR_GATHERER_WOOD	1	T5_LEATHER_LEVEL1	16
T5_ARMOR_GATHERER_WOOD	2	T5_LEATHER_LEVEL2	16
T5_ARMOR_GATHERER_WOOD	3	T5_LEATHER_LEVEL3	16
T5_ARMOR_GATHERER_WOOD	4	T5_LEATHER_LEVEL4	16
T6_ARMOR_GATHERER_WOOD	0	T6_LEATHER	16
T6_ARMOR_GATHERER_WOOD	1	T6_LEATHER_LEVEL1	16
T6_ARMOR_GATHERER_WOOD	2	T6_LEATHER_LEVEL2	16
T6_ARMOR_GATHERER_WOOD	3	T6_LEATHER_LEVEL3	16
T6_ARMOR_GATHERER_WOOD	4	T6_LEATHER_LEVEL4	16
T7_ARMOR_GATHERER_WOOD	0	T7_LEATHER	16
T7_ARMOR_GATHERER_WOOD	1	T7_LEATHER_LEVEL1	16
T7_ARMOR_GATHERER_WOOD	2	T7_LEATHER_LEVEL2	16
T7_ARMOR_GATHERER_WOOD	3	T7_LEATHER_LEVEL3	16
T7_ARMOR_GATHERER_WOOD	4	T7_LEATHER_LEVEL4	16
T8_ARMOR_GATHERER_WOOD	0	T8_LEATHER	16
T8_ARMOR_GATHERER_WOOD	1	T8_LEATHER_LEVEL1	16
T8_ARMOR_GATHERER_WOOD	2	T8_LEATHER_LEVEL2	16
T8_ARMOR_GATHERER_WOOD	3	T8_LEATHER_LEVEL3	16
T8_ARMOR_GATHERER_WOOD	4	T8_LEATHER_LEVEL4	16
T4_SHOES_GATHERER_WOOD	0	T4_LEATHER	8
T4_SHOES_GATHERER_WOOD	1	T4_LEATHER_LEVEL1	8
T4_SHOES_GATHERER_WOOD	2	T4_LEATHER_LEVEL2	8
T4_SHOES_GATHERER_WOOD	3	T4_LEATHER_LEVEL3	8
T4_SHOES_GATHERER_WOOD	4	T4_LEATHER_LEVEL4	8
T5_SHOES_GATHERER_WOOD	0	T5_LEATHER	8
T5_SHOES_GATHERER_WOOD	1	T5_LEATHER_LEVEL1	8
T5_SHOES_GATHERER_WOOD	2	T5_LEATHER_LEVEL2	8
T5_SHOES_GATHERER_WOOD	3	T5_LEATHER_LEVEL3	8
T5_SHOES_GATHERER_WOOD	4	T5_LEATHER_LEVEL4	8
T6_SHOES_GATHERER_WOOD	0	T6_LEATHER	8
T6_SHOES_GATHERER_WOOD	1	T6_LEATHER_LEVEL1	8
T6_SHOES_GATHERER_WOOD	2	T6_LEATHER_LEVEL2	8
T6_SHOES_GATHERER_WOOD	3	T6_LEATHER_LEVEL3	8
T6_SHOES_GATHERER_WOOD	4	T6_LEATHER_LEVEL4	8
T7_SHOES_GATHERER_WOOD	0	T7_LEATHER	8
T7_SHOES_GATHERER_WOOD	1	T7_LEATHER_LEVEL1	8
T7_SHOES_GATHERER_WOOD	2	T7_LEATHER_LEVEL2	8
T7_SHOES_GATHERER_WOOD	3	T7_LEATHER_LEVEL3	8
T7_SHOES_GATHERER_WOOD	4	T7_LEATHER_LEVEL4	8
T8_SHOES_GATHERER_WOOD	0	T8_LEATHER	8
T8_SHOES_GATHERER_WOOD	1	T8_LEATHER_LEVEL1	8
T8_SHOES_GATHERER_WOOD	2	T8_LEATHER_LEVEL2	8
T8_SHOES_GATHERER_WOOD	3	T8_LEATHER_LEVEL3	8
T8_SHOES_GATHERER_WOOD	4	T8_LEATHER_LEVEL4	8
T4_BACKPACK_GATHERER_WOOD	0	T4_CLOTH	4
T4_BACKPACK_GATHERER_WOOD	0	T4_LEATHER	4
T4_BACKPACK_GATHERER_WOOD	1	T4_CLOTH_LEVEL1	4
T4_BACKPACK_GATHERER_WOOD	1	T4_LEATHER_LEVEL1	4
T4_BACKPACK_GATHERER_WOOD	2	T4_CLOTH_LEVEL2	4
T4_BACKPACK_GATHERER_WOOD	2	T4_LEATHER_LEVEL2	4
T4_BACKPACK_GATHERER_WOOD	3	T4_CLOTH_LEVEL3	4
T4_BACKPACK_GATHERER_WOOD	3	T4_LEATHER_LEVEL3	4
T4_BACKPACK_GATHERER_WOOD	4	T4_CLOTH_LEVEL4	4
T4_BACKPACK_GATHERER_WOOD	4	T4_LEATHER_LEVEL4	4
T5_BACKPACK_GATHERER_WOOD	0	T5_CLOTH	4
T5_BACKPACK_GATHERER_WOOD	0	T5_LEATHER	4
T5_BACKPACK_GATHERER_WOOD	1	T5_CLOTH_LEVEL1	4
T5_BACKPACK_GATHERER_WOOD	1	T5_LEATHER_LEVEL1	4
T5_BACKPACK_GATHERER_WOOD	2	T5_CLOTH_LEVEL2	4
T5_BACKPACK_GATHERER_WOOD	2	T5_LEATHER_LEVEL2	4
T5_BACKPACK_GATHERER_WOOD	3	T5_CLOTH_LEVEL3	4
T5_BACKPACK_GATHERER_WOOD	3	T5_LEATHER_LEVEL3	4
T5_BACKPACK_GATHERER_WOOD	4	T5_CLOTH_LEVEL4	4
T5_BACKPACK_GATHERER_WOOD	4	T5_LEATHER_LEVEL4	4
T6_BACKPACK_GATHERER_WOOD	0	T6_CLOTH	4
T6_BACKPACK_GATHERER_WOOD	0	T6_LEATHER	4
T6_BACKPACK_GATHERER_WOOD	1	T6_CLOTH_LEVEL1	4
T6_BACKPACK_GATHERER_WOOD	1	T6_LEATHER_LEVEL1	4
T6_BACKPACK_GATHERER_WOOD	2	T6_CLOTH_LEVEL2	4
T6_BACKPACK_GATHERER_WOOD	2	T6_LEATHER_LEVEL2	4
T6_BACKPACK_GATHERER_WOOD	3	T6_CLOTH_LEVEL3	4
T6_BACKPACK_GATHERER_WOOD	3	T6_LEATHER_LEVEL3	4
T6_BACKPACK_GATHERER_WOOD	4	T6_CLOTH_LEVEL4	4
T6_BACKPACK_GATHERER_WOOD	4	T6_LEATHER_LEVEL4	4
T7_BACKPACK_GATHERER_WOOD	0	T7_CLOTH	4
T7_BACKPACK_GATHERER_WOOD	0	T7_LEATHER	4
T7_BACKPACK_GATHERER_WOOD	1	T7_CLOTH_LEVEL1	4
T7_BACKPACK_GATHERER_WOOD	1	T7_LEATHER_LEVEL1	4
T7_BACKPACK_GATHERER_WOOD	2	T7_CLOTH_LEVEL2	4
T7_BACKPACK_GATHERER_WOOD	2	T7_LEATHER_LEVEL2	4
T7_BACKPACK_GATHERER_WOOD	3	T7_CLOTH_LEVEL3	4
T7_BACKPACK_GATHERER_WOOD	3	T7_LEATHER_LEVEL3	4
T7_BACKPACK_GATHERER_WOOD	4	T7_CLOTH_LEVEL4	4
T7_BACKPACK_GATHERER_WOOD	4	T7_LEATHER_LEVEL4	4
T8_BACKPACK_GATHERER_WOOD	0	T8_CLOTH	4
T8_BACKPACK_GATHERER_WOOD	0	T8_LEATHER	4
T8_BACKPACK_GATHERER_WOOD	1	T8_CLOTH_LEVEL1	4
T8_BACKPACK_GATHERER_WOOD	1	T8_LEATHER_LEVEL1	4
T8_BACKPACK_GATHERER_WOOD	2	T8_CLOTH_LEVEL2	4
T8_BACKPACK_GATHERER_WOOD	2	T8_LEATHER_LEVEL2	4
T8_BACKPACK_GATHERER_WOOD	3	T8_CLOTH_LEVEL3	4
T8_BACKPACK_GATHERER_WOOD	3	T8_LEATHER_LEVEL3	4
T8_BACKPACK_GATHERER_WOOD	4	T8_CLOTH_LEVEL4	4
T8_BACKPACK_GATHERER_WOOD	4	T8_LEATHER_LEVEL4	4
T4_HEAD_GATHERER_FISH	0	T4_LEATHER	8
T4_HEAD_GATHERER_FISH	1	T4_LEATHER_LEVEL1	8
T4_HEAD_GATHERER_FISH	2	T4_LEATHER_LEVEL2	8
T4_HEAD_GATHERER_FISH	3	T4_LEATHER_LEVEL3	8
T4_HEAD_GATHERER_FISH	4	T4_LEATHER_LEVEL4	8
T5_HEAD_GATHERER_FISH	0	T5_LEATHER	8
T5_HEAD_GATHERER_FISH	1	T5_LEATHER_LEVEL1	8
T5_HEAD_GATHERER_FISH	2	T5_LEATHER_LEVEL2	8
T5_HEAD_GATHERER_FISH	3	T5_LEATHER_LEVEL3	8
T5_HEAD_GATHERER_FISH	4	T5_LEATHER_LEVEL4	8
T6_HEAD_GATHERER_FISH	0	T6_LEATHER	8
T6_HEAD_GATHERER_FISH	1	T6_LEATHER_LEVEL1	8
T6_HEAD_GATHERER_FISH	2	T6_LEATHER_LEVEL2	8
T6_HEAD_GATHERER_FISH	3	T6_LEATHER_LEVEL3	8
T6_HEAD_GATHERER_FISH	4	T6_LEATHER_LEVEL4	8
T7_HEAD_GATHERER_FISH	0	T7_LEATHER	8
T7_HEAD_GATHERER_FISH	1	T7_LEATHER_LEVEL1	8
T7_HEAD_GATHERER_FISH	2	T7_LEATHER_LEVEL2	8
T7_HEAD_GATHERER_FISH	3	T7_LEATHER_LEVEL3	8
T7_HEAD_GATHERER_FISH	4	T7_LEATHER_LEVEL4	8
T8_HEAD_GATHERER_FISH	0	T8_LEATHER	8
T8_HEAD_GATHERER_FISH	1	T8_LEATHER_LEVEL1	8
T8_HEAD_GATHERER_FISH	2	T8_LEATHER_LEVEL2	8
T8_HEAD_GATHERER_FISH	3	T8_LEATHER_LEVEL3	8
T8_HEAD_GATHERER_FISH	4	T8_LEATHER_LEVEL4	8
T4_ARMOR_GATHERER_FISH	0	T4_LEATHER	16
T4_ARMOR_GATHERER_FISH	1	T4_LEATHER_LEVEL1	16
T4_ARMOR_GATHERER_FISH	2	T4_LEATHER_LEVEL2	16
T4_ARMOR_GATHERER_FISH	3	T4_LEATHER_LEVEL3	16
T4_ARMOR_GATHERER_FISH	4	T4_LEATHER_LEVEL4	16
T5_ARMOR_GATHERER_FISH	0	T5_LEATHER	16
T5_ARMOR_GATHERER_FISH	1	T5_LEATHER_LEVEL1	16
T5_ARMOR_GATHERER_FISH	2	T5_LEATHER_LEVEL2	16
T5_ARMOR_GATHERER_FISH	3	T5_LEATHER_LEVEL3	16
T5_ARMOR_GATHERER_FISH	4	T5_LEATHER_LEVEL4	16
T6_ARMOR_GATHERER_FISH	0	T6_LEATHER	16
T6_ARMOR_GATHERER_FISH	1	T6_LEATHER_LEVEL1	16
T6_ARMOR_GATHERER_FISH	2	T6_LEATHER_LEVEL2	16
T6_ARMOR_GATHERER_FISH	3	T6_LEATHER_LEVEL3	16
T6_ARMOR_GATHERER_FISH	4	T6_LEATHER_LEVEL4	16
T7_ARMOR_GATHERER_FISH	0	T7_LEATHER	16
T7_ARMOR_GATHERER_FISH	1	T7_LEATHER_LEVEL1	16
T7_ARMOR_GATHERER_FISH	2	T7_LEATHER_LEVEL2	16
T7_ARMOR_GATHERER_FISH	3	T7_LEATHER_LEVEL3	16
T7_ARMOR_GATHERER_FISH	4	T7_LEATHER_LEVEL4	16
T8_ARMOR_GATHERER_FISH	0	T8_LEATHER	16
T8_ARMOR_GATHERER_FISH	1	T8_LEATHER_LEVEL1	16
T8_ARMOR_GATHERER_FISH	2	T8_LEATHER_LEVEL2	16
T8_ARMOR_GATHERER_FISH	3	T8_LEATHER_LEVEL3	16
T8_ARMOR_GATHERER_FISH	4	T8_LEATHER_LEVEL4	16
T4_SHOES_GATHERER_FISH	0	T4_LEATHER	8
T4_SHOES_GATHERER_FISH	1	T4_LEATHER_LEVEL1	8
T4_SHOES_GATHERER_FISH	2	T4_LEATHER_LEVEL2	8
T4_SHOES_GATHERER_FISH	3	T4_LEATHER_LEVEL3	8
T4_SHOES_GATHERER_FISH	4	T4_LEATHER_LEVEL4	8
T5_SHOES_GATHERER_FISH	0	T5_LEATHER	8
T5_SHOES_GATHERER_FISH	1	T5_LEATHER_LEVEL1	8
T5_SHOES_GATHERER_FISH	2	T5_LEATHER_LEVEL2	8
T5_SHOES_GATHERER_FISH	3	T5_LEATHER_LEVEL3	8
T5_SHOES_GATHERER_FISH	4	T5_LEATHER_LEVEL4	8
T6_SHOES_GATHERER_FISH	0	T6_LEATHER	8
T6_SHOES_GATHERER_FISH	1	T6_LEATHER_LEVEL1	8
T6_SHOES_GATHERER_FISH	2	T6_LEATHER_LEVEL2	8
T6_SHOES_GATHERER_FISH	3	T6_LEATHER_LEVEL3	8
T6_SHOES_GATHERER_FISH	4	T6_LEATHER_LEVEL4	8
T7_SHOES_GATHERER_FISH	0	T7_LEATHER	8
T7_SHOES_GATHERER_FISH	1	T7_LEATHER_LEVEL1	8
T7_SHOES_GATHERER_FISH	2	T7_LEATHER_LEVEL2	8
T7_SHOES_GATHERER_FISH	3	T7_LEATHER_LEVEL3	8
T7_SHOES_GATHERER_FISH	4	T7_LEATHER_LEVEL4	8
T8_SHOES_GATHERER_FISH	0	T8_LEATHER	8
T8_SHOES_GATHERER_FISH	1	T8_LEATHER_LEVEL1	8
T8_SHOES_GATHERER_FISH	2	T8_LEATHER_LEVEL2	8
T8_SHOES_GATHERER_FISH	3	T8_LEATHER_LEVEL3	8
T8_SHOES_GATHERER_FISH	4	T8_LEATHER_LEVEL4	8
T4_BACKPACK_GATHERER_FISH	0	T4_CLOTH	4
T4_BACKPACK_GATHERER_FISH	0	T4_LEATHER	4
T4_BACKPACK_GATHERER_FISH	1	T4_CLOTH_LEVEL1	4
T4_BACKPACK_GATHERER_FISH	1	T4_LEATHER_LEVEL1	4
T4_BACKPACK_GATHERER_FISH	2	T4_CLOTH_LEVEL2	4
T4_BACKPACK_GATHERER_FISH	2	T4_LEATHER_LEVEL2	4
T4_BACKPACK_GATHERER_FISH	3	T4_CLOTH_LEVEL3	4
T4_BACKPACK_GATHERER_FISH	3	T4_LEATHER_LEVEL3	4
T4_BACKPACK_GATHERER_FISH	4	T4_CLOTH_LEVEL4	4
T4_BACKPACK_GATHERER_FISH	4	T4_LEATHER_LEVEL4	4
T5_BACKPACK_GATHERER_FISH	0	T5_CLOTH	4
T5_BACKPACK_GATHERER_FISH	0	T5_LEATHER	4
T5_BACKPACK_GATHERER_FISH	1	T5_CLOTH_LEVEL1	4
T5_BACKPACK_GATHERER_FISH	1	T5_LEATHER_LEVEL1	4
T5_BACKPACK_GATHERER_FISH	2	T5_CLOTH_LEVEL2	4
T5_BACKPACK_GATHERER_FISH	2	T5_LEATHER_LEVEL2	4
T5_BACKPACK_GATHERER_FISH	3	T5_CLOTH_LEVEL3	4
T5_BACKPACK_GATHERER_FISH	3	T5_LEATHER_LEVEL3	4
T5_BACKPACK_GATHERER_FISH	4	T5_CLOTH_LEVEL4	4
T5_BACKPACK_GATHERER_FISH	4	T5_LEATHER_LEVEL4	4
T6_BACKPACK_GATHERER_FISH	0	T6_CLOTH	4
T6_BACKPACK_GATHERER_FISH	0	T6_LEATHER	4
T6_BACKPACK_GATHERER_FISH	1	T6_CLOTH_LEVEL1	4
T6_BACKPACK_GATHERER_FISH	1	T6_LEATHER_LEVEL1	4
T6_BACKPACK_GATHERER_FISH	2	T6_CLOTH_LEVEL2	4
T6_BACKPACK_GATHERER_FISH	2	T6_LEATHER_LEVEL2	4
T6_BACKPACK_GATHERER_FISH	3	T6_CLOTH_LEVEL3	4
T6_BACKPACK_GATHERER_FISH	3	T6_LEATHER_LEVEL3	4
T6_BACKPACK_GATHERER_FISH	4	T6_CLOTH_LEVEL4	4
T6_BACKPACK_GATHERER_FISH	4	T6_LEATHER_LEVEL4	4
T7_BACKPACK_GATHERER_FISH	0	T7_CLOTH	4
T7_BACKPACK_GATHERER_FISH	0	T7_LEATHER	4
T7_BACKPACK_GATHERER_FISH	1	T7_CLOTH_LEVEL1	4
T7_BACKPACK_GATHERER_FISH	1	T7_LEATHER_LEVEL1	4
T7_BACKPACK_GATHERER_FISH	2	T7_CLOTH_LEVEL2	4
T7_BACKPACK_GATHERER_FISH	2	T7_LEATHER_LEVEL2	4
T7_BACKPACK_GATHERER_FISH	3	T7_CLOTH_LEVEL3	4
T7_BACKPACK_GATHERER_FISH	3	T7_LEATHER_LEVEL3	4
T7_BACKPACK_GATHERER_FISH	4	T7_CLOTH_LEVEL4	4
T7_BACKPACK_GATHERER_FISH	4	T7_LEATHER_LEVEL4	4
T8_BACKPACK_GATHERER_FISH	0	T8_CLOTH	4
T8_BACKPACK_GATHERER_FISH	0	T8_LEATHER	4
T8_BACKPACK_GATHERER_FISH	1	T8_CLOTH_LEVEL1	4
T8_BACKPACK_GATHERER_FISH	1	T8_LEATHER_LEVEL1	4
T8_BACKPACK_GATHERER_FISH	2	T8_CLOTH_LEVEL2	4
T8_BACKPACK_GATHERER_FISH	2	T8_LEATHER_LEVEL2	4
T8_BACKPACK_GATHERER_FISH	3	T8_CLOTH_LEVEL3	4
T8_BACKPACK_GATHERER_FISH	3	T8_LEATHER_LEVEL3	4
T8_BACKPACK_GATHERER_FISH	4	T8_CLOTH_LEVEL4	4
T8_BACKPACK_GATHERER_FISH	4	T8_LEATHER_LEVEL4	4
UNIQUE_WEAPONMASTER_HEAD_PROTOTYPE	0	T2_METALBAR	1
UNIQUE_WEAPONMASTER_ARMOR_PROTOTYPE	0	T2_METALBAR	1
UNIQUE_WEAPONMASTER_SHOES_PROTOTYPE	0	T2_METALBAR	1
UNIQUE_HEAD_VANITY_JESTER	0	T2_LEATHER	8
UNIQUE_ARMOR_VANITY_JESTER	0	T2_LEATHER	16
UNIQUE_SHOES_VANITY_JESTER	0	T2_LEATHER	8
UNIQUE_HEAD_VANITY_DRESS_RED	0	UNIQUE_CONSUMABLE_EVENT_WINTER_2017	33
UNIQUE_ARMOR_VANITY_DRESS_RED	0	UNIQUE_CONSUMABLE_EVENT_WINTER_2017	44
UNIQUE_SHOES_VANITY_DRESS_RED	0	UNIQUE_CONSUMABLE_EVENT_WINTER_2017	33
UNIQUE_HEAD_VANITY_RICH_NOBLE	0	UNIQUE_CONSUMABLE_EVENT_WINTER_2017	220
UNIQUE_ARMOR_VANITY_RICH_NOBLE	0	UNIQUE_CONSUMABLE_EVENT_WINTER_2017	275
UNIQUE_SHOES_VANITY_RICH_NOBLE	0	UNIQUE_CONSUMABLE_EVENT_WINTER_2017	165
UNIQUE_HEAD_VANITY_SANTACLAUS	0	UNIQUE_CONSUMABLE_EVENT_WINTER_2017	220
UNIQUE_ARMOR_VANITY_SANTACLAUS	0	UNIQUE_CONSUMABLE_EVENT_WINTER_2017	275
UNIQUE_SHOES_VANITY_SANTACLAUS	0	UNIQUE_CONSUMABLE_EVENT_WINTER_2017	165
UNIQUE_BACKPACK_VANITY_SANTACLAUS	0	UNIQUE_CONSUMABLE_EVENT_WINTER_2017	110
UNIQUE_BACKPACK_VANITY_EASTER	0	T3_CAPE	1
UNIQUE_BACKPACK_VANITY_EASTER	0	QUESTITEM_TOKEN_EVENT_EASTER_2018	500
UNIQUE_HEAD_VANITY_PLAGUEDOC	0	QUESTITEM_TOKEN_EVENT_HALLOWEEN_2017	30
UNIQUE_ARMOR_VANITY_PLAGUEDOC	0	QUESTITEM_TOKEN_EVENT_HALLOWEEN_2017	40
UNIQUE_SHOES_VANITY_PLAGUEDOC	0	QUESTITEM_TOKEN_EVENT_HALLOWEEN_2017	30
UNIQUE_HEAD_VANITY_SKELETON	0	QUESTITEM_TOKEN_EVENT_HALLOWEEN_2017	250
UNIQUE_ARMOR_VANITY_SKELETON	0	QUESTITEM_TOKEN_EVENT_HALLOWEEN_2017	200
UNIQUE_SHOES_VANITY_SKELETON	0	QUESTITEM_TOKEN_EVENT_HALLOWEEN_2017	150
UNIQUE_CAPE_VANITY_SKELETON	0	T3_CAPE	1
UNIQUE_CAPE_VANITY_SKELETON	0	QUESTITEM_TOKEN_EVENT_HALLOWEEN_2017	100
UNIQUE_HEAD_VANITY_PUMPKIN_01	0	QUESTITEM_TOKEN_EVENT_HALLOWEEN_2017	40
UNIQUE_HEAD_VANITY_PUMPKIN_02	0	QUESTITEM_TOKEN_EVENT_HALLOWEEN_2017	40
UNIQUE_HEAD_VANITY_PUMPKIN_03	0	QUESTITEM_TOKEN_EVENT_HALLOWEEN_2017	40
UNIQUE_HEAD_XMAS	0	T3_LEATHER	8
UNIQUE_CAPE_FOUNDER_LEGENDARY	0	T3_CLOTH	4
UNIQUE_CAPE_FOUNDER_LEGENDARY	0	T3_LEATHER	4
UNIQUE_HEAD_FOUNDER_LEGENDARY	0	T3_LEATHER	8
UNIQUE_ARMOR_FOUNDER_LEGENDARY	0	T3_LEATHER	16
UNIQUE_SHOES_FOUNDER_LEGENDARY	0	T3_LEATHER	8
UNIQUE_HEAD_FOUNDER_ELITE	0	T2_LEATHER	8
UNIQUE_ARMOR_FOUNDER_ELITE	0	T2_LEATHER	16
UNIQUE_SHOES_FOUNDER_ELITE	0	T2_LEATHER	8
UNIQUE_CAPE_STARTERPACK_LEGENDARY	0	T3_CLOTH	4
UNIQUE_CAPE_STARTERPACK_LEGENDARY	0	T3_LEATHER	4
UNIQUE_HEAD_STARTERPACK_LEGENDARY	0	T3_METALBAR	8
UNIQUE_ARMOR_STARTERPACK_LEGENDARY	0	T3_METALBAR	16
UNIQUE_SHOES_STARTERPACK_LEGENDARY	0	T3_METALBAR	8
UNIQUE_HEAD_STARTERPACK_ELITE	0	T2_LEATHER	8
UNIQUE_ARMOR_STARTERPACK_ELITE	0	T2_LEATHER	16
UNIQUE_SHOES_STARTERPACK_ELITE	0	T2_LEATHER	8
UNIQUE_CAPE_TELLAFRIEND	0	T2_CLOTH	4
UNIQUE_CAPE_TELLAFRIEND	0	T2_LEATHER	4
UNIQUE_CAPE_TELLAFRIEND_02	0	T2_CLOTH	4
UNIQUE_CAPE_TELLAFRIEND_02	0	T2_LEATHER	4
UNIQUE_CAPE_TELLAFRIEND_BATRIDER	0	T2_CLOTH	4
UNIQUE_CAPE_TELLAFRIEND_BATRIDER	0	T2_LEATHER	4
UNIQUE_CAPE_TELLAFRIEND_BANNER	0	T3_CLOTH	4
UNIQUE_CAPE_TELLAFRIEND_BANNER	0	T3_LEATHER	4
UNIQUE_CAPE_TELLAFRIEND_BANNER_02	0	T3_CLOTH	4
UNIQUE_CAPE_TELLAFRIEND_BANNER_02	0	T3_LEATHER	4
UNIQUE_CAPE_TOAD_TELLAFRIEND	0	T3_CLOTH	4
UNIQUE_CAPE_TOAD_TELLAFRIEND	0	T3_LEATHER	4
UNIQUE_CAPE_BLOODHOUND_TELLAFRIEND	0	T3_CLOTH	4
UNIQUE_CAPE_BLOODHOUND_TELLAFRIEND	0	T3_LEATHER	4
UNIQUE_CAPE_TIGER_TELLAFRIEND	0	T3_CLOTH	4
UNIQUE_CAPE_TIGER_TELLAFRIEND	0	T3_LEATHER	4
UNIQUE_CAPE_RAM_TELLAFRIEND	0	T3_CLOTH	4
UNIQUE_CAPE_RAM_TELLAFRIEND	0	T3_LEATHER	4
UNIQUE_CAPE_WOLF_GREY_TELLAFRIEND	0	T3_CLOTH	4
UNIQUE_CAPE_WOLF_GREY_TELLAFRIEND	0	T3_LEATHER	4
T6_CAPE_PLATE_UNDEAD	0	T6_CLOTH	4
T6_CAPE_PLATE_UNDEAD	0	T6_LEATHER	4
T6_CAPE_LEATHER_UNDEAD	0	T6_CLOTH	4
T6_CAPE_LEATHER_UNDEAD	0	T6_LEATHER	4
T6_CAPE_CLOTH_UNDEAD	0	T6_CLOTH	4
T6_CAPE_CLOTH_UNDEAD	0	T6_LEATHER	4
T6_CAPE_PLATE_KEEPER	0	T6_CLOTH	4
T6_CAPE_PLATE_KEEPER	0	T6_LEATHER	4
T6_CAPE_LEATHER_KEEPER	0	T6_CLOTH	4
T6_CAPE_LEATHER_KEEPER	0	T6_LEATHER	4
T6_CAPE_CLOTH_KEEPER	0	T6_CLOTH	4
T6_CAPE_CLOTH_KEEPER	0	T6_LEATHER	4
T6_CAPE_PLATE_MORGANA	0	T6_CLOTH	4
T6_CAPE_PLATE_MORGANA	0	T6_LEATHER	4
T6_CAPE_LEATHER_MORGANA	0	T6_CLOTH	4
T6_CAPE_LEATHER_MORGANA	0	T6_LEATHER	4
T6_CAPE_CLOTH_MORGANA	0	T6_CLOTH	4
T6_CAPE_CLOTH_MORGANA	0	T6_LEATHER	4
UNIQUE_HEAD_VANITY_RICH_NOBLE_PURPLE	0	UNIQUE_CONSUMABLE_EVENT_WINTER_2017	220
UNIQUE_ARMOR_VANITY_RICH_NOBLE_PURPLE	0	UNIQUE_CONSUMABLE_EVENT_WINTER_2017	275
UNIQUE_SHOES_VANITY_RICH_NOBLE_PURPLE	0	UNIQUE_CONSUMABLE_EVENT_WINTER_2017	165
T8_HEAD_CLOTH_PROTOTYPE	0	T8_CLOTH	8
T8_HEAD_CLOTH_PROTOTYPE	1	T8_CLOTH_LEVEL1	8
T8_HEAD_CLOTH_PROTOTYPE	2	T8_CLOTH_LEVEL2	8
T8_HEAD_CLOTH_PROTOTYPE	3	T8_CLOTH_LEVEL3	8
T8_HEAD_CLOTH_PROTOTYPE	4	T8_CLOTH_LEVEL4	8
T8_ARMOR_CLOTH_PROTOTYPE	0	T8_CLOTH	16
T8_ARMOR_CLOTH_PROTOTYPE	1	T8_CLOTH_LEVEL1	16
T8_ARMOR_CLOTH_PROTOTYPE	2	T8_CLOTH_LEVEL2	16
T8_ARMOR_CLOTH_PROTOTYPE	3	T8_CLOTH_LEVEL3	16
T8_ARMOR_CLOTH_PROTOTYPE	4	T8_CLOTH_LEVEL4	16
T8_SHOES_CLOTH_PROTOTYPE	0	T8_CLOTH	8
T8_SHOES_CLOTH_PROTOTYPE	1	T8_CLOTH_LEVEL1	8
T8_SHOES_CLOTH_PROTOTYPE	2	T8_CLOTH_LEVEL2	8
T8_SHOES_CLOTH_PROTOTYPE	3	T8_CLOTH_LEVEL3	8
T8_SHOES_CLOTH_PROTOTYPE	4	T8_CLOTH_LEVEL4	8
T8_HEAD_LEATHER_PROTOTYPE	0	T8_LEATHER	8
T8_HEAD_LEATHER_PROTOTYPE	1	T8_LEATHER_LEVEL1	8
T8_HEAD_LEATHER_PROTOTYPE	2	T8_LEATHER_LEVEL2	8
T8_HEAD_LEATHER_PROTOTYPE	3	T8_LEATHER_LEVEL3	8
T8_HEAD_LEATHER_PROTOTYPE	4	T8_LEATHER_LEVEL4	8
T8_ARMOR_LEATHER_PROTOTYPE	0	T8_LEATHER	16
T8_ARMOR_LEATHER_PROTOTYPE	1	T8_LEATHER_LEVEL1	16
T8_ARMOR_LEATHER_PROTOTYPE	2	T8_LEATHER_LEVEL2	16
T8_ARMOR_LEATHER_PROTOTYPE	3	T8_LEATHER_LEVEL3	16
T8_ARMOR_LEATHER_PROTOTYPE	4	T8_LEATHER_LEVEL4	16
T8_SHOES_LEATHER_PROTOTYPE	0	T8_LEATHER	8
T8_SHOES_LEATHER_PROTOTYPE	1	T8_LEATHER_LEVEL1	8
T8_SHOES_LEATHER_PROTOTYPE	2	T8_LEATHER_LEVEL2	8
T8_SHOES_LEATHER_PROTOTYPE	3	T8_LEATHER_LEVEL3	8
T8_SHOES_LEATHER_PROTOTYPE	4	T8_LEATHER_LEVEL4	8
T8_HEAD_PLATE_PROTOTYPE	0	T8_METALBAR	8
T8_HEAD_PLATE_PROTOTYPE	1	T8_METALBAR_LEVEL1	8
T8_HEAD_PLATE_PROTOTYPE	2	T8_METALBAR_LEVEL2	8
T8_HEAD_PLATE_PROTOTYPE	3	T8_METALBAR_LEVEL3	8
T8_HEAD_PLATE_PROTOTYPE	4	T8_METALBAR_LEVEL4	8
T8_ARMOR_PLATE_PROTOTYPE	0	T8_METALBAR	16
T8_ARMOR_PLATE_PROTOTYPE	1	T8_METALBAR_LEVEL1	16
T8_ARMOR_PLATE_PROTOTYPE	2	T8_METALBAR_LEVEL2	16
T8_ARMOR_PLATE_PROTOTYPE	3	T8_METALBAR_LEVEL3	16
T8_ARMOR_PLATE_PROTOTYPE	4	T8_METALBAR_LEVEL4	16
T8_SHOES_PLATE_PROTOTYPE	0	T8_METALBAR	8
T8_SHOES_PLATE_PROTOTYPE	1	T8_METALBAR_LEVEL1	8
T8_SHOES_PLATE_PROTOTYPE	2	T8_METALBAR_LEVEL2	8
T8_SHOES_PLATE_PROTOTYPE	3	T8_METALBAR_LEVEL3	8
T8_SHOES_PLATE_PROTOTYPE	4	T8_METALBAR_LEVEL4	8
T1_2H_TOOL_PICK	0	T1_WOOD	3
T1_2H_TOOL_PICK	0	T1_ROCK	3
T2_2H_TOOL_PICK	0	T2_PLANKS	6
T2_2H_TOOL_PICK	0	T2_METALBAR	2
T3_2H_TOOL_PICK	0	T3_PLANKS	6
T3_2H_TOOL_PICK	0	T3_METALBAR	2
T4_2H_TOOL_PICK	0	T4_PLANKS	6
T4_2H_TOOL_PICK	0	T4_METALBAR	2
T5_2H_TOOL_PICK	0	T5_PLANKS	6
T5_2H_TOOL_PICK	0	T5_METALBAR	2
T6_2H_TOOL_PICK	0	T6_PLANKS	6
T6_2H_TOOL_PICK	0	T6_METALBAR	2
T7_2H_TOOL_PICK	0	T7_PLANKS	6
T7_2H_TOOL_PICK	0	T7_METALBAR	2
T8_2H_TOOL_PICK	0	T8_PLANKS	6
T8_2H_TOOL_PICK	0	T8_METALBAR	2
T4_2H_TOOL_PICK_AVALON	0	T4_PLANKS	6
T4_2H_TOOL_PICK_AVALON	0	T4_METALBAR	2
T4_2H_TOOL_PICK_AVALON	0	QUESTITEM_TOKEN_AVALON	20
T5_2H_TOOL_PICK_AVALON	0	T5_PLANKS	6
T5_2H_TOOL_PICK_AVALON	0	T5_METALBAR	2
T5_2H_TOOL_PICK_AVALON	0	QUESTITEM_TOKEN_AVALON	90
T6_2H_TOOL_PICK_AVALON	0	T6_PLANKS	6
T6_2H_TOOL_PICK_AVALON	0	T6_METALBAR	2
T6_2H_TOOL_PICK_AVALON	0	QUESTITEM_TOKEN_AVALON	160
T7_2H_TOOL_PICK_AVALON	0	T7_PLANKS	6
T7_2H_TOOL_PICK_AVALON	0	T7_METALBAR	2
T7_2H_TOOL_PICK_AVALON	0	QUESTITEM_TOKEN_AVALON	230
T8_2H_TOOL_PICK_AVALON	0	T8_PLANKS	6
T8_2H_TOOL_PICK_AVALON	0	T8_METALBAR	2
T8_2H_TOOL_PICK_AVALON	0	QUESTITEM_TOKEN_AVALON	300
T1_2H_TOOL_HAMMER	0	T1_WOOD	3
T1_2H_TOOL_HAMMER	0	T1_ROCK	3
T2_2H_TOOL_HAMMER	0	T2_PLANKS	6
T2_2H_TOOL_HAMMER	0	T2_METALBAR	2
T3_2H_TOOL_HAMMER	0	T3_PLANKS	6
T3_2H_TOOL_HAMMER	0	T3_METALBAR	2
T4_2H_TOOL_HAMMER	0	T4_PLANKS	6
T4_2H_TOOL_HAMMER	0	T4_METALBAR	2
T5_2H_TOOL_HAMMER	0	T5_PLANKS	6
T5_2H_TOOL_HAMMER	0	T5_METALBAR	2
T6_2H_TOOL_HAMMER	0	T6_PLANKS	6
T6_2H_TOOL_HAMMER	0	T6_METALBAR	2
T7_2H_TOOL_HAMMER	0	T7_PLANKS	6
T7_2H_TOOL_HAMMER	0	T7_METALBAR	2
T8_2H_TOOL_HAMMER	0	T8_PLANKS	6
T8_2H_TOOL_HAMMER	0	T8_METALBAR	2
T4_2H_TOOL_HAMMER_AVALON	0	T4_PLANKS	6
T4_2H_TOOL_HAMMER_AVALON	0	T4_METALBAR	2
T4_2H_TOOL_HAMMER_AVALON	0	QUESTITEM_TOKEN_AVALON	20
T5_2H_TOOL_HAMMER_AVALON	0	T5_PLANKS	6
T5_2H_TOOL_HAMMER_AVALON	0	T5_METALBAR	2
T5_2H_TOOL_HAMMER_AVALON	0	QUESTITEM_TOKEN_AVALON	90
T6_2H_TOOL_HAMMER_AVALON	0	T6_PLANKS	6
T6_2H_TOOL_HAMMER_AVALON	0	T6_METALBAR	2
T6_2H_TOOL_HAMMER_AVALON	0	QUESTITEM_TOKEN_AVALON	160
T7_2H_TOOL_HAMMER_AVALON	0	T7_PLANKS	6
T7_2H_TOOL_HAMMER_AVALON	0	T7_METALBAR	2
T7_2H_TOOL_HAMMER_AVALON	0	QUESTITEM_TOKEN_AVALON	230
T8_2H_TOOL_HAMMER_AVALON	0	T8_PLANKS	6
T8_2H_TOOL_HAMMER_AVALON	0	T8_METALBAR	2
T8_2H_TOOL_HAMMER_AVALON	0	QUESTITEM_TOKEN_AVALON	300
T1_2H_TOOL_AXE	0	T1_WOOD	3
T1_2H_TOOL_AXE	0	T1_ROCK	3
T2_2H_TOOL_AXE	0	T2_PLANKS	6
T2_2H_TOOL_AXE	0	T2_METALBAR	2
T3_2H_TOOL_AXE	0	T3_PLANKS	6
T3_2H_TOOL_AXE	0	T3_METALBAR	2
T4_2H_TOOL_AXE	0	T4_PLANKS	6
T4_2H_TOOL_AXE	0	T4_METALBAR	2
T5_2H_TOOL_AXE	0	T5_PLANKS	6
T5_2H_TOOL_AXE	0	T5_METALBAR	2
T6_2H_TOOL_AXE	0	T6_PLANKS	6
T6_2H_TOOL_AXE	0	T6_METALBAR	2
T7_2H_TOOL_AXE	0	T7_PLANKS	6
T7_2H_TOOL_AXE	0	T7_METALBAR	2
T8_2H_TOOL_AXE	0	T8_PLANKS	6
T8_2H_TOOL_AXE	0	T8_METALBAR	2
T4_2H_TOOL_AXE_AVALON	0	T4_PLANKS	6
T4_2H_TOOL_AXE_AVALON	0	T4_METALBAR	2
T4_2H_TOOL_AXE_AVALON	0	QUESTITEM_TOKEN_AVALON	20
T5_2H_TOOL_AXE_AVALON	0	T5_PLANKS	6
T5_2H_TOOL_AXE_AVALON	0	T5_METALBAR	2
T5_2H_TOOL_AXE_AVALON	0	QUESTITEM_TOKEN_AVALON	90
T6_2H_TOOL_AXE_AVALON	0	T6_PLANKS	6
T6_2H_TOOL_AXE_AVALON	0	T6_METALBAR	2
T6_2H_TOOL_AXE_AVALON	0	QUESTITEM_TOKEN_AVALON	160
T7_2H_TOOL_AXE_AVALON	0	T7_PLANKS	6
T7_2H_TOOL_AXE_AVALON	0	T7_METALBAR	2
T7_2H_TOOL_AXE_AVALON	0	QUESTITEM_TOKEN_AVALON	230
T8_2H_TOOL_AXE_AVALON	0	T8_PLANKS	6
T8_2H_TOOL_AXE_AVALON	0	T8_METALBAR	2
T8_2H_TOOL_AXE_AVALON	0	QUESTITEM_TOKEN_AVALON	300
T1_2H_TOOL_SICKLE	0	T1_WOOD	3
T1_2H_TOOL_SICKLE	0	T1_ROCK	3
T2_2H_TOOL_SICKLE	0	T2_PLANKS	6
T2_2H_TOOL_SICKLE	0	T2_METALBAR	2
T3_2H_TOOL_SICKLE	0	T3_PLANKS	6
T3_2H_TOOL_SICKLE	0	T3_METALBAR	2
T4_2H_TOOL_SICKLE	0	T4_PLANKS	6
T4_2H_TOOL_SICKLE	0	T4_METALBAR	2
T5_2H_TOOL_SICKLE	0	T5_PLANKS	6
T5_2H_TOOL_SICKLE	0	T5_METALBAR	2
T6_2H_TOOL_SICKLE	0	T6_PLANKS	6
T6_2H_TOOL_SICKLE	0	T6_METALBAR	2
T7_2H_TOOL_SICKLE	0	T7_PLANKS	6
T7_2H_TOOL_SICKLE	0	T7_METALBAR	2
T8_2H_TOOL_SICKLE	0	T8_PLANKS	6
T8_2H_TOOL_SICKLE	0	T8_METALBAR	2
T4_2H_TOOL_SICKLE_AVALON	0	T4_PLANKS	6
T4_2H_TOOL_SICKLE_AVALON	0	T4_METALBAR	2
T4_2H_TOOL_SICKLE_AVALON	0	QUESTITEM_TOKEN_AVALON	20
T5_2H_TOOL_SICKLE_AVALON	0	T5_PLANKS	6
T5_2H_TOOL_SICKLE_AVALON	0	T5_METALBAR	2
T5_2H_TOOL_SICKLE_AVALON	0	QUESTITEM_TOKEN_AVALON	90
T6_2H_TOOL_SICKLE_AVALON	0	T6_PLANKS	6
T6_2H_TOOL_SICKLE_AVALON	0	T6_METALBAR	2
T6_2H_TOOL_SICKLE_AVALON	0	QUESTITEM_TOKEN_AVALON	160
T7_2H_TOOL_SICKLE_AVALON	0	T7_PLANKS	6
T7_2H_TOOL_SICKLE_AVALON	0	T7_METALBAR	2
T7_2H_TOOL_SICKLE_AVALON	0	QUESTITEM_TOKEN_AVALON	230
T8_2H_TOOL_SICKLE_AVALON	0	T8_PLANKS	6
T8_2H_TOOL_SICKLE_AVALON	0	T8_METALBAR	2
T8_2H_TOOL_SICKLE_AVALON	0	QUESTITEM_TOKEN_AVALON	300
T1_2H_TOOL_KNIFE	0	T1_WOOD	3
T1_2H_TOOL_KNIFE	0	T1_ROCK	3
T2_2H_TOOL_KNIFE	0	T2_PLANKS	6
T2_2H_TOOL_KNIFE	0	T2_METALBAR	2
T3_2H_TOOL_KNIFE	0	T3_PLANKS	6
T3_2H_TOOL_KNIFE	0	T3_METALBAR	2
T4_2H_TOOL_KNIFE	0	T4_PLANKS	6
T4_2H_TOOL_KNIFE	0	T4_METALBAR	2
T5_2H_TOOL_KNIFE	0	T5_PLANKS	6
T5_2H_TOOL_KNIFE	0	T5_METALBAR	2
T6_2H_TOOL_KNIFE	0	T6_PLANKS	6
T6_2H_TOOL_KNIFE	0	T6_METALBAR	2
T7_2H_TOOL_KNIFE	0	T7_PLANKS	6
T7_2H_TOOL_KNIFE	0	T7_METALBAR	2
T8_2H_TOOL_KNIFE	0	T8_PLANKS	6
T8_2H_TOOL_KNIFE	0	T8_METALBAR	2
T4_2H_TOOL_KNIFE_AVALON	0	T4_PLANKS	6
T4_2H_TOOL_KNIFE_AVALON	0	T4_METALBAR	2
T4_2H_TOOL_KNIFE_AVALON	0	QUESTITEM_TOKEN_AVALON	20
T5_2H_TOOL_KNIFE_AVALON	0	T5_PLANKS	6
T5_2H_TOOL_KNIFE_AVALON	0	T5_METALBAR	2
T5_2H_TOOL_KNIFE_AVALON	0	QUESTITEM_TOKEN_AVALON	90
T6_2H_TOOL_KNIFE_AVALON	0	T6_PLANKS	6
T6_2H_TOOL_KNIFE_AVALON	0	T6_METALBAR	2
T6_2H_TOOL_KNIFE_AVALON	0	QUESTITEM_TOKEN_AVALON	160
T7_2H_TOOL_KNIFE_AVALON	0	T7_PLANKS	6
T7_2H_TOOL_KNIFE_AVALON	0	T7_METALBAR	2
T7_2H_TOOL_KNIFE_AVALON	0	QUESTITEM_TOKEN_AVALON	230
T8_2H_TOOL_KNIFE_AVALON	0	T8_PLANKS	6
T8_2H_TOOL_KNIFE_AVALON	0	T8_METALBAR	2
T8_2H_TOOL_KNIFE_AVALON	0	QUESTITEM_TOKEN_AVALON	300
T2_2H_TOOL_SIEGEHAMMER	0	T2_PLANKS	12
T2_2H_TOOL_SIEGEHAMMER	0	T2_STONEBLOCK	12
T3_2H_TOOL_SIEGEHAMMER	0	T3_PLANKS	8
T3_2H_TOOL_SIEGEHAMMER	0	T3_STONEBLOCK	8
T4_2H_TOOL_SIEGEHAMMER	0	T4_PLANKS	8
T4_2H_TOOL_SIEGEHAMMER	0	T4_STONEBLOCK	8
T5_2H_TOOL_SIEGEHAMMER	0	T5_PLANKS	8
T5_2H_TOOL_SIEGEHAMMER	0	T5_STONEBLOCK	8
T6_2H_TOOL_SIEGEHAMMER	0	T6_PLANKS	8
T6_2H_TOOL_SIEGEHAMMER	0	T6_STONEBLOCK	8
T7_2H_TOOL_SIEGEHAMMER	0	T7_PLANKS	8
T7_2H_TOOL_SIEGEHAMMER	0	T7_STONEBLOCK	8
T8_2H_TOOL_SIEGEHAMMER	0	T8_PLANKS	8
T8_2H_TOOL_SIEGEHAMMER	0	T8_STONEBLOCK	8
T4_2H_TOOL_SIEGEHAMMER_AVALON	0	T4_PLANKS	8
T4_2H_TOOL_SIEGEHAMMER_AVALON	0	T4_STONEBLOCK	8
T4_2H_TOOL_SIEGEHAMMER_AVALON	0	QUESTITEM_TOKEN_AVALON	20
T5_2H_TOOL_SIEGEHAMMER_AVALON	0	T5_PLANKS	8
T5_2H_TOOL_SIEGEHAMMER_AVALON	0	T5_STONEBLOCK	8
T5_2H_TOOL_SIEGEHAMMER_AVALON	0	QUESTITEM_TOKEN_AVALON	90
T6_2H_TOOL_SIEGEHAMMER_AVALON	0	T6_PLANKS	8
T6_2H_TOOL_SIEGEHAMMER_AVALON	0	T6_STONEBLOCK	8
T6_2H_TOOL_SIEGEHAMMER_AVALON	0	QUESTITEM_TOKEN_AVALON	160
T7_2H_TOOL_SIEGEHAMMER_AVALON	0	T7_PLANKS	8
T7_2H_TOOL_SIEGEHAMMER_AVALON	0	T7_STONEBLOCK	8
T7_2H_TOOL_SIEGEHAMMER_AVALON	0	QUESTITEM_TOKEN_AVALON	230
T8_2H_TOOL_SIEGEHAMMER_AVALON	0	T8_PLANKS	8
T8_2H_TOOL_SIEGEHAMMER_AVALON	0	T8_STONEBLOCK	8
T8_2H_TOOL_SIEGEHAMMER_AVALON	0	QUESTITEM_TOKEN_AVALON	300
T3_2H_TOOL_FISHINGROD	0	T3_PLANKS	6
T3_2H_TOOL_FISHINGROD	0	T3_CLOTH	2
T4_2H_TOOL_FISHINGROD	0	T4_PLANKS	6
T4_2H_TOOL_FISHINGROD	0	T4_CLOTH	2
T5_2H_TOOL_FISHINGROD	0	T5_PLANKS	6
T5_2H_TOOL_FISHINGROD	0	T5_CLOTH	2
T6_2H_TOOL_FISHINGROD	0	T6_PLANKS	6
T6_2H_TOOL_FISHINGROD	0	T6_CLOTH	2
T7_2H_TOOL_FISHINGROD	0	T7_PLANKS	6
T7_2H_TOOL_FISHINGROD	0	T7_CLOTH	2
T8_2H_TOOL_FISHINGROD	0	T8_PLANKS	6
T8_2H_TOOL_FISHINGROD	0	T8_CLOTH	2
T4_2H_TOOL_FISHINGROD_AVALON	0	T4_PLANKS	6
T4_2H_TOOL_FISHINGROD_AVALON	0	T4_CLOTH	2
T4_2H_TOOL_FISHINGROD_AVALON	0	QUESTITEM_TOKEN_AVALON	20
T5_2H_TOOL_FISHINGROD_AVALON	0	T5_PLANKS	6
T5_2H_TOOL_FISHINGROD_AVALON	0	T5_CLOTH	2
T5_2H_TOOL_FISHINGROD_AVALON	0	QUESTITEM_TOKEN_AVALON	90
T6_2H_TOOL_FISHINGROD_AVALON	0	T6_PLANKS	6
T6_2H_TOOL_FISHINGROD_AVALON	0	T6_CLOTH	2
T6_2H_TOOL_FISHINGROD_AVALON	0	QUESTITEM_TOKEN_AVALON	160
T7_2H_TOOL_FISHINGROD_AVALON	0	T7_PLANKS	6
T7_2H_TOOL_FISHINGROD_AVALON	0	T7_CLOTH	2
T7_2H_TOOL_FISHINGROD_AVALON	0	QUESTITEM_TOKEN_AVALON	230
T8_2H_TOOL_FISHINGROD_AVALON	0	T8_PLANKS	6
T8_2H_TOOL_FISHINGROD_AVALON	0	T8_CLOTH	2
T8_2H_TOOL_FISHINGROD_AVALON	0	QUESTITEM_TOKEN_AVALON	300
T2_2H_BOW	0	T2_PLANKS	32
T3_2H_BOW	0	T3_PLANKS	32
T4_2H_BOW	0	T4_PLANKS	32
T4_2H_BOW	1	T4_PLANKS_LEVEL1	32
T4_2H_BOW	2	T4_PLANKS_LEVEL2	32
T4_2H_BOW	3	T4_PLANKS_LEVEL3	32
T4_2H_BOW	4	T4_PLANKS_LEVEL4	32
T5_2H_BOW	0	T5_PLANKS	32
T5_2H_BOW	1	T5_PLANKS_LEVEL1	32
T5_2H_BOW	2	T5_PLANKS_LEVEL2	32
T5_2H_BOW	3	T5_PLANKS_LEVEL3	32
T5_2H_BOW	4	T5_PLANKS_LEVEL4	32
T6_2H_BOW	0	T6_PLANKS	32
T6_2H_BOW	1	T6_PLANKS_LEVEL1	32
T6_2H_BOW	2	T6_PLANKS_LEVEL2	32
T6_2H_BOW	3	T6_PLANKS_LEVEL3	32
T6_2H_BOW	4	T6_PLANKS_LEVEL4	32
T7_2H_BOW	0	T7_PLANKS	32
T7_2H_BOW	1	T7_PLANKS_LEVEL1	32
T7_2H_BOW	2	T7_PLANKS_LEVEL2	32
T7_2H_BOW	3	T7_PLANKS_LEVEL3	32
T7_2H_BOW	4	T7_PLANKS_LEVEL4	32
T8_2H_BOW	0	T8_PLANKS	32
T8_2H_BOW	1	T8_PLANKS_LEVEL1	32
T8_2H_BOW	2	T8_PLANKS_LEVEL2	32
T8_2H_BOW	3	T8_PLANKS_LEVEL3	32
T8_2H_BOW	4	T8_PLANKS_LEVEL4	32
T4_2H_WARBOW	0	T4_PLANKS	32
T4_2H_WARBOW	1	T4_PLANKS_LEVEL1	32
T4_2H_WARBOW	2	T4_PLANKS_LEVEL2	32
T4_2H_WARBOW	3	T4_PLANKS_LEVEL3	32
T4_2H_WARBOW	4	T4_PLANKS_LEVEL4	32
T5_2H_WARBOW	0	T5_PLANKS	32
T5_2H_WARBOW	1	T5_PLANKS_LEVEL1	32
T5_2H_WARBOW	2	T5_PLANKS_LEVEL2	32
T5_2H_WARBOW	3	T5_PLANKS_LEVEL3	32
T5_2H_WARBOW	4	T5_PLANKS_LEVEL4	32
T6_2H_WARBOW	0	T6_PLANKS	32
T6_2H_WARBOW	1	T6_PLANKS_LEVEL1	32
T6_2H_WARBOW	2	T6_PLANKS_LEVEL2	32
T6_2H_WARBOW	3	T6_PLANKS_LEVEL3	32
T6_2H_WARBOW	4	T6_PLANKS_LEVEL4	32
T7_2H_WARBOW	0	T7_PLANKS	32
T7_2H_WARBOW	1	T7_PLANKS_LEVEL1	32
T7_2H_WARBOW	2	T7_PLANKS_LEVEL2	32
T7_2H_WARBOW	3	T7_PLANKS_LEVEL3	32
T7_2H_WARBOW	4	T7_PLANKS_LEVEL4	32
T8_2H_WARBOW	0	T8_PLANKS	32
T8_2H_WARBOW	1	T8_PLANKS_LEVEL1	32
T8_2H_WARBOW	2	T8_PLANKS_LEVEL2	32
T8_2H_WARBOW	3	T8_PLANKS_LEVEL3	32
T8_2H_WARBOW	4	T8_PLANKS_LEVEL4	32
T4_2H_LONGBOW	0	T4_PLANKS	32
T4_2H_LONGBOW	1	T4_PLANKS_LEVEL1	32
T4_2H_LONGBOW	2	T4_PLANKS_LEVEL2	32
T4_2H_LONGBOW	3	T4_PLANKS_LEVEL3	32
T4_2H_LONGBOW	4	T4_PLANKS_LEVEL4	32
T5_2H_LONGBOW	0	T5_PLANKS	32
T5_2H_LONGBOW	1	T5_PLANKS_LEVEL1	32
T5_2H_LONGBOW	2	T5_PLANKS_LEVEL2	32
T5_2H_LONGBOW	3	T5_PLANKS_LEVEL3	32
T5_2H_LONGBOW	4	T5_PLANKS_LEVEL4	32
T6_2H_LONGBOW	0	T6_PLANKS	32
T6_2H_LONGBOW	1	T6_PLANKS_LEVEL1	32
T6_2H_LONGBOW	2	T6_PLANKS_LEVEL2	32
T6_2H_LONGBOW	3	T6_PLANKS_LEVEL3	32
T6_2H_LONGBOW	4	T6_PLANKS_LEVEL4	32
T7_2H_LONGBOW	0	T7_PLANKS	32
T7_2H_LONGBOW	1	T7_PLANKS_LEVEL1	32
T7_2H_LONGBOW	2	T7_PLANKS_LEVEL2	32
T7_2H_LONGBOW	3	T7_PLANKS_LEVEL3	32
T7_2H_LONGBOW	4	T7_PLANKS_LEVEL4	32
T8_2H_LONGBOW	0	T8_PLANKS	32
T8_2H_LONGBOW	1	T8_PLANKS_LEVEL1	32
T8_2H_LONGBOW	2	T8_PLANKS_LEVEL2	32
T8_2H_LONGBOW	3	T8_PLANKS_LEVEL3	32
T8_2H_LONGBOW	4	T8_PLANKS_LEVEL4	32
T4_2H_LONGBOW_UNDEAD	0	T4_PLANKS	32
T4_2H_LONGBOW_UNDEAD	0	T4_ARTEFACT_2H_LONGBOW_UNDEAD	1
T4_2H_LONGBOW_UNDEAD	1	T4_PLANKS_LEVEL1	32
T4_2H_LONGBOW_UNDEAD	1	T4_ARTEFACT_2H_LONGBOW_UNDEAD	1
T4_2H_LONGBOW_UNDEAD	2	T4_PLANKS_LEVEL2	32
T4_2H_LONGBOW_UNDEAD	2	T4_ARTEFACT_2H_LONGBOW_UNDEAD	1
T4_2H_LONGBOW_UNDEAD	3	T4_PLANKS_LEVEL3	32
T4_2H_LONGBOW_UNDEAD	3	T4_ARTEFACT_2H_LONGBOW_UNDEAD	1
T4_2H_LONGBOW_UNDEAD	4	T4_PLANKS_LEVEL4	32
T4_2H_LONGBOW_UNDEAD	4	T4_ARTEFACT_2H_LONGBOW_UNDEAD	1
T5_2H_LONGBOW_UNDEAD	0	T5_PLANKS	32
T5_2H_LONGBOW_UNDEAD	0	T5_ARTEFACT_2H_LONGBOW_UNDEAD	1
T5_2H_LONGBOW_UNDEAD	1	T5_PLANKS_LEVEL1	32
T5_2H_LONGBOW_UNDEAD	1	T5_ARTEFACT_2H_LONGBOW_UNDEAD	1
T5_2H_LONGBOW_UNDEAD	2	T5_PLANKS_LEVEL2	32
T5_2H_LONGBOW_UNDEAD	2	T5_ARTEFACT_2H_LONGBOW_UNDEAD	1
T5_2H_LONGBOW_UNDEAD	3	T5_PLANKS_LEVEL3	32
T5_2H_LONGBOW_UNDEAD	3	T5_ARTEFACT_2H_LONGBOW_UNDEAD	1
T5_2H_LONGBOW_UNDEAD	4	T5_PLANKS_LEVEL4	32
T5_2H_LONGBOW_UNDEAD	4	T5_ARTEFACT_2H_LONGBOW_UNDEAD	1
T6_2H_LONGBOW_UNDEAD	0	T6_PLANKS	32
T6_2H_LONGBOW_UNDEAD	0	T6_ARTEFACT_2H_LONGBOW_UNDEAD	1
T6_2H_LONGBOW_UNDEAD	1	T6_PLANKS_LEVEL1	32
T6_2H_LONGBOW_UNDEAD	1	T6_ARTEFACT_2H_LONGBOW_UNDEAD	1
T6_2H_LONGBOW_UNDEAD	2	T6_PLANKS_LEVEL2	32
T6_2H_LONGBOW_UNDEAD	2	T6_ARTEFACT_2H_LONGBOW_UNDEAD	1
T6_2H_LONGBOW_UNDEAD	3	T6_PLANKS_LEVEL3	32
T6_2H_LONGBOW_UNDEAD	3	T6_ARTEFACT_2H_LONGBOW_UNDEAD	1
T6_2H_LONGBOW_UNDEAD	4	T6_PLANKS_LEVEL4	32
T6_2H_LONGBOW_UNDEAD	4	T6_ARTEFACT_2H_LONGBOW_UNDEAD	1
T7_2H_LONGBOW_UNDEAD	0	T7_PLANKS	32
T7_2H_LONGBOW_UNDEAD	0	T7_ARTEFACT_2H_LONGBOW_UNDEAD	1
T7_2H_LONGBOW_UNDEAD	1	T7_PLANKS_LEVEL1	32
T7_2H_LONGBOW_UNDEAD	1	T7_ARTEFACT_2H_LONGBOW_UNDEAD	1
T7_2H_LONGBOW_UNDEAD	2	T7_PLANKS_LEVEL2	32
T7_2H_LONGBOW_UNDEAD	2	T7_ARTEFACT_2H_LONGBOW_UNDEAD	1
T7_2H_LONGBOW_UNDEAD	3	T7_PLANKS_LEVEL3	32
T7_2H_LONGBOW_UNDEAD	3	T7_ARTEFACT_2H_LONGBOW_UNDEAD	1
T7_2H_LONGBOW_UNDEAD	4	T7_PLANKS_LEVEL4	32
T7_2H_LONGBOW_UNDEAD	4	T7_ARTEFACT_2H_LONGBOW_UNDEAD	1
T8_2H_LONGBOW_UNDEAD	0	T8_PLANKS	32
T8_2H_LONGBOW_UNDEAD	0	T8_ARTEFACT_2H_LONGBOW_UNDEAD	1
T8_2H_LONGBOW_UNDEAD	1	T8_PLANKS_LEVEL1	32
T8_2H_LONGBOW_UNDEAD	1	T8_ARTEFACT_2H_LONGBOW_UNDEAD	1
T8_2H_LONGBOW_UNDEAD	2	T8_PLANKS_LEVEL2	32
T8_2H_LONGBOW_UNDEAD	2	T8_ARTEFACT_2H_LONGBOW_UNDEAD	1
T8_2H_LONGBOW_UNDEAD	3	T8_PLANKS_LEVEL3	32
T8_2H_LONGBOW_UNDEAD	3	T8_ARTEFACT_2H_LONGBOW_UNDEAD	1
T8_2H_LONGBOW_UNDEAD	4	T8_PLANKS_LEVEL4	32
T8_2H_LONGBOW_UNDEAD	4	T8_ARTEFACT_2H_LONGBOW_UNDEAD	1
T4_2H_BOW_HELL	0	T4_PLANKS	32
T4_2H_BOW_HELL	0	T4_ARTEFACT_2H_BOW_HELL	1
T4_2H_BOW_HELL	1	T4_PLANKS_LEVEL1	32
T4_2H_BOW_HELL	1	T4_ARTEFACT_2H_BOW_HELL	1
T4_2H_BOW_HELL	2	T4_PLANKS_LEVEL2	32
T4_2H_BOW_HELL	2	T4_ARTEFACT_2H_BOW_HELL	1
T4_2H_BOW_HELL	3	T4_PLANKS_LEVEL3	32
T4_2H_BOW_HELL	3	T4_ARTEFACT_2H_BOW_HELL	1
T4_2H_BOW_HELL	4	T4_PLANKS_LEVEL4	32
T4_2H_BOW_HELL	4	T4_ARTEFACT_2H_BOW_HELL	1
T5_2H_BOW_HELL	0	T5_PLANKS	32
T5_2H_BOW_HELL	0	T5_ARTEFACT_2H_BOW_HELL	1
T5_2H_BOW_HELL	1	T5_PLANKS_LEVEL1	32
T5_2H_BOW_HELL	1	T5_ARTEFACT_2H_BOW_HELL	1
T5_2H_BOW_HELL	2	T5_PLANKS_LEVEL2	32
T5_2H_BOW_HELL	2	T5_ARTEFACT_2H_BOW_HELL	1
T5_2H_BOW_HELL	3	T5_PLANKS_LEVEL3	32
T5_2H_BOW_HELL	3	T5_ARTEFACT_2H_BOW_HELL	1
T5_2H_BOW_HELL	4	T5_PLANKS_LEVEL4	32
T5_2H_BOW_HELL	4	T5_ARTEFACT_2H_BOW_HELL	1
T6_2H_BOW_HELL	0	T6_PLANKS	32
T6_2H_BOW_HELL	0	T6_ARTEFACT_2H_BOW_HELL	1
T6_2H_BOW_HELL	1	T6_PLANKS_LEVEL1	32
T6_2H_BOW_HELL	1	T6_ARTEFACT_2H_BOW_HELL	1
T6_2H_BOW_HELL	2	T6_PLANKS_LEVEL2	32
T6_2H_BOW_HELL	2	T6_ARTEFACT_2H_BOW_HELL	1
T6_2H_BOW_HELL	3	T6_PLANKS_LEVEL3	32
T6_2H_BOW_HELL	3	T6_ARTEFACT_2H_BOW_HELL	1
T6_2H_BOW_HELL	4	T6_PLANKS_LEVEL4	32
T6_2H_BOW_HELL	4	T6_ARTEFACT_2H_BOW_HELL	1
T7_2H_BOW_HELL	0	T7_PLANKS	32
T7_2H_BOW_HELL	0	T7_ARTEFACT_2H_BOW_HELL	1
T7_2H_BOW_HELL	1	T7_PLANKS_LEVEL1	32
T7_2H_BOW_HELL	1	T7_ARTEFACT_2H_BOW_HELL	1
T7_2H_BOW_HELL	2	T7_PLANKS_LEVEL2	32
T7_2H_BOW_HELL	2	T7_ARTEFACT_2H_BOW_HELL	1
T7_2H_BOW_HELL	3	T7_PLANKS_LEVEL3	32
T7_2H_BOW_HELL	3	T7_ARTEFACT_2H_BOW_HELL	1
T7_2H_BOW_HELL	4	T7_PLANKS_LEVEL4	32
T7_2H_BOW_HELL	4	T7_ARTEFACT_2H_BOW_HELL	1
T8_2H_BOW_HELL	0	T8_PLANKS	32
T8_2H_BOW_HELL	0	T8_ARTEFACT_2H_BOW_HELL	1
T8_2H_BOW_HELL	1	T8_PLANKS_LEVEL1	32
T8_2H_BOW_HELL	1	T8_ARTEFACT_2H_BOW_HELL	1
T8_2H_BOW_HELL	2	T8_PLANKS_LEVEL2	32
T8_2H_BOW_HELL	2	T8_ARTEFACT_2H_BOW_HELL	1
T8_2H_BOW_HELL	3	T8_PLANKS_LEVEL3	32
T8_2H_BOW_HELL	3	T8_ARTEFACT_2H_BOW_HELL	1
T8_2H_BOW_HELL	4	T8_PLANKS_LEVEL4	32
T8_2H_BOW_HELL	4	T8_ARTEFACT_2H_BOW_HELL	1
T4_2H_BOW_KEEPER	0	T4_PLANKS	32
T4_2H_BOW_KEEPER	0	T4_ARTEFACT_2H_BOW_KEEPER	1
T4_2H_BOW_KEEPER	1	T4_PLANKS_LEVEL1	32
T4_2H_BOW_KEEPER	1	T4_ARTEFACT_2H_BOW_KEEPER	1
T4_2H_BOW_KEEPER	2	T4_PLANKS_LEVEL2	32
T4_2H_BOW_KEEPER	2	T4_ARTEFACT_2H_BOW_KEEPER	1
T4_2H_BOW_KEEPER	3	T4_PLANKS_LEVEL3	32
T4_2H_BOW_KEEPER	3	T4_ARTEFACT_2H_BOW_KEEPER	1
T4_2H_BOW_KEEPER	4	T4_PLANKS_LEVEL4	32
T4_2H_BOW_KEEPER	4	T4_ARTEFACT_2H_BOW_KEEPER	1
T5_2H_BOW_KEEPER	0	T5_PLANKS	32
T5_2H_BOW_KEEPER	0	T5_ARTEFACT_2H_BOW_KEEPER	1
T5_2H_BOW_KEEPER	1	T5_PLANKS_LEVEL1	32
T5_2H_BOW_KEEPER	1	T5_ARTEFACT_2H_BOW_KEEPER	1
T5_2H_BOW_KEEPER	2	T5_PLANKS_LEVEL2	32
T5_2H_BOW_KEEPER	2	T5_ARTEFACT_2H_BOW_KEEPER	1
T5_2H_BOW_KEEPER	3	T5_PLANKS_LEVEL3	32
T5_2H_BOW_KEEPER	3	T5_ARTEFACT_2H_BOW_KEEPER	1
T5_2H_BOW_KEEPER	4	T5_PLANKS_LEVEL4	32
T5_2H_BOW_KEEPER	4	T5_ARTEFACT_2H_BOW_KEEPER	1
T6_2H_BOW_KEEPER	0	T6_PLANKS	32
T6_2H_BOW_KEEPER	0	T6_ARTEFACT_2H_BOW_KEEPER	1
T6_2H_BOW_KEEPER	1	T6_PLANKS_LEVEL1	32
T6_2H_BOW_KEEPER	1	T6_ARTEFACT_2H_BOW_KEEPER	1
T6_2H_BOW_KEEPER	2	T6_PLANKS_LEVEL2	32
T6_2H_BOW_KEEPER	2	T6_ARTEFACT_2H_BOW_KEEPER	1
T6_2H_BOW_KEEPER	3	T6_PLANKS_LEVEL3	32
T6_2H_BOW_KEEPER	3	T6_ARTEFACT_2H_BOW_KEEPER	1
T6_2H_BOW_KEEPER	4	T6_PLANKS_LEVEL4	32
T6_2H_BOW_KEEPER	4	T6_ARTEFACT_2H_BOW_KEEPER	1
T7_2H_BOW_KEEPER	0	T7_PLANKS	32
T7_2H_BOW_KEEPER	0	T7_ARTEFACT_2H_BOW_KEEPER	1
T7_2H_BOW_KEEPER	1	T7_PLANKS_LEVEL1	32
T7_2H_BOW_KEEPER	1	T7_ARTEFACT_2H_BOW_KEEPER	1
T7_2H_BOW_KEEPER	2	T7_PLANKS_LEVEL2	32
T7_2H_BOW_KEEPER	2	T7_ARTEFACT_2H_BOW_KEEPER	1
T7_2H_BOW_KEEPER	3	T7_PLANKS_LEVEL3	32
T7_2H_BOW_KEEPER	3	T7_ARTEFACT_2H_BOW_KEEPER	1
T7_2H_BOW_KEEPER	4	T7_PLANKS_LEVEL4	32
T7_2H_BOW_KEEPER	4	T7_ARTEFACT_2H_BOW_KEEPER	1
T8_2H_BOW_KEEPER	0	T8_PLANKS	32
T8_2H_BOW_KEEPER	0	T8_ARTEFACT_2H_BOW_KEEPER	1
T8_2H_BOW_KEEPER	1	T8_PLANKS_LEVEL1	32
T8_2H_BOW_KEEPER	1	T8_ARTEFACT_2H_BOW_KEEPER	1
T8_2H_BOW_KEEPER	2	T8_PLANKS_LEVEL2	32
T8_2H_BOW_KEEPER	2	T8_ARTEFACT_2H_BOW_KEEPER	1
T8_2H_BOW_KEEPER	3	T8_PLANKS_LEVEL3	32
T8_2H_BOW_KEEPER	3	T8_ARTEFACT_2H_BOW_KEEPER	1
T8_2H_BOW_KEEPER	4	T8_PLANKS_LEVEL4	32
T8_2H_BOW_KEEPER	4	T8_ARTEFACT_2H_BOW_KEEPER	1
T4_2H_BOW_AVALON	0	T4_PLANKS	32
T4_2H_BOW_AVALON	0	T4_ARTEFACT_2H_BOW_AVALON	1
T4_2H_BOW_AVALON	1	T4_PLANKS_LEVEL1	32
T4_2H_BOW_AVALON	1	T4_ARTEFACT_2H_BOW_AVALON	1
T4_2H_BOW_AVALON	2	T4_PLANKS_LEVEL2	32
T4_2H_BOW_AVALON	2	T4_ARTEFACT_2H_BOW_AVALON	1
T4_2H_BOW_AVALON	3	T4_PLANKS_LEVEL3	32
T4_2H_BOW_AVALON	3	T4_ARTEFACT_2H_BOW_AVALON	1
T4_2H_BOW_AVALON	4	T4_PLANKS_LEVEL4	32
T4_2H_BOW_AVALON	4	T4_ARTEFACT_2H_BOW_AVALON	1
T5_2H_BOW_AVALON	0	T5_PLANKS	32
T5_2H_BOW_AVALON	0	T5_ARTEFACT_2H_BOW_AVALON	1
T5_2H_BOW_AVALON	1	T5_PLANKS_LEVEL1	32
T5_2H_BOW_AVALON	1	T5_ARTEFACT_2H_BOW_AVALON	1
T5_2H_BOW_AVALON	2	T5_PLANKS_LEVEL2	32
T5_2H_BOW_AVALON	2	T5_ARTEFACT_2H_BOW_AVALON	1
T5_2H_BOW_AVALON	3	T5_PLANKS_LEVEL3	32
T5_2H_BOW_AVALON	3	T5_ARTEFACT_2H_BOW_AVALON	1
T5_2H_BOW_AVALON	4	T5_PLANKS_LEVEL4	32
T5_2H_BOW_AVALON	4	T5_ARTEFACT_2H_BOW_AVALON	1
T6_2H_BOW_AVALON	0	T6_PLANKS	32
T6_2H_BOW_AVALON	0	T6_ARTEFACT_2H_BOW_AVALON	1
T6_2H_BOW_AVALON	1	T6_PLANKS_LEVEL1	32
T6_2H_BOW_AVALON	1	T6_ARTEFACT_2H_BOW_AVALON	1
T6_2H_BOW_AVALON	2	T6_PLANKS_LEVEL2	32
T6_2H_BOW_AVALON	2	T6_ARTEFACT_2H_BOW_AVALON	1
T6_2H_BOW_AVALON	3	T6_PLANKS_LEVEL3	32
T6_2H_BOW_AVALON	3	T6_ARTEFACT_2H_BOW_AVALON	1
T6_2H_BOW_AVALON	4	T6_PLANKS_LEVEL4	32
T6_2H_BOW_AVALON	4	T6_ARTEFACT_2H_BOW_AVALON	1
T7_2H_BOW_AVALON	0	T7_PLANKS	32
T7_2H_BOW_AVALON	0	T7_ARTEFACT_2H_BOW_AVALON	1
T7_2H_BOW_AVALON	1	T7_PLANKS_LEVEL1	32
T7_2H_BOW_AVALON	1	T7_ARTEFACT_2H_BOW_AVALON	1
T7_2H_BOW_AVALON	2	T7_PLANKS_LEVEL2	32
T7_2H_BOW_AVALON	2	T7_ARTEFACT_2H_BOW_AVALON	1
T7_2H_BOW_AVALON	3	T7_PLANKS_LEVEL3	32
T7_2H_BOW_AVALON	3	T7_ARTEFACT_2H_BOW_AVALON	1
T7_2H_BOW_AVALON	4	T7_PLANKS_LEVEL4	32
T7_2H_BOW_AVALON	4	T7_ARTEFACT_2H_BOW_AVALON	1
T8_2H_BOW_AVALON	0	T8_PLANKS	32
T8_2H_BOW_AVALON	0	T8_ARTEFACT_2H_BOW_AVALON	1
T8_2H_BOW_AVALON	1	T8_PLANKS_LEVEL1	32
T8_2H_BOW_AVALON	1	T8_ARTEFACT_2H_BOW_AVALON	1
T8_2H_BOW_AVALON	2	T8_PLANKS_LEVEL2	32
T8_2H_BOW_AVALON	2	T8_ARTEFACT_2H_BOW_AVALON	1
T8_2H_BOW_AVALON	3	T8_PLANKS_LEVEL3	32
T8_2H_BOW_AVALON	3	T8_ARTEFACT_2H_BOW_AVALON	1
T8_2H_BOW_AVALON	4	T8_PLANKS_LEVEL4	32
T8_2H_BOW_AVALON	4	T8_ARTEFACT_2H_BOW_AVALON	1
T4_2H_BOW_CRYSTAL	0	T4_PLANKS	32
T4_2H_BOW_CRYSTAL	0	T4_ARTEFACT_2H_BOW_CRYSTAL	1
T4_2H_BOW_CRYSTAL	1	T4_PLANKS_LEVEL1	32
T4_2H_BOW_CRYSTAL	1	T4_ARTEFACT_2H_BOW_CRYSTAL	1
T4_2H_BOW_CRYSTAL	2	T4_PLANKS_LEVEL2	32
T4_2H_BOW_CRYSTAL	2	T4_ARTEFACT_2H_BOW_CRYSTAL	1
T4_2H_BOW_CRYSTAL	3	T4_PLANKS_LEVEL3	32
T4_2H_BOW_CRYSTAL	3	T4_ARTEFACT_2H_BOW_CRYSTAL	1
T4_2H_BOW_CRYSTAL	4	T4_PLANKS_LEVEL4	32
T4_2H_BOW_CRYSTAL	4	T4_ARTEFACT_2H_BOW_CRYSTAL	1
T5_2H_BOW_CRYSTAL	0	T5_PLANKS	32
T5_2H_BOW_CRYSTAL	0	T5_ARTEFACT_2H_BOW_CRYSTAL	1
T5_2H_BOW_CRYSTAL	1	T5_PLANKS_LEVEL1	32
T5_2H_BOW_CRYSTAL	1	T5_ARTEFACT_2H_BOW_CRYSTAL	1
T5_2H_BOW_CRYSTAL	2	T5_PLANKS_LEVEL2	32
T5_2H_BOW_CRYSTAL	2	T5_ARTEFACT_2H_BOW_CRYSTAL	1
T5_2H_BOW_CRYSTAL	3	T5_PLANKS_LEVEL3	32
T5_2H_BOW_CRYSTAL	3	T5_ARTEFACT_2H_BOW_CRYSTAL	1
T5_2H_BOW_CRYSTAL	4	T5_PLANKS_LEVEL4	32
T5_2H_BOW_CRYSTAL	4	T5_ARTEFACT_2H_BOW_CRYSTAL	1
T6_2H_BOW_CRYSTAL	0	T6_PLANKS	32
T6_2H_BOW_CRYSTAL	0	T6_ARTEFACT_2H_BOW_CRYSTAL	1
T6_2H_BOW_CRYSTAL	1	T6_PLANKS_LEVEL1	32
T6_2H_BOW_CRYSTAL	1	T6_ARTEFACT_2H_BOW_CRYSTAL	1
T6_2H_BOW_CRYSTAL	2	T6_PLANKS_LEVEL2	32
T6_2H_BOW_CRYSTAL	2	T6_ARTEFACT_2H_BOW_CRYSTAL	1
T6_2H_BOW_CRYSTAL	3	T6_PLANKS_LEVEL3	32
T6_2H_BOW_CRYSTAL	3	T6_ARTEFACT_2H_BOW_CRYSTAL	1
T6_2H_BOW_CRYSTAL	4	T6_PLANKS_LEVEL4	32
T6_2H_BOW_CRYSTAL	4	T6_ARTEFACT_2H_BOW_CRYSTAL	1
T7_2H_BOW_CRYSTAL	0	T7_PLANKS	32
T7_2H_BOW_CRYSTAL	0	T7_ARTEFACT_2H_BOW_CRYSTAL	1
T7_2H_BOW_CRYSTAL	1	T7_PLANKS_LEVEL1	32
T7_2H_BOW_CRYSTAL	1	T7_ARTEFACT_2H_BOW_CRYSTAL	1
T7_2H_BOW_CRYSTAL	2	T7_PLANKS_LEVEL2	32
T7_2H_BOW_CRYSTAL	2	T7_ARTEFACT_2H_BOW_CRYSTAL	1
T7_2H_BOW_CRYSTAL	3	T7_PLANKS_LEVEL3	32
T7_2H_BOW_CRYSTAL	3	T7_ARTEFACT_2H_BOW_CRYSTAL	1
T7_2H_BOW_CRYSTAL	4	T7_PLANKS_LEVEL4	32
T7_2H_BOW_CRYSTAL	4	T7_ARTEFACT_2H_BOW_CRYSTAL	1
T8_2H_BOW_CRYSTAL	0	T8_PLANKS	32
T8_2H_BOW_CRYSTAL	0	T8_ARTEFACT_2H_BOW_CRYSTAL	1
T8_2H_BOW_CRYSTAL	1	T8_PLANKS_LEVEL1	32
T8_2H_BOW_CRYSTAL	1	T8_ARTEFACT_2H_BOW_CRYSTAL	1
T8_2H_BOW_CRYSTAL	2	T8_PLANKS_LEVEL2	32
T8_2H_BOW_CRYSTAL	2	T8_ARTEFACT_2H_BOW_CRYSTAL	1
T8_2H_BOW_CRYSTAL	3	T8_PLANKS_LEVEL3	32
T8_2H_BOW_CRYSTAL	3	T8_ARTEFACT_2H_BOW_CRYSTAL	1
T8_2H_BOW_CRYSTAL	4	T8_PLANKS_LEVEL4	32
T8_2H_BOW_CRYSTAL	4	T8_ARTEFACT_2H_BOW_CRYSTAL	1
T3_2H_CROSSBOW	0	T3_PLANKS	20
T3_2H_CROSSBOW	0	T3_METALBAR	12
T4_2H_CROSSBOW	0	T4_PLANKS	20
T4_2H_CROSSBOW	0	T4_METALBAR	12
T4_2H_CROSSBOW	1	T4_PLANKS_LEVEL1	20
T4_2H_CROSSBOW	1	T4_METALBAR_LEVEL1	12
T4_2H_CROSSBOW	2	T4_PLANKS_LEVEL2	20
T4_2H_CROSSBOW	2	T4_METALBAR_LEVEL2	12
T4_2H_CROSSBOW	3	T4_PLANKS_LEVEL3	20
T4_2H_CROSSBOW	3	T4_METALBAR_LEVEL3	12
T4_2H_CROSSBOW	4	T4_PLANKS_LEVEL4	20
T4_2H_CROSSBOW	4	T4_METALBAR_LEVEL4	12
T5_2H_CROSSBOW	0	T5_PLANKS	20
T5_2H_CROSSBOW	0	T5_METALBAR	12
T5_2H_CROSSBOW	1	T5_PLANKS_LEVEL1	20
T5_2H_CROSSBOW	1	T5_METALBAR_LEVEL1	12
T5_2H_CROSSBOW	2	T5_PLANKS_LEVEL2	20
T5_2H_CROSSBOW	2	T5_METALBAR_LEVEL2	12
T5_2H_CROSSBOW	3	T5_PLANKS_LEVEL3	20
T5_2H_CROSSBOW	3	T5_METALBAR_LEVEL3	12
T5_2H_CROSSBOW	4	T5_PLANKS_LEVEL4	20
T5_2H_CROSSBOW	4	T5_METALBAR_LEVEL4	12
T6_2H_CROSSBOW	0	T6_PLANKS	20
T6_2H_CROSSBOW	0	T6_METALBAR	12
T6_2H_CROSSBOW	1	T6_PLANKS_LEVEL1	20
T6_2H_CROSSBOW	1	T6_METALBAR_LEVEL1	12
T6_2H_CROSSBOW	2	T6_PLANKS_LEVEL2	20
T6_2H_CROSSBOW	2	T6_METALBAR_LEVEL2	12
T6_2H_CROSSBOW	3	T6_PLANKS_LEVEL3	20
T6_2H_CROSSBOW	3	T6_METALBAR_LEVEL3	12
T6_2H_CROSSBOW	4	T6_PLANKS_LEVEL4	20
T6_2H_CROSSBOW	4	T6_METALBAR_LEVEL4	12
T7_2H_CROSSBOW	0	T7_PLANKS	20
T7_2H_CROSSBOW	0	T7_METALBAR	12
T7_2H_CROSSBOW	1	T7_PLANKS_LEVEL1	20
T7_2H_CROSSBOW	1	T7_METALBAR_LEVEL1	12
T7_2H_CROSSBOW	2	T7_PLANKS_LEVEL2	20
T7_2H_CROSSBOW	2	T7_METALBAR_LEVEL2	12
T7_2H_CROSSBOW	3	T7_PLANKS_LEVEL3	20
T7_2H_CROSSBOW	3	T7_METALBAR_LEVEL3	12
T7_2H_CROSSBOW	4	T7_PLANKS_LEVEL4	20
T7_2H_CROSSBOW	4	T7_METALBAR_LEVEL4	12
T8_2H_CROSSBOW	0	T8_PLANKS	20
T8_2H_CROSSBOW	0	T8_METALBAR	12
T8_2H_CROSSBOW	1	T8_PLANKS_LEVEL1	20
T8_2H_CROSSBOW	1	T8_METALBAR_LEVEL1	12
T8_2H_CROSSBOW	2	T8_PLANKS_LEVEL2	20
T8_2H_CROSSBOW	2	T8_METALBAR_LEVEL2	12
T8_2H_CROSSBOW	3	T8_PLANKS_LEVEL3	20
T8_2H_CROSSBOW	3	T8_METALBAR_LEVEL3	12
T8_2H_CROSSBOW	4	T8_PLANKS_LEVEL4	20
T8_2H_CROSSBOW	4	T8_METALBAR_LEVEL4	12
T4_2H_CROSSBOWLARGE	0	T4_PLANKS	20
T4_2H_CROSSBOWLARGE	0	T4_METALBAR	12
T4_2H_CROSSBOWLARGE	1	T4_PLANKS_LEVEL1	20
T4_2H_CROSSBOWLARGE	1	T4_METALBAR_LEVEL1	12
T4_2H_CROSSBOWLARGE	2	T4_PLANKS_LEVEL2	20
T4_2H_CROSSBOWLARGE	2	T4_METALBAR_LEVEL2	12
T4_2H_CROSSBOWLARGE	3	T4_PLANKS_LEVEL3	20
T4_2H_CROSSBOWLARGE	3	T4_METALBAR_LEVEL3	12
T4_2H_CROSSBOWLARGE	4	T4_PLANKS_LEVEL4	20
T4_2H_CROSSBOWLARGE	4	T4_METALBAR_LEVEL4	12
T5_2H_CROSSBOWLARGE	0	T5_PLANKS	20
T5_2H_CROSSBOWLARGE	0	T5_METALBAR	12
T5_2H_CROSSBOWLARGE	1	T5_PLANKS_LEVEL1	20
T5_2H_CROSSBOWLARGE	1	T5_METALBAR_LEVEL1	12
T5_2H_CROSSBOWLARGE	2	T5_PLANKS_LEVEL2	20
T5_2H_CROSSBOWLARGE	2	T5_METALBAR_LEVEL2	12
T5_2H_CROSSBOWLARGE	3	T5_PLANKS_LEVEL3	20
T5_2H_CROSSBOWLARGE	3	T5_METALBAR_LEVEL3	12
T5_2H_CROSSBOWLARGE	4	T5_PLANKS_LEVEL4	20
T5_2H_CROSSBOWLARGE	4	T5_METALBAR_LEVEL4	12
T6_2H_CROSSBOWLARGE	0	T6_PLANKS	20
T6_2H_CROSSBOWLARGE	0	T6_METALBAR	12
T6_2H_CROSSBOWLARGE	1	T6_PLANKS_LEVEL1	20
T6_2H_CROSSBOWLARGE	1	T6_METALBAR_LEVEL1	12
T6_2H_CROSSBOWLARGE	2	T6_PLANKS_LEVEL2	20
T6_2H_CROSSBOWLARGE	2	T6_METALBAR_LEVEL2	12
T6_2H_CROSSBOWLARGE	3	T6_PLANKS_LEVEL3	20
T6_2H_CROSSBOWLARGE	3	T6_METALBAR_LEVEL3	12
T6_2H_CROSSBOWLARGE	4	T6_PLANKS_LEVEL4	20
T6_2H_CROSSBOWLARGE	4	T6_METALBAR_LEVEL4	12
T7_2H_CROSSBOWLARGE	0	T7_PLANKS	20
T7_2H_CROSSBOWLARGE	0	T7_METALBAR	12
T7_2H_CROSSBOWLARGE	1	T7_PLANKS_LEVEL1	20
T7_2H_CROSSBOWLARGE	1	T7_METALBAR_LEVEL1	12
T7_2H_CROSSBOWLARGE	2	T7_PLANKS_LEVEL2	20
T7_2H_CROSSBOWLARGE	2	T7_METALBAR_LEVEL2	12
T7_2H_CROSSBOWLARGE	3	T7_PLANKS_LEVEL3	20
T7_2H_CROSSBOWLARGE	3	T7_METALBAR_LEVEL3	12
T7_2H_CROSSBOWLARGE	4	T7_PLANKS_LEVEL4	20
T7_2H_CROSSBOWLARGE	4	T7_METALBAR_LEVEL4	12
T8_2H_CROSSBOWLARGE	0	T8_PLANKS	20
T8_2H_CROSSBOWLARGE	0	T8_METALBAR	12
T8_2H_CROSSBOWLARGE	1	T8_PLANKS_LEVEL1	20
T8_2H_CROSSBOWLARGE	1	T8_METALBAR_LEVEL1	12
T8_2H_CROSSBOWLARGE	2	T8_PLANKS_LEVEL2	20
T8_2H_CROSSBOWLARGE	2	T8_METALBAR_LEVEL2	12
T8_2H_CROSSBOWLARGE	3	T8_PLANKS_LEVEL3	20
T8_2H_CROSSBOWLARGE	3	T8_METALBAR_LEVEL3	12
T8_2H_CROSSBOWLARGE	4	T8_PLANKS_LEVEL4	20
T8_2H_CROSSBOWLARGE	4	T8_METALBAR_LEVEL4	12
T4_MAIN_1HCROSSBOW	0	T4_PLANKS	16
T4_MAIN_1HCROSSBOW	0	T4_METALBAR	8
T4_MAIN_1HCROSSBOW	1	T4_PLANKS_LEVEL1	16
T4_MAIN_1HCROSSBOW	1	T4_METALBAR_LEVEL1	8
T4_MAIN_1HCROSSBOW	2	T4_PLANKS_LEVEL2	16
T4_MAIN_1HCROSSBOW	2	T4_METALBAR_LEVEL2	8
T4_MAIN_1HCROSSBOW	3	T4_PLANKS_LEVEL3	16
T4_MAIN_1HCROSSBOW	3	T4_METALBAR_LEVEL3	8
T4_MAIN_1HCROSSBOW	4	T4_PLANKS_LEVEL4	16
T4_MAIN_1HCROSSBOW	4	T4_METALBAR_LEVEL4	8
T5_MAIN_1HCROSSBOW	0	T5_PLANKS	16
T5_MAIN_1HCROSSBOW	0	T5_METALBAR	8
T5_MAIN_1HCROSSBOW	1	T5_PLANKS_LEVEL1	16
T5_MAIN_1HCROSSBOW	1	T5_METALBAR_LEVEL1	8
T5_MAIN_1HCROSSBOW	2	T5_PLANKS_LEVEL2	16
T5_MAIN_1HCROSSBOW	2	T5_METALBAR_LEVEL2	8
T5_MAIN_1HCROSSBOW	3	T5_PLANKS_LEVEL3	16
T5_MAIN_1HCROSSBOW	3	T5_METALBAR_LEVEL3	8
T5_MAIN_1HCROSSBOW	4	T5_PLANKS_LEVEL4	16
T5_MAIN_1HCROSSBOW	4	T5_METALBAR_LEVEL4	8
T6_MAIN_1HCROSSBOW	0	T6_PLANKS	16
T6_MAIN_1HCROSSBOW	0	T6_METALBAR	8
T6_MAIN_1HCROSSBOW	1	T6_PLANKS_LEVEL1	16
T6_MAIN_1HCROSSBOW	1	T6_METALBAR_LEVEL1	8
T6_MAIN_1HCROSSBOW	2	T6_PLANKS_LEVEL2	16
T6_MAIN_1HCROSSBOW	2	T6_METALBAR_LEVEL2	8
T6_MAIN_1HCROSSBOW	3	T6_PLANKS_LEVEL3	16
T6_MAIN_1HCROSSBOW	3	T6_METALBAR_LEVEL3	8
T6_MAIN_1HCROSSBOW	4	T6_PLANKS_LEVEL4	16
T6_MAIN_1HCROSSBOW	4	T6_METALBAR_LEVEL4	8
T7_MAIN_1HCROSSBOW	0	T7_PLANKS	16
T7_MAIN_1HCROSSBOW	0	T7_METALBAR	8
T7_MAIN_1HCROSSBOW	1	T7_PLANKS_LEVEL1	16
T7_MAIN_1HCROSSBOW	1	T7_METALBAR_LEVEL1	8
T7_MAIN_1HCROSSBOW	2	T7_PLANKS_LEVEL2	16
T7_MAIN_1HCROSSBOW	2	T7_METALBAR_LEVEL2	8
T7_MAIN_1HCROSSBOW	3	T7_PLANKS_LEVEL3	16
T7_MAIN_1HCROSSBOW	3	T7_METALBAR_LEVEL3	8
T7_MAIN_1HCROSSBOW	4	T7_PLANKS_LEVEL4	16
T7_MAIN_1HCROSSBOW	4	T7_METALBAR_LEVEL4	8
T8_MAIN_1HCROSSBOW	0	T8_PLANKS	16
T8_MAIN_1HCROSSBOW	0	T8_METALBAR	8
T8_MAIN_1HCROSSBOW	1	T8_PLANKS_LEVEL1	16
T8_MAIN_1HCROSSBOW	1	T8_METALBAR_LEVEL1	8
T8_MAIN_1HCROSSBOW	2	T8_PLANKS_LEVEL2	16
T8_MAIN_1HCROSSBOW	2	T8_METALBAR_LEVEL2	8
T8_MAIN_1HCROSSBOW	3	T8_PLANKS_LEVEL3	16
T8_MAIN_1HCROSSBOW	3	T8_METALBAR_LEVEL3	8
T8_MAIN_1HCROSSBOW	4	T8_PLANKS_LEVEL4	16
T8_MAIN_1HCROSSBOW	4	T8_METALBAR_LEVEL4	8
T4_2H_REPEATINGCROSSBOW_UNDEAD	0	T4_PLANKS	20
T4_2H_REPEATINGCROSSBOW_UNDEAD	0	T4_METALBAR	12
T4_2H_REPEATINGCROSSBOW_UNDEAD	0	T4_ARTEFACT_2H_REPEATINGCROSSBOW_UNDEAD	1
T4_2H_REPEATINGCROSSBOW_UNDEAD	1	T4_PLANKS_LEVEL1	20
T4_2H_REPEATINGCROSSBOW_UNDEAD	1	T4_METALBAR_LEVEL1	12
T4_2H_REPEATINGCROSSBOW_UNDEAD	1	T4_ARTEFACT_2H_REPEATINGCROSSBOW_UNDEAD	1
T4_2H_REPEATINGCROSSBOW_UNDEAD	2	T4_PLANKS_LEVEL2	20
T4_2H_REPEATINGCROSSBOW_UNDEAD	2	T4_METALBAR_LEVEL2	12
T4_2H_REPEATINGCROSSBOW_UNDEAD	2	T4_ARTEFACT_2H_REPEATINGCROSSBOW_UNDEAD	1
T4_2H_REPEATINGCROSSBOW_UNDEAD	3	T4_PLANKS_LEVEL3	20
T4_2H_REPEATINGCROSSBOW_UNDEAD	3	T4_METALBAR_LEVEL3	12
T4_2H_REPEATINGCROSSBOW_UNDEAD	3	T4_ARTEFACT_2H_REPEATINGCROSSBOW_UNDEAD	1
T4_2H_REPEATINGCROSSBOW_UNDEAD	4	T4_PLANKS_LEVEL4	20
T4_2H_REPEATINGCROSSBOW_UNDEAD	4	T4_METALBAR_LEVEL4	12
T4_2H_REPEATINGCROSSBOW_UNDEAD	4	T4_ARTEFACT_2H_REPEATINGCROSSBOW_UNDEAD	1
T5_2H_REPEATINGCROSSBOW_UNDEAD	0	T5_PLANKS	20
T5_2H_REPEATINGCROSSBOW_UNDEAD	0	T5_METALBAR	12
T5_2H_REPEATINGCROSSBOW_UNDEAD	0	T5_ARTEFACT_2H_REPEATINGCROSSBOW_UNDEAD	1
T5_2H_REPEATINGCROSSBOW_UNDEAD	1	T5_PLANKS_LEVEL1	20
T5_2H_REPEATINGCROSSBOW_UNDEAD	1	T5_METALBAR_LEVEL1	12
T5_2H_REPEATINGCROSSBOW_UNDEAD	1	T5_ARTEFACT_2H_REPEATINGCROSSBOW_UNDEAD	1
T5_2H_REPEATINGCROSSBOW_UNDEAD	2	T5_PLANKS_LEVEL2	20
T5_2H_REPEATINGCROSSBOW_UNDEAD	2	T5_METALBAR_LEVEL2	12
T5_2H_REPEATINGCROSSBOW_UNDEAD	2	T5_ARTEFACT_2H_REPEATINGCROSSBOW_UNDEAD	1
T5_2H_REPEATINGCROSSBOW_UNDEAD	3	T5_PLANKS_LEVEL3	20
T5_2H_REPEATINGCROSSBOW_UNDEAD	3	T5_METALBAR_LEVEL3	12
T5_2H_REPEATINGCROSSBOW_UNDEAD	3	T5_ARTEFACT_2H_REPEATINGCROSSBOW_UNDEAD	1
T5_2H_REPEATINGCROSSBOW_UNDEAD	4	T5_PLANKS_LEVEL4	20
T5_2H_REPEATINGCROSSBOW_UNDEAD	4	T5_METALBAR_LEVEL4	12
T5_2H_REPEATINGCROSSBOW_UNDEAD	4	T5_ARTEFACT_2H_REPEATINGCROSSBOW_UNDEAD	1
T6_2H_REPEATINGCROSSBOW_UNDEAD	0	T6_PLANKS	20
T6_2H_REPEATINGCROSSBOW_UNDEAD	0	T6_METALBAR	12
T6_2H_REPEATINGCROSSBOW_UNDEAD	0	T6_ARTEFACT_2H_REPEATINGCROSSBOW_UNDEAD	1
T6_2H_REPEATINGCROSSBOW_UNDEAD	1	T6_PLANKS_LEVEL1	20
T6_2H_REPEATINGCROSSBOW_UNDEAD	1	T6_METALBAR_LEVEL1	12
T6_2H_REPEATINGCROSSBOW_UNDEAD	1	T6_ARTEFACT_2H_REPEATINGCROSSBOW_UNDEAD	1
T6_2H_REPEATINGCROSSBOW_UNDEAD	2	T6_PLANKS_LEVEL2	20
T6_2H_REPEATINGCROSSBOW_UNDEAD	2	T6_METALBAR_LEVEL2	12
T6_2H_REPEATINGCROSSBOW_UNDEAD	2	T6_ARTEFACT_2H_REPEATINGCROSSBOW_UNDEAD	1
T6_2H_REPEATINGCROSSBOW_UNDEAD	3	T6_PLANKS_LEVEL3	20
T6_2H_REPEATINGCROSSBOW_UNDEAD	3	T6_METALBAR_LEVEL3	12
T6_2H_REPEATINGCROSSBOW_UNDEAD	3	T6_ARTEFACT_2H_REPEATINGCROSSBOW_UNDEAD	1
T6_2H_REPEATINGCROSSBOW_UNDEAD	4	T6_PLANKS_LEVEL4	20
T6_2H_REPEATINGCROSSBOW_UNDEAD	4	T6_METALBAR_LEVEL4	12
T6_2H_REPEATINGCROSSBOW_UNDEAD	4	T6_ARTEFACT_2H_REPEATINGCROSSBOW_UNDEAD	1
T7_2H_REPEATINGCROSSBOW_UNDEAD	0	T7_PLANKS	20
T7_2H_REPEATINGCROSSBOW_UNDEAD	0	T7_METALBAR	12
T7_2H_REPEATINGCROSSBOW_UNDEAD	0	T7_ARTEFACT_2H_REPEATINGCROSSBOW_UNDEAD	1
T7_2H_REPEATINGCROSSBOW_UNDEAD	1	T7_PLANKS_LEVEL1	20
T7_2H_REPEATINGCROSSBOW_UNDEAD	1	T7_METALBAR_LEVEL1	12
T7_2H_REPEATINGCROSSBOW_UNDEAD	1	T7_ARTEFACT_2H_REPEATINGCROSSBOW_UNDEAD	1
T7_2H_REPEATINGCROSSBOW_UNDEAD	2	T7_PLANKS_LEVEL2	20
T7_2H_REPEATINGCROSSBOW_UNDEAD	2	T7_METALBAR_LEVEL2	12
T7_2H_REPEATINGCROSSBOW_UNDEAD	2	T7_ARTEFACT_2H_REPEATINGCROSSBOW_UNDEAD	1
T7_2H_REPEATINGCROSSBOW_UNDEAD	3	T7_PLANKS_LEVEL3	20
T7_2H_REPEATINGCROSSBOW_UNDEAD	3	T7_METALBAR_LEVEL3	12
T7_2H_REPEATINGCROSSBOW_UNDEAD	3	T7_ARTEFACT_2H_REPEATINGCROSSBOW_UNDEAD	1
T7_2H_REPEATINGCROSSBOW_UNDEAD	4	T7_PLANKS_LEVEL4	20
T7_2H_REPEATINGCROSSBOW_UNDEAD	4	T7_METALBAR_LEVEL4	12
T7_2H_REPEATINGCROSSBOW_UNDEAD	4	T7_ARTEFACT_2H_REPEATINGCROSSBOW_UNDEAD	1
T8_2H_REPEATINGCROSSBOW_UNDEAD	0	T8_PLANKS	20
T8_2H_REPEATINGCROSSBOW_UNDEAD	0	T8_METALBAR	12
T8_2H_REPEATINGCROSSBOW_UNDEAD	0	T8_ARTEFACT_2H_REPEATINGCROSSBOW_UNDEAD	1
T8_2H_REPEATINGCROSSBOW_UNDEAD	1	T8_PLANKS_LEVEL1	20
T8_2H_REPEATINGCROSSBOW_UNDEAD	1	T8_METALBAR_LEVEL1	12
T8_2H_REPEATINGCROSSBOW_UNDEAD	1	T8_ARTEFACT_2H_REPEATINGCROSSBOW_UNDEAD	1
T8_2H_REPEATINGCROSSBOW_UNDEAD	2	T8_PLANKS_LEVEL2	20
T8_2H_REPEATINGCROSSBOW_UNDEAD	2	T8_METALBAR_LEVEL2	12
T8_2H_REPEATINGCROSSBOW_UNDEAD	2	T8_ARTEFACT_2H_REPEATINGCROSSBOW_UNDEAD	1
T8_2H_REPEATINGCROSSBOW_UNDEAD	3	T8_PLANKS_LEVEL3	20
T8_2H_REPEATINGCROSSBOW_UNDEAD	3	T8_METALBAR_LEVEL3	12
T8_2H_REPEATINGCROSSBOW_UNDEAD	3	T8_ARTEFACT_2H_REPEATINGCROSSBOW_UNDEAD	1
T8_2H_REPEATINGCROSSBOW_UNDEAD	4	T8_PLANKS_LEVEL4	20
T8_2H_REPEATINGCROSSBOW_UNDEAD	4	T8_METALBAR_LEVEL4	12
T8_2H_REPEATINGCROSSBOW_UNDEAD	4	T8_ARTEFACT_2H_REPEATINGCROSSBOW_UNDEAD	1
T4_2H_DUALCROSSBOW_HELL	0	T4_PLANKS	20
T4_2H_DUALCROSSBOW_HELL	0	T4_METALBAR	12
T4_2H_DUALCROSSBOW_HELL	0	T4_ARTEFACT_2H_DUALCROSSBOW_HELL	1
T4_2H_DUALCROSSBOW_HELL	1	T4_PLANKS_LEVEL1	20
T4_2H_DUALCROSSBOW_HELL	1	T4_METALBAR_LEVEL1	12
T4_2H_DUALCROSSBOW_HELL	1	T4_ARTEFACT_2H_DUALCROSSBOW_HELL	1
T4_2H_DUALCROSSBOW_HELL	2	T4_PLANKS_LEVEL2	20
T4_2H_DUALCROSSBOW_HELL	2	T4_METALBAR_LEVEL2	12
T4_2H_DUALCROSSBOW_HELL	2	T4_ARTEFACT_2H_DUALCROSSBOW_HELL	1
T4_2H_DUALCROSSBOW_HELL	3	T4_PLANKS_LEVEL3	20
T4_2H_DUALCROSSBOW_HELL	3	T4_METALBAR_LEVEL3	12
T4_2H_DUALCROSSBOW_HELL	3	T4_ARTEFACT_2H_DUALCROSSBOW_HELL	1
T4_2H_DUALCROSSBOW_HELL	4	T4_PLANKS_LEVEL4	20
T4_2H_DUALCROSSBOW_HELL	4	T4_METALBAR_LEVEL4	12
T4_2H_DUALCROSSBOW_HELL	4	T4_ARTEFACT_2H_DUALCROSSBOW_HELL	1
T5_2H_DUALCROSSBOW_HELL	0	T5_PLANKS	20
T5_2H_DUALCROSSBOW_HELL	0	T5_METALBAR	12
T5_2H_DUALCROSSBOW_HELL	0	T5_ARTEFACT_2H_DUALCROSSBOW_HELL	1
T5_2H_DUALCROSSBOW_HELL	1	T5_PLANKS_LEVEL1	20
T5_2H_DUALCROSSBOW_HELL	1	T5_METALBAR_LEVEL1	12
T5_2H_DUALCROSSBOW_HELL	1	T5_ARTEFACT_2H_DUALCROSSBOW_HELL	1
T5_2H_DUALCROSSBOW_HELL	2	T5_PLANKS_LEVEL2	20
T5_2H_DUALCROSSBOW_HELL	2	T5_METALBAR_LEVEL2	12
T5_2H_DUALCROSSBOW_HELL	2	T5_ARTEFACT_2H_DUALCROSSBOW_HELL	1
T5_2H_DUALCROSSBOW_HELL	3	T5_PLANKS_LEVEL3	20
T5_2H_DUALCROSSBOW_HELL	3	T5_METALBAR_LEVEL3	12
T5_2H_DUALCROSSBOW_HELL	3	T5_ARTEFACT_2H_DUALCROSSBOW_HELL	1
T5_2H_DUALCROSSBOW_HELL	4	T5_PLANKS_LEVEL4	20
T5_2H_DUALCROSSBOW_HELL	4	T5_METALBAR_LEVEL4	12
T5_2H_DUALCROSSBOW_HELL	4	T5_ARTEFACT_2H_DUALCROSSBOW_HELL	1
T6_2H_DUALCROSSBOW_HELL	0	T6_PLANKS	20
T6_2H_DUALCROSSBOW_HELL	0	T6_METALBAR	12
T6_2H_DUALCROSSBOW_HELL	0	T6_ARTEFACT_2H_DUALCROSSBOW_HELL	1
T6_2H_DUALCROSSBOW_HELL	1	T6_PLANKS_LEVEL1	20
T6_2H_DUALCROSSBOW_HELL	1	T6_METALBAR_LEVEL1	12
T6_2H_DUALCROSSBOW_HELL	1	T6_ARTEFACT_2H_DUALCROSSBOW_HELL	1
T6_2H_DUALCROSSBOW_HELL	2	T6_PLANKS_LEVEL2	20
T6_2H_DUALCROSSBOW_HELL	2	T6_METALBAR_LEVEL2	12
T6_2H_DUALCROSSBOW_HELL	2	T6_ARTEFACT_2H_DUALCROSSBOW_HELL	1
T6_2H_DUALCROSSBOW_HELL	3	T6_PLANKS_LEVEL3	20
T6_2H_DUALCROSSBOW_HELL	3	T6_METALBAR_LEVEL3	12
T6_2H_DUALCROSSBOW_HELL	3	T6_ARTEFACT_2H_DUALCROSSBOW_HELL	1
T6_2H_DUALCROSSBOW_HELL	4	T6_PLANKS_LEVEL4	20
T6_2H_DUALCROSSBOW_HELL	4	T6_METALBAR_LEVEL4	12
T6_2H_DUALCROSSBOW_HELL	4	T6_ARTEFACT_2H_DUALCROSSBOW_HELL	1
T7_2H_DUALCROSSBOW_HELL	0	T7_PLANKS	20
T7_2H_DUALCROSSBOW_HELL	0	T7_METALBAR	12
T7_2H_DUALCROSSBOW_HELL	0	T7_ARTEFACT_2H_DUALCROSSBOW_HELL	1
T7_2H_DUALCROSSBOW_HELL	1	T7_PLANKS_LEVEL1	20
T7_2H_DUALCROSSBOW_HELL	1	T7_METALBAR_LEVEL1	12
T7_2H_DUALCROSSBOW_HELL	1	T7_ARTEFACT_2H_DUALCROSSBOW_HELL	1
T7_2H_DUALCROSSBOW_HELL	2	T7_PLANKS_LEVEL2	20
T7_2H_DUALCROSSBOW_HELL	2	T7_METALBAR_LEVEL2	12
T7_2H_DUALCROSSBOW_HELL	2	T7_ARTEFACT_2H_DUALCROSSBOW_HELL	1
T7_2H_DUALCROSSBOW_HELL	3	T7_PLANKS_LEVEL3	20
T7_2H_DUALCROSSBOW_HELL	3	T7_METALBAR_LEVEL3	12
T7_2H_DUALCROSSBOW_HELL	3	T7_ARTEFACT_2H_DUALCROSSBOW_HELL	1
T7_2H_DUALCROSSBOW_HELL	4	T7_PLANKS_LEVEL4	20
T7_2H_DUALCROSSBOW_HELL	4	T7_METALBAR_LEVEL4	12
T7_2H_DUALCROSSBOW_HELL	4	T7_ARTEFACT_2H_DUALCROSSBOW_HELL	1
T8_2H_DUALCROSSBOW_HELL	0	T8_PLANKS	20
T8_2H_DUALCROSSBOW_HELL	0	T8_METALBAR	12
T8_2H_DUALCROSSBOW_HELL	0	T8_ARTEFACT_2H_DUALCROSSBOW_HELL	1
T8_2H_DUALCROSSBOW_HELL	1	T8_PLANKS_LEVEL1	20
T8_2H_DUALCROSSBOW_HELL	1	T8_METALBAR_LEVEL1	12
T8_2H_DUALCROSSBOW_HELL	1	T8_ARTEFACT_2H_DUALCROSSBOW_HELL	1
T8_2H_DUALCROSSBOW_HELL	2	T8_PLANKS_LEVEL2	20
T8_2H_DUALCROSSBOW_HELL	2	T8_METALBAR_LEVEL2	12
T8_2H_DUALCROSSBOW_HELL	2	T8_ARTEFACT_2H_DUALCROSSBOW_HELL	1
T8_2H_DUALCROSSBOW_HELL	3	T8_PLANKS_LEVEL3	20
T8_2H_DUALCROSSBOW_HELL	3	T8_METALBAR_LEVEL3	12
T8_2H_DUALCROSSBOW_HELL	3	T8_ARTEFACT_2H_DUALCROSSBOW_HELL	1
T8_2H_DUALCROSSBOW_HELL	4	T8_PLANKS_LEVEL4	20
T8_2H_DUALCROSSBOW_HELL	4	T8_METALBAR_LEVEL4	12
T8_2H_DUALCROSSBOW_HELL	4	T8_ARTEFACT_2H_DUALCROSSBOW_HELL	1
T4_2H_CROSSBOWLARGE_MORGANA	0	T4_PLANKS	20
T4_2H_CROSSBOWLARGE_MORGANA	0	T4_METALBAR	12
T4_2H_CROSSBOWLARGE_MORGANA	0	T4_ARTEFACT_2H_CROSSBOWLARGE_MORGANA	1
T4_2H_CROSSBOWLARGE_MORGANA	1	T4_PLANKS_LEVEL1	20
T4_2H_CROSSBOWLARGE_MORGANA	1	T4_METALBAR_LEVEL1	12
T4_2H_CROSSBOWLARGE_MORGANA	1	T4_ARTEFACT_2H_CROSSBOWLARGE_MORGANA	1
T4_2H_CROSSBOWLARGE_MORGANA	2	T4_PLANKS_LEVEL2	20
T4_2H_CROSSBOWLARGE_MORGANA	2	T4_METALBAR_LEVEL2	12
T4_2H_CROSSBOWLARGE_MORGANA	2	T4_ARTEFACT_2H_CROSSBOWLARGE_MORGANA	1
T4_2H_CROSSBOWLARGE_MORGANA	3	T4_PLANKS_LEVEL3	20
T4_2H_CROSSBOWLARGE_MORGANA	3	T4_METALBAR_LEVEL3	12
T4_2H_CROSSBOWLARGE_MORGANA	3	T4_ARTEFACT_2H_CROSSBOWLARGE_MORGANA	1
T4_2H_CROSSBOWLARGE_MORGANA	4	T4_PLANKS_LEVEL4	20
T4_2H_CROSSBOWLARGE_MORGANA	4	T4_METALBAR_LEVEL4	12
T4_2H_CROSSBOWLARGE_MORGANA	4	T4_ARTEFACT_2H_CROSSBOWLARGE_MORGANA	1
T5_2H_CROSSBOWLARGE_MORGANA	0	T5_PLANKS	20
T5_2H_CROSSBOWLARGE_MORGANA	0	T5_METALBAR	12
T5_2H_CROSSBOWLARGE_MORGANA	0	T5_ARTEFACT_2H_CROSSBOWLARGE_MORGANA	1
T5_2H_CROSSBOWLARGE_MORGANA	1	T5_PLANKS_LEVEL1	20
T5_2H_CROSSBOWLARGE_MORGANA	1	T5_METALBAR_LEVEL1	12
T5_2H_CROSSBOWLARGE_MORGANA	1	T5_ARTEFACT_2H_CROSSBOWLARGE_MORGANA	1
T5_2H_CROSSBOWLARGE_MORGANA	2	T5_PLANKS_LEVEL2	20
T5_2H_CROSSBOWLARGE_MORGANA	2	T5_METALBAR_LEVEL2	12
T5_2H_CROSSBOWLARGE_MORGANA	2	T5_ARTEFACT_2H_CROSSBOWLARGE_MORGANA	1
T5_2H_CROSSBOWLARGE_MORGANA	3	T5_PLANKS_LEVEL3	20
T5_2H_CROSSBOWLARGE_MORGANA	3	T5_METALBAR_LEVEL3	12
T5_2H_CROSSBOWLARGE_MORGANA	3	T5_ARTEFACT_2H_CROSSBOWLARGE_MORGANA	1
T5_2H_CROSSBOWLARGE_MORGANA	4	T5_PLANKS_LEVEL4	20
T5_2H_CROSSBOWLARGE_MORGANA	4	T5_METALBAR_LEVEL4	12
T5_2H_CROSSBOWLARGE_MORGANA	4	T5_ARTEFACT_2H_CROSSBOWLARGE_MORGANA	1
T6_2H_CROSSBOWLARGE_MORGANA	0	T6_PLANKS	20
T6_2H_CROSSBOWLARGE_MORGANA	0	T6_METALBAR	12
T6_2H_CROSSBOWLARGE_MORGANA	0	T6_ARTEFACT_2H_CROSSBOWLARGE_MORGANA	1
T6_2H_CROSSBOWLARGE_MORGANA	1	T6_PLANKS_LEVEL1	20
T6_2H_CROSSBOWLARGE_MORGANA	1	T6_METALBAR_LEVEL1	12
T6_2H_CROSSBOWLARGE_MORGANA	1	T6_ARTEFACT_2H_CROSSBOWLARGE_MORGANA	1
T6_2H_CROSSBOWLARGE_MORGANA	2	T6_PLANKS_LEVEL2	20
T6_2H_CROSSBOWLARGE_MORGANA	2	T6_METALBAR_LEVEL2	12
T6_2H_CROSSBOWLARGE_MORGANA	2	T6_ARTEFACT_2H_CROSSBOWLARGE_MORGANA	1
T6_2H_CROSSBOWLARGE_MORGANA	3	T6_PLANKS_LEVEL3	20
T6_2H_CROSSBOWLARGE_MORGANA	3	T6_METALBAR_LEVEL3	12
T6_2H_CROSSBOWLARGE_MORGANA	3	T6_ARTEFACT_2H_CROSSBOWLARGE_MORGANA	1
T6_2H_CROSSBOWLARGE_MORGANA	4	T6_PLANKS_LEVEL4	20
T6_2H_CROSSBOWLARGE_MORGANA	4	T6_METALBAR_LEVEL4	12
T6_2H_CROSSBOWLARGE_MORGANA	4	T6_ARTEFACT_2H_CROSSBOWLARGE_MORGANA	1
T7_2H_CROSSBOWLARGE_MORGANA	0	T7_PLANKS	20
T7_2H_CROSSBOWLARGE_MORGANA	0	T7_METALBAR	12
T7_2H_CROSSBOWLARGE_MORGANA	0	T7_ARTEFACT_2H_CROSSBOWLARGE_MORGANA	1
T7_2H_CROSSBOWLARGE_MORGANA	1	T7_PLANKS_LEVEL1	20
T7_2H_CROSSBOWLARGE_MORGANA	1	T7_METALBAR_LEVEL1	12
T7_2H_CROSSBOWLARGE_MORGANA	1	T7_ARTEFACT_2H_CROSSBOWLARGE_MORGANA	1
T7_2H_CROSSBOWLARGE_MORGANA	2	T7_PLANKS_LEVEL2	20
T7_2H_CROSSBOWLARGE_MORGANA	2	T7_METALBAR_LEVEL2	12
T7_2H_CROSSBOWLARGE_MORGANA	2	T7_ARTEFACT_2H_CROSSBOWLARGE_MORGANA	1
T7_2H_CROSSBOWLARGE_MORGANA	3	T7_PLANKS_LEVEL3	20
T7_2H_CROSSBOWLARGE_MORGANA	3	T7_METALBAR_LEVEL3	12
T7_2H_CROSSBOWLARGE_MORGANA	3	T7_ARTEFACT_2H_CROSSBOWLARGE_MORGANA	1
T7_2H_CROSSBOWLARGE_MORGANA	4	T7_PLANKS_LEVEL4	20
T7_2H_CROSSBOWLARGE_MORGANA	4	T7_METALBAR_LEVEL4	12
T7_2H_CROSSBOWLARGE_MORGANA	4	T7_ARTEFACT_2H_CROSSBOWLARGE_MORGANA	1
T8_2H_CROSSBOWLARGE_MORGANA	0	T8_PLANKS	20
T8_2H_CROSSBOWLARGE_MORGANA	0	T8_METALBAR	12
T8_2H_CROSSBOWLARGE_MORGANA	0	T8_ARTEFACT_2H_CROSSBOWLARGE_MORGANA	1
T8_2H_CROSSBOWLARGE_MORGANA	1	T8_PLANKS_LEVEL1	20
T8_2H_CROSSBOWLARGE_MORGANA	1	T8_METALBAR_LEVEL1	12
T8_2H_CROSSBOWLARGE_MORGANA	1	T8_ARTEFACT_2H_CROSSBOWLARGE_MORGANA	1
T8_2H_CROSSBOWLARGE_MORGANA	2	T8_PLANKS_LEVEL2	20
T8_2H_CROSSBOWLARGE_MORGANA	2	T8_METALBAR_LEVEL2	12
T8_2H_CROSSBOWLARGE_MORGANA	2	T8_ARTEFACT_2H_CROSSBOWLARGE_MORGANA	1
T8_2H_CROSSBOWLARGE_MORGANA	3	T8_PLANKS_LEVEL3	20
T8_2H_CROSSBOWLARGE_MORGANA	3	T8_METALBAR_LEVEL3	12
T8_2H_CROSSBOWLARGE_MORGANA	3	T8_ARTEFACT_2H_CROSSBOWLARGE_MORGANA	1
T8_2H_CROSSBOWLARGE_MORGANA	4	T8_PLANKS_LEVEL4	20
T8_2H_CROSSBOWLARGE_MORGANA	4	T8_METALBAR_LEVEL4	12
T8_2H_CROSSBOWLARGE_MORGANA	4	T8_ARTEFACT_2H_CROSSBOWLARGE_MORGANA	1
T4_2H_CROSSBOW_CANNON_AVALON	0	T4_PLANKS	20
T4_2H_CROSSBOW_CANNON_AVALON	0	T4_METALBAR	12
T4_2H_CROSSBOW_CANNON_AVALON	0	T4_ARTEFACT_2H_CROSSBOW_CANNON_AVALON	1
T4_2H_CROSSBOW_CANNON_AVALON	1	T4_PLANKS_LEVEL1	20
T4_2H_CROSSBOW_CANNON_AVALON	1	T4_METALBAR_LEVEL1	12
T4_2H_CROSSBOW_CANNON_AVALON	1	T4_ARTEFACT_2H_CROSSBOW_CANNON_AVALON	1
T4_2H_CROSSBOW_CANNON_AVALON	2	T4_PLANKS_LEVEL2	20
T4_2H_CROSSBOW_CANNON_AVALON	2	T4_METALBAR_LEVEL2	12
T4_2H_CROSSBOW_CANNON_AVALON	2	T4_ARTEFACT_2H_CROSSBOW_CANNON_AVALON	1
T4_2H_CROSSBOW_CANNON_AVALON	3	T4_PLANKS_LEVEL3	20
T4_2H_CROSSBOW_CANNON_AVALON	3	T4_METALBAR_LEVEL3	12
T4_2H_CROSSBOW_CANNON_AVALON	3	T4_ARTEFACT_2H_CROSSBOW_CANNON_AVALON	1
T4_2H_CROSSBOW_CANNON_AVALON	4	T4_PLANKS_LEVEL4	20
T4_2H_CROSSBOW_CANNON_AVALON	4	T4_METALBAR_LEVEL4	12
T4_2H_CROSSBOW_CANNON_AVALON	4	T4_ARTEFACT_2H_CROSSBOW_CANNON_AVALON	1
T5_2H_CROSSBOW_CANNON_AVALON	0	T5_PLANKS	20
T5_2H_CROSSBOW_CANNON_AVALON	0	T5_METALBAR	12
T5_2H_CROSSBOW_CANNON_AVALON	0	T5_ARTEFACT_2H_CROSSBOW_CANNON_AVALON	1
T5_2H_CROSSBOW_CANNON_AVALON	1	T5_PLANKS_LEVEL1	20
T5_2H_CROSSBOW_CANNON_AVALON	1	T5_METALBAR_LEVEL1	12
T5_2H_CROSSBOW_CANNON_AVALON	1	T5_ARTEFACT_2H_CROSSBOW_CANNON_AVALON	1
T5_2H_CROSSBOW_CANNON_AVALON	2	T5_PLANKS_LEVEL2	20
T5_2H_CROSSBOW_CANNON_AVALON	2	T5_METALBAR_LEVEL2	12
T5_2H_CROSSBOW_CANNON_AVALON	2	T5_ARTEFACT_2H_CROSSBOW_CANNON_AVALON	1
T5_2H_CROSSBOW_CANNON_AVALON	3	T5_PLANKS_LEVEL3	20
T5_2H_CROSSBOW_CANNON_AVALON	3	T5_METALBAR_LEVEL3	12
T5_2H_CROSSBOW_CANNON_AVALON	3	T5_ARTEFACT_2H_CROSSBOW_CANNON_AVALON	1
T5_2H_CROSSBOW_CANNON_AVALON	4	T5_PLANKS_LEVEL4	20
T5_2H_CROSSBOW_CANNON_AVALON	4	T5_METALBAR_LEVEL4	12
T5_2H_CROSSBOW_CANNON_AVALON	4	T5_ARTEFACT_2H_CROSSBOW_CANNON_AVALON	1
T6_2H_CROSSBOW_CANNON_AVALON	0	T6_PLANKS	20
T6_2H_CROSSBOW_CANNON_AVALON	0	T6_METALBAR	12
T6_2H_CROSSBOW_CANNON_AVALON	0	T6_ARTEFACT_2H_CROSSBOW_CANNON_AVALON	1
T6_2H_CROSSBOW_CANNON_AVALON	1	T6_PLANKS_LEVEL1	20
T6_2H_CROSSBOW_CANNON_AVALON	1	T6_METALBAR_LEVEL1	12
T6_2H_CROSSBOW_CANNON_AVALON	1	T6_ARTEFACT_2H_CROSSBOW_CANNON_AVALON	1
T6_2H_CROSSBOW_CANNON_AVALON	2	T6_PLANKS_LEVEL2	20
T6_2H_CROSSBOW_CANNON_AVALON	2	T6_METALBAR_LEVEL2	12
T6_2H_CROSSBOW_CANNON_AVALON	2	T6_ARTEFACT_2H_CROSSBOW_CANNON_AVALON	1
T6_2H_CROSSBOW_CANNON_AVALON	3	T6_PLANKS_LEVEL3	20
T6_2H_CROSSBOW_CANNON_AVALON	3	T6_METALBAR_LEVEL3	12
T6_2H_CROSSBOW_CANNON_AVALON	3	T6_ARTEFACT_2H_CROSSBOW_CANNON_AVALON	1
T6_2H_CROSSBOW_CANNON_AVALON	4	T6_PLANKS_LEVEL4	20
T6_2H_CROSSBOW_CANNON_AVALON	4	T6_METALBAR_LEVEL4	12
T6_2H_CROSSBOW_CANNON_AVALON	4	T6_ARTEFACT_2H_CROSSBOW_CANNON_AVALON	1
T7_2H_CROSSBOW_CANNON_AVALON	0	T7_PLANKS	20
T7_2H_CROSSBOW_CANNON_AVALON	0	T7_METALBAR	12
T7_2H_CROSSBOW_CANNON_AVALON	0	T7_ARTEFACT_2H_CROSSBOW_CANNON_AVALON	1
T7_2H_CROSSBOW_CANNON_AVALON	1	T7_PLANKS_LEVEL1	20
T7_2H_CROSSBOW_CANNON_AVALON	1	T7_METALBAR_LEVEL1	12
T7_2H_CROSSBOW_CANNON_AVALON	1	T7_ARTEFACT_2H_CROSSBOW_CANNON_AVALON	1
T7_2H_CROSSBOW_CANNON_AVALON	2	T7_PLANKS_LEVEL2	20
T7_2H_CROSSBOW_CANNON_AVALON	2	T7_METALBAR_LEVEL2	12
T7_2H_CROSSBOW_CANNON_AVALON	2	T7_ARTEFACT_2H_CROSSBOW_CANNON_AVALON	1
T7_2H_CROSSBOW_CANNON_AVALON	3	T7_PLANKS_LEVEL3	20
T7_2H_CROSSBOW_CANNON_AVALON	3	T7_METALBAR_LEVEL3	12
T7_2H_CROSSBOW_CANNON_AVALON	3	T7_ARTEFACT_2H_CROSSBOW_CANNON_AVALON	1
T7_2H_CROSSBOW_CANNON_AVALON	4	T7_PLANKS_LEVEL4	20
T7_2H_CROSSBOW_CANNON_AVALON	4	T7_METALBAR_LEVEL4	12
T7_2H_CROSSBOW_CANNON_AVALON	4	T7_ARTEFACT_2H_CROSSBOW_CANNON_AVALON	1
T8_2H_CROSSBOW_CANNON_AVALON	0	T8_PLANKS	20
T8_2H_CROSSBOW_CANNON_AVALON	0	T8_METALBAR	12
T8_2H_CROSSBOW_CANNON_AVALON	0	T8_ARTEFACT_2H_CROSSBOW_CANNON_AVALON	1
T8_2H_CROSSBOW_CANNON_AVALON	1	T8_PLANKS_LEVEL1	20
T8_2H_CROSSBOW_CANNON_AVALON	1	T8_METALBAR_LEVEL1	12
T8_2H_CROSSBOW_CANNON_AVALON	1	T8_ARTEFACT_2H_CROSSBOW_CANNON_AVALON	1
T8_2H_CROSSBOW_CANNON_AVALON	2	T8_PLANKS_LEVEL2	20
T8_2H_CROSSBOW_CANNON_AVALON	2	T8_METALBAR_LEVEL2	12
T8_2H_CROSSBOW_CANNON_AVALON	2	T8_ARTEFACT_2H_CROSSBOW_CANNON_AVALON	1
T8_2H_CROSSBOW_CANNON_AVALON	3	T8_PLANKS_LEVEL3	20
T8_2H_CROSSBOW_CANNON_AVALON	3	T8_METALBAR_LEVEL3	12
T8_2H_CROSSBOW_CANNON_AVALON	3	T8_ARTEFACT_2H_CROSSBOW_CANNON_AVALON	1
T8_2H_CROSSBOW_CANNON_AVALON	4	T8_PLANKS_LEVEL4	20
T8_2H_CROSSBOW_CANNON_AVALON	4	T8_METALBAR_LEVEL4	12
T8_2H_CROSSBOW_CANNON_AVALON	4	T8_ARTEFACT_2H_CROSSBOW_CANNON_AVALON	1
T4_2H_DUALCROSSBOW_CRYSTAL	0	T4_PLANKS	20
T4_2H_DUALCROSSBOW_CRYSTAL	0	T4_METALBAR	12
T4_2H_DUALCROSSBOW_CRYSTAL	0	T4_ARTEFACT_2H_DUALCROSSBOW_CRYSTAL	1
T4_2H_DUALCROSSBOW_CRYSTAL	1	T4_PLANKS_LEVEL1	20
T4_2H_DUALCROSSBOW_CRYSTAL	1	T4_METALBAR_LEVEL1	12
T4_2H_DUALCROSSBOW_CRYSTAL	1	T4_ARTEFACT_2H_DUALCROSSBOW_CRYSTAL	1
T4_2H_DUALCROSSBOW_CRYSTAL	2	T4_PLANKS_LEVEL2	20
T4_2H_DUALCROSSBOW_CRYSTAL	2	T4_METALBAR_LEVEL2	12
T4_2H_DUALCROSSBOW_CRYSTAL	2	T4_ARTEFACT_2H_DUALCROSSBOW_CRYSTAL	1
T4_2H_DUALCROSSBOW_CRYSTAL	3	T4_PLANKS_LEVEL3	20
T4_2H_DUALCROSSBOW_CRYSTAL	3	T4_METALBAR_LEVEL3	12
T4_2H_DUALCROSSBOW_CRYSTAL	3	T4_ARTEFACT_2H_DUALCROSSBOW_CRYSTAL	1
T4_2H_DUALCROSSBOW_CRYSTAL	4	T4_PLANKS_LEVEL4	20
T4_2H_DUALCROSSBOW_CRYSTAL	4	T4_METALBAR_LEVEL4	12
T4_2H_DUALCROSSBOW_CRYSTAL	4	T4_ARTEFACT_2H_DUALCROSSBOW_CRYSTAL	1
T5_2H_DUALCROSSBOW_CRYSTAL	0	T5_PLANKS	20
T5_2H_DUALCROSSBOW_CRYSTAL	0	T5_METALBAR	12
T5_2H_DUALCROSSBOW_CRYSTAL	0	T5_ARTEFACT_2H_DUALCROSSBOW_CRYSTAL	1
T5_2H_DUALCROSSBOW_CRYSTAL	1	T5_PLANKS_LEVEL1	20
T5_2H_DUALCROSSBOW_CRYSTAL	1	T5_METALBAR_LEVEL1	12
T5_2H_DUALCROSSBOW_CRYSTAL	1	T5_ARTEFACT_2H_DUALCROSSBOW_CRYSTAL	1
T5_2H_DUALCROSSBOW_CRYSTAL	2	T5_PLANKS_LEVEL2	20
T5_2H_DUALCROSSBOW_CRYSTAL	2	T5_METALBAR_LEVEL2	12
T5_2H_DUALCROSSBOW_CRYSTAL	2	T5_ARTEFACT_2H_DUALCROSSBOW_CRYSTAL	1
T5_2H_DUALCROSSBOW_CRYSTAL	3	T5_PLANKS_LEVEL3	20
T5_2H_DUALCROSSBOW_CRYSTAL	3	T5_METALBAR_LEVEL3	12
T5_2H_DUALCROSSBOW_CRYSTAL	3	T5_ARTEFACT_2H_DUALCROSSBOW_CRYSTAL	1
T5_2H_DUALCROSSBOW_CRYSTAL	4	T5_PLANKS_LEVEL4	20
T5_2H_DUALCROSSBOW_CRYSTAL	4	T5_METALBAR_LEVEL4	12
T5_2H_DUALCROSSBOW_CRYSTAL	4	T5_ARTEFACT_2H_DUALCROSSBOW_CRYSTAL	1
T6_2H_DUALCROSSBOW_CRYSTAL	0	T6_PLANKS	20
T6_2H_DUALCROSSBOW_CRYSTAL	0	T6_METALBAR	12
T6_2H_DUALCROSSBOW_CRYSTAL	0	T6_ARTEFACT_2H_DUALCROSSBOW_CRYSTAL	1
T6_2H_DUALCROSSBOW_CRYSTAL	1	T6_PLANKS_LEVEL1	20
T6_2H_DUALCROSSBOW_CRYSTAL	1	T6_METALBAR_LEVEL1	12
T6_2H_DUALCROSSBOW_CRYSTAL	1	T6_ARTEFACT_2H_DUALCROSSBOW_CRYSTAL	1
T6_2H_DUALCROSSBOW_CRYSTAL	2	T6_PLANKS_LEVEL2	20
T6_2H_DUALCROSSBOW_CRYSTAL	2	T6_METALBAR_LEVEL2	12
T6_2H_DUALCROSSBOW_CRYSTAL	2	T6_ARTEFACT_2H_DUALCROSSBOW_CRYSTAL	1
T6_2H_DUALCROSSBOW_CRYSTAL	3	T6_PLANKS_LEVEL3	20
T6_2H_DUALCROSSBOW_CRYSTAL	3	T6_METALBAR_LEVEL3	12
T6_2H_DUALCROSSBOW_CRYSTAL	3	T6_ARTEFACT_2H_DUALCROSSBOW_CRYSTAL	1
T6_2H_DUALCROSSBOW_CRYSTAL	4	T6_PLANKS_LEVEL4	20
T6_2H_DUALCROSSBOW_CRYSTAL	4	T6_METALBAR_LEVEL4	12
T6_2H_DUALCROSSBOW_CRYSTAL	4	T6_ARTEFACT_2H_DUALCROSSBOW_CRYSTAL	1
T7_2H_DUALCROSSBOW_CRYSTAL	0	T7_PLANKS	20
T7_2H_DUALCROSSBOW_CRYSTAL	0	T7_METALBAR	12
T7_2H_DUALCROSSBOW_CRYSTAL	0	T7_ARTEFACT_2H_DUALCROSSBOW_CRYSTAL	1
T7_2H_DUALCROSSBOW_CRYSTAL	1	T7_PLANKS_LEVEL1	20
T7_2H_DUALCROSSBOW_CRYSTAL	1	T7_METALBAR_LEVEL1	12
T7_2H_DUALCROSSBOW_CRYSTAL	1	T7_ARTEFACT_2H_DUALCROSSBOW_CRYSTAL	1
T7_2H_DUALCROSSBOW_CRYSTAL	2	T7_PLANKS_LEVEL2	20
T7_2H_DUALCROSSBOW_CRYSTAL	2	T7_METALBAR_LEVEL2	12
T7_2H_DUALCROSSBOW_CRYSTAL	2	T7_ARTEFACT_2H_DUALCROSSBOW_CRYSTAL	1
T7_2H_DUALCROSSBOW_CRYSTAL	3	T7_PLANKS_LEVEL3	20
T7_2H_DUALCROSSBOW_CRYSTAL	3	T7_METALBAR_LEVEL3	12
T7_2H_DUALCROSSBOW_CRYSTAL	3	T7_ARTEFACT_2H_DUALCROSSBOW_CRYSTAL	1
T7_2H_DUALCROSSBOW_CRYSTAL	4	T7_PLANKS_LEVEL4	20
T7_2H_DUALCROSSBOW_CRYSTAL	4	T7_METALBAR_LEVEL4	12
T7_2H_DUALCROSSBOW_CRYSTAL	4	T7_ARTEFACT_2H_DUALCROSSBOW_CRYSTAL	1
T8_2H_DUALCROSSBOW_CRYSTAL	0	T8_PLANKS	20
T8_2H_DUALCROSSBOW_CRYSTAL	0	T8_METALBAR	12
T8_2H_DUALCROSSBOW_CRYSTAL	0	T8_ARTEFACT_2H_DUALCROSSBOW_CRYSTAL	1
T8_2H_DUALCROSSBOW_CRYSTAL	1	T8_PLANKS_LEVEL1	20
T8_2H_DUALCROSSBOW_CRYSTAL	1	T8_METALBAR_LEVEL1	12
T8_2H_DUALCROSSBOW_CRYSTAL	1	T8_ARTEFACT_2H_DUALCROSSBOW_CRYSTAL	1
T8_2H_DUALCROSSBOW_CRYSTAL	2	T8_PLANKS_LEVEL2	20
T8_2H_DUALCROSSBOW_CRYSTAL	2	T8_METALBAR_LEVEL2	12
T8_2H_DUALCROSSBOW_CRYSTAL	2	T8_ARTEFACT_2H_DUALCROSSBOW_CRYSTAL	1
T8_2H_DUALCROSSBOW_CRYSTAL	3	T8_PLANKS_LEVEL3	20
T8_2H_DUALCROSSBOW_CRYSTAL	3	T8_METALBAR_LEVEL3	12
T8_2H_DUALCROSSBOW_CRYSTAL	3	T8_ARTEFACT_2H_DUALCROSSBOW_CRYSTAL	1
T8_2H_DUALCROSSBOW_CRYSTAL	4	T8_PLANKS_LEVEL4	20
T8_2H_DUALCROSSBOW_CRYSTAL	4	T8_METALBAR_LEVEL4	12
T8_2H_DUALCROSSBOW_CRYSTAL	4	T8_ARTEFACT_2H_DUALCROSSBOW_CRYSTAL	1
T3_MAIN_CURSEDSTAFF	0	T3_PLANKS	16
T3_MAIN_CURSEDSTAFF	0	T3_METALBAR	8
T4_MAIN_CURSEDSTAFF	0	T4_PLANKS	16
T4_MAIN_CURSEDSTAFF	0	T4_METALBAR	8
T4_MAIN_CURSEDSTAFF	1	T4_PLANKS_LEVEL1	16
T4_MAIN_CURSEDSTAFF	1	T4_METALBAR_LEVEL1	8
T4_MAIN_CURSEDSTAFF	2	T4_PLANKS_LEVEL2	16
T4_MAIN_CURSEDSTAFF	2	T4_METALBAR_LEVEL2	8
T4_MAIN_CURSEDSTAFF	3	T4_PLANKS_LEVEL3	16
T4_MAIN_CURSEDSTAFF	3	T4_METALBAR_LEVEL3	8
T4_MAIN_CURSEDSTAFF	4	T4_PLANKS_LEVEL4	16
T4_MAIN_CURSEDSTAFF	4	T4_METALBAR_LEVEL4	8
T5_MAIN_CURSEDSTAFF	0	T5_PLANKS	16
T5_MAIN_CURSEDSTAFF	0	T5_METALBAR	8
T5_MAIN_CURSEDSTAFF	1	T5_PLANKS_LEVEL1	16
T5_MAIN_CURSEDSTAFF	1	T5_METALBAR_LEVEL1	8
T5_MAIN_CURSEDSTAFF	2	T5_PLANKS_LEVEL2	16
T5_MAIN_CURSEDSTAFF	2	T5_METALBAR_LEVEL2	8
T5_MAIN_CURSEDSTAFF	3	T5_PLANKS_LEVEL3	16
T5_MAIN_CURSEDSTAFF	3	T5_METALBAR_LEVEL3	8
T5_MAIN_CURSEDSTAFF	4	T5_PLANKS_LEVEL4	16
T5_MAIN_CURSEDSTAFF	4	T5_METALBAR_LEVEL4	8
T6_MAIN_CURSEDSTAFF	0	T6_PLANKS	16
T6_MAIN_CURSEDSTAFF	0	T6_METALBAR	8
T6_MAIN_CURSEDSTAFF	1	T6_PLANKS_LEVEL1	16
T6_MAIN_CURSEDSTAFF	1	T6_METALBAR_LEVEL1	8
T6_MAIN_CURSEDSTAFF	2	T6_PLANKS_LEVEL2	16
T6_MAIN_CURSEDSTAFF	2	T6_METALBAR_LEVEL2	8
T6_MAIN_CURSEDSTAFF	3	T6_PLANKS_LEVEL3	16
T6_MAIN_CURSEDSTAFF	3	T6_METALBAR_LEVEL3	8
T6_MAIN_CURSEDSTAFF	4	T6_PLANKS_LEVEL4	16
T6_MAIN_CURSEDSTAFF	4	T6_METALBAR_LEVEL4	8
T7_MAIN_CURSEDSTAFF	0	T7_PLANKS	16
T7_MAIN_CURSEDSTAFF	0	T7_METALBAR	8
T7_MAIN_CURSEDSTAFF	1	T7_PLANKS_LEVEL1	16
T7_MAIN_CURSEDSTAFF	1	T7_METALBAR_LEVEL1	8
T7_MAIN_CURSEDSTAFF	2	T7_PLANKS_LEVEL2	16
T7_MAIN_CURSEDSTAFF	2	T7_METALBAR_LEVEL2	8
T7_MAIN_CURSEDSTAFF	3	T7_PLANKS_LEVEL3	16
T7_MAIN_CURSEDSTAFF	3	T7_METALBAR_LEVEL3	8
T7_MAIN_CURSEDSTAFF	4	T7_PLANKS_LEVEL4	16
T7_MAIN_CURSEDSTAFF	4	T7_METALBAR_LEVEL4	8
T8_MAIN_CURSEDSTAFF	0	T8_PLANKS	16
T8_MAIN_CURSEDSTAFF	0	T8_METALBAR	8
T8_MAIN_CURSEDSTAFF	1	T8_PLANKS_LEVEL1	16
T8_MAIN_CURSEDSTAFF	1	T8_METALBAR_LEVEL1	8
T8_MAIN_CURSEDSTAFF	2	T8_PLANKS_LEVEL2	16
T8_MAIN_CURSEDSTAFF	2	T8_METALBAR_LEVEL2	8
T8_MAIN_CURSEDSTAFF	3	T8_PLANKS_LEVEL3	16
T8_MAIN_CURSEDSTAFF	3	T8_METALBAR_LEVEL3	8
T8_MAIN_CURSEDSTAFF	4	T8_PLANKS_LEVEL4	16
T8_MAIN_CURSEDSTAFF	4	T8_METALBAR_LEVEL4	8
T4_2H_CURSEDSTAFF	0	T4_PLANKS	20
T4_2H_CURSEDSTAFF	0	T4_METALBAR	12
T4_2H_CURSEDSTAFF	1	T4_PLANKS_LEVEL1	20
T4_2H_CURSEDSTAFF	1	T4_METALBAR_LEVEL1	12
T4_2H_CURSEDSTAFF	2	T4_PLANKS_LEVEL2	20
T4_2H_CURSEDSTAFF	2	T4_METALBAR_LEVEL2	12
T4_2H_CURSEDSTAFF	3	T4_PLANKS_LEVEL3	20
T4_2H_CURSEDSTAFF	3	T4_METALBAR_LEVEL3	12
T4_2H_CURSEDSTAFF	4	T4_PLANKS_LEVEL4	20
T4_2H_CURSEDSTAFF	4	T4_METALBAR_LEVEL4	12
T5_2H_CURSEDSTAFF	0	T5_PLANKS	20
T5_2H_CURSEDSTAFF	0	T5_METALBAR	12
T5_2H_CURSEDSTAFF	1	T5_PLANKS_LEVEL1	20
T5_2H_CURSEDSTAFF	1	T5_METALBAR_LEVEL1	12
T5_2H_CURSEDSTAFF	2	T5_PLANKS_LEVEL2	20
T5_2H_CURSEDSTAFF	2	T5_METALBAR_LEVEL2	12
T5_2H_CURSEDSTAFF	3	T5_PLANKS_LEVEL3	20
T5_2H_CURSEDSTAFF	3	T5_METALBAR_LEVEL3	12
T5_2H_CURSEDSTAFF	4	T5_PLANKS_LEVEL4	20
T5_2H_CURSEDSTAFF	4	T5_METALBAR_LEVEL4	12
T6_2H_CURSEDSTAFF	0	T6_PLANKS	20
T6_2H_CURSEDSTAFF	0	T6_METALBAR	12
T6_2H_CURSEDSTAFF	1	T6_PLANKS_LEVEL1	20
T6_2H_CURSEDSTAFF	1	T6_METALBAR_LEVEL1	12
T6_2H_CURSEDSTAFF	2	T6_PLANKS_LEVEL2	20
T6_2H_CURSEDSTAFF	2	T6_METALBAR_LEVEL2	12
T6_2H_CURSEDSTAFF	3	T6_PLANKS_LEVEL3	20
T6_2H_CURSEDSTAFF	3	T6_METALBAR_LEVEL3	12
T6_2H_CURSEDSTAFF	4	T6_PLANKS_LEVEL4	20
T6_2H_CURSEDSTAFF	4	T6_METALBAR_LEVEL4	12
T7_2H_CURSEDSTAFF	0	T7_PLANKS	20
T7_2H_CURSEDSTAFF	0	T7_METALBAR	12
T7_2H_CURSEDSTAFF	1	T7_PLANKS_LEVEL1	20
T7_2H_CURSEDSTAFF	1	T7_METALBAR_LEVEL1	12
T7_2H_CURSEDSTAFF	2	T7_PLANKS_LEVEL2	20
T7_2H_CURSEDSTAFF	2	T7_METALBAR_LEVEL2	12
T7_2H_CURSEDSTAFF	3	T7_PLANKS_LEVEL3	20
T7_2H_CURSEDSTAFF	3	T7_METALBAR_LEVEL3	12
T7_2H_CURSEDSTAFF	4	T7_PLANKS_LEVEL4	20
T7_2H_CURSEDSTAFF	4	T7_METALBAR_LEVEL4	12
T8_2H_CURSEDSTAFF	0	T8_PLANKS	20
T8_2H_CURSEDSTAFF	0	T8_METALBAR	12
T8_2H_CURSEDSTAFF	1	T8_PLANKS_LEVEL1	20
T8_2H_CURSEDSTAFF	1	T8_METALBAR_LEVEL1	12
T8_2H_CURSEDSTAFF	2	T8_PLANKS_LEVEL2	20
T8_2H_CURSEDSTAFF	2	T8_METALBAR_LEVEL2	12
T8_2H_CURSEDSTAFF	3	T8_PLANKS_LEVEL3	20
T8_2H_CURSEDSTAFF	3	T8_METALBAR_LEVEL3	12
T8_2H_CURSEDSTAFF	4	T8_PLANKS_LEVEL4	20
T8_2H_CURSEDSTAFF	4	T8_METALBAR_LEVEL4	12
T4_2H_DEMONICSTAFF	0	T4_PLANKS	20
T4_2H_DEMONICSTAFF	0	T4_METALBAR	12
T4_2H_DEMONICSTAFF	1	T4_PLANKS_LEVEL1	20
T4_2H_DEMONICSTAFF	1	T4_METALBAR_LEVEL1	12
T4_2H_DEMONICSTAFF	2	T4_PLANKS_LEVEL2	20
T4_2H_DEMONICSTAFF	2	T4_METALBAR_LEVEL2	12
T4_2H_DEMONICSTAFF	3	T4_PLANKS_LEVEL3	20
T4_2H_DEMONICSTAFF	3	T4_METALBAR_LEVEL3	12
T4_2H_DEMONICSTAFF	4	T4_PLANKS_LEVEL4	20
T4_2H_DEMONICSTAFF	4	T4_METALBAR_LEVEL4	12
T5_2H_DEMONICSTAFF	0	T5_PLANKS	20
T5_2H_DEMONICSTAFF	0	T5_METALBAR	12
T5_2H_DEMONICSTAFF	1	T5_PLANKS_LEVEL1	20
T5_2H_DEMONICSTAFF	1	T5_METALBAR_LEVEL1	12
T5_2H_DEMONICSTAFF	2	T5_PLANKS_LEVEL2	20
T5_2H_DEMONICSTAFF	2	T5_METALBAR_LEVEL2	12
T5_2H_DEMONICSTAFF	3	T5_PLANKS_LEVEL3	20
T5_2H_DEMONICSTAFF	3	T5_METALBAR_LEVEL3	12
T5_2H_DEMONICSTAFF	4	T5_PLANKS_LEVEL4	20
T5_2H_DEMONICSTAFF	4	T5_METALBAR_LEVEL4	12
T6_2H_DEMONICSTAFF	0	T6_PLANKS	20
T6_2H_DEMONICSTAFF	0	T6_METALBAR	12
T6_2H_DEMONICSTAFF	1	T6_PLANKS_LEVEL1	20
T6_2H_DEMONICSTAFF	1	T6_METALBAR_LEVEL1	12
T6_2H_DEMONICSTAFF	2	T6_PLANKS_LEVEL2	20
T6_2H_DEMONICSTAFF	2	T6_METALBAR_LEVEL2	12
T6_2H_DEMONICSTAFF	3	T6_PLANKS_LEVEL3	20
T6_2H_DEMONICSTAFF	3	T6_METALBAR_LEVEL3	12
T6_2H_DEMONICSTAFF	4	T6_PLANKS_LEVEL4	20
T6_2H_DEMONICSTAFF	4	T6_METALBAR_LEVEL4	12
T7_2H_DEMONICSTAFF	0	T7_PLANKS	20
T7_2H_DEMONICSTAFF	0	T7_METALBAR	12
T7_2H_DEMONICSTAFF	1	T7_PLANKS_LEVEL1	20
T7_2H_DEMONICSTAFF	1	T7_METALBAR_LEVEL1	12
T7_2H_DEMONICSTAFF	2	T7_PLANKS_LEVEL2	20
T7_2H_DEMONICSTAFF	2	T7_METALBAR_LEVEL2	12
T7_2H_DEMONICSTAFF	3	T7_PLANKS_LEVEL3	20
T7_2H_DEMONICSTAFF	3	T7_METALBAR_LEVEL3	12
T7_2H_DEMONICSTAFF	4	T7_PLANKS_LEVEL4	20
T7_2H_DEMONICSTAFF	4	T7_METALBAR_LEVEL4	12
T8_2H_DEMONICSTAFF	0	T8_PLANKS	20
T8_2H_DEMONICSTAFF	0	T8_METALBAR	12
T8_2H_DEMONICSTAFF	1	T8_PLANKS_LEVEL1	20
T8_2H_DEMONICSTAFF	1	T8_METALBAR_LEVEL1	12
T8_2H_DEMONICSTAFF	2	T8_PLANKS_LEVEL2	20
T8_2H_DEMONICSTAFF	2	T8_METALBAR_LEVEL2	12
T8_2H_DEMONICSTAFF	3	T8_PLANKS_LEVEL3	20
T8_2H_DEMONICSTAFF	3	T8_METALBAR_LEVEL3	12
T8_2H_DEMONICSTAFF	4	T8_PLANKS_LEVEL4	20
T8_2H_DEMONICSTAFF	4	T8_METALBAR_LEVEL4	12
T4_MAIN_CURSEDSTAFF_UNDEAD	0	T4_PLANKS	16
T4_MAIN_CURSEDSTAFF_UNDEAD	0	T4_METALBAR	8
T4_MAIN_CURSEDSTAFF_UNDEAD	0	T4_ARTEFACT_MAIN_CURSEDSTAFF_UNDEAD	1
T4_MAIN_CURSEDSTAFF_UNDEAD	1	T4_PLANKS_LEVEL1	16
T4_MAIN_CURSEDSTAFF_UNDEAD	1	T4_METALBAR_LEVEL1	8
T4_MAIN_CURSEDSTAFF_UNDEAD	1	T4_ARTEFACT_MAIN_CURSEDSTAFF_UNDEAD	1
T4_MAIN_CURSEDSTAFF_UNDEAD	2	T4_PLANKS_LEVEL2	16
T4_MAIN_CURSEDSTAFF_UNDEAD	2	T4_METALBAR_LEVEL2	8
T4_MAIN_CURSEDSTAFF_UNDEAD	2	T4_ARTEFACT_MAIN_CURSEDSTAFF_UNDEAD	1
T4_MAIN_CURSEDSTAFF_UNDEAD	3	T4_PLANKS_LEVEL3	16
T4_MAIN_CURSEDSTAFF_UNDEAD	3	T4_METALBAR_LEVEL3	8
T4_MAIN_CURSEDSTAFF_UNDEAD	3	T4_ARTEFACT_MAIN_CURSEDSTAFF_UNDEAD	1
T4_MAIN_CURSEDSTAFF_UNDEAD	4	T4_PLANKS_LEVEL4	16
T4_MAIN_CURSEDSTAFF_UNDEAD	4	T4_METALBAR_LEVEL4	8
T4_MAIN_CURSEDSTAFF_UNDEAD	4	T4_ARTEFACT_MAIN_CURSEDSTAFF_UNDEAD	1
T5_MAIN_CURSEDSTAFF_UNDEAD	0	T5_PLANKS	16
T5_MAIN_CURSEDSTAFF_UNDEAD	0	T5_METALBAR	8
T5_MAIN_CURSEDSTAFF_UNDEAD	0	T5_ARTEFACT_MAIN_CURSEDSTAFF_UNDEAD	1
T5_MAIN_CURSEDSTAFF_UNDEAD	1	T5_PLANKS_LEVEL1	16
T5_MAIN_CURSEDSTAFF_UNDEAD	1	T5_METALBAR_LEVEL1	8
T5_MAIN_CURSEDSTAFF_UNDEAD	1	T5_ARTEFACT_MAIN_CURSEDSTAFF_UNDEAD	1
T5_MAIN_CURSEDSTAFF_UNDEAD	2	T5_PLANKS_LEVEL2	16
T5_MAIN_CURSEDSTAFF_UNDEAD	2	T5_METALBAR_LEVEL2	8
T5_MAIN_CURSEDSTAFF_UNDEAD	2	T5_ARTEFACT_MAIN_CURSEDSTAFF_UNDEAD	1
T5_MAIN_CURSEDSTAFF_UNDEAD	3	T5_PLANKS_LEVEL3	16
T5_MAIN_CURSEDSTAFF_UNDEAD	3	T5_METALBAR_LEVEL3	8
T5_MAIN_CURSEDSTAFF_UNDEAD	3	T5_ARTEFACT_MAIN_CURSEDSTAFF_UNDEAD	1
T5_MAIN_CURSEDSTAFF_UNDEAD	4	T5_PLANKS_LEVEL4	16
T5_MAIN_CURSEDSTAFF_UNDEAD	4	T5_METALBAR_LEVEL4	8
T5_MAIN_CURSEDSTAFF_UNDEAD	4	T5_ARTEFACT_MAIN_CURSEDSTAFF_UNDEAD	1
T6_MAIN_CURSEDSTAFF_UNDEAD	0	T6_PLANKS	16
T6_MAIN_CURSEDSTAFF_UNDEAD	0	T6_METALBAR	8
T6_MAIN_CURSEDSTAFF_UNDEAD	0	T6_ARTEFACT_MAIN_CURSEDSTAFF_UNDEAD	1
T6_MAIN_CURSEDSTAFF_UNDEAD	1	T6_PLANKS_LEVEL1	16
T6_MAIN_CURSEDSTAFF_UNDEAD	1	T6_METALBAR_LEVEL1	8
T6_MAIN_CURSEDSTAFF_UNDEAD	1	T6_ARTEFACT_MAIN_CURSEDSTAFF_UNDEAD	1
T6_MAIN_CURSEDSTAFF_UNDEAD	2	T6_PLANKS_LEVEL2	16
T6_MAIN_CURSEDSTAFF_UNDEAD	2	T6_METALBAR_LEVEL2	8
T6_MAIN_CURSEDSTAFF_UNDEAD	2	T6_ARTEFACT_MAIN_CURSEDSTAFF_UNDEAD	1
T6_MAIN_CURSEDSTAFF_UNDEAD	3	T6_PLANKS_LEVEL3	16
T6_MAIN_CURSEDSTAFF_UNDEAD	3	T6_METALBAR_LEVEL3	8
T6_MAIN_CURSEDSTAFF_UNDEAD	3	T6_ARTEFACT_MAIN_CURSEDSTAFF_UNDEAD	1
T6_MAIN_CURSEDSTAFF_UNDEAD	4	T6_PLANKS_LEVEL4	16
T6_MAIN_CURSEDSTAFF_UNDEAD	4	T6_METALBAR_LEVEL4	8
T6_MAIN_CURSEDSTAFF_UNDEAD	4	T6_ARTEFACT_MAIN_CURSEDSTAFF_UNDEAD	1
T7_MAIN_CURSEDSTAFF_UNDEAD	0	T7_PLANKS	16
T7_MAIN_CURSEDSTAFF_UNDEAD	0	T7_METALBAR	8
T7_MAIN_CURSEDSTAFF_UNDEAD	0	T7_ARTEFACT_MAIN_CURSEDSTAFF_UNDEAD	1
T7_MAIN_CURSEDSTAFF_UNDEAD	1	T7_PLANKS_LEVEL1	16
T7_MAIN_CURSEDSTAFF_UNDEAD	1	T7_METALBAR_LEVEL1	8
T7_MAIN_CURSEDSTAFF_UNDEAD	1	T7_ARTEFACT_MAIN_CURSEDSTAFF_UNDEAD	1
T7_MAIN_CURSEDSTAFF_UNDEAD	2	T7_PLANKS_LEVEL2	16
T7_MAIN_CURSEDSTAFF_UNDEAD	2	T7_METALBAR_LEVEL2	8
T7_MAIN_CURSEDSTAFF_UNDEAD	2	T7_ARTEFACT_MAIN_CURSEDSTAFF_UNDEAD	1
T7_MAIN_CURSEDSTAFF_UNDEAD	3	T7_PLANKS_LEVEL3	16
T7_MAIN_CURSEDSTAFF_UNDEAD	3	T7_METALBAR_LEVEL3	8
T7_MAIN_CURSEDSTAFF_UNDEAD	3	T7_ARTEFACT_MAIN_CURSEDSTAFF_UNDEAD	1
T7_MAIN_CURSEDSTAFF_UNDEAD	4	T7_PLANKS_LEVEL4	16
T7_MAIN_CURSEDSTAFF_UNDEAD	4	T7_METALBAR_LEVEL4	8
T7_MAIN_CURSEDSTAFF_UNDEAD	4	T7_ARTEFACT_MAIN_CURSEDSTAFF_UNDEAD	1
T8_MAIN_CURSEDSTAFF_UNDEAD	0	T8_PLANKS	16
T8_MAIN_CURSEDSTAFF_UNDEAD	0	T8_METALBAR	8
T8_MAIN_CURSEDSTAFF_UNDEAD	0	T8_ARTEFACT_MAIN_CURSEDSTAFF_UNDEAD	1
T8_MAIN_CURSEDSTAFF_UNDEAD	1	T8_PLANKS_LEVEL1	16
T8_MAIN_CURSEDSTAFF_UNDEAD	1	T8_METALBAR_LEVEL1	8
T8_MAIN_CURSEDSTAFF_UNDEAD	1	T8_ARTEFACT_MAIN_CURSEDSTAFF_UNDEAD	1
T8_MAIN_CURSEDSTAFF_UNDEAD	2	T8_PLANKS_LEVEL2	16
T8_MAIN_CURSEDSTAFF_UNDEAD	2	T8_METALBAR_LEVEL2	8
T8_MAIN_CURSEDSTAFF_UNDEAD	2	T8_ARTEFACT_MAIN_CURSEDSTAFF_UNDEAD	1
T8_MAIN_CURSEDSTAFF_UNDEAD	3	T8_PLANKS_LEVEL3	16
T8_MAIN_CURSEDSTAFF_UNDEAD	3	T8_METALBAR_LEVEL3	8
T8_MAIN_CURSEDSTAFF_UNDEAD	3	T8_ARTEFACT_MAIN_CURSEDSTAFF_UNDEAD	1
T8_MAIN_CURSEDSTAFF_UNDEAD	4	T8_PLANKS_LEVEL4	16
T8_MAIN_CURSEDSTAFF_UNDEAD	4	T8_METALBAR_LEVEL4	8
T8_MAIN_CURSEDSTAFF_UNDEAD	4	T8_ARTEFACT_MAIN_CURSEDSTAFF_UNDEAD	1
T4_2H_SKULLORB_HELL	0	T4_PLANKS	20
T4_2H_SKULLORB_HELL	0	T4_METALBAR	12
T4_2H_SKULLORB_HELL	0	T4_ARTEFACT_2H_SKULLORB_HELL	1
T4_2H_SKULLORB_HELL	1	T4_PLANKS_LEVEL1	20
T4_2H_SKULLORB_HELL	1	T4_METALBAR_LEVEL1	12
T4_2H_SKULLORB_HELL	1	T4_ARTEFACT_2H_SKULLORB_HELL	1
T4_2H_SKULLORB_HELL	2	T4_PLANKS_LEVEL2	20
T4_2H_SKULLORB_HELL	2	T4_METALBAR_LEVEL2	12
T4_2H_SKULLORB_HELL	2	T4_ARTEFACT_2H_SKULLORB_HELL	1
T4_2H_SKULLORB_HELL	3	T4_PLANKS_LEVEL3	20
T4_2H_SKULLORB_HELL	3	T4_METALBAR_LEVEL3	12
T4_2H_SKULLORB_HELL	3	T4_ARTEFACT_2H_SKULLORB_HELL	1
T4_2H_SKULLORB_HELL	4	T4_PLANKS_LEVEL4	20
T4_2H_SKULLORB_HELL	4	T4_METALBAR_LEVEL4	12
T4_2H_SKULLORB_HELL	4	T4_ARTEFACT_2H_SKULLORB_HELL	1
T5_2H_SKULLORB_HELL	0	T5_PLANKS	20
T5_2H_SKULLORB_HELL	0	T5_METALBAR	12
T5_2H_SKULLORB_HELL	0	T5_ARTEFACT_2H_SKULLORB_HELL	1
T5_2H_SKULLORB_HELL	1	T5_PLANKS_LEVEL1	20
T5_2H_SKULLORB_HELL	1	T5_METALBAR_LEVEL1	12
T5_2H_SKULLORB_HELL	1	T5_ARTEFACT_2H_SKULLORB_HELL	1
T5_2H_SKULLORB_HELL	2	T5_PLANKS_LEVEL2	20
T5_2H_SKULLORB_HELL	2	T5_METALBAR_LEVEL2	12
T5_2H_SKULLORB_HELL	2	T5_ARTEFACT_2H_SKULLORB_HELL	1
T5_2H_SKULLORB_HELL	3	T5_PLANKS_LEVEL3	20
T5_2H_SKULLORB_HELL	3	T5_METALBAR_LEVEL3	12
T5_2H_SKULLORB_HELL	3	T5_ARTEFACT_2H_SKULLORB_HELL	1
T5_2H_SKULLORB_HELL	4	T5_PLANKS_LEVEL4	20
T5_2H_SKULLORB_HELL	4	T5_METALBAR_LEVEL4	12
T5_2H_SKULLORB_HELL	4	T5_ARTEFACT_2H_SKULLORB_HELL	1
T6_2H_SKULLORB_HELL	0	T6_PLANKS	20
T6_2H_SKULLORB_HELL	0	T6_METALBAR	12
T6_2H_SKULLORB_HELL	0	T6_ARTEFACT_2H_SKULLORB_HELL	1
T6_2H_SKULLORB_HELL	1	T6_PLANKS_LEVEL1	20
T6_2H_SKULLORB_HELL	1	T6_METALBAR_LEVEL1	12
T6_2H_SKULLORB_HELL	1	T6_ARTEFACT_2H_SKULLORB_HELL	1
T6_2H_SKULLORB_HELL	2	T6_PLANKS_LEVEL2	20
T6_2H_SKULLORB_HELL	2	T6_METALBAR_LEVEL2	12
T6_2H_SKULLORB_HELL	2	T6_ARTEFACT_2H_SKULLORB_HELL	1
T6_2H_SKULLORB_HELL	3	T6_PLANKS_LEVEL3	20
T6_2H_SKULLORB_HELL	3	T6_METALBAR_LEVEL3	12
T6_2H_SKULLORB_HELL	3	T6_ARTEFACT_2H_SKULLORB_HELL	1
T6_2H_SKULLORB_HELL	4	T6_PLANKS_LEVEL4	20
T6_2H_SKULLORB_HELL	4	T6_METALBAR_LEVEL4	12
T6_2H_SKULLORB_HELL	4	T6_ARTEFACT_2H_SKULLORB_HELL	1
T7_2H_SKULLORB_HELL	0	T7_PLANKS	20
T7_2H_SKULLORB_HELL	0	T7_METALBAR	12
T7_2H_SKULLORB_HELL	0	T7_ARTEFACT_2H_SKULLORB_HELL	1
T7_2H_SKULLORB_HELL	1	T7_PLANKS_LEVEL1	20
T7_2H_SKULLORB_HELL	1	T7_METALBAR_LEVEL1	12
T7_2H_SKULLORB_HELL	1	T7_ARTEFACT_2H_SKULLORB_HELL	1
T7_2H_SKULLORB_HELL	2	T7_PLANKS_LEVEL2	20
T7_2H_SKULLORB_HELL	2	T7_METALBAR_LEVEL2	12
T7_2H_SKULLORB_HELL	2	T7_ARTEFACT_2H_SKULLORB_HELL	1
T7_2H_SKULLORB_HELL	3	T7_PLANKS_LEVEL3	20
T7_2H_SKULLORB_HELL	3	T7_METALBAR_LEVEL3	12
T7_2H_SKULLORB_HELL	3	T7_ARTEFACT_2H_SKULLORB_HELL	1
T7_2H_SKULLORB_HELL	4	T7_PLANKS_LEVEL4	20
T7_2H_SKULLORB_HELL	4	T7_METALBAR_LEVEL4	12
T7_2H_SKULLORB_HELL	4	T7_ARTEFACT_2H_SKULLORB_HELL	1
T8_2H_SKULLORB_HELL	0	T8_PLANKS	20
T8_2H_SKULLORB_HELL	0	T8_METALBAR	12
T8_2H_SKULLORB_HELL	0	T8_ARTEFACT_2H_SKULLORB_HELL	1
T8_2H_SKULLORB_HELL	1	T8_PLANKS_LEVEL1	20
T8_2H_SKULLORB_HELL	1	T8_METALBAR_LEVEL1	12
T8_2H_SKULLORB_HELL	1	T8_ARTEFACT_2H_SKULLORB_HELL	1
T8_2H_SKULLORB_HELL	2	T8_PLANKS_LEVEL2	20
T8_2H_SKULLORB_HELL	2	T8_METALBAR_LEVEL2	12
T8_2H_SKULLORB_HELL	2	T8_ARTEFACT_2H_SKULLORB_HELL	1
T8_2H_SKULLORB_HELL	3	T8_PLANKS_LEVEL3	20
T8_2H_SKULLORB_HELL	3	T8_METALBAR_LEVEL3	12
T8_2H_SKULLORB_HELL	3	T8_ARTEFACT_2H_SKULLORB_HELL	1
T8_2H_SKULLORB_HELL	4	T8_PLANKS_LEVEL4	20
T8_2H_SKULLORB_HELL	4	T8_METALBAR_LEVEL4	12
T8_2H_SKULLORB_HELL	4	T8_ARTEFACT_2H_SKULLORB_HELL	1
T4_2H_CURSEDSTAFF_MORGANA	0	T4_PLANKS	20
T4_2H_CURSEDSTAFF_MORGANA	0	T4_METALBAR	12
T4_2H_CURSEDSTAFF_MORGANA	0	T4_ARTEFACT_2H_CURSEDSTAFF_MORGANA	1
T4_2H_CURSEDSTAFF_MORGANA	1	T4_PLANKS_LEVEL1	20
T4_2H_CURSEDSTAFF_MORGANA	1	T4_METALBAR_LEVEL1	12
T4_2H_CURSEDSTAFF_MORGANA	1	T4_ARTEFACT_2H_CURSEDSTAFF_MORGANA	1
T4_2H_CURSEDSTAFF_MORGANA	2	T4_PLANKS_LEVEL2	20
T4_2H_CURSEDSTAFF_MORGANA	2	T4_METALBAR_LEVEL2	12
T4_2H_CURSEDSTAFF_MORGANA	2	T4_ARTEFACT_2H_CURSEDSTAFF_MORGANA	1
T4_2H_CURSEDSTAFF_MORGANA	3	T4_PLANKS_LEVEL3	20
T4_2H_CURSEDSTAFF_MORGANA	3	T4_METALBAR_LEVEL3	12
T4_2H_CURSEDSTAFF_MORGANA	3	T4_ARTEFACT_2H_CURSEDSTAFF_MORGANA	1
T4_2H_CURSEDSTAFF_MORGANA	4	T4_PLANKS_LEVEL4	20
T4_2H_CURSEDSTAFF_MORGANA	4	T4_METALBAR_LEVEL4	12
T4_2H_CURSEDSTAFF_MORGANA	4	T4_ARTEFACT_2H_CURSEDSTAFF_MORGANA	1
T5_2H_CURSEDSTAFF_MORGANA	0	T5_PLANKS	20
T5_2H_CURSEDSTAFF_MORGANA	0	T5_METALBAR	12
T5_2H_CURSEDSTAFF_MORGANA	0	T5_ARTEFACT_2H_CURSEDSTAFF_MORGANA	1
T5_2H_CURSEDSTAFF_MORGANA	1	T5_PLANKS_LEVEL1	20
T5_2H_CURSEDSTAFF_MORGANA	1	T5_METALBAR_LEVEL1	12
T5_2H_CURSEDSTAFF_MORGANA	1	T5_ARTEFACT_2H_CURSEDSTAFF_MORGANA	1
T5_2H_CURSEDSTAFF_MORGANA	2	T5_PLANKS_LEVEL2	20
T5_2H_CURSEDSTAFF_MORGANA	2	T5_METALBAR_LEVEL2	12
T5_2H_CURSEDSTAFF_MORGANA	2	T5_ARTEFACT_2H_CURSEDSTAFF_MORGANA	1
T5_2H_CURSEDSTAFF_MORGANA	3	T5_PLANKS_LEVEL3	20
T5_2H_CURSEDSTAFF_MORGANA	3	T5_METALBAR_LEVEL3	12
T5_2H_CURSEDSTAFF_MORGANA	3	T5_ARTEFACT_2H_CURSEDSTAFF_MORGANA	1
T5_2H_CURSEDSTAFF_MORGANA	4	T5_PLANKS_LEVEL4	20
T5_2H_CURSEDSTAFF_MORGANA	4	T5_METALBAR_LEVEL4	12
T5_2H_CURSEDSTAFF_MORGANA	4	T5_ARTEFACT_2H_CURSEDSTAFF_MORGANA	1
T6_2H_CURSEDSTAFF_MORGANA	0	T6_PLANKS	20
T6_2H_CURSEDSTAFF_MORGANA	0	T6_METALBAR	12
T6_2H_CURSEDSTAFF_MORGANA	0	T6_ARTEFACT_2H_CURSEDSTAFF_MORGANA	1
T6_2H_CURSEDSTAFF_MORGANA	1	T6_PLANKS_LEVEL1	20
T6_2H_CURSEDSTAFF_MORGANA	1	T6_METALBAR_LEVEL1	12
T6_2H_CURSEDSTAFF_MORGANA	1	T6_ARTEFACT_2H_CURSEDSTAFF_MORGANA	1
T6_2H_CURSEDSTAFF_MORGANA	2	T6_PLANKS_LEVEL2	20
T6_2H_CURSEDSTAFF_MORGANA	2	T6_METALBAR_LEVEL2	12
T6_2H_CURSEDSTAFF_MORGANA	2	T6_ARTEFACT_2H_CURSEDSTAFF_MORGANA	1
T6_2H_CURSEDSTAFF_MORGANA	3	T6_PLANKS_LEVEL3	20
T6_2H_CURSEDSTAFF_MORGANA	3	T6_METALBAR_LEVEL3	12
T6_2H_CURSEDSTAFF_MORGANA	3	T6_ARTEFACT_2H_CURSEDSTAFF_MORGANA	1
T6_2H_CURSEDSTAFF_MORGANA	4	T6_PLANKS_LEVEL4	20
T6_2H_CURSEDSTAFF_MORGANA	4	T6_METALBAR_LEVEL4	12
T6_2H_CURSEDSTAFF_MORGANA	4	T6_ARTEFACT_2H_CURSEDSTAFF_MORGANA	1
T7_2H_CURSEDSTAFF_MORGANA	0	T7_PLANKS	20
T7_2H_CURSEDSTAFF_MORGANA	0	T7_METALBAR	12
T7_2H_CURSEDSTAFF_MORGANA	0	T7_ARTEFACT_2H_CURSEDSTAFF_MORGANA	1
T7_2H_CURSEDSTAFF_MORGANA	1	T7_PLANKS_LEVEL1	20
T7_2H_CURSEDSTAFF_MORGANA	1	T7_METALBAR_LEVEL1	12
T7_2H_CURSEDSTAFF_MORGANA	1	T7_ARTEFACT_2H_CURSEDSTAFF_MORGANA	1
T7_2H_CURSEDSTAFF_MORGANA	2	T7_PLANKS_LEVEL2	20
T7_2H_CURSEDSTAFF_MORGANA	2	T7_METALBAR_LEVEL2	12
T7_2H_CURSEDSTAFF_MORGANA	2	T7_ARTEFACT_2H_CURSEDSTAFF_MORGANA	1
T7_2H_CURSEDSTAFF_MORGANA	3	T7_PLANKS_LEVEL3	20
T7_2H_CURSEDSTAFF_MORGANA	3	T7_METALBAR_LEVEL3	12
T7_2H_CURSEDSTAFF_MORGANA	3	T7_ARTEFACT_2H_CURSEDSTAFF_MORGANA	1
T7_2H_CURSEDSTAFF_MORGANA	4	T7_PLANKS_LEVEL4	20
T7_2H_CURSEDSTAFF_MORGANA	4	T7_METALBAR_LEVEL4	12
T7_2H_CURSEDSTAFF_MORGANA	4	T7_ARTEFACT_2H_CURSEDSTAFF_MORGANA	1
T8_2H_CURSEDSTAFF_MORGANA	0	T8_PLANKS	20
T8_2H_CURSEDSTAFF_MORGANA	0	T8_METALBAR	12
T8_2H_CURSEDSTAFF_MORGANA	0	T8_ARTEFACT_2H_CURSEDSTAFF_MORGANA	1
T8_2H_CURSEDSTAFF_MORGANA	1	T8_PLANKS_LEVEL1	20
T8_2H_CURSEDSTAFF_MORGANA	1	T8_METALBAR_LEVEL1	12
T8_2H_CURSEDSTAFF_MORGANA	1	T8_ARTEFACT_2H_CURSEDSTAFF_MORGANA	1
T8_2H_CURSEDSTAFF_MORGANA	2	T8_PLANKS_LEVEL2	20
T8_2H_CURSEDSTAFF_MORGANA	2	T8_METALBAR_LEVEL2	12
T8_2H_CURSEDSTAFF_MORGANA	2	T8_ARTEFACT_2H_CURSEDSTAFF_MORGANA	1
T8_2H_CURSEDSTAFF_MORGANA	3	T8_PLANKS_LEVEL3	20
T8_2H_CURSEDSTAFF_MORGANA	3	T8_METALBAR_LEVEL3	12
T8_2H_CURSEDSTAFF_MORGANA	3	T8_ARTEFACT_2H_CURSEDSTAFF_MORGANA	1
T8_2H_CURSEDSTAFF_MORGANA	4	T8_PLANKS_LEVEL4	20
T8_2H_CURSEDSTAFF_MORGANA	4	T8_METALBAR_LEVEL4	12
T8_2H_CURSEDSTAFF_MORGANA	4	T8_ARTEFACT_2H_CURSEDSTAFF_MORGANA	1
T4_MAIN_CURSEDSTAFF_AVALON	0	T4_PLANKS	16
T4_MAIN_CURSEDSTAFF_AVALON	0	T4_METALBAR	8
T4_MAIN_CURSEDSTAFF_AVALON	0	T4_ARTEFACT_MAIN_CURSEDSTAFF_AVALON	1
T4_MAIN_CURSEDSTAFF_AVALON	1	T4_PLANKS_LEVEL1	16
T4_MAIN_CURSEDSTAFF_AVALON	1	T4_METALBAR_LEVEL1	8
T4_MAIN_CURSEDSTAFF_AVALON	1	T4_ARTEFACT_MAIN_CURSEDSTAFF_AVALON	1
T4_MAIN_CURSEDSTAFF_AVALON	2	T4_PLANKS_LEVEL2	16
T4_MAIN_CURSEDSTAFF_AVALON	2	T4_METALBAR_LEVEL2	8
T4_MAIN_CURSEDSTAFF_AVALON	2	T4_ARTEFACT_MAIN_CURSEDSTAFF_AVALON	1
T4_MAIN_CURSEDSTAFF_AVALON	3	T4_PLANKS_LEVEL3	16
T4_MAIN_CURSEDSTAFF_AVALON	3	T4_METALBAR_LEVEL3	8
T4_MAIN_CURSEDSTAFF_AVALON	3	T4_ARTEFACT_MAIN_CURSEDSTAFF_AVALON	1
T4_MAIN_CURSEDSTAFF_AVALON	4	T4_PLANKS_LEVEL4	16
T4_MAIN_CURSEDSTAFF_AVALON	4	T4_METALBAR_LEVEL4	8
T4_MAIN_CURSEDSTAFF_AVALON	4	T4_ARTEFACT_MAIN_CURSEDSTAFF_AVALON	1
T5_MAIN_CURSEDSTAFF_AVALON	0	T5_PLANKS	16
T5_MAIN_CURSEDSTAFF_AVALON	0	T5_METALBAR	8
T5_MAIN_CURSEDSTAFF_AVALON	0	T5_ARTEFACT_MAIN_CURSEDSTAFF_AVALON	1
T5_MAIN_CURSEDSTAFF_AVALON	1	T5_PLANKS_LEVEL1	16
T5_MAIN_CURSEDSTAFF_AVALON	1	T5_METALBAR_LEVEL1	8
T5_MAIN_CURSEDSTAFF_AVALON	1	T5_ARTEFACT_MAIN_CURSEDSTAFF_AVALON	1
T5_MAIN_CURSEDSTAFF_AVALON	2	T5_PLANKS_LEVEL2	16
T5_MAIN_CURSEDSTAFF_AVALON	2	T5_METALBAR_LEVEL2	8
T5_MAIN_CURSEDSTAFF_AVALON	2	T5_ARTEFACT_MAIN_CURSEDSTAFF_AVALON	1
T5_MAIN_CURSEDSTAFF_AVALON	3	T5_PLANKS_LEVEL3	16
T5_MAIN_CURSEDSTAFF_AVALON	3	T5_METALBAR_LEVEL3	8
T5_MAIN_CURSEDSTAFF_AVALON	3	T5_ARTEFACT_MAIN_CURSEDSTAFF_AVALON	1
T5_MAIN_CURSEDSTAFF_AVALON	4	T5_PLANKS_LEVEL4	16
T5_MAIN_CURSEDSTAFF_AVALON	4	T5_METALBAR_LEVEL4	8
T5_MAIN_CURSEDSTAFF_AVALON	4	T5_ARTEFACT_MAIN_CURSEDSTAFF_AVALON	1
T6_MAIN_CURSEDSTAFF_AVALON	0	T6_PLANKS	16
T6_MAIN_CURSEDSTAFF_AVALON	0	T6_METALBAR	8
T6_MAIN_CURSEDSTAFF_AVALON	0	T6_ARTEFACT_MAIN_CURSEDSTAFF_AVALON	1
T6_MAIN_CURSEDSTAFF_AVALON	1	T6_PLANKS_LEVEL1	16
T6_MAIN_CURSEDSTAFF_AVALON	1	T6_METALBAR_LEVEL1	8
T6_MAIN_CURSEDSTAFF_AVALON	1	T6_ARTEFACT_MAIN_CURSEDSTAFF_AVALON	1
T6_MAIN_CURSEDSTAFF_AVALON	2	T6_PLANKS_LEVEL2	16
T6_MAIN_CURSEDSTAFF_AVALON	2	T6_METALBAR_LEVEL2	8
T6_MAIN_CURSEDSTAFF_AVALON	2	T6_ARTEFACT_MAIN_CURSEDSTAFF_AVALON	1
T6_MAIN_CURSEDSTAFF_AVALON	3	T6_PLANKS_LEVEL3	16
T6_MAIN_CURSEDSTAFF_AVALON	3	T6_METALBAR_LEVEL3	8
T6_MAIN_CURSEDSTAFF_AVALON	3	T6_ARTEFACT_MAIN_CURSEDSTAFF_AVALON	1
T6_MAIN_CURSEDSTAFF_AVALON	4	T6_PLANKS_LEVEL4	16
T6_MAIN_CURSEDSTAFF_AVALON	4	T6_METALBAR_LEVEL4	8
T6_MAIN_CURSEDSTAFF_AVALON	4	T6_ARTEFACT_MAIN_CURSEDSTAFF_AVALON	1
T7_MAIN_CURSEDSTAFF_AVALON	0	T7_PLANKS	16
T7_MAIN_CURSEDSTAFF_AVALON	0	T7_METALBAR	8
T7_MAIN_CURSEDSTAFF_AVALON	0	T7_ARTEFACT_MAIN_CURSEDSTAFF_AVALON	1
T7_MAIN_CURSEDSTAFF_AVALON	1	T7_PLANKS_LEVEL1	16
T7_MAIN_CURSEDSTAFF_AVALON	1	T7_METALBAR_LEVEL1	8
T7_MAIN_CURSEDSTAFF_AVALON	1	T7_ARTEFACT_MAIN_CURSEDSTAFF_AVALON	1
T7_MAIN_CURSEDSTAFF_AVALON	2	T7_PLANKS_LEVEL2	16
T7_MAIN_CURSEDSTAFF_AVALON	2	T7_METALBAR_LEVEL2	8
T7_MAIN_CURSEDSTAFF_AVALON	2	T7_ARTEFACT_MAIN_CURSEDSTAFF_AVALON	1
T7_MAIN_CURSEDSTAFF_AVALON	3	T7_PLANKS_LEVEL3	16
T7_MAIN_CURSEDSTAFF_AVALON	3	T7_METALBAR_LEVEL3	8
T7_MAIN_CURSEDSTAFF_AVALON	3	T7_ARTEFACT_MAIN_CURSEDSTAFF_AVALON	1
T7_MAIN_CURSEDSTAFF_AVALON	4	T7_PLANKS_LEVEL4	16
T7_MAIN_CURSEDSTAFF_AVALON	4	T7_METALBAR_LEVEL4	8
T7_MAIN_CURSEDSTAFF_AVALON	4	T7_ARTEFACT_MAIN_CURSEDSTAFF_AVALON	1
T8_MAIN_CURSEDSTAFF_AVALON	0	T8_PLANKS	16
T8_MAIN_CURSEDSTAFF_AVALON	0	T8_METALBAR	8
T8_MAIN_CURSEDSTAFF_AVALON	0	T8_ARTEFACT_MAIN_CURSEDSTAFF_AVALON	1
T8_MAIN_CURSEDSTAFF_AVALON	1	T8_PLANKS_LEVEL1	16
T8_MAIN_CURSEDSTAFF_AVALON	1	T8_METALBAR_LEVEL1	8
T8_MAIN_CURSEDSTAFF_AVALON	1	T8_ARTEFACT_MAIN_CURSEDSTAFF_AVALON	1
T8_MAIN_CURSEDSTAFF_AVALON	2	T8_PLANKS_LEVEL2	16
T8_MAIN_CURSEDSTAFF_AVALON	2	T8_METALBAR_LEVEL2	8
T8_MAIN_CURSEDSTAFF_AVALON	2	T8_ARTEFACT_MAIN_CURSEDSTAFF_AVALON	1
T8_MAIN_CURSEDSTAFF_AVALON	3	T8_PLANKS_LEVEL3	16
T8_MAIN_CURSEDSTAFF_AVALON	3	T8_METALBAR_LEVEL3	8
T8_MAIN_CURSEDSTAFF_AVALON	3	T8_ARTEFACT_MAIN_CURSEDSTAFF_AVALON	1
T8_MAIN_CURSEDSTAFF_AVALON	4	T8_PLANKS_LEVEL4	16
T8_MAIN_CURSEDSTAFF_AVALON	4	T8_METALBAR_LEVEL4	8
T8_MAIN_CURSEDSTAFF_AVALON	4	T8_ARTEFACT_MAIN_CURSEDSTAFF_AVALON	1
T4_MAIN_CURSEDSTAFF_CRYSTAL	0	T4_PLANKS	16
T4_MAIN_CURSEDSTAFF_CRYSTAL	0	T4_METALBAR	8
T4_MAIN_CURSEDSTAFF_CRYSTAL	0	T4_ARTEFACT_MAIN_CURSEDSTAFF_CRYSTAL	1
T4_MAIN_CURSEDSTAFF_CRYSTAL	1	T4_PLANKS_LEVEL1	16
T4_MAIN_CURSEDSTAFF_CRYSTAL	1	T4_METALBAR_LEVEL1	8
T4_MAIN_CURSEDSTAFF_CRYSTAL	1	T4_ARTEFACT_MAIN_CURSEDSTAFF_CRYSTAL	1
T4_MAIN_CURSEDSTAFF_CRYSTAL	2	T4_PLANKS_LEVEL2	16
T4_MAIN_CURSEDSTAFF_CRYSTAL	2	T4_METALBAR_LEVEL2	8
T4_MAIN_CURSEDSTAFF_CRYSTAL	2	T4_ARTEFACT_MAIN_CURSEDSTAFF_CRYSTAL	1
T4_MAIN_CURSEDSTAFF_CRYSTAL	3	T4_PLANKS_LEVEL3	16
T4_MAIN_CURSEDSTAFF_CRYSTAL	3	T4_METALBAR_LEVEL3	8
T4_MAIN_CURSEDSTAFF_CRYSTAL	3	T4_ARTEFACT_MAIN_CURSEDSTAFF_CRYSTAL	1
T4_MAIN_CURSEDSTAFF_CRYSTAL	4	T4_PLANKS_LEVEL4	16
T4_MAIN_CURSEDSTAFF_CRYSTAL	4	T4_METALBAR_LEVEL4	8
T4_MAIN_CURSEDSTAFF_CRYSTAL	4	T4_ARTEFACT_MAIN_CURSEDSTAFF_CRYSTAL	1
T5_MAIN_CURSEDSTAFF_CRYSTAL	0	T5_PLANKS	16
T5_MAIN_CURSEDSTAFF_CRYSTAL	0	T5_METALBAR	8
T5_MAIN_CURSEDSTAFF_CRYSTAL	0	T5_ARTEFACT_MAIN_CURSEDSTAFF_CRYSTAL	1
T5_MAIN_CURSEDSTAFF_CRYSTAL	1	T5_PLANKS_LEVEL1	16
T5_MAIN_CURSEDSTAFF_CRYSTAL	1	T5_METALBAR_LEVEL1	8
T5_MAIN_CURSEDSTAFF_CRYSTAL	1	T5_ARTEFACT_MAIN_CURSEDSTAFF_CRYSTAL	1
T5_MAIN_CURSEDSTAFF_CRYSTAL	2	T5_PLANKS_LEVEL2	16
T5_MAIN_CURSEDSTAFF_CRYSTAL	2	T5_METALBAR_LEVEL2	8
T5_MAIN_CURSEDSTAFF_CRYSTAL	2	T5_ARTEFACT_MAIN_CURSEDSTAFF_CRYSTAL	1
T5_MAIN_CURSEDSTAFF_CRYSTAL	3	T5_PLANKS_LEVEL3	16
T5_MAIN_CURSEDSTAFF_CRYSTAL	3	T5_METALBAR_LEVEL3	8
T5_MAIN_CURSEDSTAFF_CRYSTAL	3	T5_ARTEFACT_MAIN_CURSEDSTAFF_CRYSTAL	1
T5_MAIN_CURSEDSTAFF_CRYSTAL	4	T5_PLANKS_LEVEL4	16
T5_MAIN_CURSEDSTAFF_CRYSTAL	4	T5_METALBAR_LEVEL4	8
T5_MAIN_CURSEDSTAFF_CRYSTAL	4	T5_ARTEFACT_MAIN_CURSEDSTAFF_CRYSTAL	1
T6_MAIN_CURSEDSTAFF_CRYSTAL	0	T6_PLANKS	16
T6_MAIN_CURSEDSTAFF_CRYSTAL	0	T6_METALBAR	8
T6_MAIN_CURSEDSTAFF_CRYSTAL	0	T6_ARTEFACT_MAIN_CURSEDSTAFF_CRYSTAL	1
T6_MAIN_CURSEDSTAFF_CRYSTAL	1	T6_PLANKS_LEVEL1	16
T6_MAIN_CURSEDSTAFF_CRYSTAL	1	T6_METALBAR_LEVEL1	8
T6_MAIN_CURSEDSTAFF_CRYSTAL	1	T6_ARTEFACT_MAIN_CURSEDSTAFF_CRYSTAL	1
T6_MAIN_CURSEDSTAFF_CRYSTAL	2	T6_PLANKS_LEVEL2	16
T6_MAIN_CURSEDSTAFF_CRYSTAL	2	T6_METALBAR_LEVEL2	8
T6_MAIN_CURSEDSTAFF_CRYSTAL	2	T6_ARTEFACT_MAIN_CURSEDSTAFF_CRYSTAL	1
T6_MAIN_CURSEDSTAFF_CRYSTAL	3	T6_PLANKS_LEVEL3	16
T6_MAIN_CURSEDSTAFF_CRYSTAL	3	T6_METALBAR_LEVEL3	8
T6_MAIN_CURSEDSTAFF_CRYSTAL	3	T6_ARTEFACT_MAIN_CURSEDSTAFF_CRYSTAL	1
T6_MAIN_CURSEDSTAFF_CRYSTAL	4	T6_PLANKS_LEVEL4	16
T6_MAIN_CURSEDSTAFF_CRYSTAL	4	T6_METALBAR_LEVEL4	8
T6_MAIN_CURSEDSTAFF_CRYSTAL	4	T6_ARTEFACT_MAIN_CURSEDSTAFF_CRYSTAL	1
T7_MAIN_CURSEDSTAFF_CRYSTAL	0	T7_PLANKS	16
T7_MAIN_CURSEDSTAFF_CRYSTAL	0	T7_METALBAR	8
T7_MAIN_CURSEDSTAFF_CRYSTAL	0	T7_ARTEFACT_MAIN_CURSEDSTAFF_CRYSTAL	1
T7_MAIN_CURSEDSTAFF_CRYSTAL	1	T7_PLANKS_LEVEL1	16
T7_MAIN_CURSEDSTAFF_CRYSTAL	1	T7_METALBAR_LEVEL1	8
T7_MAIN_CURSEDSTAFF_CRYSTAL	1	T7_ARTEFACT_MAIN_CURSEDSTAFF_CRYSTAL	1
T7_MAIN_CURSEDSTAFF_CRYSTAL	2	T7_PLANKS_LEVEL2	16
T7_MAIN_CURSEDSTAFF_CRYSTAL	2	T7_METALBAR_LEVEL2	8
T7_MAIN_CURSEDSTAFF_CRYSTAL	2	T7_ARTEFACT_MAIN_CURSEDSTAFF_CRYSTAL	1
T7_MAIN_CURSEDSTAFF_CRYSTAL	3	T7_PLANKS_LEVEL3	16
T7_MAIN_CURSEDSTAFF_CRYSTAL	3	T7_METALBAR_LEVEL3	8
T7_MAIN_CURSEDSTAFF_CRYSTAL	3	T7_ARTEFACT_MAIN_CURSEDSTAFF_CRYSTAL	1
T7_MAIN_CURSEDSTAFF_CRYSTAL	4	T7_PLANKS_LEVEL4	16
T7_MAIN_CURSEDSTAFF_CRYSTAL	4	T7_METALBAR_LEVEL4	8
T7_MAIN_CURSEDSTAFF_CRYSTAL	4	T7_ARTEFACT_MAIN_CURSEDSTAFF_CRYSTAL	1
T8_MAIN_CURSEDSTAFF_CRYSTAL	0	T8_PLANKS	16
T8_MAIN_CURSEDSTAFF_CRYSTAL	0	T8_METALBAR	8
T8_MAIN_CURSEDSTAFF_CRYSTAL	0	T8_ARTEFACT_MAIN_CURSEDSTAFF_CRYSTAL	1
T8_MAIN_CURSEDSTAFF_CRYSTAL	1	T8_PLANKS_LEVEL1	16
T8_MAIN_CURSEDSTAFF_CRYSTAL	1	T8_METALBAR_LEVEL1	8
T8_MAIN_CURSEDSTAFF_CRYSTAL	1	T8_ARTEFACT_MAIN_CURSEDSTAFF_CRYSTAL	1
T8_MAIN_CURSEDSTAFF_CRYSTAL	2	T8_PLANKS_LEVEL2	16
T8_MAIN_CURSEDSTAFF_CRYSTAL	2	T8_METALBAR_LEVEL2	8
T8_MAIN_CURSEDSTAFF_CRYSTAL	2	T8_ARTEFACT_MAIN_CURSEDSTAFF_CRYSTAL	1
T8_MAIN_CURSEDSTAFF_CRYSTAL	3	T8_PLANKS_LEVEL3	16
T8_MAIN_CURSEDSTAFF_CRYSTAL	3	T8_METALBAR_LEVEL3	8
T8_MAIN_CURSEDSTAFF_CRYSTAL	3	T8_ARTEFACT_MAIN_CURSEDSTAFF_CRYSTAL	1
T8_MAIN_CURSEDSTAFF_CRYSTAL	4	T8_PLANKS_LEVEL4	16
T8_MAIN_CURSEDSTAFF_CRYSTAL	4	T8_METALBAR_LEVEL4	8
T8_MAIN_CURSEDSTAFF_CRYSTAL	4	T8_ARTEFACT_MAIN_CURSEDSTAFF_CRYSTAL	1
T2_MAIN_FIRESTAFF	0	T2_PLANKS	16
T2_MAIN_FIRESTAFF	0	T2_METALBAR	8
T3_MAIN_FIRESTAFF	0	T3_PLANKS	16
T3_MAIN_FIRESTAFF	0	T3_METALBAR	8
T4_MAIN_FIRESTAFF	0	T4_PLANKS	16
T4_MAIN_FIRESTAFF	0	T4_METALBAR	8
T4_MAIN_FIRESTAFF	1	T4_PLANKS_LEVEL1	16
T4_MAIN_FIRESTAFF	1	T4_METALBAR_LEVEL1	8
T4_MAIN_FIRESTAFF	2	T4_PLANKS_LEVEL2	16
T4_MAIN_FIRESTAFF	2	T4_METALBAR_LEVEL2	8
T4_MAIN_FIRESTAFF	3	T4_PLANKS_LEVEL3	16
T4_MAIN_FIRESTAFF	3	T4_METALBAR_LEVEL3	8
T4_MAIN_FIRESTAFF	4	T4_PLANKS_LEVEL4	16
T4_MAIN_FIRESTAFF	4	T4_METALBAR_LEVEL4	8
T5_MAIN_FIRESTAFF	0	T5_PLANKS	16
T5_MAIN_FIRESTAFF	0	T5_METALBAR	8
T5_MAIN_FIRESTAFF	1	T5_PLANKS_LEVEL1	16
T5_MAIN_FIRESTAFF	1	T5_METALBAR_LEVEL1	8
T5_MAIN_FIRESTAFF	2	T5_PLANKS_LEVEL2	16
T5_MAIN_FIRESTAFF	2	T5_METALBAR_LEVEL2	8
T5_MAIN_FIRESTAFF	3	T5_PLANKS_LEVEL3	16
T5_MAIN_FIRESTAFF	3	T5_METALBAR_LEVEL3	8
T5_MAIN_FIRESTAFF	4	T5_PLANKS_LEVEL4	16
T5_MAIN_FIRESTAFF	4	T5_METALBAR_LEVEL4	8
T6_MAIN_FIRESTAFF	0	T6_PLANKS	16
T6_MAIN_FIRESTAFF	0	T6_METALBAR	8
T6_MAIN_FIRESTAFF	1	T6_PLANKS_LEVEL1	16
T6_MAIN_FIRESTAFF	1	T6_METALBAR_LEVEL1	8
T6_MAIN_FIRESTAFF	2	T6_PLANKS_LEVEL2	16
T6_MAIN_FIRESTAFF	2	T6_METALBAR_LEVEL2	8
T6_MAIN_FIRESTAFF	3	T6_PLANKS_LEVEL3	16
T6_MAIN_FIRESTAFF	3	T6_METALBAR_LEVEL3	8
T6_MAIN_FIRESTAFF	4	T6_PLANKS_LEVEL4	16
T6_MAIN_FIRESTAFF	4	T6_METALBAR_LEVEL4	8
T7_MAIN_FIRESTAFF	0	T7_PLANKS	16
T7_MAIN_FIRESTAFF	0	T7_METALBAR	8
T7_MAIN_FIRESTAFF	1	T7_PLANKS_LEVEL1	16
T7_MAIN_FIRESTAFF	1	T7_METALBAR_LEVEL1	8
T7_MAIN_FIRESTAFF	2	T7_PLANKS_LEVEL2	16
T7_MAIN_FIRESTAFF	2	T7_METALBAR_LEVEL2	8
T7_MAIN_FIRESTAFF	3	T7_PLANKS_LEVEL3	16
T7_MAIN_FIRESTAFF	3	T7_METALBAR_LEVEL3	8
T7_MAIN_FIRESTAFF	4	T7_PLANKS_LEVEL4	16
T7_MAIN_FIRESTAFF	4	T7_METALBAR_LEVEL4	8
T8_MAIN_FIRESTAFF	0	T8_PLANKS	16
T8_MAIN_FIRESTAFF	0	T8_METALBAR	8
T8_MAIN_FIRESTAFF	1	T8_PLANKS_LEVEL1	16
T8_MAIN_FIRESTAFF	1	T8_METALBAR_LEVEL1	8
T8_MAIN_FIRESTAFF	2	T8_PLANKS_LEVEL2	16
T8_MAIN_FIRESTAFF	2	T8_METALBAR_LEVEL2	8
T8_MAIN_FIRESTAFF	3	T8_PLANKS_LEVEL3	16
T8_MAIN_FIRESTAFF	3	T8_METALBAR_LEVEL3	8
T8_MAIN_FIRESTAFF	4	T8_PLANKS_LEVEL4	16
T8_MAIN_FIRESTAFF	4	T8_METALBAR_LEVEL4	8
T4_2H_FIRESTAFF	0	T4_PLANKS	20
T4_2H_FIRESTAFF	0	T4_METALBAR	12
T4_2H_FIRESTAFF	1	T4_PLANKS_LEVEL1	20
T4_2H_FIRESTAFF	1	T4_METALBAR_LEVEL1	12
T4_2H_FIRESTAFF	2	T4_PLANKS_LEVEL2	20
T4_2H_FIRESTAFF	2	T4_METALBAR_LEVEL2	12
T4_2H_FIRESTAFF	3	T4_PLANKS_LEVEL3	20
T4_2H_FIRESTAFF	3	T4_METALBAR_LEVEL3	12
T4_2H_FIRESTAFF	4	T4_PLANKS_LEVEL4	20
T4_2H_FIRESTAFF	4	T4_METALBAR_LEVEL4	12
T5_2H_FIRESTAFF	0	T5_PLANKS	20
T5_2H_FIRESTAFF	0	T5_METALBAR	12
T5_2H_FIRESTAFF	1	T5_PLANKS_LEVEL1	20
T5_2H_FIRESTAFF	1	T5_METALBAR_LEVEL1	12
T5_2H_FIRESTAFF	2	T5_PLANKS_LEVEL2	20
T5_2H_FIRESTAFF	2	T5_METALBAR_LEVEL2	12
T5_2H_FIRESTAFF	3	T5_PLANKS_LEVEL3	20
T5_2H_FIRESTAFF	3	T5_METALBAR_LEVEL3	12
T5_2H_FIRESTAFF	4	T5_PLANKS_LEVEL4	20
T5_2H_FIRESTAFF	4	T5_METALBAR_LEVEL4	12
T6_2H_FIRESTAFF	0	T6_PLANKS	20
T6_2H_FIRESTAFF	0	T6_METALBAR	12
T6_2H_FIRESTAFF	1	T6_PLANKS_LEVEL1	20
T6_2H_FIRESTAFF	1	T6_METALBAR_LEVEL1	12
T6_2H_FIRESTAFF	2	T6_PLANKS_LEVEL2	20
T6_2H_FIRESTAFF	2	T6_METALBAR_LEVEL2	12
T6_2H_FIRESTAFF	3	T6_PLANKS_LEVEL3	20
T6_2H_FIRESTAFF	3	T6_METALBAR_LEVEL3	12
T6_2H_FIRESTAFF	4	T6_PLANKS_LEVEL4	20
T6_2H_FIRESTAFF	4	T6_METALBAR_LEVEL4	12
T7_2H_FIRESTAFF	0	T7_PLANKS	20
T7_2H_FIRESTAFF	0	T7_METALBAR	12
T7_2H_FIRESTAFF	1	T7_PLANKS_LEVEL1	20
T7_2H_FIRESTAFF	1	T7_METALBAR_LEVEL1	12
T7_2H_FIRESTAFF	2	T7_PLANKS_LEVEL2	20
T7_2H_FIRESTAFF	2	T7_METALBAR_LEVEL2	12
T7_2H_FIRESTAFF	3	T7_PLANKS_LEVEL3	20
T7_2H_FIRESTAFF	3	T7_METALBAR_LEVEL3	12
T7_2H_FIRESTAFF	4	T7_PLANKS_LEVEL4	20
T7_2H_FIRESTAFF	4	T7_METALBAR_LEVEL4	12
T8_2H_FIRESTAFF	0	T8_PLANKS	20
T8_2H_FIRESTAFF	0	T8_METALBAR	12
T8_2H_FIRESTAFF	1	T8_PLANKS_LEVEL1	20
T8_2H_FIRESTAFF	1	T8_METALBAR_LEVEL1	12
T8_2H_FIRESTAFF	2	T8_PLANKS_LEVEL2	20
T8_2H_FIRESTAFF	2	T8_METALBAR_LEVEL2	12
T8_2H_FIRESTAFF	3	T8_PLANKS_LEVEL3	20
T8_2H_FIRESTAFF	3	T8_METALBAR_LEVEL3	12
T8_2H_FIRESTAFF	4	T8_PLANKS_LEVEL4	20
T8_2H_FIRESTAFF	4	T8_METALBAR_LEVEL4	12
T4_2H_INFERNOSTAFF	0	T4_PLANKS	20
T4_2H_INFERNOSTAFF	0	T4_METALBAR	12
T4_2H_INFERNOSTAFF	1	T4_PLANKS_LEVEL1	20
T4_2H_INFERNOSTAFF	1	T4_METALBAR_LEVEL1	12
T4_2H_INFERNOSTAFF	2	T4_PLANKS_LEVEL2	20
T4_2H_INFERNOSTAFF	2	T4_METALBAR_LEVEL2	12
T4_2H_INFERNOSTAFF	3	T4_PLANKS_LEVEL3	20
T4_2H_INFERNOSTAFF	3	T4_METALBAR_LEVEL3	12
T4_2H_INFERNOSTAFF	4	T4_PLANKS_LEVEL4	20
T4_2H_INFERNOSTAFF	4	T4_METALBAR_LEVEL4	12
T5_2H_INFERNOSTAFF	0	T5_PLANKS	20
T5_2H_INFERNOSTAFF	0	T5_METALBAR	12
T5_2H_INFERNOSTAFF	1	T5_PLANKS_LEVEL1	20
T5_2H_INFERNOSTAFF	1	T5_METALBAR_LEVEL1	12
T5_2H_INFERNOSTAFF	2	T5_PLANKS_LEVEL2	20
T5_2H_INFERNOSTAFF	2	T5_METALBAR_LEVEL2	12
T5_2H_INFERNOSTAFF	3	T5_PLANKS_LEVEL3	20
T5_2H_INFERNOSTAFF	3	T5_METALBAR_LEVEL3	12
T5_2H_INFERNOSTAFF	4	T5_PLANKS_LEVEL4	20
T5_2H_INFERNOSTAFF	4	T5_METALBAR_LEVEL4	12
T6_2H_INFERNOSTAFF	0	T6_PLANKS	20
T6_2H_INFERNOSTAFF	0	T6_METALBAR	12
T6_2H_INFERNOSTAFF	1	T6_PLANKS_LEVEL1	20
T6_2H_INFERNOSTAFF	1	T6_METALBAR_LEVEL1	12
T6_2H_INFERNOSTAFF	2	T6_PLANKS_LEVEL2	20
T6_2H_INFERNOSTAFF	2	T6_METALBAR_LEVEL2	12
T6_2H_INFERNOSTAFF	3	T6_PLANKS_LEVEL3	20
T6_2H_INFERNOSTAFF	3	T6_METALBAR_LEVEL3	12
T6_2H_INFERNOSTAFF	4	T6_PLANKS_LEVEL4	20
T6_2H_INFERNOSTAFF	4	T6_METALBAR_LEVEL4	12
T7_2H_INFERNOSTAFF	0	T7_PLANKS	20
T7_2H_INFERNOSTAFF	0	T7_METALBAR	12
T7_2H_INFERNOSTAFF	1	T7_PLANKS_LEVEL1	20
T7_2H_INFERNOSTAFF	1	T7_METALBAR_LEVEL1	12
T7_2H_INFERNOSTAFF	2	T7_PLANKS_LEVEL2	20
T7_2H_INFERNOSTAFF	2	T7_METALBAR_LEVEL2	12
T7_2H_INFERNOSTAFF	3	T7_PLANKS_LEVEL3	20
T7_2H_INFERNOSTAFF	3	T7_METALBAR_LEVEL3	12
T7_2H_INFERNOSTAFF	4	T7_PLANKS_LEVEL4	20
T7_2H_INFERNOSTAFF	4	T7_METALBAR_LEVEL4	12
T8_2H_INFERNOSTAFF	0	T8_PLANKS	20
T8_2H_INFERNOSTAFF	0	T8_METALBAR	12
T8_2H_INFERNOSTAFF	1	T8_PLANKS_LEVEL1	20
T8_2H_INFERNOSTAFF	1	T8_METALBAR_LEVEL1	12
T8_2H_INFERNOSTAFF	2	T8_PLANKS_LEVEL2	20
T8_2H_INFERNOSTAFF	2	T8_METALBAR_LEVEL2	12
T8_2H_INFERNOSTAFF	3	T8_PLANKS_LEVEL3	20
T8_2H_INFERNOSTAFF	3	T8_METALBAR_LEVEL3	12
T8_2H_INFERNOSTAFF	4	T8_PLANKS_LEVEL4	20
T8_2H_INFERNOSTAFF	4	T8_METALBAR_LEVEL4	12
T4_MAIN_FIRESTAFF_KEEPER	0	T4_PLANKS	16
T4_MAIN_FIRESTAFF_KEEPER	0	T4_METALBAR	8
T4_MAIN_FIRESTAFF_KEEPER	0	T4_ARTEFACT_MAIN_FIRESTAFF_KEEPER	1
T4_MAIN_FIRESTAFF_KEEPER	1	T4_PLANKS_LEVEL1	16
T4_MAIN_FIRESTAFF_KEEPER	1	T4_METALBAR_LEVEL1	8
T4_MAIN_FIRESTAFF_KEEPER	1	T4_ARTEFACT_MAIN_FIRESTAFF_KEEPER	1
T4_MAIN_FIRESTAFF_KEEPER	2	T4_PLANKS_LEVEL2	16
T4_MAIN_FIRESTAFF_KEEPER	2	T4_METALBAR_LEVEL2	8
T4_MAIN_FIRESTAFF_KEEPER	2	T4_ARTEFACT_MAIN_FIRESTAFF_KEEPER	1
T4_MAIN_FIRESTAFF_KEEPER	3	T4_PLANKS_LEVEL3	16
T4_MAIN_FIRESTAFF_KEEPER	3	T4_METALBAR_LEVEL3	8
T4_MAIN_FIRESTAFF_KEEPER	3	T4_ARTEFACT_MAIN_FIRESTAFF_KEEPER	1
T4_MAIN_FIRESTAFF_KEEPER	4	T4_PLANKS_LEVEL4	16
T4_MAIN_FIRESTAFF_KEEPER	4	T4_METALBAR_LEVEL4	8
T4_MAIN_FIRESTAFF_KEEPER	4	T4_ARTEFACT_MAIN_FIRESTAFF_KEEPER	1
T5_MAIN_FIRESTAFF_KEEPER	0	T5_PLANKS	16
T5_MAIN_FIRESTAFF_KEEPER	0	T5_METALBAR	8
T5_MAIN_FIRESTAFF_KEEPER	0	T5_ARTEFACT_MAIN_FIRESTAFF_KEEPER	1
T5_MAIN_FIRESTAFF_KEEPER	1	T5_PLANKS_LEVEL1	16
T5_MAIN_FIRESTAFF_KEEPER	1	T5_METALBAR_LEVEL1	8
T5_MAIN_FIRESTAFF_KEEPER	1	T5_ARTEFACT_MAIN_FIRESTAFF_KEEPER	1
T5_MAIN_FIRESTAFF_KEEPER	2	T5_PLANKS_LEVEL2	16
T5_MAIN_FIRESTAFF_KEEPER	2	T5_METALBAR_LEVEL2	8
T5_MAIN_FIRESTAFF_KEEPER	2	T5_ARTEFACT_MAIN_FIRESTAFF_KEEPER	1
T5_MAIN_FIRESTAFF_KEEPER	3	T5_PLANKS_LEVEL3	16
T5_MAIN_FIRESTAFF_KEEPER	3	T5_METALBAR_LEVEL3	8
T5_MAIN_FIRESTAFF_KEEPER	3	T5_ARTEFACT_MAIN_FIRESTAFF_KEEPER	1
T5_MAIN_FIRESTAFF_KEEPER	4	T5_PLANKS_LEVEL4	16
T5_MAIN_FIRESTAFF_KEEPER	4	T5_METALBAR_LEVEL4	8
T5_MAIN_FIRESTAFF_KEEPER	4	T5_ARTEFACT_MAIN_FIRESTAFF_KEEPER	1
T6_MAIN_FIRESTAFF_KEEPER	0	T6_PLANKS	16
T6_MAIN_FIRESTAFF_KEEPER	0	T6_METALBAR	8
T6_MAIN_FIRESTAFF_KEEPER	0	T6_ARTEFACT_MAIN_FIRESTAFF_KEEPER	1
T6_MAIN_FIRESTAFF_KEEPER	1	T6_PLANKS_LEVEL1	16
T6_MAIN_FIRESTAFF_KEEPER	1	T6_METALBAR_LEVEL1	8
T6_MAIN_FIRESTAFF_KEEPER	1	T6_ARTEFACT_MAIN_FIRESTAFF_KEEPER	1
T6_MAIN_FIRESTAFF_KEEPER	2	T6_PLANKS_LEVEL2	16
T6_MAIN_FIRESTAFF_KEEPER	2	T6_METALBAR_LEVEL2	8
T6_MAIN_FIRESTAFF_KEEPER	2	T6_ARTEFACT_MAIN_FIRESTAFF_KEEPER	1
T6_MAIN_FIRESTAFF_KEEPER	3	T6_PLANKS_LEVEL3	16
T6_MAIN_FIRESTAFF_KEEPER	3	T6_METALBAR_LEVEL3	8
T6_MAIN_FIRESTAFF_KEEPER	3	T6_ARTEFACT_MAIN_FIRESTAFF_KEEPER	1
T6_MAIN_FIRESTAFF_KEEPER	4	T6_PLANKS_LEVEL4	16
T6_MAIN_FIRESTAFF_KEEPER	4	T6_METALBAR_LEVEL4	8
T6_MAIN_FIRESTAFF_KEEPER	4	T6_ARTEFACT_MAIN_FIRESTAFF_KEEPER	1
T7_MAIN_FIRESTAFF_KEEPER	0	T7_PLANKS	16
T7_MAIN_FIRESTAFF_KEEPER	0	T7_METALBAR	8
T7_MAIN_FIRESTAFF_KEEPER	0	T7_ARTEFACT_MAIN_FIRESTAFF_KEEPER	1
T7_MAIN_FIRESTAFF_KEEPER	1	T7_PLANKS_LEVEL1	16
T7_MAIN_FIRESTAFF_KEEPER	1	T7_METALBAR_LEVEL1	8
T7_MAIN_FIRESTAFF_KEEPER	1	T7_ARTEFACT_MAIN_FIRESTAFF_KEEPER	1
T7_MAIN_FIRESTAFF_KEEPER	2	T7_PLANKS_LEVEL2	16
T7_MAIN_FIRESTAFF_KEEPER	2	T7_METALBAR_LEVEL2	8
T7_MAIN_FIRESTAFF_KEEPER	2	T7_ARTEFACT_MAIN_FIRESTAFF_KEEPER	1
T7_MAIN_FIRESTAFF_KEEPER	3	T7_PLANKS_LEVEL3	16
T7_MAIN_FIRESTAFF_KEEPER	3	T7_METALBAR_LEVEL3	8
T7_MAIN_FIRESTAFF_KEEPER	3	T7_ARTEFACT_MAIN_FIRESTAFF_KEEPER	1
T7_MAIN_FIRESTAFF_KEEPER	4	T7_PLANKS_LEVEL4	16
T7_MAIN_FIRESTAFF_KEEPER	4	T7_METALBAR_LEVEL4	8
T7_MAIN_FIRESTAFF_KEEPER	4	T7_ARTEFACT_MAIN_FIRESTAFF_KEEPER	1
T8_MAIN_FIRESTAFF_KEEPER	0	T8_PLANKS	16
T8_MAIN_FIRESTAFF_KEEPER	0	T8_METALBAR	8
T8_MAIN_FIRESTAFF_KEEPER	0	T8_ARTEFACT_MAIN_FIRESTAFF_KEEPER	1
T8_MAIN_FIRESTAFF_KEEPER	1	T8_PLANKS_LEVEL1	16
T8_MAIN_FIRESTAFF_KEEPER	1	T8_METALBAR_LEVEL1	8
T8_MAIN_FIRESTAFF_KEEPER	1	T8_ARTEFACT_MAIN_FIRESTAFF_KEEPER	1
T8_MAIN_FIRESTAFF_KEEPER	2	T8_PLANKS_LEVEL2	16
T8_MAIN_FIRESTAFF_KEEPER	2	T8_METALBAR_LEVEL2	8
T8_MAIN_FIRESTAFF_KEEPER	2	T8_ARTEFACT_MAIN_FIRESTAFF_KEEPER	1
T8_MAIN_FIRESTAFF_KEEPER	3	T8_PLANKS_LEVEL3	16
T8_MAIN_FIRESTAFF_KEEPER	3	T8_METALBAR_LEVEL3	8
T8_MAIN_FIRESTAFF_KEEPER	3	T8_ARTEFACT_MAIN_FIRESTAFF_KEEPER	1
T8_MAIN_FIRESTAFF_KEEPER	4	T8_PLANKS_LEVEL4	16
T8_MAIN_FIRESTAFF_KEEPER	4	T8_METALBAR_LEVEL4	8
T8_MAIN_FIRESTAFF_KEEPER	4	T8_ARTEFACT_MAIN_FIRESTAFF_KEEPER	1
T4_2H_FIRESTAFF_HELL	0	T4_PLANKS	20
T4_2H_FIRESTAFF_HELL	0	T4_METALBAR	12
T4_2H_FIRESTAFF_HELL	0	T4_ARTEFACT_2H_FIRESTAFF_HELL	1
T4_2H_FIRESTAFF_HELL	1	T4_PLANKS_LEVEL1	20
T4_2H_FIRESTAFF_HELL	1	T4_METALBAR_LEVEL1	12
T4_2H_FIRESTAFF_HELL	1	T4_ARTEFACT_2H_FIRESTAFF_HELL	1
T4_2H_FIRESTAFF_HELL	2	T4_PLANKS_LEVEL2	20
T4_2H_FIRESTAFF_HELL	2	T4_METALBAR_LEVEL2	12
T4_2H_FIRESTAFF_HELL	2	T4_ARTEFACT_2H_FIRESTAFF_HELL	1
T4_2H_FIRESTAFF_HELL	3	T4_PLANKS_LEVEL3	20
T4_2H_FIRESTAFF_HELL	3	T4_METALBAR_LEVEL3	12
T4_2H_FIRESTAFF_HELL	3	T4_ARTEFACT_2H_FIRESTAFF_HELL	1
T4_2H_FIRESTAFF_HELL	4	T4_PLANKS_LEVEL4	20
T4_2H_FIRESTAFF_HELL	4	T4_METALBAR_LEVEL4	12
T4_2H_FIRESTAFF_HELL	4	T4_ARTEFACT_2H_FIRESTAFF_HELL	1
T5_2H_FIRESTAFF_HELL	0	T5_PLANKS	20
T5_2H_FIRESTAFF_HELL	0	T5_METALBAR	12
T5_2H_FIRESTAFF_HELL	0	T5_ARTEFACT_2H_FIRESTAFF_HELL	1
T5_2H_FIRESTAFF_HELL	1	T5_PLANKS_LEVEL1	20
T5_2H_FIRESTAFF_HELL	1	T5_METALBAR_LEVEL1	12
T5_2H_FIRESTAFF_HELL	1	T5_ARTEFACT_2H_FIRESTAFF_HELL	1
T5_2H_FIRESTAFF_HELL	2	T5_PLANKS_LEVEL2	20
T5_2H_FIRESTAFF_HELL	2	T5_METALBAR_LEVEL2	12
T5_2H_FIRESTAFF_HELL	2	T5_ARTEFACT_2H_FIRESTAFF_HELL	1
T5_2H_FIRESTAFF_HELL	3	T5_PLANKS_LEVEL3	20
T5_2H_FIRESTAFF_HELL	3	T5_METALBAR_LEVEL3	12
T5_2H_FIRESTAFF_HELL	3	T5_ARTEFACT_2H_FIRESTAFF_HELL	1
T5_2H_FIRESTAFF_HELL	4	T5_PLANKS_LEVEL4	20
T5_2H_FIRESTAFF_HELL	4	T5_METALBAR_LEVEL4	12
T5_2H_FIRESTAFF_HELL	4	T5_ARTEFACT_2H_FIRESTAFF_HELL	1
T6_2H_FIRESTAFF_HELL	0	T6_PLANKS	20
T6_2H_FIRESTAFF_HELL	0	T6_METALBAR	12
T6_2H_FIRESTAFF_HELL	0	T6_ARTEFACT_2H_FIRESTAFF_HELL	1
T6_2H_FIRESTAFF_HELL	1	T6_PLANKS_LEVEL1	20
T6_2H_FIRESTAFF_HELL	1	T6_METALBAR_LEVEL1	12
T6_2H_FIRESTAFF_HELL	1	T6_ARTEFACT_2H_FIRESTAFF_HELL	1
T6_2H_FIRESTAFF_HELL	2	T6_PLANKS_LEVEL2	20
T6_2H_FIRESTAFF_HELL	2	T6_METALBAR_LEVEL2	12
T6_2H_FIRESTAFF_HELL	2	T6_ARTEFACT_2H_FIRESTAFF_HELL	1
T6_2H_FIRESTAFF_HELL	3	T6_PLANKS_LEVEL3	20
T6_2H_FIRESTAFF_HELL	3	T6_METALBAR_LEVEL3	12
T6_2H_FIRESTAFF_HELL	3	T6_ARTEFACT_2H_FIRESTAFF_HELL	1
T6_2H_FIRESTAFF_HELL	4	T6_PLANKS_LEVEL4	20
T6_2H_FIRESTAFF_HELL	4	T6_METALBAR_LEVEL4	12
T6_2H_FIRESTAFF_HELL	4	T6_ARTEFACT_2H_FIRESTAFF_HELL	1
T7_2H_FIRESTAFF_HELL	0	T7_PLANKS	20
T7_2H_FIRESTAFF_HELL	0	T7_METALBAR	12
T7_2H_FIRESTAFF_HELL	0	T7_ARTEFACT_2H_FIRESTAFF_HELL	1
T7_2H_FIRESTAFF_HELL	1	T7_PLANKS_LEVEL1	20
T7_2H_FIRESTAFF_HELL	1	T7_METALBAR_LEVEL1	12
T7_2H_FIRESTAFF_HELL	1	T7_ARTEFACT_2H_FIRESTAFF_HELL	1
T7_2H_FIRESTAFF_HELL	2	T7_PLANKS_LEVEL2	20
T7_2H_FIRESTAFF_HELL	2	T7_METALBAR_LEVEL2	12
T7_2H_FIRESTAFF_HELL	2	T7_ARTEFACT_2H_FIRESTAFF_HELL	1
T7_2H_FIRESTAFF_HELL	3	T7_PLANKS_LEVEL3	20
T7_2H_FIRESTAFF_HELL	3	T7_METALBAR_LEVEL3	12
T7_2H_FIRESTAFF_HELL	3	T7_ARTEFACT_2H_FIRESTAFF_HELL	1
T7_2H_FIRESTAFF_HELL	4	T7_PLANKS_LEVEL4	20
T7_2H_FIRESTAFF_HELL	4	T7_METALBAR_LEVEL4	12
T7_2H_FIRESTAFF_HELL	4	T7_ARTEFACT_2H_FIRESTAFF_HELL	1
T8_2H_FIRESTAFF_HELL	0	T8_PLANKS	20
T8_2H_FIRESTAFF_HELL	0	T8_METALBAR	12
T8_2H_FIRESTAFF_HELL	0	T8_ARTEFACT_2H_FIRESTAFF_HELL	1
T8_2H_FIRESTAFF_HELL	1	T8_PLANKS_LEVEL1	20
T8_2H_FIRESTAFF_HELL	1	T8_METALBAR_LEVEL1	12
T8_2H_FIRESTAFF_HELL	1	T8_ARTEFACT_2H_FIRESTAFF_HELL	1
T8_2H_FIRESTAFF_HELL	2	T8_PLANKS_LEVEL2	20
T8_2H_FIRESTAFF_HELL	2	T8_METALBAR_LEVEL2	12
T8_2H_FIRESTAFF_HELL	2	T8_ARTEFACT_2H_FIRESTAFF_HELL	1
T8_2H_FIRESTAFF_HELL	3	T8_PLANKS_LEVEL3	20
T8_2H_FIRESTAFF_HELL	3	T8_METALBAR_LEVEL3	12
T8_2H_FIRESTAFF_HELL	3	T8_ARTEFACT_2H_FIRESTAFF_HELL	1
T8_2H_FIRESTAFF_HELL	4	T8_PLANKS_LEVEL4	20
T8_2H_FIRESTAFF_HELL	4	T8_METALBAR_LEVEL4	12
T8_2H_FIRESTAFF_HELL	4	T8_ARTEFACT_2H_FIRESTAFF_HELL	1
T4_2H_INFERNOSTAFF_MORGANA	0	T4_PLANKS	20
T4_2H_INFERNOSTAFF_MORGANA	0	T4_METALBAR	12
T4_2H_INFERNOSTAFF_MORGANA	0	T4_ARTEFACT_2H_INFERNOSTAFF_MORGANA	1
T4_2H_INFERNOSTAFF_MORGANA	1	T4_PLANKS_LEVEL1	20
T4_2H_INFERNOSTAFF_MORGANA	1	T4_METALBAR_LEVEL1	12
T4_2H_INFERNOSTAFF_MORGANA	1	T4_ARTEFACT_2H_INFERNOSTAFF_MORGANA	1
T4_2H_INFERNOSTAFF_MORGANA	2	T4_PLANKS_LEVEL2	20
T4_2H_INFERNOSTAFF_MORGANA	2	T4_METALBAR_LEVEL2	12
T4_2H_INFERNOSTAFF_MORGANA	2	T4_ARTEFACT_2H_INFERNOSTAFF_MORGANA	1
T4_2H_INFERNOSTAFF_MORGANA	3	T4_PLANKS_LEVEL3	20
T4_2H_INFERNOSTAFF_MORGANA	3	T4_METALBAR_LEVEL3	12
T4_2H_INFERNOSTAFF_MORGANA	3	T4_ARTEFACT_2H_INFERNOSTAFF_MORGANA	1
T4_2H_INFERNOSTAFF_MORGANA	4	T4_PLANKS_LEVEL4	20
T4_2H_INFERNOSTAFF_MORGANA	4	T4_METALBAR_LEVEL4	12
T4_2H_INFERNOSTAFF_MORGANA	4	T4_ARTEFACT_2H_INFERNOSTAFF_MORGANA	1
T5_2H_INFERNOSTAFF_MORGANA	0	T5_PLANKS	20
T5_2H_INFERNOSTAFF_MORGANA	0	T5_METALBAR	12
T5_2H_INFERNOSTAFF_MORGANA	0	T5_ARTEFACT_2H_INFERNOSTAFF_MORGANA	1
T5_2H_INFERNOSTAFF_MORGANA	1	T5_PLANKS_LEVEL1	20
T5_2H_INFERNOSTAFF_MORGANA	1	T5_METALBAR_LEVEL1	12
T5_2H_INFERNOSTAFF_MORGANA	1	T5_ARTEFACT_2H_INFERNOSTAFF_MORGANA	1
T5_2H_INFERNOSTAFF_MORGANA	2	T5_PLANKS_LEVEL2	20
T5_2H_INFERNOSTAFF_MORGANA	2	T5_METALBAR_LEVEL2	12
T5_2H_INFERNOSTAFF_MORGANA	2	T5_ARTEFACT_2H_INFERNOSTAFF_MORGANA	1
T5_2H_INFERNOSTAFF_MORGANA	3	T5_PLANKS_LEVEL3	20
T5_2H_INFERNOSTAFF_MORGANA	3	T5_METALBAR_LEVEL3	12
T5_2H_INFERNOSTAFF_MORGANA	3	T5_ARTEFACT_2H_INFERNOSTAFF_MORGANA	1
T5_2H_INFERNOSTAFF_MORGANA	4	T5_PLANKS_LEVEL4	20
T5_2H_INFERNOSTAFF_MORGANA	4	T5_METALBAR_LEVEL4	12
T5_2H_INFERNOSTAFF_MORGANA	4	T5_ARTEFACT_2H_INFERNOSTAFF_MORGANA	1
T6_2H_INFERNOSTAFF_MORGANA	0	T6_PLANKS	20
T6_2H_INFERNOSTAFF_MORGANA	0	T6_METALBAR	12
T6_2H_INFERNOSTAFF_MORGANA	0	T6_ARTEFACT_2H_INFERNOSTAFF_MORGANA	1
T6_2H_INFERNOSTAFF_MORGANA	1	T6_PLANKS_LEVEL1	20
T6_2H_INFERNOSTAFF_MORGANA	1	T6_METALBAR_LEVEL1	12
T6_2H_INFERNOSTAFF_MORGANA	1	T6_ARTEFACT_2H_INFERNOSTAFF_MORGANA	1
T6_2H_INFERNOSTAFF_MORGANA	2	T6_PLANKS_LEVEL2	20
T6_2H_INFERNOSTAFF_MORGANA	2	T6_METALBAR_LEVEL2	12
T6_2H_INFERNOSTAFF_MORGANA	2	T6_ARTEFACT_2H_INFERNOSTAFF_MORGANA	1
T6_2H_INFERNOSTAFF_MORGANA	3	T6_PLANKS_LEVEL3	20
T6_2H_INFERNOSTAFF_MORGANA	3	T6_METALBAR_LEVEL3	12
T6_2H_INFERNOSTAFF_MORGANA	3	T6_ARTEFACT_2H_INFERNOSTAFF_MORGANA	1
T6_2H_INFERNOSTAFF_MORGANA	4	T6_PLANKS_LEVEL4	20
T6_2H_INFERNOSTAFF_MORGANA	4	T6_METALBAR_LEVEL4	12
T6_2H_INFERNOSTAFF_MORGANA	4	T6_ARTEFACT_2H_INFERNOSTAFF_MORGANA	1
T7_2H_INFERNOSTAFF_MORGANA	0	T7_PLANKS	20
T7_2H_INFERNOSTAFF_MORGANA	0	T7_METALBAR	12
T7_2H_INFERNOSTAFF_MORGANA	0	T7_ARTEFACT_2H_INFERNOSTAFF_MORGANA	1
T7_2H_INFERNOSTAFF_MORGANA	1	T7_PLANKS_LEVEL1	20
T7_2H_INFERNOSTAFF_MORGANA	1	T7_METALBAR_LEVEL1	12
T7_2H_INFERNOSTAFF_MORGANA	1	T7_ARTEFACT_2H_INFERNOSTAFF_MORGANA	1
T7_2H_INFERNOSTAFF_MORGANA	2	T7_PLANKS_LEVEL2	20
T7_2H_INFERNOSTAFF_MORGANA	2	T7_METALBAR_LEVEL2	12
T7_2H_INFERNOSTAFF_MORGANA	2	T7_ARTEFACT_2H_INFERNOSTAFF_MORGANA	1
T7_2H_INFERNOSTAFF_MORGANA	3	T7_PLANKS_LEVEL3	20
T7_2H_INFERNOSTAFF_MORGANA	3	T7_METALBAR_LEVEL3	12
T7_2H_INFERNOSTAFF_MORGANA	3	T7_ARTEFACT_2H_INFERNOSTAFF_MORGANA	1
T7_2H_INFERNOSTAFF_MORGANA	4	T7_PLANKS_LEVEL4	20
T7_2H_INFERNOSTAFF_MORGANA	4	T7_METALBAR_LEVEL4	12
T7_2H_INFERNOSTAFF_MORGANA	4	T7_ARTEFACT_2H_INFERNOSTAFF_MORGANA	1
T8_2H_INFERNOSTAFF_MORGANA	0	T8_PLANKS	20
T8_2H_INFERNOSTAFF_MORGANA	0	T8_METALBAR	12
T8_2H_INFERNOSTAFF_MORGANA	0	T8_ARTEFACT_2H_INFERNOSTAFF_MORGANA	1
T8_2H_INFERNOSTAFF_MORGANA	1	T8_PLANKS_LEVEL1	20
T8_2H_INFERNOSTAFF_MORGANA	1	T8_METALBAR_LEVEL1	12
T8_2H_INFERNOSTAFF_MORGANA	1	T8_ARTEFACT_2H_INFERNOSTAFF_MORGANA	1
T8_2H_INFERNOSTAFF_MORGANA	2	T8_PLANKS_LEVEL2	20
T8_2H_INFERNOSTAFF_MORGANA	2	T8_METALBAR_LEVEL2	12
T8_2H_INFERNOSTAFF_MORGANA	2	T8_ARTEFACT_2H_INFERNOSTAFF_MORGANA	1
T8_2H_INFERNOSTAFF_MORGANA	3	T8_PLANKS_LEVEL3	20
T8_2H_INFERNOSTAFF_MORGANA	3	T8_METALBAR_LEVEL3	12
T8_2H_INFERNOSTAFF_MORGANA	3	T8_ARTEFACT_2H_INFERNOSTAFF_MORGANA	1
T8_2H_INFERNOSTAFF_MORGANA	4	T8_PLANKS_LEVEL4	20
T8_2H_INFERNOSTAFF_MORGANA	4	T8_METALBAR_LEVEL4	12
T8_2H_INFERNOSTAFF_MORGANA	4	T8_ARTEFACT_2H_INFERNOSTAFF_MORGANA	1
T4_2H_FIRE_RINGPAIR_AVALON	0	T4_PLANKS	20
T4_2H_FIRE_RINGPAIR_AVALON	0	T4_METALBAR	12
T4_2H_FIRE_RINGPAIR_AVALON	0	T4_ARTEFACT_2H_FIRE_RINGPAIR_AVALON	1
T4_2H_FIRE_RINGPAIR_AVALON	1	T4_PLANKS_LEVEL1	20
T4_2H_FIRE_RINGPAIR_AVALON	1	T4_METALBAR_LEVEL1	12
T4_2H_FIRE_RINGPAIR_AVALON	1	T4_ARTEFACT_2H_FIRE_RINGPAIR_AVALON	1
T4_2H_FIRE_RINGPAIR_AVALON	2	T4_PLANKS_LEVEL2	20
T4_2H_FIRE_RINGPAIR_AVALON	2	T4_METALBAR_LEVEL2	12
T4_2H_FIRE_RINGPAIR_AVALON	2	T4_ARTEFACT_2H_FIRE_RINGPAIR_AVALON	1
T4_2H_FIRE_RINGPAIR_AVALON	3	T4_PLANKS_LEVEL3	20
T4_2H_FIRE_RINGPAIR_AVALON	3	T4_METALBAR_LEVEL3	12
T4_2H_FIRE_RINGPAIR_AVALON	3	T4_ARTEFACT_2H_FIRE_RINGPAIR_AVALON	1
T4_2H_FIRE_RINGPAIR_AVALON	4	T4_PLANKS_LEVEL4	20
T4_2H_FIRE_RINGPAIR_AVALON	4	T4_METALBAR_LEVEL4	12
T4_2H_FIRE_RINGPAIR_AVALON	4	T4_ARTEFACT_2H_FIRE_RINGPAIR_AVALON	1
T5_2H_FIRE_RINGPAIR_AVALON	0	T5_PLANKS	20
T5_2H_FIRE_RINGPAIR_AVALON	0	T5_METALBAR	12
T5_2H_FIRE_RINGPAIR_AVALON	0	T5_ARTEFACT_2H_FIRE_RINGPAIR_AVALON	1
T5_2H_FIRE_RINGPAIR_AVALON	1	T5_PLANKS_LEVEL1	20
T5_2H_FIRE_RINGPAIR_AVALON	1	T5_METALBAR_LEVEL1	12
T5_2H_FIRE_RINGPAIR_AVALON	1	T5_ARTEFACT_2H_FIRE_RINGPAIR_AVALON	1
T5_2H_FIRE_RINGPAIR_AVALON	2	T5_PLANKS_LEVEL2	20
T5_2H_FIRE_RINGPAIR_AVALON	2	T5_METALBAR_LEVEL2	12
T5_2H_FIRE_RINGPAIR_AVALON	2	T5_ARTEFACT_2H_FIRE_RINGPAIR_AVALON	1
T5_2H_FIRE_RINGPAIR_AVALON	3	T5_PLANKS_LEVEL3	20
T5_2H_FIRE_RINGPAIR_AVALON	3	T5_METALBAR_LEVEL3	12
T5_2H_FIRE_RINGPAIR_AVALON	3	T5_ARTEFACT_2H_FIRE_RINGPAIR_AVALON	1
T5_2H_FIRE_RINGPAIR_AVALON	4	T5_PLANKS_LEVEL4	20
T5_2H_FIRE_RINGPAIR_AVALON	4	T5_METALBAR_LEVEL4	12
T5_2H_FIRE_RINGPAIR_AVALON	4	T5_ARTEFACT_2H_FIRE_RINGPAIR_AVALON	1
T6_2H_FIRE_RINGPAIR_AVALON	0	T6_PLANKS	20
T6_2H_FIRE_RINGPAIR_AVALON	0	T6_METALBAR	12
T6_2H_FIRE_RINGPAIR_AVALON	0	T6_ARTEFACT_2H_FIRE_RINGPAIR_AVALON	1
T6_2H_FIRE_RINGPAIR_AVALON	1	T6_PLANKS_LEVEL1	20
T6_2H_FIRE_RINGPAIR_AVALON	1	T6_METALBAR_LEVEL1	12
T6_2H_FIRE_RINGPAIR_AVALON	1	T6_ARTEFACT_2H_FIRE_RINGPAIR_AVALON	1
T6_2H_FIRE_RINGPAIR_AVALON	2	T6_PLANKS_LEVEL2	20
T6_2H_FIRE_RINGPAIR_AVALON	2	T6_METALBAR_LEVEL2	12
T6_2H_FIRE_RINGPAIR_AVALON	2	T6_ARTEFACT_2H_FIRE_RINGPAIR_AVALON	1
T6_2H_FIRE_RINGPAIR_AVALON	3	T6_PLANKS_LEVEL3	20
T6_2H_FIRE_RINGPAIR_AVALON	3	T6_METALBAR_LEVEL3	12
T6_2H_FIRE_RINGPAIR_AVALON	3	T6_ARTEFACT_2H_FIRE_RINGPAIR_AVALON	1
T6_2H_FIRE_RINGPAIR_AVALON	4	T6_PLANKS_LEVEL4	20
T6_2H_FIRE_RINGPAIR_AVALON	4	T6_METALBAR_LEVEL4	12
T6_2H_FIRE_RINGPAIR_AVALON	4	T6_ARTEFACT_2H_FIRE_RINGPAIR_AVALON	1
T7_2H_FIRE_RINGPAIR_AVALON	0	T7_PLANKS	20
T7_2H_FIRE_RINGPAIR_AVALON	0	T7_METALBAR	12
T7_2H_FIRE_RINGPAIR_AVALON	0	T7_ARTEFACT_2H_FIRE_RINGPAIR_AVALON	1
T7_2H_FIRE_RINGPAIR_AVALON	1	T7_PLANKS_LEVEL1	20
T7_2H_FIRE_RINGPAIR_AVALON	1	T7_METALBAR_LEVEL1	12
T7_2H_FIRE_RINGPAIR_AVALON	1	T7_ARTEFACT_2H_FIRE_RINGPAIR_AVALON	1
T7_2H_FIRE_RINGPAIR_AVALON	2	T7_PLANKS_LEVEL2	20
T7_2H_FIRE_RINGPAIR_AVALON	2	T7_METALBAR_LEVEL2	12
T7_2H_FIRE_RINGPAIR_AVALON	2	T7_ARTEFACT_2H_FIRE_RINGPAIR_AVALON	1
T7_2H_FIRE_RINGPAIR_AVALON	3	T7_PLANKS_LEVEL3	20
T7_2H_FIRE_RINGPAIR_AVALON	3	T7_METALBAR_LEVEL3	12
T7_2H_FIRE_RINGPAIR_AVALON	3	T7_ARTEFACT_2H_FIRE_RINGPAIR_AVALON	1
T7_2H_FIRE_RINGPAIR_AVALON	4	T7_PLANKS_LEVEL4	20
T7_2H_FIRE_RINGPAIR_AVALON	4	T7_METALBAR_LEVEL4	12
T7_2H_FIRE_RINGPAIR_AVALON	4	T7_ARTEFACT_2H_FIRE_RINGPAIR_AVALON	1
T8_2H_FIRE_RINGPAIR_AVALON	0	T8_PLANKS	20
T8_2H_FIRE_RINGPAIR_AVALON	0	T8_METALBAR	12
T8_2H_FIRE_RINGPAIR_AVALON	0	T8_ARTEFACT_2H_FIRE_RINGPAIR_AVALON	1
T8_2H_FIRE_RINGPAIR_AVALON	1	T8_PLANKS_LEVEL1	20
T8_2H_FIRE_RINGPAIR_AVALON	1	T8_METALBAR_LEVEL1	12
T8_2H_FIRE_RINGPAIR_AVALON	1	T8_ARTEFACT_2H_FIRE_RINGPAIR_AVALON	1
T8_2H_FIRE_RINGPAIR_AVALON	2	T8_PLANKS_LEVEL2	20
T8_2H_FIRE_RINGPAIR_AVALON	2	T8_METALBAR_LEVEL2	12
T8_2H_FIRE_RINGPAIR_AVALON	2	T8_ARTEFACT_2H_FIRE_RINGPAIR_AVALON	1
T8_2H_FIRE_RINGPAIR_AVALON	3	T8_PLANKS_LEVEL3	20
T8_2H_FIRE_RINGPAIR_AVALON	3	T8_METALBAR_LEVEL3	12
T8_2H_FIRE_RINGPAIR_AVALON	3	T8_ARTEFACT_2H_FIRE_RINGPAIR_AVALON	1
T8_2H_FIRE_RINGPAIR_AVALON	4	T8_PLANKS_LEVEL4	20
T8_2H_FIRE_RINGPAIR_AVALON	4	T8_METALBAR_LEVEL4	12
T8_2H_FIRE_RINGPAIR_AVALON	4	T8_ARTEFACT_2H_FIRE_RINGPAIR_AVALON	1
T4_MAIN_FIRESTAFF_CRYSTAL	0	T4_PLANKS	16
T4_MAIN_FIRESTAFF_CRYSTAL	0	T4_METALBAR	8
T4_MAIN_FIRESTAFF_CRYSTAL	0	T4_ARTEFACT_MAIN_FIRESTAFF_CRYSTAL	1
T4_MAIN_FIRESTAFF_CRYSTAL	1	T4_PLANKS_LEVEL1	16
T4_MAIN_FIRESTAFF_CRYSTAL	1	T4_METALBAR_LEVEL1	8
T4_MAIN_FIRESTAFF_CRYSTAL	1	T4_ARTEFACT_MAIN_FIRESTAFF_CRYSTAL	1
T4_MAIN_FIRESTAFF_CRYSTAL	2	T4_PLANKS_LEVEL2	16
T4_MAIN_FIRESTAFF_CRYSTAL	2	T4_METALBAR_LEVEL2	8
T4_MAIN_FIRESTAFF_CRYSTAL	2	T4_ARTEFACT_MAIN_FIRESTAFF_CRYSTAL	1
T4_MAIN_FIRESTAFF_CRYSTAL	3	T4_PLANKS_LEVEL3	16
T4_MAIN_FIRESTAFF_CRYSTAL	3	T4_METALBAR_LEVEL3	8
T4_MAIN_FIRESTAFF_CRYSTAL	3	T4_ARTEFACT_MAIN_FIRESTAFF_CRYSTAL	1
T4_MAIN_FIRESTAFF_CRYSTAL	4	T4_PLANKS_LEVEL4	16
T4_MAIN_FIRESTAFF_CRYSTAL	4	T4_METALBAR_LEVEL4	8
T4_MAIN_FIRESTAFF_CRYSTAL	4	T4_ARTEFACT_MAIN_FIRESTAFF_CRYSTAL	1
T5_MAIN_FIRESTAFF_CRYSTAL	0	T5_PLANKS	16
T5_MAIN_FIRESTAFF_CRYSTAL	0	T5_METALBAR	8
T5_MAIN_FIRESTAFF_CRYSTAL	0	T5_ARTEFACT_MAIN_FIRESTAFF_CRYSTAL	1
T5_MAIN_FIRESTAFF_CRYSTAL	1	T5_PLANKS_LEVEL1	16
T5_MAIN_FIRESTAFF_CRYSTAL	1	T5_METALBAR_LEVEL1	8
T5_MAIN_FIRESTAFF_CRYSTAL	1	T5_ARTEFACT_MAIN_FIRESTAFF_CRYSTAL	1
T5_MAIN_FIRESTAFF_CRYSTAL	2	T5_PLANKS_LEVEL2	16
T5_MAIN_FIRESTAFF_CRYSTAL	2	T5_METALBAR_LEVEL2	8
T5_MAIN_FIRESTAFF_CRYSTAL	2	T5_ARTEFACT_MAIN_FIRESTAFF_CRYSTAL	1
T5_MAIN_FIRESTAFF_CRYSTAL	3	T5_PLANKS_LEVEL3	16
T5_MAIN_FIRESTAFF_CRYSTAL	3	T5_METALBAR_LEVEL3	8
T5_MAIN_FIRESTAFF_CRYSTAL	3	T5_ARTEFACT_MAIN_FIRESTAFF_CRYSTAL	1
T5_MAIN_FIRESTAFF_CRYSTAL	4	T5_PLANKS_LEVEL4	16
T5_MAIN_FIRESTAFF_CRYSTAL	4	T5_METALBAR_LEVEL4	8
T5_MAIN_FIRESTAFF_CRYSTAL	4	T5_ARTEFACT_MAIN_FIRESTAFF_CRYSTAL	1
T6_MAIN_FIRESTAFF_CRYSTAL	0	T6_PLANKS	16
T6_MAIN_FIRESTAFF_CRYSTAL	0	T6_METALBAR	8
T6_MAIN_FIRESTAFF_CRYSTAL	0	T6_ARTEFACT_MAIN_FIRESTAFF_CRYSTAL	1
T6_MAIN_FIRESTAFF_CRYSTAL	1	T6_PLANKS_LEVEL1	16
T6_MAIN_FIRESTAFF_CRYSTAL	1	T6_METALBAR_LEVEL1	8
T6_MAIN_FIRESTAFF_CRYSTAL	1	T6_ARTEFACT_MAIN_FIRESTAFF_CRYSTAL	1
T6_MAIN_FIRESTAFF_CRYSTAL	2	T6_PLANKS_LEVEL2	16
T6_MAIN_FIRESTAFF_CRYSTAL	2	T6_METALBAR_LEVEL2	8
T6_MAIN_FIRESTAFF_CRYSTAL	2	T6_ARTEFACT_MAIN_FIRESTAFF_CRYSTAL	1
T6_MAIN_FIRESTAFF_CRYSTAL	3	T6_PLANKS_LEVEL3	16
T6_MAIN_FIRESTAFF_CRYSTAL	3	T6_METALBAR_LEVEL3	8
T6_MAIN_FIRESTAFF_CRYSTAL	3	T6_ARTEFACT_MAIN_FIRESTAFF_CRYSTAL	1
T6_MAIN_FIRESTAFF_CRYSTAL	4	T6_PLANKS_LEVEL4	16
T6_MAIN_FIRESTAFF_CRYSTAL	4	T6_METALBAR_LEVEL4	8
T6_MAIN_FIRESTAFF_CRYSTAL	4	T6_ARTEFACT_MAIN_FIRESTAFF_CRYSTAL	1
T7_MAIN_FIRESTAFF_CRYSTAL	0	T7_PLANKS	16
T7_MAIN_FIRESTAFF_CRYSTAL	0	T7_METALBAR	8
T7_MAIN_FIRESTAFF_CRYSTAL	0	T7_ARTEFACT_MAIN_FIRESTAFF_CRYSTAL	1
T7_MAIN_FIRESTAFF_CRYSTAL	1	T7_PLANKS_LEVEL1	16
T7_MAIN_FIRESTAFF_CRYSTAL	1	T7_METALBAR_LEVEL1	8
T7_MAIN_FIRESTAFF_CRYSTAL	1	T7_ARTEFACT_MAIN_FIRESTAFF_CRYSTAL	1
T7_MAIN_FIRESTAFF_CRYSTAL	2	T7_PLANKS_LEVEL2	16
T7_MAIN_FIRESTAFF_CRYSTAL	2	T7_METALBAR_LEVEL2	8
T7_MAIN_FIRESTAFF_CRYSTAL	2	T7_ARTEFACT_MAIN_FIRESTAFF_CRYSTAL	1
T7_MAIN_FIRESTAFF_CRYSTAL	3	T7_PLANKS_LEVEL3	16
T7_MAIN_FIRESTAFF_CRYSTAL	3	T7_METALBAR_LEVEL3	8
T7_MAIN_FIRESTAFF_CRYSTAL	3	T7_ARTEFACT_MAIN_FIRESTAFF_CRYSTAL	1
T7_MAIN_FIRESTAFF_CRYSTAL	4	T7_PLANKS_LEVEL4	16
T7_MAIN_FIRESTAFF_CRYSTAL	4	T7_METALBAR_LEVEL4	8
T7_MAIN_FIRESTAFF_CRYSTAL	4	T7_ARTEFACT_MAIN_FIRESTAFF_CRYSTAL	1
T8_MAIN_FIRESTAFF_CRYSTAL	0	T8_PLANKS	16
T8_MAIN_FIRESTAFF_CRYSTAL	0	T8_METALBAR	8
T8_MAIN_FIRESTAFF_CRYSTAL	0	T8_ARTEFACT_MAIN_FIRESTAFF_CRYSTAL	1
T8_MAIN_FIRESTAFF_CRYSTAL	1	T8_PLANKS_LEVEL1	16
T8_MAIN_FIRESTAFF_CRYSTAL	1	T8_METALBAR_LEVEL1	8
T8_MAIN_FIRESTAFF_CRYSTAL	1	T8_ARTEFACT_MAIN_FIRESTAFF_CRYSTAL	1
T8_MAIN_FIRESTAFF_CRYSTAL	2	T8_PLANKS_LEVEL2	16
T8_MAIN_FIRESTAFF_CRYSTAL	2	T8_METALBAR_LEVEL2	8
T8_MAIN_FIRESTAFF_CRYSTAL	2	T8_ARTEFACT_MAIN_FIRESTAFF_CRYSTAL	1
T8_MAIN_FIRESTAFF_CRYSTAL	3	T8_PLANKS_LEVEL3	16
T8_MAIN_FIRESTAFF_CRYSTAL	3	T8_METALBAR_LEVEL3	8
T8_MAIN_FIRESTAFF_CRYSTAL	3	T8_ARTEFACT_MAIN_FIRESTAFF_CRYSTAL	1
T8_MAIN_FIRESTAFF_CRYSTAL	4	T8_PLANKS_LEVEL4	16
T8_MAIN_FIRESTAFF_CRYSTAL	4	T8_METALBAR_LEVEL4	8
T8_MAIN_FIRESTAFF_CRYSTAL	4	T8_ARTEFACT_MAIN_FIRESTAFF_CRYSTAL	1
T3_MAIN_FROSTSTAFF	0	T3_PLANKS	16
T3_MAIN_FROSTSTAFF	0	T3_METALBAR	8
T4_MAIN_FROSTSTAFF	0	T4_PLANKS	16
T4_MAIN_FROSTSTAFF	0	T4_METALBAR	8
T4_MAIN_FROSTSTAFF	1	T4_PLANKS_LEVEL1	16
T4_MAIN_FROSTSTAFF	1	T4_METALBAR_LEVEL1	8
T4_MAIN_FROSTSTAFF	2	T4_PLANKS_LEVEL2	16
T4_MAIN_FROSTSTAFF	2	T4_METALBAR_LEVEL2	8
T4_MAIN_FROSTSTAFF	3	T4_PLANKS_LEVEL3	16
T4_MAIN_FROSTSTAFF	3	T4_METALBAR_LEVEL3	8
T4_MAIN_FROSTSTAFF	4	T4_PLANKS_LEVEL4	16
T4_MAIN_FROSTSTAFF	4	T4_METALBAR_LEVEL4	8
T5_MAIN_FROSTSTAFF	0	T5_PLANKS	16
T5_MAIN_FROSTSTAFF	0	T5_METALBAR	8
T5_MAIN_FROSTSTAFF	1	T5_PLANKS_LEVEL1	16
T5_MAIN_FROSTSTAFF	1	T5_METALBAR_LEVEL1	8
T5_MAIN_FROSTSTAFF	2	T5_PLANKS_LEVEL2	16
T5_MAIN_FROSTSTAFF	2	T5_METALBAR_LEVEL2	8
T5_MAIN_FROSTSTAFF	3	T5_PLANKS_LEVEL3	16
T5_MAIN_FROSTSTAFF	3	T5_METALBAR_LEVEL3	8
T5_MAIN_FROSTSTAFF	4	T5_PLANKS_LEVEL4	16
T5_MAIN_FROSTSTAFF	4	T5_METALBAR_LEVEL4	8
T6_MAIN_FROSTSTAFF	0	T6_PLANKS	16
T6_MAIN_FROSTSTAFF	0	T6_METALBAR	8
T6_MAIN_FROSTSTAFF	1	T6_PLANKS_LEVEL1	16
T6_MAIN_FROSTSTAFF	1	T6_METALBAR_LEVEL1	8
T6_MAIN_FROSTSTAFF	2	T6_PLANKS_LEVEL2	16
T6_MAIN_FROSTSTAFF	2	T6_METALBAR_LEVEL2	8
T6_MAIN_FROSTSTAFF	3	T6_PLANKS_LEVEL3	16
T6_MAIN_FROSTSTAFF	3	T6_METALBAR_LEVEL3	8
T6_MAIN_FROSTSTAFF	4	T6_PLANKS_LEVEL4	16
T6_MAIN_FROSTSTAFF	4	T6_METALBAR_LEVEL4	8
T7_MAIN_FROSTSTAFF	0	T7_PLANKS	16
T7_MAIN_FROSTSTAFF	0	T7_METALBAR	8
T7_MAIN_FROSTSTAFF	1	T7_PLANKS_LEVEL1	16
T7_MAIN_FROSTSTAFF	1	T7_METALBAR_LEVEL1	8
T7_MAIN_FROSTSTAFF	2	T7_PLANKS_LEVEL2	16
T7_MAIN_FROSTSTAFF	2	T7_METALBAR_LEVEL2	8
T7_MAIN_FROSTSTAFF	3	T7_PLANKS_LEVEL3	16
T7_MAIN_FROSTSTAFF	3	T7_METALBAR_LEVEL3	8
T7_MAIN_FROSTSTAFF	4	T7_PLANKS_LEVEL4	16
T7_MAIN_FROSTSTAFF	4	T7_METALBAR_LEVEL4	8
T8_MAIN_FROSTSTAFF	0	T8_PLANKS	16
T8_MAIN_FROSTSTAFF	0	T8_METALBAR	8
T8_MAIN_FROSTSTAFF	1	T8_PLANKS_LEVEL1	16
T8_MAIN_FROSTSTAFF	1	T8_METALBAR_LEVEL1	8
T8_MAIN_FROSTSTAFF	2	T8_PLANKS_LEVEL2	16
T8_MAIN_FROSTSTAFF	2	T8_METALBAR_LEVEL2	8
T8_MAIN_FROSTSTAFF	3	T8_PLANKS_LEVEL3	16
T8_MAIN_FROSTSTAFF	3	T8_METALBAR_LEVEL3	8
T8_MAIN_FROSTSTAFF	4	T8_PLANKS_LEVEL4	16
T8_MAIN_FROSTSTAFF	4	T8_METALBAR_LEVEL4	8
T4_2H_FROSTSTAFF	0	T4_PLANKS	20
T4_2H_FROSTSTAFF	0	T4_METALBAR	12
T4_2H_FROSTSTAFF	1	T4_PLANKS_LEVEL1	20
T4_2H_FROSTSTAFF	1	T4_METALBAR_LEVEL1	12
T4_2H_FROSTSTAFF	2	T4_PLANKS_LEVEL2	20
T4_2H_FROSTSTAFF	2	T4_METALBAR_LEVEL2	12
T4_2H_FROSTSTAFF	3	T4_PLANKS_LEVEL3	20
T4_2H_FROSTSTAFF	3	T4_METALBAR_LEVEL3	12
T4_2H_FROSTSTAFF	4	T4_PLANKS_LEVEL4	20
T4_2H_FROSTSTAFF	4	T4_METALBAR_LEVEL4	12
T5_2H_FROSTSTAFF	0	T5_PLANKS	20
T5_2H_FROSTSTAFF	0	T5_METALBAR	12
T5_2H_FROSTSTAFF	1	T5_PLANKS_LEVEL1	20
T5_2H_FROSTSTAFF	1	T5_METALBAR_LEVEL1	12
T5_2H_FROSTSTAFF	2	T5_PLANKS_LEVEL2	20
T5_2H_FROSTSTAFF	2	T5_METALBAR_LEVEL2	12
T5_2H_FROSTSTAFF	3	T5_PLANKS_LEVEL3	20
T5_2H_FROSTSTAFF	3	T5_METALBAR_LEVEL3	12
T5_2H_FROSTSTAFF	4	T5_PLANKS_LEVEL4	20
T5_2H_FROSTSTAFF	4	T5_METALBAR_LEVEL4	12
T6_2H_FROSTSTAFF	0	T6_PLANKS	20
T6_2H_FROSTSTAFF	0	T6_METALBAR	12
T6_2H_FROSTSTAFF	1	T6_PLANKS_LEVEL1	20
T6_2H_FROSTSTAFF	1	T6_METALBAR_LEVEL1	12
T6_2H_FROSTSTAFF	2	T6_PLANKS_LEVEL2	20
T6_2H_FROSTSTAFF	2	T6_METALBAR_LEVEL2	12
T6_2H_FROSTSTAFF	3	T6_PLANKS_LEVEL3	20
T6_2H_FROSTSTAFF	3	T6_METALBAR_LEVEL3	12
T6_2H_FROSTSTAFF	4	T6_PLANKS_LEVEL4	20
T6_2H_FROSTSTAFF	4	T6_METALBAR_LEVEL4	12
T7_2H_FROSTSTAFF	0	T7_PLANKS	20
T7_2H_FROSTSTAFF	0	T7_METALBAR	12
T7_2H_FROSTSTAFF	1	T7_PLANKS_LEVEL1	20
T7_2H_FROSTSTAFF	1	T7_METALBAR_LEVEL1	12
T7_2H_FROSTSTAFF	2	T7_PLANKS_LEVEL2	20
T7_2H_FROSTSTAFF	2	T7_METALBAR_LEVEL2	12
T7_2H_FROSTSTAFF	3	T7_PLANKS_LEVEL3	20
T7_2H_FROSTSTAFF	3	T7_METALBAR_LEVEL3	12
T7_2H_FROSTSTAFF	4	T7_PLANKS_LEVEL4	20
T7_2H_FROSTSTAFF	4	T7_METALBAR_LEVEL4	12
T8_2H_FROSTSTAFF	0	T8_PLANKS	20
T8_2H_FROSTSTAFF	0	T8_METALBAR	12
T8_2H_FROSTSTAFF	1	T8_PLANKS_LEVEL1	20
T8_2H_FROSTSTAFF	1	T8_METALBAR_LEVEL1	12
T8_2H_FROSTSTAFF	2	T8_PLANKS_LEVEL2	20
T8_2H_FROSTSTAFF	2	T8_METALBAR_LEVEL2	12
T8_2H_FROSTSTAFF	3	T8_PLANKS_LEVEL3	20
T8_2H_FROSTSTAFF	3	T8_METALBAR_LEVEL3	12
T8_2H_FROSTSTAFF	4	T8_PLANKS_LEVEL4	20
T8_2H_FROSTSTAFF	4	T8_METALBAR_LEVEL4	12
T4_2H_GLACIALSTAFF	0	T4_PLANKS	20
T4_2H_GLACIALSTAFF	0	T4_METALBAR	12
T4_2H_GLACIALSTAFF	1	T4_PLANKS_LEVEL1	20
T4_2H_GLACIALSTAFF	1	T4_METALBAR_LEVEL1	12
T4_2H_GLACIALSTAFF	2	T4_PLANKS_LEVEL2	20
T4_2H_GLACIALSTAFF	2	T4_METALBAR_LEVEL2	12
T4_2H_GLACIALSTAFF	3	T4_PLANKS_LEVEL3	20
T4_2H_GLACIALSTAFF	3	T4_METALBAR_LEVEL3	12
T4_2H_GLACIALSTAFF	4	T4_PLANKS_LEVEL4	20
T4_2H_GLACIALSTAFF	4	T4_METALBAR_LEVEL4	12
T5_2H_GLACIALSTAFF	0	T5_PLANKS	20
T5_2H_GLACIALSTAFF	0	T5_METALBAR	12
T5_2H_GLACIALSTAFF	1	T5_PLANKS_LEVEL1	20
T5_2H_GLACIALSTAFF	1	T5_METALBAR_LEVEL1	12
T5_2H_GLACIALSTAFF	2	T5_PLANKS_LEVEL2	20
T5_2H_GLACIALSTAFF	2	T5_METALBAR_LEVEL2	12
T5_2H_GLACIALSTAFF	3	T5_PLANKS_LEVEL3	20
T5_2H_GLACIALSTAFF	3	T5_METALBAR_LEVEL3	12
T5_2H_GLACIALSTAFF	4	T5_PLANKS_LEVEL4	20
T5_2H_GLACIALSTAFF	4	T5_METALBAR_LEVEL4	12
T6_2H_GLACIALSTAFF	0	T6_PLANKS	20
T6_2H_GLACIALSTAFF	0	T6_METALBAR	12
T6_2H_GLACIALSTAFF	1	T6_PLANKS_LEVEL1	20
T6_2H_GLACIALSTAFF	1	T6_METALBAR_LEVEL1	12
T6_2H_GLACIALSTAFF	2	T6_PLANKS_LEVEL2	20
T6_2H_GLACIALSTAFF	2	T6_METALBAR_LEVEL2	12
T6_2H_GLACIALSTAFF	3	T6_PLANKS_LEVEL3	20
T6_2H_GLACIALSTAFF	3	T6_METALBAR_LEVEL3	12
T6_2H_GLACIALSTAFF	4	T6_PLANKS_LEVEL4	20
T6_2H_GLACIALSTAFF	4	T6_METALBAR_LEVEL4	12
T7_2H_GLACIALSTAFF	0	T7_PLANKS	20
T7_2H_GLACIALSTAFF	0	T7_METALBAR	12
T7_2H_GLACIALSTAFF	1	T7_PLANKS_LEVEL1	20
T7_2H_GLACIALSTAFF	1	T7_METALBAR_LEVEL1	12
T7_2H_GLACIALSTAFF	2	T7_PLANKS_LEVEL2	20
T7_2H_GLACIALSTAFF	2	T7_METALBAR_LEVEL2	12
T7_2H_GLACIALSTAFF	3	T7_PLANKS_LEVEL3	20
T7_2H_GLACIALSTAFF	3	T7_METALBAR_LEVEL3	12
T7_2H_GLACIALSTAFF	4	T7_PLANKS_LEVEL4	20
T7_2H_GLACIALSTAFF	4	T7_METALBAR_LEVEL4	12
T8_2H_GLACIALSTAFF	0	T8_PLANKS	20
T8_2H_GLACIALSTAFF	0	T8_METALBAR	12
T8_2H_GLACIALSTAFF	1	T8_PLANKS_LEVEL1	20
T8_2H_GLACIALSTAFF	1	T8_METALBAR_LEVEL1	12
T8_2H_GLACIALSTAFF	2	T8_PLANKS_LEVEL2	20
T8_2H_GLACIALSTAFF	2	T8_METALBAR_LEVEL2	12
T8_2H_GLACIALSTAFF	3	T8_PLANKS_LEVEL3	20
T8_2H_GLACIALSTAFF	3	T8_METALBAR_LEVEL3	12
T8_2H_GLACIALSTAFF	4	T8_PLANKS_LEVEL4	20
T8_2H_GLACIALSTAFF	4	T8_METALBAR_LEVEL4	12
T4_MAIN_FROSTSTAFF_KEEPER	0	T4_PLANKS	16
T4_MAIN_FROSTSTAFF_KEEPER	0	T4_METALBAR	8
T4_MAIN_FROSTSTAFF_KEEPER	0	T4_ARTEFACT_MAIN_FROSTSTAFF_KEEPER	1
T4_MAIN_FROSTSTAFF_KEEPER	1	T4_PLANKS_LEVEL1	16
T4_MAIN_FROSTSTAFF_KEEPER	1	T4_METALBAR_LEVEL1	8
T4_MAIN_FROSTSTAFF_KEEPER	1	T4_ARTEFACT_MAIN_FROSTSTAFF_KEEPER	1
T4_MAIN_FROSTSTAFF_KEEPER	2	T4_PLANKS_LEVEL2	16
T4_MAIN_FROSTSTAFF_KEEPER	2	T4_METALBAR_LEVEL2	8
T4_MAIN_FROSTSTAFF_KEEPER	2	T4_ARTEFACT_MAIN_FROSTSTAFF_KEEPER	1
T4_MAIN_FROSTSTAFF_KEEPER	3	T4_PLANKS_LEVEL3	16
T4_MAIN_FROSTSTAFF_KEEPER	3	T4_METALBAR_LEVEL3	8
T4_MAIN_FROSTSTAFF_KEEPER	3	T4_ARTEFACT_MAIN_FROSTSTAFF_KEEPER	1
T4_MAIN_FROSTSTAFF_KEEPER	4	T4_PLANKS_LEVEL4	16
T4_MAIN_FROSTSTAFF_KEEPER	4	T4_METALBAR_LEVEL4	8
T4_MAIN_FROSTSTAFF_KEEPER	4	T4_ARTEFACT_MAIN_FROSTSTAFF_KEEPER	1
T5_MAIN_FROSTSTAFF_KEEPER	0	T5_PLANKS	16
T5_MAIN_FROSTSTAFF_KEEPER	0	T5_METALBAR	8
T5_MAIN_FROSTSTAFF_KEEPER	0	T5_ARTEFACT_MAIN_FROSTSTAFF_KEEPER	1
T5_MAIN_FROSTSTAFF_KEEPER	1	T5_PLANKS_LEVEL1	16
T5_MAIN_FROSTSTAFF_KEEPER	1	T5_METALBAR_LEVEL1	8
T5_MAIN_FROSTSTAFF_KEEPER	1	T5_ARTEFACT_MAIN_FROSTSTAFF_KEEPER	1
T5_MAIN_FROSTSTAFF_KEEPER	2	T5_PLANKS_LEVEL2	16
T5_MAIN_FROSTSTAFF_KEEPER	2	T5_METALBAR_LEVEL2	8
T5_MAIN_FROSTSTAFF_KEEPER	2	T5_ARTEFACT_MAIN_FROSTSTAFF_KEEPER	1
T5_MAIN_FROSTSTAFF_KEEPER	3	T5_PLANKS_LEVEL3	16
T5_MAIN_FROSTSTAFF_KEEPER	3	T5_METALBAR_LEVEL3	8
T5_MAIN_FROSTSTAFF_KEEPER	3	T5_ARTEFACT_MAIN_FROSTSTAFF_KEEPER	1
T5_MAIN_FROSTSTAFF_KEEPER	4	T5_PLANKS_LEVEL4	16
T5_MAIN_FROSTSTAFF_KEEPER	4	T5_METALBAR_LEVEL4	8
T5_MAIN_FROSTSTAFF_KEEPER	4	T5_ARTEFACT_MAIN_FROSTSTAFF_KEEPER	1
T6_MAIN_FROSTSTAFF_KEEPER	0	T6_PLANKS	16
T6_MAIN_FROSTSTAFF_KEEPER	0	T6_METALBAR	8
T6_MAIN_FROSTSTAFF_KEEPER	0	T6_ARTEFACT_MAIN_FROSTSTAFF_KEEPER	1
T6_MAIN_FROSTSTAFF_KEEPER	1	T6_PLANKS_LEVEL1	16
T6_MAIN_FROSTSTAFF_KEEPER	1	T6_METALBAR_LEVEL1	8
T6_MAIN_FROSTSTAFF_KEEPER	1	T6_ARTEFACT_MAIN_FROSTSTAFF_KEEPER	1
T6_MAIN_FROSTSTAFF_KEEPER	2	T6_PLANKS_LEVEL2	16
T6_MAIN_FROSTSTAFF_KEEPER	2	T6_METALBAR_LEVEL2	8
T6_MAIN_FROSTSTAFF_KEEPER	2	T6_ARTEFACT_MAIN_FROSTSTAFF_KEEPER	1
T6_MAIN_FROSTSTAFF_KEEPER	3	T6_PLANKS_LEVEL3	16
T6_MAIN_FROSTSTAFF_KEEPER	3	T6_METALBAR_LEVEL3	8
T6_MAIN_FROSTSTAFF_KEEPER	3	T6_ARTEFACT_MAIN_FROSTSTAFF_KEEPER	1
T6_MAIN_FROSTSTAFF_KEEPER	4	T6_PLANKS_LEVEL4	16
T6_MAIN_FROSTSTAFF_KEEPER	4	T6_METALBAR_LEVEL4	8
T6_MAIN_FROSTSTAFF_KEEPER	4	T6_ARTEFACT_MAIN_FROSTSTAFF_KEEPER	1
T7_MAIN_FROSTSTAFF_KEEPER	0	T7_PLANKS	16
T7_MAIN_FROSTSTAFF_KEEPER	0	T7_METALBAR	8
T7_MAIN_FROSTSTAFF_KEEPER	0	T7_ARTEFACT_MAIN_FROSTSTAFF_KEEPER	1
T7_MAIN_FROSTSTAFF_KEEPER	1	T7_PLANKS_LEVEL1	16
T7_MAIN_FROSTSTAFF_KEEPER	1	T7_METALBAR_LEVEL1	8
T7_MAIN_FROSTSTAFF_KEEPER	1	T7_ARTEFACT_MAIN_FROSTSTAFF_KEEPER	1
T7_MAIN_FROSTSTAFF_KEEPER	2	T7_PLANKS_LEVEL2	16
T7_MAIN_FROSTSTAFF_KEEPER	2	T7_METALBAR_LEVEL2	8
T7_MAIN_FROSTSTAFF_KEEPER	2	T7_ARTEFACT_MAIN_FROSTSTAFF_KEEPER	1
T7_MAIN_FROSTSTAFF_KEEPER	3	T7_PLANKS_LEVEL3	16
T7_MAIN_FROSTSTAFF_KEEPER	3	T7_METALBAR_LEVEL3	8
T7_MAIN_FROSTSTAFF_KEEPER	3	T7_ARTEFACT_MAIN_FROSTSTAFF_KEEPER	1
T7_MAIN_FROSTSTAFF_KEEPER	4	T7_PLANKS_LEVEL4	16
T7_MAIN_FROSTSTAFF_KEEPER	4	T7_METALBAR_LEVEL4	8
T7_MAIN_FROSTSTAFF_KEEPER	4	T7_ARTEFACT_MAIN_FROSTSTAFF_KEEPER	1
T8_MAIN_FROSTSTAFF_KEEPER	0	T8_PLANKS	16
T8_MAIN_FROSTSTAFF_KEEPER	0	T8_METALBAR	8
T8_MAIN_FROSTSTAFF_KEEPER	0	T8_ARTEFACT_MAIN_FROSTSTAFF_KEEPER	1
T8_MAIN_FROSTSTAFF_KEEPER	1	T8_PLANKS_LEVEL1	16
T8_MAIN_FROSTSTAFF_KEEPER	1	T8_METALBAR_LEVEL1	8
T8_MAIN_FROSTSTAFF_KEEPER	1	T8_ARTEFACT_MAIN_FROSTSTAFF_KEEPER	1
T8_MAIN_FROSTSTAFF_KEEPER	2	T8_PLANKS_LEVEL2	16
T8_MAIN_FROSTSTAFF_KEEPER	2	T8_METALBAR_LEVEL2	8
T8_MAIN_FROSTSTAFF_KEEPER	2	T8_ARTEFACT_MAIN_FROSTSTAFF_KEEPER	1
T8_MAIN_FROSTSTAFF_KEEPER	3	T8_PLANKS_LEVEL3	16
T8_MAIN_FROSTSTAFF_KEEPER	3	T8_METALBAR_LEVEL3	8
T8_MAIN_FROSTSTAFF_KEEPER	3	T8_ARTEFACT_MAIN_FROSTSTAFF_KEEPER	1
T8_MAIN_FROSTSTAFF_KEEPER	4	T8_PLANKS_LEVEL4	16
T8_MAIN_FROSTSTAFF_KEEPER	4	T8_METALBAR_LEVEL4	8
T8_MAIN_FROSTSTAFF_KEEPER	4	T8_ARTEFACT_MAIN_FROSTSTAFF_KEEPER	1
T4_2H_ICEGAUNTLETS_HELL	0	T4_PLANKS	20
T4_2H_ICEGAUNTLETS_HELL	0	T4_METALBAR	12
T4_2H_ICEGAUNTLETS_HELL	0	T4_ARTEFACT_2H_ICEGAUNTLETS_HELL	1
T4_2H_ICEGAUNTLETS_HELL	1	T4_PLANKS_LEVEL1	20
T4_2H_ICEGAUNTLETS_HELL	1	T4_METALBAR_LEVEL1	12
T4_2H_ICEGAUNTLETS_HELL	1	T4_ARTEFACT_2H_ICEGAUNTLETS_HELL	1
T4_2H_ICEGAUNTLETS_HELL	2	T4_PLANKS_LEVEL2	20
T4_2H_ICEGAUNTLETS_HELL	2	T4_METALBAR_LEVEL2	12
T4_2H_ICEGAUNTLETS_HELL	2	T4_ARTEFACT_2H_ICEGAUNTLETS_HELL	1
T4_2H_ICEGAUNTLETS_HELL	3	T4_PLANKS_LEVEL3	20
T4_2H_ICEGAUNTLETS_HELL	3	T4_METALBAR_LEVEL3	12
T4_2H_ICEGAUNTLETS_HELL	3	T4_ARTEFACT_2H_ICEGAUNTLETS_HELL	1
T4_2H_ICEGAUNTLETS_HELL	4	T4_PLANKS_LEVEL4	20
T4_2H_ICEGAUNTLETS_HELL	4	T4_METALBAR_LEVEL4	12
T4_2H_ICEGAUNTLETS_HELL	4	T4_ARTEFACT_2H_ICEGAUNTLETS_HELL	1
T5_2H_ICEGAUNTLETS_HELL	0	T5_PLANKS	20
T5_2H_ICEGAUNTLETS_HELL	0	T5_METALBAR	12
T5_2H_ICEGAUNTLETS_HELL	0	T5_ARTEFACT_2H_ICEGAUNTLETS_HELL	1
T5_2H_ICEGAUNTLETS_HELL	1	T5_PLANKS_LEVEL1	20
T5_2H_ICEGAUNTLETS_HELL	1	T5_METALBAR_LEVEL1	12
T5_2H_ICEGAUNTLETS_HELL	1	T5_ARTEFACT_2H_ICEGAUNTLETS_HELL	1
T5_2H_ICEGAUNTLETS_HELL	2	T5_PLANKS_LEVEL2	20
T5_2H_ICEGAUNTLETS_HELL	2	T5_METALBAR_LEVEL2	12
T5_2H_ICEGAUNTLETS_HELL	2	T5_ARTEFACT_2H_ICEGAUNTLETS_HELL	1
T5_2H_ICEGAUNTLETS_HELL	3	T5_PLANKS_LEVEL3	20
T5_2H_ICEGAUNTLETS_HELL	3	T5_METALBAR_LEVEL3	12
T5_2H_ICEGAUNTLETS_HELL	3	T5_ARTEFACT_2H_ICEGAUNTLETS_HELL	1
T5_2H_ICEGAUNTLETS_HELL	4	T5_PLANKS_LEVEL4	20
T5_2H_ICEGAUNTLETS_HELL	4	T5_METALBAR_LEVEL4	12
T5_2H_ICEGAUNTLETS_HELL	4	T5_ARTEFACT_2H_ICEGAUNTLETS_HELL	1
T6_2H_ICEGAUNTLETS_HELL	0	T6_PLANKS	20
T6_2H_ICEGAUNTLETS_HELL	0	T6_METALBAR	12
T6_2H_ICEGAUNTLETS_HELL	0	T6_ARTEFACT_2H_ICEGAUNTLETS_HELL	1
T6_2H_ICEGAUNTLETS_HELL	1	T6_PLANKS_LEVEL1	20
T6_2H_ICEGAUNTLETS_HELL	1	T6_METALBAR_LEVEL1	12
T6_2H_ICEGAUNTLETS_HELL	1	T6_ARTEFACT_2H_ICEGAUNTLETS_HELL	1
T6_2H_ICEGAUNTLETS_HELL	2	T6_PLANKS_LEVEL2	20
T6_2H_ICEGAUNTLETS_HELL	2	T6_METALBAR_LEVEL2	12
T6_2H_ICEGAUNTLETS_HELL	2	T6_ARTEFACT_2H_ICEGAUNTLETS_HELL	1
T6_2H_ICEGAUNTLETS_HELL	3	T6_PLANKS_LEVEL3	20
T6_2H_ICEGAUNTLETS_HELL	3	T6_METALBAR_LEVEL3	12
T6_2H_ICEGAUNTLETS_HELL	3	T6_ARTEFACT_2H_ICEGAUNTLETS_HELL	1
T6_2H_ICEGAUNTLETS_HELL	4	T6_PLANKS_LEVEL4	20
T6_2H_ICEGAUNTLETS_HELL	4	T6_METALBAR_LEVEL4	12
T6_2H_ICEGAUNTLETS_HELL	4	T6_ARTEFACT_2H_ICEGAUNTLETS_HELL	1
T7_2H_ICEGAUNTLETS_HELL	0	T7_PLANKS	20
T7_2H_ICEGAUNTLETS_HELL	0	T7_METALBAR	12
T7_2H_ICEGAUNTLETS_HELL	0	T7_ARTEFACT_2H_ICEGAUNTLETS_HELL	1
T7_2H_ICEGAUNTLETS_HELL	1	T7_PLANKS_LEVEL1	20
T7_2H_ICEGAUNTLETS_HELL	1	T7_METALBAR_LEVEL1	12
T7_2H_ICEGAUNTLETS_HELL	1	T7_ARTEFACT_2H_ICEGAUNTLETS_HELL	1
T7_2H_ICEGAUNTLETS_HELL	2	T7_PLANKS_LEVEL2	20
T7_2H_ICEGAUNTLETS_HELL	2	T7_METALBAR_LEVEL2	12
T7_2H_ICEGAUNTLETS_HELL	2	T7_ARTEFACT_2H_ICEGAUNTLETS_HELL	1
T7_2H_ICEGAUNTLETS_HELL	3	T7_PLANKS_LEVEL3	20
T7_2H_ICEGAUNTLETS_HELL	3	T7_METALBAR_LEVEL3	12
T7_2H_ICEGAUNTLETS_HELL	3	T7_ARTEFACT_2H_ICEGAUNTLETS_HELL	1
T7_2H_ICEGAUNTLETS_HELL	4	T7_PLANKS_LEVEL4	20
T7_2H_ICEGAUNTLETS_HELL	4	T7_METALBAR_LEVEL4	12
T7_2H_ICEGAUNTLETS_HELL	4	T7_ARTEFACT_2H_ICEGAUNTLETS_HELL	1
T8_2H_ICEGAUNTLETS_HELL	0	T8_PLANKS	20
T8_2H_ICEGAUNTLETS_HELL	0	T8_METALBAR	12
T8_2H_ICEGAUNTLETS_HELL	0	T8_ARTEFACT_2H_ICEGAUNTLETS_HELL	1
T8_2H_ICEGAUNTLETS_HELL	1	T8_PLANKS_LEVEL1	20
T8_2H_ICEGAUNTLETS_HELL	1	T8_METALBAR_LEVEL1	12
T8_2H_ICEGAUNTLETS_HELL	1	T8_ARTEFACT_2H_ICEGAUNTLETS_HELL	1
T8_2H_ICEGAUNTLETS_HELL	2	T8_PLANKS_LEVEL2	20
T8_2H_ICEGAUNTLETS_HELL	2	T8_METALBAR_LEVEL2	12
T8_2H_ICEGAUNTLETS_HELL	2	T8_ARTEFACT_2H_ICEGAUNTLETS_HELL	1
T8_2H_ICEGAUNTLETS_HELL	3	T8_PLANKS_LEVEL3	20
T8_2H_ICEGAUNTLETS_HELL	3	T8_METALBAR_LEVEL3	12
T8_2H_ICEGAUNTLETS_HELL	3	T8_ARTEFACT_2H_ICEGAUNTLETS_HELL	1
T8_2H_ICEGAUNTLETS_HELL	4	T8_PLANKS_LEVEL4	20
T8_2H_ICEGAUNTLETS_HELL	4	T8_METALBAR_LEVEL4	12
T8_2H_ICEGAUNTLETS_HELL	4	T8_ARTEFACT_2H_ICEGAUNTLETS_HELL	1
T4_2H_ICECRYSTAL_UNDEAD	0	T4_PLANKS	20
T4_2H_ICECRYSTAL_UNDEAD	0	T4_METALBAR	12
T4_2H_ICECRYSTAL_UNDEAD	0	T4_ARTEFACT_2H_ICECRYSTAL_UNDEAD	1
T4_2H_ICECRYSTAL_UNDEAD	1	T4_PLANKS_LEVEL1	20
T4_2H_ICECRYSTAL_UNDEAD	1	T4_METALBAR_LEVEL1	12
T4_2H_ICECRYSTAL_UNDEAD	1	T4_ARTEFACT_2H_ICECRYSTAL_UNDEAD	1
T4_2H_ICECRYSTAL_UNDEAD	2	T4_PLANKS_LEVEL2	20
T4_2H_ICECRYSTAL_UNDEAD	2	T4_METALBAR_LEVEL2	12
T4_2H_ICECRYSTAL_UNDEAD	2	T4_ARTEFACT_2H_ICECRYSTAL_UNDEAD	1
T4_2H_ICECRYSTAL_UNDEAD	3	T4_PLANKS_LEVEL3	20
T4_2H_ICECRYSTAL_UNDEAD	3	T4_METALBAR_LEVEL3	12
T4_2H_ICECRYSTAL_UNDEAD	3	T4_ARTEFACT_2H_ICECRYSTAL_UNDEAD	1
T4_2H_ICECRYSTAL_UNDEAD	4	T4_PLANKS_LEVEL4	20
T4_2H_ICECRYSTAL_UNDEAD	4	T4_METALBAR_LEVEL4	12
T4_2H_ICECRYSTAL_UNDEAD	4	T4_ARTEFACT_2H_ICECRYSTAL_UNDEAD	1
T5_2H_ICECRYSTAL_UNDEAD	0	T5_PLANKS	20
T5_2H_ICECRYSTAL_UNDEAD	0	T5_METALBAR	12
T5_2H_ICECRYSTAL_UNDEAD	0	T5_ARTEFACT_2H_ICECRYSTAL_UNDEAD	1
T5_2H_ICECRYSTAL_UNDEAD	1	T5_PLANKS_LEVEL1	20
T5_2H_ICECRYSTAL_UNDEAD	1	T5_METALBAR_LEVEL1	12
T5_2H_ICECRYSTAL_UNDEAD	1	T5_ARTEFACT_2H_ICECRYSTAL_UNDEAD	1
T5_2H_ICECRYSTAL_UNDEAD	2	T5_PLANKS_LEVEL2	20
T5_2H_ICECRYSTAL_UNDEAD	2	T5_METALBAR_LEVEL2	12
T5_2H_ICECRYSTAL_UNDEAD	2	T5_ARTEFACT_2H_ICECRYSTAL_UNDEAD	1
T5_2H_ICECRYSTAL_UNDEAD	3	T5_PLANKS_LEVEL3	20
T5_2H_ICECRYSTAL_UNDEAD	3	T5_METALBAR_LEVEL3	12
T5_2H_ICECRYSTAL_UNDEAD	3	T5_ARTEFACT_2H_ICECRYSTAL_UNDEAD	1
T5_2H_ICECRYSTAL_UNDEAD	4	T5_PLANKS_LEVEL4	20
T5_2H_ICECRYSTAL_UNDEAD	4	T5_METALBAR_LEVEL4	12
T5_2H_ICECRYSTAL_UNDEAD	4	T5_ARTEFACT_2H_ICECRYSTAL_UNDEAD	1
T6_2H_ICECRYSTAL_UNDEAD	0	T6_PLANKS	20
T6_2H_ICECRYSTAL_UNDEAD	0	T6_METALBAR	12
T6_2H_ICECRYSTAL_UNDEAD	0	T6_ARTEFACT_2H_ICECRYSTAL_UNDEAD	1
T6_2H_ICECRYSTAL_UNDEAD	1	T6_PLANKS_LEVEL1	20
T6_2H_ICECRYSTAL_UNDEAD	1	T6_METALBAR_LEVEL1	12
T6_2H_ICECRYSTAL_UNDEAD	1	T6_ARTEFACT_2H_ICECRYSTAL_UNDEAD	1
T6_2H_ICECRYSTAL_UNDEAD	2	T6_PLANKS_LEVEL2	20
T6_2H_ICECRYSTAL_UNDEAD	2	T6_METALBAR_LEVEL2	12
T6_2H_ICECRYSTAL_UNDEAD	2	T6_ARTEFACT_2H_ICECRYSTAL_UNDEAD	1
T6_2H_ICECRYSTAL_UNDEAD	3	T6_PLANKS_LEVEL3	20
T6_2H_ICECRYSTAL_UNDEAD	3	T6_METALBAR_LEVEL3	12
T6_2H_ICECRYSTAL_UNDEAD	3	T6_ARTEFACT_2H_ICECRYSTAL_UNDEAD	1
T6_2H_ICECRYSTAL_UNDEAD	4	T6_PLANKS_LEVEL4	20
T6_2H_ICECRYSTAL_UNDEAD	4	T6_METALBAR_LEVEL4	12
T6_2H_ICECRYSTAL_UNDEAD	4	T6_ARTEFACT_2H_ICECRYSTAL_UNDEAD	1
T7_2H_ICECRYSTAL_UNDEAD	0	T7_PLANKS	20
T7_2H_ICECRYSTAL_UNDEAD	0	T7_METALBAR	12
T7_2H_ICECRYSTAL_UNDEAD	0	T7_ARTEFACT_2H_ICECRYSTAL_UNDEAD	1
T7_2H_ICECRYSTAL_UNDEAD	1	T7_PLANKS_LEVEL1	20
T7_2H_ICECRYSTAL_UNDEAD	1	T7_METALBAR_LEVEL1	12
T7_2H_ICECRYSTAL_UNDEAD	1	T7_ARTEFACT_2H_ICECRYSTAL_UNDEAD	1
T7_2H_ICECRYSTAL_UNDEAD	2	T7_PLANKS_LEVEL2	20
T7_2H_ICECRYSTAL_UNDEAD	2	T7_METALBAR_LEVEL2	12
T7_2H_ICECRYSTAL_UNDEAD	2	T7_ARTEFACT_2H_ICECRYSTAL_UNDEAD	1
T7_2H_ICECRYSTAL_UNDEAD	3	T7_PLANKS_LEVEL3	20
T7_2H_ICECRYSTAL_UNDEAD	3	T7_METALBAR_LEVEL3	12
T7_2H_ICECRYSTAL_UNDEAD	3	T7_ARTEFACT_2H_ICECRYSTAL_UNDEAD	1
T7_2H_ICECRYSTAL_UNDEAD	4	T7_PLANKS_LEVEL4	20
T7_2H_ICECRYSTAL_UNDEAD	4	T7_METALBAR_LEVEL4	12
T7_2H_ICECRYSTAL_UNDEAD	4	T7_ARTEFACT_2H_ICECRYSTAL_UNDEAD	1
T8_2H_ICECRYSTAL_UNDEAD	0	T8_PLANKS	20
T8_2H_ICECRYSTAL_UNDEAD	0	T8_METALBAR	12
T8_2H_ICECRYSTAL_UNDEAD	0	T8_ARTEFACT_2H_ICECRYSTAL_UNDEAD	1
T8_2H_ICECRYSTAL_UNDEAD	1	T8_PLANKS_LEVEL1	20
T8_2H_ICECRYSTAL_UNDEAD	1	T8_METALBAR_LEVEL1	12
T8_2H_ICECRYSTAL_UNDEAD	1	T8_ARTEFACT_2H_ICECRYSTAL_UNDEAD	1
T8_2H_ICECRYSTAL_UNDEAD	2	T8_PLANKS_LEVEL2	20
T8_2H_ICECRYSTAL_UNDEAD	2	T8_METALBAR_LEVEL2	12
T8_2H_ICECRYSTAL_UNDEAD	2	T8_ARTEFACT_2H_ICECRYSTAL_UNDEAD	1
T8_2H_ICECRYSTAL_UNDEAD	3	T8_PLANKS_LEVEL3	20
T8_2H_ICECRYSTAL_UNDEAD	3	T8_METALBAR_LEVEL3	12
T8_2H_ICECRYSTAL_UNDEAD	3	T8_ARTEFACT_2H_ICECRYSTAL_UNDEAD	1
T8_2H_ICECRYSTAL_UNDEAD	4	T8_PLANKS_LEVEL4	20
T8_2H_ICECRYSTAL_UNDEAD	4	T8_METALBAR_LEVEL4	12
T8_2H_ICECRYSTAL_UNDEAD	4	T8_ARTEFACT_2H_ICECRYSTAL_UNDEAD	1
T4_MAIN_FROSTSTAFF_AVALON	0	T4_PLANKS	16
T4_MAIN_FROSTSTAFF_AVALON	0	T4_METALBAR	8
T4_MAIN_FROSTSTAFF_AVALON	0	T4_ARTEFACT_MAIN_FROSTSTAFF_AVALON	1
T4_MAIN_FROSTSTAFF_AVALON	1	T4_PLANKS_LEVEL1	16
T4_MAIN_FROSTSTAFF_AVALON	1	T4_METALBAR_LEVEL1	8
T4_MAIN_FROSTSTAFF_AVALON	1	T4_ARTEFACT_MAIN_FROSTSTAFF_AVALON	1
T4_MAIN_FROSTSTAFF_AVALON	2	T4_PLANKS_LEVEL2	16
T4_MAIN_FROSTSTAFF_AVALON	2	T4_METALBAR_LEVEL2	8
T4_MAIN_FROSTSTAFF_AVALON	2	T4_ARTEFACT_MAIN_FROSTSTAFF_AVALON	1
T4_MAIN_FROSTSTAFF_AVALON	3	T4_PLANKS_LEVEL3	16
T4_MAIN_FROSTSTAFF_AVALON	3	T4_METALBAR_LEVEL3	8
T4_MAIN_FROSTSTAFF_AVALON	3	T4_ARTEFACT_MAIN_FROSTSTAFF_AVALON	1
T4_MAIN_FROSTSTAFF_AVALON	4	T4_PLANKS_LEVEL4	16
T4_MAIN_FROSTSTAFF_AVALON	4	T4_METALBAR_LEVEL4	8
T4_MAIN_FROSTSTAFF_AVALON	4	T4_ARTEFACT_MAIN_FROSTSTAFF_AVALON	1
T5_MAIN_FROSTSTAFF_AVALON	0	T5_PLANKS	16
T5_MAIN_FROSTSTAFF_AVALON	0	T5_METALBAR	8
T5_MAIN_FROSTSTAFF_AVALON	0	T5_ARTEFACT_MAIN_FROSTSTAFF_AVALON	1
T5_MAIN_FROSTSTAFF_AVALON	1	T5_PLANKS_LEVEL1	16
T5_MAIN_FROSTSTAFF_AVALON	1	T5_METALBAR_LEVEL1	8
T5_MAIN_FROSTSTAFF_AVALON	1	T5_ARTEFACT_MAIN_FROSTSTAFF_AVALON	1
T5_MAIN_FROSTSTAFF_AVALON	2	T5_PLANKS_LEVEL2	16
T5_MAIN_FROSTSTAFF_AVALON	2	T5_METALBAR_LEVEL2	8
T5_MAIN_FROSTSTAFF_AVALON	2	T5_ARTEFACT_MAIN_FROSTSTAFF_AVALON	1
T5_MAIN_FROSTSTAFF_AVALON	3	T5_PLANKS_LEVEL3	16
T5_MAIN_FROSTSTAFF_AVALON	3	T5_METALBAR_LEVEL3	8
T5_MAIN_FROSTSTAFF_AVALON	3	T5_ARTEFACT_MAIN_FROSTSTAFF_AVALON	1
T5_MAIN_FROSTSTAFF_AVALON	4	T5_PLANKS_LEVEL4	16
T5_MAIN_FROSTSTAFF_AVALON	4	T5_METALBAR_LEVEL4	8
T5_MAIN_FROSTSTAFF_AVALON	4	T5_ARTEFACT_MAIN_FROSTSTAFF_AVALON	1
T6_MAIN_FROSTSTAFF_AVALON	0	T6_PLANKS	16
T6_MAIN_FROSTSTAFF_AVALON	0	T6_METALBAR	8
T6_MAIN_FROSTSTAFF_AVALON	0	T6_ARTEFACT_MAIN_FROSTSTAFF_AVALON	1
T6_MAIN_FROSTSTAFF_AVALON	1	T6_PLANKS_LEVEL1	16
T6_MAIN_FROSTSTAFF_AVALON	1	T6_METALBAR_LEVEL1	8
T6_MAIN_FROSTSTAFF_AVALON	1	T6_ARTEFACT_MAIN_FROSTSTAFF_AVALON	1
T6_MAIN_FROSTSTAFF_AVALON	2	T6_PLANKS_LEVEL2	16
T6_MAIN_FROSTSTAFF_AVALON	2	T6_METALBAR_LEVEL2	8
T6_MAIN_FROSTSTAFF_AVALON	2	T6_ARTEFACT_MAIN_FROSTSTAFF_AVALON	1
T6_MAIN_FROSTSTAFF_AVALON	3	T6_PLANKS_LEVEL3	16
T6_MAIN_FROSTSTAFF_AVALON	3	T6_METALBAR_LEVEL3	8
T6_MAIN_FROSTSTAFF_AVALON	3	T6_ARTEFACT_MAIN_FROSTSTAFF_AVALON	1
T6_MAIN_FROSTSTAFF_AVALON	4	T6_PLANKS_LEVEL4	16
T6_MAIN_FROSTSTAFF_AVALON	4	T6_METALBAR_LEVEL4	8
T6_MAIN_FROSTSTAFF_AVALON	4	T6_ARTEFACT_MAIN_FROSTSTAFF_AVALON	1
T7_MAIN_FROSTSTAFF_AVALON	0	T7_PLANKS	16
T7_MAIN_FROSTSTAFF_AVALON	0	T7_METALBAR	8
T7_MAIN_FROSTSTAFF_AVALON	0	T7_ARTEFACT_MAIN_FROSTSTAFF_AVALON	1
T7_MAIN_FROSTSTAFF_AVALON	1	T7_PLANKS_LEVEL1	16
T7_MAIN_FROSTSTAFF_AVALON	1	T7_METALBAR_LEVEL1	8
T7_MAIN_FROSTSTAFF_AVALON	1	T7_ARTEFACT_MAIN_FROSTSTAFF_AVALON	1
T7_MAIN_FROSTSTAFF_AVALON	2	T7_PLANKS_LEVEL2	16
T7_MAIN_FROSTSTAFF_AVALON	2	T7_METALBAR_LEVEL2	8
T7_MAIN_FROSTSTAFF_AVALON	2	T7_ARTEFACT_MAIN_FROSTSTAFF_AVALON	1
T7_MAIN_FROSTSTAFF_AVALON	3	T7_PLANKS_LEVEL3	16
T7_MAIN_FROSTSTAFF_AVALON	3	T7_METALBAR_LEVEL3	8
T7_MAIN_FROSTSTAFF_AVALON	3	T7_ARTEFACT_MAIN_FROSTSTAFF_AVALON	1
T7_MAIN_FROSTSTAFF_AVALON	4	T7_PLANKS_LEVEL4	16
T7_MAIN_FROSTSTAFF_AVALON	4	T7_METALBAR_LEVEL4	8
T7_MAIN_FROSTSTAFF_AVALON	4	T7_ARTEFACT_MAIN_FROSTSTAFF_AVALON	1
T8_MAIN_FROSTSTAFF_AVALON	0	T8_PLANKS	16
T8_MAIN_FROSTSTAFF_AVALON	0	T8_METALBAR	8
T8_MAIN_FROSTSTAFF_AVALON	0	T8_ARTEFACT_MAIN_FROSTSTAFF_AVALON	1
T8_MAIN_FROSTSTAFF_AVALON	1	T8_PLANKS_LEVEL1	16
T8_MAIN_FROSTSTAFF_AVALON	1	T8_METALBAR_LEVEL1	8
T8_MAIN_FROSTSTAFF_AVALON	1	T8_ARTEFACT_MAIN_FROSTSTAFF_AVALON	1
T8_MAIN_FROSTSTAFF_AVALON	2	T8_PLANKS_LEVEL2	16
T8_MAIN_FROSTSTAFF_AVALON	2	T8_METALBAR_LEVEL2	8
T8_MAIN_FROSTSTAFF_AVALON	2	T8_ARTEFACT_MAIN_FROSTSTAFF_AVALON	1
T8_MAIN_FROSTSTAFF_AVALON	3	T8_PLANKS_LEVEL3	16
T8_MAIN_FROSTSTAFF_AVALON	3	T8_METALBAR_LEVEL3	8
T8_MAIN_FROSTSTAFF_AVALON	3	T8_ARTEFACT_MAIN_FROSTSTAFF_AVALON	1
T8_MAIN_FROSTSTAFF_AVALON	4	T8_PLANKS_LEVEL4	16
T8_MAIN_FROSTSTAFF_AVALON	4	T8_METALBAR_LEVEL4	8
T8_MAIN_FROSTSTAFF_AVALON	4	T8_ARTEFACT_MAIN_FROSTSTAFF_AVALON	1
T4_2H_FROSTSTAFF_CRYSTAL	0	T4_PLANKS	20
T4_2H_FROSTSTAFF_CRYSTAL	0	T4_METALBAR	12
T4_2H_FROSTSTAFF_CRYSTAL	0	T4_ARTEFACT_2H_FROSTSTAFF_CRYSTAL	1
T4_2H_FROSTSTAFF_CRYSTAL	1	T4_PLANKS_LEVEL1	20
T4_2H_FROSTSTAFF_CRYSTAL	1	T4_METALBAR_LEVEL1	12
T4_2H_FROSTSTAFF_CRYSTAL	1	T4_ARTEFACT_2H_FROSTSTAFF_CRYSTAL	1
T4_2H_FROSTSTAFF_CRYSTAL	2	T4_PLANKS_LEVEL2	20
T4_2H_FROSTSTAFF_CRYSTAL	2	T4_METALBAR_LEVEL2	12
T4_2H_FROSTSTAFF_CRYSTAL	2	T4_ARTEFACT_2H_FROSTSTAFF_CRYSTAL	1
T4_2H_FROSTSTAFF_CRYSTAL	3	T4_PLANKS_LEVEL3	20
T4_2H_FROSTSTAFF_CRYSTAL	3	T4_METALBAR_LEVEL3	12
T4_2H_FROSTSTAFF_CRYSTAL	3	T4_ARTEFACT_2H_FROSTSTAFF_CRYSTAL	1
T4_2H_FROSTSTAFF_CRYSTAL	4	T4_PLANKS_LEVEL4	20
T4_2H_FROSTSTAFF_CRYSTAL	4	T4_METALBAR_LEVEL4	12
T4_2H_FROSTSTAFF_CRYSTAL	4	T4_ARTEFACT_2H_FROSTSTAFF_CRYSTAL	1
T5_2H_FROSTSTAFF_CRYSTAL	0	T5_PLANKS	20
T5_2H_FROSTSTAFF_CRYSTAL	0	T5_METALBAR	12
T5_2H_FROSTSTAFF_CRYSTAL	0	T5_ARTEFACT_2H_FROSTSTAFF_CRYSTAL	1
T5_2H_FROSTSTAFF_CRYSTAL	1	T5_PLANKS_LEVEL1	20
T5_2H_FROSTSTAFF_CRYSTAL	1	T5_METALBAR_LEVEL1	12
T5_2H_FROSTSTAFF_CRYSTAL	1	T5_ARTEFACT_2H_FROSTSTAFF_CRYSTAL	1
T5_2H_FROSTSTAFF_CRYSTAL	2	T5_PLANKS_LEVEL2	20
T5_2H_FROSTSTAFF_CRYSTAL	2	T5_METALBAR_LEVEL2	12
T5_2H_FROSTSTAFF_CRYSTAL	2	T5_ARTEFACT_2H_FROSTSTAFF_CRYSTAL	1
T5_2H_FROSTSTAFF_CRYSTAL	3	T5_PLANKS_LEVEL3	20
T5_2H_FROSTSTAFF_CRYSTAL	3	T5_METALBAR_LEVEL3	12
T5_2H_FROSTSTAFF_CRYSTAL	3	T5_ARTEFACT_2H_FROSTSTAFF_CRYSTAL	1
T5_2H_FROSTSTAFF_CRYSTAL	4	T5_PLANKS_LEVEL4	20
T5_2H_FROSTSTAFF_CRYSTAL	4	T5_METALBAR_LEVEL4	12
T5_2H_FROSTSTAFF_CRYSTAL	4	T5_ARTEFACT_2H_FROSTSTAFF_CRYSTAL	1
T6_2H_FROSTSTAFF_CRYSTAL	0	T6_PLANKS	20
T6_2H_FROSTSTAFF_CRYSTAL	0	T6_METALBAR	12
T6_2H_FROSTSTAFF_CRYSTAL	0	T6_ARTEFACT_2H_FROSTSTAFF_CRYSTAL	1
T6_2H_FROSTSTAFF_CRYSTAL	1	T6_PLANKS_LEVEL1	20
T6_2H_FROSTSTAFF_CRYSTAL	1	T6_METALBAR_LEVEL1	12
T6_2H_FROSTSTAFF_CRYSTAL	1	T6_ARTEFACT_2H_FROSTSTAFF_CRYSTAL	1
T6_2H_FROSTSTAFF_CRYSTAL	2	T6_PLANKS_LEVEL2	20
T6_2H_FROSTSTAFF_CRYSTAL	2	T6_METALBAR_LEVEL2	12
T6_2H_FROSTSTAFF_CRYSTAL	2	T6_ARTEFACT_2H_FROSTSTAFF_CRYSTAL	1
T6_2H_FROSTSTAFF_CRYSTAL	3	T6_PLANKS_LEVEL3	20
T6_2H_FROSTSTAFF_CRYSTAL	3	T6_METALBAR_LEVEL3	12
T6_2H_FROSTSTAFF_CRYSTAL	3	T6_ARTEFACT_2H_FROSTSTAFF_CRYSTAL	1
T6_2H_FROSTSTAFF_CRYSTAL	4	T6_PLANKS_LEVEL4	20
T6_2H_FROSTSTAFF_CRYSTAL	4	T6_METALBAR_LEVEL4	12
T6_2H_FROSTSTAFF_CRYSTAL	4	T6_ARTEFACT_2H_FROSTSTAFF_CRYSTAL	1
T7_2H_FROSTSTAFF_CRYSTAL	0	T7_PLANKS	20
T7_2H_FROSTSTAFF_CRYSTAL	0	T7_METALBAR	12
T7_2H_FROSTSTAFF_CRYSTAL	0	T7_ARTEFACT_2H_FROSTSTAFF_CRYSTAL	1
T7_2H_FROSTSTAFF_CRYSTAL	1	T7_PLANKS_LEVEL1	20
T7_2H_FROSTSTAFF_CRYSTAL	1	T7_METALBAR_LEVEL1	12
T7_2H_FROSTSTAFF_CRYSTAL	1	T7_ARTEFACT_2H_FROSTSTAFF_CRYSTAL	1
T7_2H_FROSTSTAFF_CRYSTAL	2	T7_PLANKS_LEVEL2	20
T7_2H_FROSTSTAFF_CRYSTAL	2	T7_METALBAR_LEVEL2	12
T7_2H_FROSTSTAFF_CRYSTAL	2	T7_ARTEFACT_2H_FROSTSTAFF_CRYSTAL	1
T7_2H_FROSTSTAFF_CRYSTAL	3	T7_PLANKS_LEVEL3	20
T7_2H_FROSTSTAFF_CRYSTAL	3	T7_METALBAR_LEVEL3	12
T7_2H_FROSTSTAFF_CRYSTAL	3	T7_ARTEFACT_2H_FROSTSTAFF_CRYSTAL	1
T7_2H_FROSTSTAFF_CRYSTAL	4	T7_PLANKS_LEVEL4	20
T7_2H_FROSTSTAFF_CRYSTAL	4	T7_METALBAR_LEVEL4	12
T7_2H_FROSTSTAFF_CRYSTAL	4	T7_ARTEFACT_2H_FROSTSTAFF_CRYSTAL	1
T8_2H_FROSTSTAFF_CRYSTAL	0	T8_PLANKS	20
T8_2H_FROSTSTAFF_CRYSTAL	0	T8_METALBAR	12
T8_2H_FROSTSTAFF_CRYSTAL	0	T8_ARTEFACT_2H_FROSTSTAFF_CRYSTAL	1
T8_2H_FROSTSTAFF_CRYSTAL	1	T8_PLANKS_LEVEL1	20
T8_2H_FROSTSTAFF_CRYSTAL	1	T8_METALBAR_LEVEL1	12
T8_2H_FROSTSTAFF_CRYSTAL	1	T8_ARTEFACT_2H_FROSTSTAFF_CRYSTAL	1
T8_2H_FROSTSTAFF_CRYSTAL	2	T8_PLANKS_LEVEL2	20
T8_2H_FROSTSTAFF_CRYSTAL	2	T8_METALBAR_LEVEL2	12
T8_2H_FROSTSTAFF_CRYSTAL	2	T8_ARTEFACT_2H_FROSTSTAFF_CRYSTAL	1
T8_2H_FROSTSTAFF_CRYSTAL	3	T8_PLANKS_LEVEL3	20
T8_2H_FROSTSTAFF_CRYSTAL	3	T8_METALBAR_LEVEL3	12
T8_2H_FROSTSTAFF_CRYSTAL	3	T8_ARTEFACT_2H_FROSTSTAFF_CRYSTAL	1
T8_2H_FROSTSTAFF_CRYSTAL	4	T8_PLANKS_LEVEL4	20
T8_2H_FROSTSTAFF_CRYSTAL	4	T8_METALBAR_LEVEL4	12
T8_2H_FROSTSTAFF_CRYSTAL	4	T8_ARTEFACT_2H_FROSTSTAFF_CRYSTAL	1
T3_MAIN_ARCANESTAFF	0	T3_PLANKS	16
T3_MAIN_ARCANESTAFF	0	T3_METALBAR	8
T4_MAIN_ARCANESTAFF	0	T4_PLANKS	16
T4_MAIN_ARCANESTAFF	0	T4_METALBAR	8
T4_MAIN_ARCANESTAFF	1	T4_PLANKS_LEVEL1	16
T4_MAIN_ARCANESTAFF	1	T4_METALBAR_LEVEL1	8
T4_MAIN_ARCANESTAFF	2	T4_PLANKS_LEVEL2	16
T4_MAIN_ARCANESTAFF	2	T4_METALBAR_LEVEL2	8
T4_MAIN_ARCANESTAFF	3	T4_PLANKS_LEVEL3	16
T4_MAIN_ARCANESTAFF	3	T4_METALBAR_LEVEL3	8
T4_MAIN_ARCANESTAFF	4	T4_PLANKS_LEVEL4	16
T4_MAIN_ARCANESTAFF	4	T4_METALBAR_LEVEL4	8
T5_MAIN_ARCANESTAFF	0	T5_PLANKS	16
T5_MAIN_ARCANESTAFF	0	T5_METALBAR	8
T5_MAIN_ARCANESTAFF	1	T5_PLANKS_LEVEL1	16
T5_MAIN_ARCANESTAFF	1	T5_METALBAR_LEVEL1	8
T5_MAIN_ARCANESTAFF	2	T5_PLANKS_LEVEL2	16
T5_MAIN_ARCANESTAFF	2	T5_METALBAR_LEVEL2	8
T5_MAIN_ARCANESTAFF	3	T5_PLANKS_LEVEL3	16
T5_MAIN_ARCANESTAFF	3	T5_METALBAR_LEVEL3	8
T5_MAIN_ARCANESTAFF	4	T5_PLANKS_LEVEL4	16
T5_MAIN_ARCANESTAFF	4	T5_METALBAR_LEVEL4	8
T6_MAIN_ARCANESTAFF	0	T6_PLANKS	16
T6_MAIN_ARCANESTAFF	0	T6_METALBAR	8
T6_MAIN_ARCANESTAFF	1	T6_PLANKS_LEVEL1	16
T6_MAIN_ARCANESTAFF	1	T6_METALBAR_LEVEL1	8
T6_MAIN_ARCANESTAFF	2	T6_PLANKS_LEVEL2	16
T6_MAIN_ARCANESTAFF	2	T6_METALBAR_LEVEL2	8
T6_MAIN_ARCANESTAFF	3	T6_PLANKS_LEVEL3	16
T6_MAIN_ARCANESTAFF	3	T6_METALBAR_LEVEL3	8
T6_MAIN_ARCANESTAFF	4	T6_PLANKS_LEVEL4	16
T6_MAIN_ARCANESTAFF	4	T6_METALBAR_LEVEL4	8
T7_MAIN_ARCANESTAFF	0	T7_PLANKS	16
T7_MAIN_ARCANESTAFF	0	T7_METALBAR	8
T7_MAIN_ARCANESTAFF	1	T7_PLANKS_LEVEL1	16
T7_MAIN_ARCANESTAFF	1	T7_METALBAR_LEVEL1	8
T7_MAIN_ARCANESTAFF	2	T7_PLANKS_LEVEL2	16
T7_MAIN_ARCANESTAFF	2	T7_METALBAR_LEVEL2	8
T7_MAIN_ARCANESTAFF	3	T7_PLANKS_LEVEL3	16
T7_MAIN_ARCANESTAFF	3	T7_METALBAR_LEVEL3	8
T7_MAIN_ARCANESTAFF	4	T7_PLANKS_LEVEL4	16
T7_MAIN_ARCANESTAFF	4	T7_METALBAR_LEVEL4	8
T8_MAIN_ARCANESTAFF	0	T8_PLANKS	16
T8_MAIN_ARCANESTAFF	0	T8_METALBAR	8
T8_MAIN_ARCANESTAFF	1	T8_PLANKS_LEVEL1	16
T8_MAIN_ARCANESTAFF	1	T8_METALBAR_LEVEL1	8
T8_MAIN_ARCANESTAFF	2	T8_PLANKS_LEVEL2	16
T8_MAIN_ARCANESTAFF	2	T8_METALBAR_LEVEL2	8
T8_MAIN_ARCANESTAFF	3	T8_PLANKS_LEVEL3	16
T8_MAIN_ARCANESTAFF	3	T8_METALBAR_LEVEL3	8
T8_MAIN_ARCANESTAFF	4	T8_PLANKS_LEVEL4	16
T8_MAIN_ARCANESTAFF	4	T8_METALBAR_LEVEL4	8
T4_2H_ARCANESTAFF	0	T4_PLANKS	20
T4_2H_ARCANESTAFF	0	T4_METALBAR	12
T4_2H_ARCANESTAFF	1	T4_PLANKS_LEVEL1	20
T4_2H_ARCANESTAFF	1	T4_METALBAR_LEVEL1	12
T4_2H_ARCANESTAFF	2	T4_PLANKS_LEVEL2	20
T4_2H_ARCANESTAFF	2	T4_METALBAR_LEVEL2	12
T4_2H_ARCANESTAFF	3	T4_PLANKS_LEVEL3	20
T4_2H_ARCANESTAFF	3	T4_METALBAR_LEVEL3	12
T4_2H_ARCANESTAFF	4	T4_PLANKS_LEVEL4	20
T4_2H_ARCANESTAFF	4	T4_METALBAR_LEVEL4	12
T5_2H_ARCANESTAFF	0	T5_PLANKS	20
T5_2H_ARCANESTAFF	0	T5_METALBAR	12
T5_2H_ARCANESTAFF	1	T5_PLANKS_LEVEL1	20
T5_2H_ARCANESTAFF	1	T5_METALBAR_LEVEL1	12
T5_2H_ARCANESTAFF	2	T5_PLANKS_LEVEL2	20
T5_2H_ARCANESTAFF	2	T5_METALBAR_LEVEL2	12
T5_2H_ARCANESTAFF	3	T5_PLANKS_LEVEL3	20
T5_2H_ARCANESTAFF	3	T5_METALBAR_LEVEL3	12
T5_2H_ARCANESTAFF	4	T5_PLANKS_LEVEL4	20
T5_2H_ARCANESTAFF	4	T5_METALBAR_LEVEL4	12
T6_2H_ARCANESTAFF	0	T6_PLANKS	20
T6_2H_ARCANESTAFF	0	T6_METALBAR	12
T6_2H_ARCANESTAFF	1	T6_PLANKS_LEVEL1	20
T6_2H_ARCANESTAFF	1	T6_METALBAR_LEVEL1	12
T6_2H_ARCANESTAFF	2	T6_PLANKS_LEVEL2	20
T6_2H_ARCANESTAFF	2	T6_METALBAR_LEVEL2	12
T6_2H_ARCANESTAFF	3	T6_PLANKS_LEVEL3	20
T6_2H_ARCANESTAFF	3	T6_METALBAR_LEVEL3	12
T6_2H_ARCANESTAFF	4	T6_PLANKS_LEVEL4	20
T6_2H_ARCANESTAFF	4	T6_METALBAR_LEVEL4	12
T7_2H_ARCANESTAFF	0	T7_PLANKS	20
T7_2H_ARCANESTAFF	0	T7_METALBAR	12
T7_2H_ARCANESTAFF	1	T7_PLANKS_LEVEL1	20
T7_2H_ARCANESTAFF	1	T7_METALBAR_LEVEL1	12
T7_2H_ARCANESTAFF	2	T7_PLANKS_LEVEL2	20
T7_2H_ARCANESTAFF	2	T7_METALBAR_LEVEL2	12
T7_2H_ARCANESTAFF	3	T7_PLANKS_LEVEL3	20
T7_2H_ARCANESTAFF	3	T7_METALBAR_LEVEL3	12
T7_2H_ARCANESTAFF	4	T7_PLANKS_LEVEL4	20
T7_2H_ARCANESTAFF	4	T7_METALBAR_LEVEL4	12
T8_2H_ARCANESTAFF	0	T8_PLANKS	20
T8_2H_ARCANESTAFF	0	T8_METALBAR	12
T8_2H_ARCANESTAFF	1	T8_PLANKS_LEVEL1	20
T8_2H_ARCANESTAFF	1	T8_METALBAR_LEVEL1	12
T8_2H_ARCANESTAFF	2	T8_PLANKS_LEVEL2	20
T8_2H_ARCANESTAFF	2	T8_METALBAR_LEVEL2	12
T8_2H_ARCANESTAFF	3	T8_PLANKS_LEVEL3	20
T8_2H_ARCANESTAFF	3	T8_METALBAR_LEVEL3	12
T8_2H_ARCANESTAFF	4	T8_PLANKS_LEVEL4	20
T8_2H_ARCANESTAFF	4	T8_METALBAR_LEVEL4	12
T4_2H_ENIGMATICSTAFF	0	T4_PLANKS	20
T4_2H_ENIGMATICSTAFF	0	T4_METALBAR	12
T4_2H_ENIGMATICSTAFF	1	T4_PLANKS_LEVEL1	20
T4_2H_ENIGMATICSTAFF	1	T4_METALBAR_LEVEL1	12
T4_2H_ENIGMATICSTAFF	2	T4_PLANKS_LEVEL2	20
T4_2H_ENIGMATICSTAFF	2	T4_METALBAR_LEVEL2	12
T4_2H_ENIGMATICSTAFF	3	T4_PLANKS_LEVEL3	20
T4_2H_ENIGMATICSTAFF	3	T4_METALBAR_LEVEL3	12
T4_2H_ENIGMATICSTAFF	4	T4_PLANKS_LEVEL4	20
T4_2H_ENIGMATICSTAFF	4	T4_METALBAR_LEVEL4	12
T5_2H_ENIGMATICSTAFF	0	T5_PLANKS	20
T5_2H_ENIGMATICSTAFF	0	T5_METALBAR	12
T5_2H_ENIGMATICSTAFF	1	T5_PLANKS_LEVEL1	20
T5_2H_ENIGMATICSTAFF	1	T5_METALBAR_LEVEL1	12
T5_2H_ENIGMATICSTAFF	2	T5_PLANKS_LEVEL2	20
T5_2H_ENIGMATICSTAFF	2	T5_METALBAR_LEVEL2	12
T5_2H_ENIGMATICSTAFF	3	T5_PLANKS_LEVEL3	20
T5_2H_ENIGMATICSTAFF	3	T5_METALBAR_LEVEL3	12
T5_2H_ENIGMATICSTAFF	4	T5_PLANKS_LEVEL4	20
T5_2H_ENIGMATICSTAFF	4	T5_METALBAR_LEVEL4	12
T6_2H_ENIGMATICSTAFF	0	T6_PLANKS	20
T6_2H_ENIGMATICSTAFF	0	T6_METALBAR	12
T6_2H_ENIGMATICSTAFF	1	T6_PLANKS_LEVEL1	20
T6_2H_ENIGMATICSTAFF	1	T6_METALBAR_LEVEL1	12
T6_2H_ENIGMATICSTAFF	2	T6_PLANKS_LEVEL2	20
T6_2H_ENIGMATICSTAFF	2	T6_METALBAR_LEVEL2	12
T6_2H_ENIGMATICSTAFF	3	T6_PLANKS_LEVEL3	20
T6_2H_ENIGMATICSTAFF	3	T6_METALBAR_LEVEL3	12
T6_2H_ENIGMATICSTAFF	4	T6_PLANKS_LEVEL4	20
T6_2H_ENIGMATICSTAFF	4	T6_METALBAR_LEVEL4	12
T7_2H_ENIGMATICSTAFF	0	T7_PLANKS	20
T7_2H_ENIGMATICSTAFF	0	T7_METALBAR	12
T7_2H_ENIGMATICSTAFF	1	T7_PLANKS_LEVEL1	20
T7_2H_ENIGMATICSTAFF	1	T7_METALBAR_LEVEL1	12
T7_2H_ENIGMATICSTAFF	2	T7_PLANKS_LEVEL2	20
T7_2H_ENIGMATICSTAFF	2	T7_METALBAR_LEVEL2	12
T7_2H_ENIGMATICSTAFF	3	T7_PLANKS_LEVEL3	20
T7_2H_ENIGMATICSTAFF	3	T7_METALBAR_LEVEL3	12
T7_2H_ENIGMATICSTAFF	4	T7_PLANKS_LEVEL4	20
T7_2H_ENIGMATICSTAFF	4	T7_METALBAR_LEVEL4	12
T8_2H_ENIGMATICSTAFF	0	T8_PLANKS	20
T8_2H_ENIGMATICSTAFF	0	T8_METALBAR	12
T8_2H_ENIGMATICSTAFF	1	T8_PLANKS_LEVEL1	20
T8_2H_ENIGMATICSTAFF	1	T8_METALBAR_LEVEL1	12
T8_2H_ENIGMATICSTAFF	2	T8_PLANKS_LEVEL2	20
T8_2H_ENIGMATICSTAFF	2	T8_METALBAR_LEVEL2	12
T8_2H_ENIGMATICSTAFF	3	T8_PLANKS_LEVEL3	20
T8_2H_ENIGMATICSTAFF	3	T8_METALBAR_LEVEL3	12
T8_2H_ENIGMATICSTAFF	4	T8_PLANKS_LEVEL4	20
T8_2H_ENIGMATICSTAFF	4	T8_METALBAR_LEVEL4	12
T4_MAIN_ARCANESTAFF_UNDEAD	0	T4_PLANKS	16
T4_MAIN_ARCANESTAFF_UNDEAD	0	T4_METALBAR	8
T4_MAIN_ARCANESTAFF_UNDEAD	0	T4_ARTEFACT_MAIN_ARCANESTAFF_UNDEAD	1
T4_MAIN_ARCANESTAFF_UNDEAD	1	T4_PLANKS_LEVEL1	16
T4_MAIN_ARCANESTAFF_UNDEAD	1	T4_METALBAR_LEVEL1	8
T4_MAIN_ARCANESTAFF_UNDEAD	1	T4_ARTEFACT_MAIN_ARCANESTAFF_UNDEAD	1
T4_MAIN_ARCANESTAFF_UNDEAD	2	T4_PLANKS_LEVEL2	16
T4_MAIN_ARCANESTAFF_UNDEAD	2	T4_METALBAR_LEVEL2	8
T4_MAIN_ARCANESTAFF_UNDEAD	2	T4_ARTEFACT_MAIN_ARCANESTAFF_UNDEAD	1
T4_MAIN_ARCANESTAFF_UNDEAD	3	T4_PLANKS_LEVEL3	16
T4_MAIN_ARCANESTAFF_UNDEAD	3	T4_METALBAR_LEVEL3	8
T4_MAIN_ARCANESTAFF_UNDEAD	3	T4_ARTEFACT_MAIN_ARCANESTAFF_UNDEAD	1
T4_MAIN_ARCANESTAFF_UNDEAD	4	T4_PLANKS_LEVEL4	16
T4_MAIN_ARCANESTAFF_UNDEAD	4	T4_METALBAR_LEVEL4	8
T4_MAIN_ARCANESTAFF_UNDEAD	4	T4_ARTEFACT_MAIN_ARCANESTAFF_UNDEAD	1
T5_MAIN_ARCANESTAFF_UNDEAD	0	T5_PLANKS	16
T5_MAIN_ARCANESTAFF_UNDEAD	0	T5_METALBAR	8
T5_MAIN_ARCANESTAFF_UNDEAD	0	T5_ARTEFACT_MAIN_ARCANESTAFF_UNDEAD	1
T5_MAIN_ARCANESTAFF_UNDEAD	1	T5_PLANKS_LEVEL1	16
T5_MAIN_ARCANESTAFF_UNDEAD	1	T5_METALBAR_LEVEL1	8
T5_MAIN_ARCANESTAFF_UNDEAD	1	T5_ARTEFACT_MAIN_ARCANESTAFF_UNDEAD	1
T5_MAIN_ARCANESTAFF_UNDEAD	2	T5_PLANKS_LEVEL2	16
T5_MAIN_ARCANESTAFF_UNDEAD	2	T5_METALBAR_LEVEL2	8
T5_MAIN_ARCANESTAFF_UNDEAD	2	T5_ARTEFACT_MAIN_ARCANESTAFF_UNDEAD	1
T5_MAIN_ARCANESTAFF_UNDEAD	3	T5_PLANKS_LEVEL3	16
T5_MAIN_ARCANESTAFF_UNDEAD	3	T5_METALBAR_LEVEL3	8
T5_MAIN_ARCANESTAFF_UNDEAD	3	T5_ARTEFACT_MAIN_ARCANESTAFF_UNDEAD	1
T5_MAIN_ARCANESTAFF_UNDEAD	4	T5_PLANKS_LEVEL4	16
T5_MAIN_ARCANESTAFF_UNDEAD	4	T5_METALBAR_LEVEL4	8
T5_MAIN_ARCANESTAFF_UNDEAD	4	T5_ARTEFACT_MAIN_ARCANESTAFF_UNDEAD	1
T6_MAIN_ARCANESTAFF_UNDEAD	0	T6_PLANKS	16
T6_MAIN_ARCANESTAFF_UNDEAD	0	T6_METALBAR	8
T6_MAIN_ARCANESTAFF_UNDEAD	0	T6_ARTEFACT_MAIN_ARCANESTAFF_UNDEAD	1
T6_MAIN_ARCANESTAFF_UNDEAD	1	T6_PLANKS_LEVEL1	16
T6_MAIN_ARCANESTAFF_UNDEAD	1	T6_METALBAR_LEVEL1	8
T6_MAIN_ARCANESTAFF_UNDEAD	1	T6_ARTEFACT_MAIN_ARCANESTAFF_UNDEAD	1
T6_MAIN_ARCANESTAFF_UNDEAD	2	T6_PLANKS_LEVEL2	16
T6_MAIN_ARCANESTAFF_UNDEAD	2	T6_METALBAR_LEVEL2	8
T6_MAIN_ARCANESTAFF_UNDEAD	2	T6_ARTEFACT_MAIN_ARCANESTAFF_UNDEAD	1
T6_MAIN_ARCANESTAFF_UNDEAD	3	T6_PLANKS_LEVEL3	16
T6_MAIN_ARCANESTAFF_UNDEAD	3	T6_METALBAR_LEVEL3	8
T6_MAIN_ARCANESTAFF_UNDEAD	3	T6_ARTEFACT_MAIN_ARCANESTAFF_UNDEAD	1
T6_MAIN_ARCANESTAFF_UNDEAD	4	T6_PLANKS_LEVEL4	16
T6_MAIN_ARCANESTAFF_UNDEAD	4	T6_METALBAR_LEVEL4	8
T6_MAIN_ARCANESTAFF_UNDEAD	4	T6_ARTEFACT_MAIN_ARCANESTAFF_UNDEAD	1
T7_MAIN_ARCANESTAFF_UNDEAD	0	T7_PLANKS	16
T7_MAIN_ARCANESTAFF_UNDEAD	0	T7_METALBAR	8
T7_MAIN_ARCANESTAFF_UNDEAD	0	T7_ARTEFACT_MAIN_ARCANESTAFF_UNDEAD	1
T7_MAIN_ARCANESTAFF_UNDEAD	1	T7_PLANKS_LEVEL1	16
T7_MAIN_ARCANESTAFF_UNDEAD	1	T7_METALBAR_LEVEL1	8
T7_MAIN_ARCANESTAFF_UNDEAD	1	T7_ARTEFACT_MAIN_ARCANESTAFF_UNDEAD	1
T7_MAIN_ARCANESTAFF_UNDEAD	2	T7_PLANKS_LEVEL2	16
T7_MAIN_ARCANESTAFF_UNDEAD	2	T7_METALBAR_LEVEL2	8
T7_MAIN_ARCANESTAFF_UNDEAD	2	T7_ARTEFACT_MAIN_ARCANESTAFF_UNDEAD	1
T7_MAIN_ARCANESTAFF_UNDEAD	3	T7_PLANKS_LEVEL3	16
T7_MAIN_ARCANESTAFF_UNDEAD	3	T7_METALBAR_LEVEL3	8
T7_MAIN_ARCANESTAFF_UNDEAD	3	T7_ARTEFACT_MAIN_ARCANESTAFF_UNDEAD	1
T7_MAIN_ARCANESTAFF_UNDEAD	4	T7_PLANKS_LEVEL4	16
T7_MAIN_ARCANESTAFF_UNDEAD	4	T7_METALBAR_LEVEL4	8
T7_MAIN_ARCANESTAFF_UNDEAD	4	T7_ARTEFACT_MAIN_ARCANESTAFF_UNDEAD	1
T8_MAIN_ARCANESTAFF_UNDEAD	0	T8_PLANKS	16
T8_MAIN_ARCANESTAFF_UNDEAD	0	T8_METALBAR	8
T8_MAIN_ARCANESTAFF_UNDEAD	0	T8_ARTEFACT_MAIN_ARCANESTAFF_UNDEAD	1
T8_MAIN_ARCANESTAFF_UNDEAD	1	T8_PLANKS_LEVEL1	16
T8_MAIN_ARCANESTAFF_UNDEAD	1	T8_METALBAR_LEVEL1	8
T8_MAIN_ARCANESTAFF_UNDEAD	1	T8_ARTEFACT_MAIN_ARCANESTAFF_UNDEAD	1
T8_MAIN_ARCANESTAFF_UNDEAD	2	T8_PLANKS_LEVEL2	16
T8_MAIN_ARCANESTAFF_UNDEAD	2	T8_METALBAR_LEVEL2	8
T8_MAIN_ARCANESTAFF_UNDEAD	2	T8_ARTEFACT_MAIN_ARCANESTAFF_UNDEAD	1
T8_MAIN_ARCANESTAFF_UNDEAD	3	T8_PLANKS_LEVEL3	16
T8_MAIN_ARCANESTAFF_UNDEAD	3	T8_METALBAR_LEVEL3	8
T8_MAIN_ARCANESTAFF_UNDEAD	3	T8_ARTEFACT_MAIN_ARCANESTAFF_UNDEAD	1
T8_MAIN_ARCANESTAFF_UNDEAD	4	T8_PLANKS_LEVEL4	16
T8_MAIN_ARCANESTAFF_UNDEAD	4	T8_METALBAR_LEVEL4	8
T8_MAIN_ARCANESTAFF_UNDEAD	4	T8_ARTEFACT_MAIN_ARCANESTAFF_UNDEAD	1
T4_2H_ARCANESTAFF_HELL	0	T4_PLANKS	20
T4_2H_ARCANESTAFF_HELL	0	T4_METALBAR	12
T4_2H_ARCANESTAFF_HELL	0	T4_ARTEFACT_2H_ARCANESTAFF_HELL	1
T4_2H_ARCANESTAFF_HELL	1	T4_PLANKS_LEVEL1	20
T4_2H_ARCANESTAFF_HELL	1	T4_METALBAR_LEVEL1	12
T4_2H_ARCANESTAFF_HELL	1	T4_ARTEFACT_2H_ARCANESTAFF_HELL	1
T4_2H_ARCANESTAFF_HELL	2	T4_PLANKS_LEVEL2	20
T4_2H_ARCANESTAFF_HELL	2	T4_METALBAR_LEVEL2	12
T4_2H_ARCANESTAFF_HELL	2	T4_ARTEFACT_2H_ARCANESTAFF_HELL	1
T4_2H_ARCANESTAFF_HELL	3	T4_PLANKS_LEVEL3	20
T4_2H_ARCANESTAFF_HELL	3	T4_METALBAR_LEVEL3	12
T4_2H_ARCANESTAFF_HELL	3	T4_ARTEFACT_2H_ARCANESTAFF_HELL	1
T4_2H_ARCANESTAFF_HELL	4	T4_PLANKS_LEVEL4	20
T4_2H_ARCANESTAFF_HELL	4	T4_METALBAR_LEVEL4	12
T4_2H_ARCANESTAFF_HELL	4	T4_ARTEFACT_2H_ARCANESTAFF_HELL	1
T5_2H_ARCANESTAFF_HELL	0	T5_PLANKS	20
T5_2H_ARCANESTAFF_HELL	0	T5_METALBAR	12
T5_2H_ARCANESTAFF_HELL	0	T5_ARTEFACT_2H_ARCANESTAFF_HELL	1
T5_2H_ARCANESTAFF_HELL	1	T5_PLANKS_LEVEL1	20
T5_2H_ARCANESTAFF_HELL	1	T5_METALBAR_LEVEL1	12
T5_2H_ARCANESTAFF_HELL	1	T5_ARTEFACT_2H_ARCANESTAFF_HELL	1
T5_2H_ARCANESTAFF_HELL	2	T5_PLANKS_LEVEL2	20
T5_2H_ARCANESTAFF_HELL	2	T5_METALBAR_LEVEL2	12
T5_2H_ARCANESTAFF_HELL	2	T5_ARTEFACT_2H_ARCANESTAFF_HELL	1
T5_2H_ARCANESTAFF_HELL	3	T5_PLANKS_LEVEL3	20
T5_2H_ARCANESTAFF_HELL	3	T5_METALBAR_LEVEL3	12
T5_2H_ARCANESTAFF_HELL	3	T5_ARTEFACT_2H_ARCANESTAFF_HELL	1
T5_2H_ARCANESTAFF_HELL	4	T5_PLANKS_LEVEL4	20
T5_2H_ARCANESTAFF_HELL	4	T5_METALBAR_LEVEL4	12
T5_2H_ARCANESTAFF_HELL	4	T5_ARTEFACT_2H_ARCANESTAFF_HELL	1
T6_2H_ARCANESTAFF_HELL	0	T6_PLANKS	20
T6_2H_ARCANESTAFF_HELL	0	T6_METALBAR	12
T6_2H_ARCANESTAFF_HELL	0	T6_ARTEFACT_2H_ARCANESTAFF_HELL	1
T6_2H_ARCANESTAFF_HELL	1	T6_PLANKS_LEVEL1	20
T6_2H_ARCANESTAFF_HELL	1	T6_METALBAR_LEVEL1	12
T6_2H_ARCANESTAFF_HELL	1	T6_ARTEFACT_2H_ARCANESTAFF_HELL	1
T6_2H_ARCANESTAFF_HELL	2	T6_PLANKS_LEVEL2	20
T6_2H_ARCANESTAFF_HELL	2	T6_METALBAR_LEVEL2	12
T6_2H_ARCANESTAFF_HELL	2	T6_ARTEFACT_2H_ARCANESTAFF_HELL	1
T6_2H_ARCANESTAFF_HELL	3	T6_PLANKS_LEVEL3	20
T6_2H_ARCANESTAFF_HELL	3	T6_METALBAR_LEVEL3	12
T6_2H_ARCANESTAFF_HELL	3	T6_ARTEFACT_2H_ARCANESTAFF_HELL	1
T6_2H_ARCANESTAFF_HELL	4	T6_PLANKS_LEVEL4	20
T6_2H_ARCANESTAFF_HELL	4	T6_METALBAR_LEVEL4	12
T6_2H_ARCANESTAFF_HELL	4	T6_ARTEFACT_2H_ARCANESTAFF_HELL	1
T7_2H_ARCANESTAFF_HELL	0	T7_PLANKS	20
T7_2H_ARCANESTAFF_HELL	0	T7_METALBAR	12
T7_2H_ARCANESTAFF_HELL	0	T7_ARTEFACT_2H_ARCANESTAFF_HELL	1
T7_2H_ARCANESTAFF_HELL	1	T7_PLANKS_LEVEL1	20
T7_2H_ARCANESTAFF_HELL	1	T7_METALBAR_LEVEL1	12
T7_2H_ARCANESTAFF_HELL	1	T7_ARTEFACT_2H_ARCANESTAFF_HELL	1
T7_2H_ARCANESTAFF_HELL	2	T7_PLANKS_LEVEL2	20
T7_2H_ARCANESTAFF_HELL	2	T7_METALBAR_LEVEL2	12
T7_2H_ARCANESTAFF_HELL	2	T7_ARTEFACT_2H_ARCANESTAFF_HELL	1
T7_2H_ARCANESTAFF_HELL	3	T7_PLANKS_LEVEL3	20
T7_2H_ARCANESTAFF_HELL	3	T7_METALBAR_LEVEL3	12
T7_2H_ARCANESTAFF_HELL	3	T7_ARTEFACT_2H_ARCANESTAFF_HELL	1
T7_2H_ARCANESTAFF_HELL	4	T7_PLANKS_LEVEL4	20
T7_2H_ARCANESTAFF_HELL	4	T7_METALBAR_LEVEL4	12
T7_2H_ARCANESTAFF_HELL	4	T7_ARTEFACT_2H_ARCANESTAFF_HELL	1
T8_2H_ARCANESTAFF_HELL	0	T8_PLANKS	20
T8_2H_ARCANESTAFF_HELL	0	T8_METALBAR	12
T8_2H_ARCANESTAFF_HELL	0	T8_ARTEFACT_2H_ARCANESTAFF_HELL	1
T8_2H_ARCANESTAFF_HELL	1	T8_PLANKS_LEVEL1	20
T8_2H_ARCANESTAFF_HELL	1	T8_METALBAR_LEVEL1	12
T8_2H_ARCANESTAFF_HELL	1	T8_ARTEFACT_2H_ARCANESTAFF_HELL	1
T8_2H_ARCANESTAFF_HELL	2	T8_PLANKS_LEVEL2	20
T8_2H_ARCANESTAFF_HELL	2	T8_METALBAR_LEVEL2	12
T8_2H_ARCANESTAFF_HELL	2	T8_ARTEFACT_2H_ARCANESTAFF_HELL	1
T8_2H_ARCANESTAFF_HELL	3	T8_PLANKS_LEVEL3	20
T8_2H_ARCANESTAFF_HELL	3	T8_METALBAR_LEVEL3	12
T8_2H_ARCANESTAFF_HELL	3	T8_ARTEFACT_2H_ARCANESTAFF_HELL	1
T8_2H_ARCANESTAFF_HELL	4	T8_PLANKS_LEVEL4	20
T8_2H_ARCANESTAFF_HELL	4	T8_METALBAR_LEVEL4	12
T8_2H_ARCANESTAFF_HELL	4	T8_ARTEFACT_2H_ARCANESTAFF_HELL	1
T4_2H_ENIGMATICORB_MORGANA	0	T4_PLANKS	20
T4_2H_ENIGMATICORB_MORGANA	0	T4_METALBAR	12
T4_2H_ENIGMATICORB_MORGANA	0	T4_ARTEFACT_2H_ENIGMATICORB_MORGANA	1
T4_2H_ENIGMATICORB_MORGANA	1	T4_PLANKS_LEVEL1	20
T4_2H_ENIGMATICORB_MORGANA	1	T4_METALBAR_LEVEL1	12
T4_2H_ENIGMATICORB_MORGANA	1	T4_ARTEFACT_2H_ENIGMATICORB_MORGANA	1
T4_2H_ENIGMATICORB_MORGANA	2	T4_PLANKS_LEVEL2	20
T4_2H_ENIGMATICORB_MORGANA	2	T4_METALBAR_LEVEL2	12
T4_2H_ENIGMATICORB_MORGANA	2	T4_ARTEFACT_2H_ENIGMATICORB_MORGANA	1
T4_2H_ENIGMATICORB_MORGANA	3	T4_PLANKS_LEVEL3	20
T4_2H_ENIGMATICORB_MORGANA	3	T4_METALBAR_LEVEL3	12
T4_2H_ENIGMATICORB_MORGANA	3	T4_ARTEFACT_2H_ENIGMATICORB_MORGANA	1
T4_2H_ENIGMATICORB_MORGANA	4	T4_PLANKS_LEVEL4	20
T4_2H_ENIGMATICORB_MORGANA	4	T4_METALBAR_LEVEL4	12
T4_2H_ENIGMATICORB_MORGANA	4	T4_ARTEFACT_2H_ENIGMATICORB_MORGANA	1
T5_2H_ENIGMATICORB_MORGANA	0	T5_PLANKS	20
T5_2H_ENIGMATICORB_MORGANA	0	T5_METALBAR	12
T5_2H_ENIGMATICORB_MORGANA	0	T5_ARTEFACT_2H_ENIGMATICORB_MORGANA	1
T5_2H_ENIGMATICORB_MORGANA	1	T5_PLANKS_LEVEL1	20
T5_2H_ENIGMATICORB_MORGANA	1	T5_METALBAR_LEVEL1	12
T5_2H_ENIGMATICORB_MORGANA	1	T5_ARTEFACT_2H_ENIGMATICORB_MORGANA	1
T5_2H_ENIGMATICORB_MORGANA	2	T5_PLANKS_LEVEL2	20
T5_2H_ENIGMATICORB_MORGANA	2	T5_METALBAR_LEVEL2	12
T5_2H_ENIGMATICORB_MORGANA	2	T5_ARTEFACT_2H_ENIGMATICORB_MORGANA	1
T5_2H_ENIGMATICORB_MORGANA	3	T5_PLANKS_LEVEL3	20
T5_2H_ENIGMATICORB_MORGANA	3	T5_METALBAR_LEVEL3	12
T5_2H_ENIGMATICORB_MORGANA	3	T5_ARTEFACT_2H_ENIGMATICORB_MORGANA	1
T5_2H_ENIGMATICORB_MORGANA	4	T5_PLANKS_LEVEL4	20
T5_2H_ENIGMATICORB_MORGANA	4	T5_METALBAR_LEVEL4	12
T5_2H_ENIGMATICORB_MORGANA	4	T5_ARTEFACT_2H_ENIGMATICORB_MORGANA	1
T6_2H_ENIGMATICORB_MORGANA	0	T6_PLANKS	20
T6_2H_ENIGMATICORB_MORGANA	0	T6_METALBAR	12
T6_2H_ENIGMATICORB_MORGANA	0	T6_ARTEFACT_2H_ENIGMATICORB_MORGANA	1
T6_2H_ENIGMATICORB_MORGANA	1	T6_PLANKS_LEVEL1	20
T6_2H_ENIGMATICORB_MORGANA	1	T6_METALBAR_LEVEL1	12
T6_2H_ENIGMATICORB_MORGANA	1	T6_ARTEFACT_2H_ENIGMATICORB_MORGANA	1
T6_2H_ENIGMATICORB_MORGANA	2	T6_PLANKS_LEVEL2	20
T6_2H_ENIGMATICORB_MORGANA	2	T6_METALBAR_LEVEL2	12
T6_2H_ENIGMATICORB_MORGANA	2	T6_ARTEFACT_2H_ENIGMATICORB_MORGANA	1
T6_2H_ENIGMATICORB_MORGANA	3	T6_PLANKS_LEVEL3	20
T6_2H_ENIGMATICORB_MORGANA	3	T6_METALBAR_LEVEL3	12
T6_2H_ENIGMATICORB_MORGANA	3	T6_ARTEFACT_2H_ENIGMATICORB_MORGANA	1
T6_2H_ENIGMATICORB_MORGANA	4	T6_PLANKS_LEVEL4	20
T6_2H_ENIGMATICORB_MORGANA	4	T6_METALBAR_LEVEL4	12
T6_2H_ENIGMATICORB_MORGANA	4	T6_ARTEFACT_2H_ENIGMATICORB_MORGANA	1
T7_2H_ENIGMATICORB_MORGANA	0	T7_PLANKS	20
T7_2H_ENIGMATICORB_MORGANA	0	T7_METALBAR	12
T7_2H_ENIGMATICORB_MORGANA	0	T7_ARTEFACT_2H_ENIGMATICORB_MORGANA	1
T7_2H_ENIGMATICORB_MORGANA	1	T7_PLANKS_LEVEL1	20
T7_2H_ENIGMATICORB_MORGANA	1	T7_METALBAR_LEVEL1	12
T7_2H_ENIGMATICORB_MORGANA	1	T7_ARTEFACT_2H_ENIGMATICORB_MORGANA	1
T7_2H_ENIGMATICORB_MORGANA	2	T7_PLANKS_LEVEL2	20
T7_2H_ENIGMATICORB_MORGANA	2	T7_METALBAR_LEVEL2	12
T7_2H_ENIGMATICORB_MORGANA	2	T7_ARTEFACT_2H_ENIGMATICORB_MORGANA	1
T7_2H_ENIGMATICORB_MORGANA	3	T7_PLANKS_LEVEL3	20
T7_2H_ENIGMATICORB_MORGANA	3	T7_METALBAR_LEVEL3	12
T7_2H_ENIGMATICORB_MORGANA	3	T7_ARTEFACT_2H_ENIGMATICORB_MORGANA	1
T7_2H_ENIGMATICORB_MORGANA	4	T7_PLANKS_LEVEL4	20
T7_2H_ENIGMATICORB_MORGANA	4	T7_METALBAR_LEVEL4	12
T7_2H_ENIGMATICORB_MORGANA	4	T7_ARTEFACT_2H_ENIGMATICORB_MORGANA	1
T8_2H_ENIGMATICORB_MORGANA	0	T8_PLANKS	20
T8_2H_ENIGMATICORB_MORGANA	0	T8_METALBAR	12
T8_2H_ENIGMATICORB_MORGANA	0	T8_ARTEFACT_2H_ENIGMATICORB_MORGANA	1
T8_2H_ENIGMATICORB_MORGANA	1	T8_PLANKS_LEVEL1	20
T8_2H_ENIGMATICORB_MORGANA	1	T8_METALBAR_LEVEL1	12
T8_2H_ENIGMATICORB_MORGANA	1	T8_ARTEFACT_2H_ENIGMATICORB_MORGANA	1
T8_2H_ENIGMATICORB_MORGANA	2	T8_PLANKS_LEVEL2	20
T8_2H_ENIGMATICORB_MORGANA	2	T8_METALBAR_LEVEL2	12
T8_2H_ENIGMATICORB_MORGANA	2	T8_ARTEFACT_2H_ENIGMATICORB_MORGANA	1
T8_2H_ENIGMATICORB_MORGANA	3	T8_PLANKS_LEVEL3	20
T8_2H_ENIGMATICORB_MORGANA	3	T8_METALBAR_LEVEL3	12
T8_2H_ENIGMATICORB_MORGANA	3	T8_ARTEFACT_2H_ENIGMATICORB_MORGANA	1
T8_2H_ENIGMATICORB_MORGANA	4	T8_PLANKS_LEVEL4	20
T8_2H_ENIGMATICORB_MORGANA	4	T8_METALBAR_LEVEL4	12
T8_2H_ENIGMATICORB_MORGANA	4	T8_ARTEFACT_2H_ENIGMATICORB_MORGANA	1
T4_2H_ARCANE_RINGPAIR_AVALON	0	T4_PLANKS	20
T4_2H_ARCANE_RINGPAIR_AVALON	0	T4_METALBAR	12
T4_2H_ARCANE_RINGPAIR_AVALON	0	T4_ARTEFACT_2H_ARCANE_RINGPAIR_AVALON	1
T4_2H_ARCANE_RINGPAIR_AVALON	1	T4_PLANKS_LEVEL1	20
T4_2H_ARCANE_RINGPAIR_AVALON	1	T4_METALBAR_LEVEL1	12
T4_2H_ARCANE_RINGPAIR_AVALON	1	T4_ARTEFACT_2H_ARCANE_RINGPAIR_AVALON	1
T4_2H_ARCANE_RINGPAIR_AVALON	2	T4_PLANKS_LEVEL2	20
T4_2H_ARCANE_RINGPAIR_AVALON	2	T4_METALBAR_LEVEL2	12
T4_2H_ARCANE_RINGPAIR_AVALON	2	T4_ARTEFACT_2H_ARCANE_RINGPAIR_AVALON	1
T4_2H_ARCANE_RINGPAIR_AVALON	3	T4_PLANKS_LEVEL3	20
T4_2H_ARCANE_RINGPAIR_AVALON	3	T4_METALBAR_LEVEL3	12
T4_2H_ARCANE_RINGPAIR_AVALON	3	T4_ARTEFACT_2H_ARCANE_RINGPAIR_AVALON	1
T4_2H_ARCANE_RINGPAIR_AVALON	4	T4_PLANKS_LEVEL4	20
T4_2H_ARCANE_RINGPAIR_AVALON	4	T4_METALBAR_LEVEL4	12
T4_2H_ARCANE_RINGPAIR_AVALON	4	T4_ARTEFACT_2H_ARCANE_RINGPAIR_AVALON	1
T5_2H_ARCANE_RINGPAIR_AVALON	0	T5_PLANKS	20
T5_2H_ARCANE_RINGPAIR_AVALON	0	T5_METALBAR	12
T5_2H_ARCANE_RINGPAIR_AVALON	0	T5_ARTEFACT_2H_ARCANE_RINGPAIR_AVALON	1
T5_2H_ARCANE_RINGPAIR_AVALON	1	T5_PLANKS_LEVEL1	20
T5_2H_ARCANE_RINGPAIR_AVALON	1	T5_METALBAR_LEVEL1	12
T5_2H_ARCANE_RINGPAIR_AVALON	1	T5_ARTEFACT_2H_ARCANE_RINGPAIR_AVALON	1
T5_2H_ARCANE_RINGPAIR_AVALON	2	T5_PLANKS_LEVEL2	20
T5_2H_ARCANE_RINGPAIR_AVALON	2	T5_METALBAR_LEVEL2	12
T5_2H_ARCANE_RINGPAIR_AVALON	2	T5_ARTEFACT_2H_ARCANE_RINGPAIR_AVALON	1
T5_2H_ARCANE_RINGPAIR_AVALON	3	T5_PLANKS_LEVEL3	20
T5_2H_ARCANE_RINGPAIR_AVALON	3	T5_METALBAR_LEVEL3	12
T5_2H_ARCANE_RINGPAIR_AVALON	3	T5_ARTEFACT_2H_ARCANE_RINGPAIR_AVALON	1
T5_2H_ARCANE_RINGPAIR_AVALON	4	T5_PLANKS_LEVEL4	20
T5_2H_ARCANE_RINGPAIR_AVALON	4	T5_METALBAR_LEVEL4	12
T5_2H_ARCANE_RINGPAIR_AVALON	4	T5_ARTEFACT_2H_ARCANE_RINGPAIR_AVALON	1
T6_2H_ARCANE_RINGPAIR_AVALON	0	T6_PLANKS	20
T6_2H_ARCANE_RINGPAIR_AVALON	0	T6_METALBAR	12
T6_2H_ARCANE_RINGPAIR_AVALON	0	T6_ARTEFACT_2H_ARCANE_RINGPAIR_AVALON	1
T6_2H_ARCANE_RINGPAIR_AVALON	1	T6_PLANKS_LEVEL1	20
T6_2H_ARCANE_RINGPAIR_AVALON	1	T6_METALBAR_LEVEL1	12
T6_2H_ARCANE_RINGPAIR_AVALON	1	T6_ARTEFACT_2H_ARCANE_RINGPAIR_AVALON	1
T6_2H_ARCANE_RINGPAIR_AVALON	2	T6_PLANKS_LEVEL2	20
T6_2H_ARCANE_RINGPAIR_AVALON	2	T6_METALBAR_LEVEL2	12
T6_2H_ARCANE_RINGPAIR_AVALON	2	T6_ARTEFACT_2H_ARCANE_RINGPAIR_AVALON	1
T6_2H_ARCANE_RINGPAIR_AVALON	3	T6_PLANKS_LEVEL3	20
T6_2H_ARCANE_RINGPAIR_AVALON	3	T6_METALBAR_LEVEL3	12
T6_2H_ARCANE_RINGPAIR_AVALON	3	T6_ARTEFACT_2H_ARCANE_RINGPAIR_AVALON	1
T6_2H_ARCANE_RINGPAIR_AVALON	4	T6_PLANKS_LEVEL4	20
T6_2H_ARCANE_RINGPAIR_AVALON	4	T6_METALBAR_LEVEL4	12
T6_2H_ARCANE_RINGPAIR_AVALON	4	T6_ARTEFACT_2H_ARCANE_RINGPAIR_AVALON	1
T7_2H_ARCANE_RINGPAIR_AVALON	0	T7_PLANKS	20
T7_2H_ARCANE_RINGPAIR_AVALON	0	T7_METALBAR	12
T7_2H_ARCANE_RINGPAIR_AVALON	0	T7_ARTEFACT_2H_ARCANE_RINGPAIR_AVALON	1
T7_2H_ARCANE_RINGPAIR_AVALON	1	T7_PLANKS_LEVEL1	20
T7_2H_ARCANE_RINGPAIR_AVALON	1	T7_METALBAR_LEVEL1	12
T7_2H_ARCANE_RINGPAIR_AVALON	1	T7_ARTEFACT_2H_ARCANE_RINGPAIR_AVALON	1
T7_2H_ARCANE_RINGPAIR_AVALON	2	T7_PLANKS_LEVEL2	20
T7_2H_ARCANE_RINGPAIR_AVALON	2	T7_METALBAR_LEVEL2	12
T7_2H_ARCANE_RINGPAIR_AVALON	2	T7_ARTEFACT_2H_ARCANE_RINGPAIR_AVALON	1
T7_2H_ARCANE_RINGPAIR_AVALON	3	T7_PLANKS_LEVEL3	20
T7_2H_ARCANE_RINGPAIR_AVALON	3	T7_METALBAR_LEVEL3	12
T7_2H_ARCANE_RINGPAIR_AVALON	3	T7_ARTEFACT_2H_ARCANE_RINGPAIR_AVALON	1
T7_2H_ARCANE_RINGPAIR_AVALON	4	T7_PLANKS_LEVEL4	20
T7_2H_ARCANE_RINGPAIR_AVALON	4	T7_METALBAR_LEVEL4	12
T7_2H_ARCANE_RINGPAIR_AVALON	4	T7_ARTEFACT_2H_ARCANE_RINGPAIR_AVALON	1
T8_2H_ARCANE_RINGPAIR_AVALON	0	T8_PLANKS	20
T8_2H_ARCANE_RINGPAIR_AVALON	0	T8_METALBAR	12
T8_2H_ARCANE_RINGPAIR_AVALON	0	T8_ARTEFACT_2H_ARCANE_RINGPAIR_AVALON	1
T8_2H_ARCANE_RINGPAIR_AVALON	1	T8_PLANKS_LEVEL1	20
T8_2H_ARCANE_RINGPAIR_AVALON	1	T8_METALBAR_LEVEL1	12
T8_2H_ARCANE_RINGPAIR_AVALON	1	T8_ARTEFACT_2H_ARCANE_RINGPAIR_AVALON	1
T8_2H_ARCANE_RINGPAIR_AVALON	2	T8_PLANKS_LEVEL2	20
T8_2H_ARCANE_RINGPAIR_AVALON	2	T8_METALBAR_LEVEL2	12
T8_2H_ARCANE_RINGPAIR_AVALON	2	T8_ARTEFACT_2H_ARCANE_RINGPAIR_AVALON	1
T8_2H_ARCANE_RINGPAIR_AVALON	3	T8_PLANKS_LEVEL3	20
T8_2H_ARCANE_RINGPAIR_AVALON	3	T8_METALBAR_LEVEL3	12
T8_2H_ARCANE_RINGPAIR_AVALON	3	T8_ARTEFACT_2H_ARCANE_RINGPAIR_AVALON	1
T8_2H_ARCANE_RINGPAIR_AVALON	4	T8_PLANKS_LEVEL4	20
T8_2H_ARCANE_RINGPAIR_AVALON	4	T8_METALBAR_LEVEL4	12
T8_2H_ARCANE_RINGPAIR_AVALON	4	T8_ARTEFACT_2H_ARCANE_RINGPAIR_AVALON	1
T4_2H_ARCANESTAFF_CRYSTAL	0	T4_PLANKS	20
T4_2H_ARCANESTAFF_CRYSTAL	0	T4_METALBAR	12
T4_2H_ARCANESTAFF_CRYSTAL	0	T4_ARTEFACT_2H_ARCANESTAFF_CRYSTAL	1
T4_2H_ARCANESTAFF_CRYSTAL	1	T4_PLANKS_LEVEL1	20
T4_2H_ARCANESTAFF_CRYSTAL	1	T4_METALBAR_LEVEL1	12
T4_2H_ARCANESTAFF_CRYSTAL	1	T4_ARTEFACT_2H_ARCANESTAFF_CRYSTAL	1
T4_2H_ARCANESTAFF_CRYSTAL	2	T4_PLANKS_LEVEL2	20
T4_2H_ARCANESTAFF_CRYSTAL	2	T4_METALBAR_LEVEL2	12
T4_2H_ARCANESTAFF_CRYSTAL	2	T4_ARTEFACT_2H_ARCANESTAFF_CRYSTAL	1
T4_2H_ARCANESTAFF_CRYSTAL	3	T4_PLANKS_LEVEL3	20
T4_2H_ARCANESTAFF_CRYSTAL	3	T4_METALBAR_LEVEL3	12
T4_2H_ARCANESTAFF_CRYSTAL	3	T4_ARTEFACT_2H_ARCANESTAFF_CRYSTAL	1
T4_2H_ARCANESTAFF_CRYSTAL	4	T4_PLANKS_LEVEL4	20
T4_2H_ARCANESTAFF_CRYSTAL	4	T4_METALBAR_LEVEL4	12
T4_2H_ARCANESTAFF_CRYSTAL	4	T4_ARTEFACT_2H_ARCANESTAFF_CRYSTAL	1
T5_2H_ARCANESTAFF_CRYSTAL	0	T5_PLANKS	20
T5_2H_ARCANESTAFF_CRYSTAL	0	T5_METALBAR	12
T5_2H_ARCANESTAFF_CRYSTAL	0	T5_ARTEFACT_2H_ARCANESTAFF_CRYSTAL	1
T5_2H_ARCANESTAFF_CRYSTAL	1	T5_PLANKS_LEVEL1	20
T5_2H_ARCANESTAFF_CRYSTAL	1	T5_METALBAR_LEVEL1	12
T5_2H_ARCANESTAFF_CRYSTAL	1	T5_ARTEFACT_2H_ARCANESTAFF_CRYSTAL	1
T5_2H_ARCANESTAFF_CRYSTAL	2	T5_PLANKS_LEVEL2	20
T5_2H_ARCANESTAFF_CRYSTAL	2	T5_METALBAR_LEVEL2	12
T5_2H_ARCANESTAFF_CRYSTAL	2	T5_ARTEFACT_2H_ARCANESTAFF_CRYSTAL	1
T5_2H_ARCANESTAFF_CRYSTAL	3	T5_PLANKS_LEVEL3	20
T5_2H_ARCANESTAFF_CRYSTAL	3	T5_METALBAR_LEVEL3	12
T5_2H_ARCANESTAFF_CRYSTAL	3	T5_ARTEFACT_2H_ARCANESTAFF_CRYSTAL	1
T5_2H_ARCANESTAFF_CRYSTAL	4	T5_PLANKS_LEVEL4	20
T5_2H_ARCANESTAFF_CRYSTAL	4	T5_METALBAR_LEVEL4	12
T5_2H_ARCANESTAFF_CRYSTAL	4	T5_ARTEFACT_2H_ARCANESTAFF_CRYSTAL	1
T6_2H_ARCANESTAFF_CRYSTAL	0	T6_PLANKS	20
T6_2H_ARCANESTAFF_CRYSTAL	0	T6_METALBAR	12
T6_2H_ARCANESTAFF_CRYSTAL	0	T6_ARTEFACT_2H_ARCANESTAFF_CRYSTAL	1
T6_2H_ARCANESTAFF_CRYSTAL	1	T6_PLANKS_LEVEL1	20
T6_2H_ARCANESTAFF_CRYSTAL	1	T6_METALBAR_LEVEL1	12
T6_2H_ARCANESTAFF_CRYSTAL	1	T6_ARTEFACT_2H_ARCANESTAFF_CRYSTAL	1
T6_2H_ARCANESTAFF_CRYSTAL	2	T6_PLANKS_LEVEL2	20
T6_2H_ARCANESTAFF_CRYSTAL	2	T6_METALBAR_LEVEL2	12
T6_2H_ARCANESTAFF_CRYSTAL	2	T6_ARTEFACT_2H_ARCANESTAFF_CRYSTAL	1
T6_2H_ARCANESTAFF_CRYSTAL	3	T6_PLANKS_LEVEL3	20
T6_2H_ARCANESTAFF_CRYSTAL	3	T6_METALBAR_LEVEL3	12
T6_2H_ARCANESTAFF_CRYSTAL	3	T6_ARTEFACT_2H_ARCANESTAFF_CRYSTAL	1
T6_2H_ARCANESTAFF_CRYSTAL	4	T6_PLANKS_LEVEL4	20
T6_2H_ARCANESTAFF_CRYSTAL	4	T6_METALBAR_LEVEL4	12
T6_2H_ARCANESTAFF_CRYSTAL	4	T6_ARTEFACT_2H_ARCANESTAFF_CRYSTAL	1
T7_2H_ARCANESTAFF_CRYSTAL	0	T7_PLANKS	20
T7_2H_ARCANESTAFF_CRYSTAL	0	T7_METALBAR	12
T7_2H_ARCANESTAFF_CRYSTAL	0	T7_ARTEFACT_2H_ARCANESTAFF_CRYSTAL	1
T7_2H_ARCANESTAFF_CRYSTAL	1	T7_PLANKS_LEVEL1	20
T7_2H_ARCANESTAFF_CRYSTAL	1	T7_METALBAR_LEVEL1	12
T7_2H_ARCANESTAFF_CRYSTAL	1	T7_ARTEFACT_2H_ARCANESTAFF_CRYSTAL	1
T7_2H_ARCANESTAFF_CRYSTAL	2	T7_PLANKS_LEVEL2	20
T7_2H_ARCANESTAFF_CRYSTAL	2	T7_METALBAR_LEVEL2	12
T7_2H_ARCANESTAFF_CRYSTAL	2	T7_ARTEFACT_2H_ARCANESTAFF_CRYSTAL	1
T7_2H_ARCANESTAFF_CRYSTAL	3	T7_PLANKS_LEVEL3	20
T7_2H_ARCANESTAFF_CRYSTAL	3	T7_METALBAR_LEVEL3	12
T7_2H_ARCANESTAFF_CRYSTAL	3	T7_ARTEFACT_2H_ARCANESTAFF_CRYSTAL	1
T7_2H_ARCANESTAFF_CRYSTAL	4	T7_PLANKS_LEVEL4	20
T7_2H_ARCANESTAFF_CRYSTAL	4	T7_METALBAR_LEVEL4	12
T7_2H_ARCANESTAFF_CRYSTAL	4	T7_ARTEFACT_2H_ARCANESTAFF_CRYSTAL	1
T8_2H_ARCANESTAFF_CRYSTAL	0	T8_PLANKS	20
T8_2H_ARCANESTAFF_CRYSTAL	0	T8_METALBAR	12
T8_2H_ARCANESTAFF_CRYSTAL	0	T8_ARTEFACT_2H_ARCANESTAFF_CRYSTAL	1
T8_2H_ARCANESTAFF_CRYSTAL	1	T8_PLANKS_LEVEL1	20
T8_2H_ARCANESTAFF_CRYSTAL	1	T8_METALBAR_LEVEL1	12
T8_2H_ARCANESTAFF_CRYSTAL	1	T8_ARTEFACT_2H_ARCANESTAFF_CRYSTAL	1
T8_2H_ARCANESTAFF_CRYSTAL	2	T8_PLANKS_LEVEL2	20
T8_2H_ARCANESTAFF_CRYSTAL	2	T8_METALBAR_LEVEL2	12
T8_2H_ARCANESTAFF_CRYSTAL	2	T8_ARTEFACT_2H_ARCANESTAFF_CRYSTAL	1
T8_2H_ARCANESTAFF_CRYSTAL	3	T8_PLANKS_LEVEL3	20
T8_2H_ARCANESTAFF_CRYSTAL	3	T8_METALBAR_LEVEL3	12
T8_2H_ARCANESTAFF_CRYSTAL	3	T8_ARTEFACT_2H_ARCANESTAFF_CRYSTAL	1
T8_2H_ARCANESTAFF_CRYSTAL	4	T8_PLANKS_LEVEL4	20
T8_2H_ARCANESTAFF_CRYSTAL	4	T8_METALBAR_LEVEL4	12
T8_2H_ARCANESTAFF_CRYSTAL	4	T8_ARTEFACT_2H_ARCANESTAFF_CRYSTAL	1
T3_MAIN_HOLYSTAFF	0	T3_PLANKS	16
T3_MAIN_HOLYSTAFF	0	T3_CLOTH	8
T4_MAIN_HOLYSTAFF	0	T4_PLANKS	16
T4_MAIN_HOLYSTAFF	0	T4_CLOTH	8
T4_MAIN_HOLYSTAFF	1	T4_PLANKS_LEVEL1	16
T4_MAIN_HOLYSTAFF	1	T4_CLOTH_LEVEL1	8
T4_MAIN_HOLYSTAFF	2	T4_PLANKS_LEVEL2	16
T4_MAIN_HOLYSTAFF	2	T4_CLOTH_LEVEL2	8
T4_MAIN_HOLYSTAFF	3	T4_PLANKS_LEVEL3	16
T4_MAIN_HOLYSTAFF	3	T4_CLOTH_LEVEL3	8
T4_MAIN_HOLYSTAFF	4	T4_PLANKS_LEVEL4	16
T4_MAIN_HOLYSTAFF	4	T4_CLOTH_LEVEL4	8
T5_MAIN_HOLYSTAFF	0	T5_PLANKS	16
T5_MAIN_HOLYSTAFF	0	T5_CLOTH	8
T5_MAIN_HOLYSTAFF	1	T5_PLANKS_LEVEL1	16
T5_MAIN_HOLYSTAFF	1	T5_CLOTH_LEVEL1	8
T5_MAIN_HOLYSTAFF	2	T5_PLANKS_LEVEL2	16
T5_MAIN_HOLYSTAFF	2	T5_CLOTH_LEVEL2	8
T5_MAIN_HOLYSTAFF	3	T5_PLANKS_LEVEL3	16
T5_MAIN_HOLYSTAFF	3	T5_CLOTH_LEVEL3	8
T5_MAIN_HOLYSTAFF	4	T5_PLANKS_LEVEL4	16
T5_MAIN_HOLYSTAFF	4	T5_CLOTH_LEVEL4	8
T6_MAIN_HOLYSTAFF	0	T6_PLANKS	16
T6_MAIN_HOLYSTAFF	0	T6_CLOTH	8
T6_MAIN_HOLYSTAFF	1	T6_PLANKS_LEVEL1	16
T6_MAIN_HOLYSTAFF	1	T6_CLOTH_LEVEL1	8
T6_MAIN_HOLYSTAFF	2	T6_PLANKS_LEVEL2	16
T6_MAIN_HOLYSTAFF	2	T6_CLOTH_LEVEL2	8
T6_MAIN_HOLYSTAFF	3	T6_PLANKS_LEVEL3	16
T6_MAIN_HOLYSTAFF	3	T6_CLOTH_LEVEL3	8
T6_MAIN_HOLYSTAFF	4	T6_PLANKS_LEVEL4	16
T6_MAIN_HOLYSTAFF	4	T6_CLOTH_LEVEL4	8
T7_MAIN_HOLYSTAFF	0	T7_PLANKS	16
T7_MAIN_HOLYSTAFF	0	T7_CLOTH	8
T7_MAIN_HOLYSTAFF	1	T7_PLANKS_LEVEL1	16
T7_MAIN_HOLYSTAFF	1	T7_CLOTH_LEVEL1	8
T7_MAIN_HOLYSTAFF	2	T7_PLANKS_LEVEL2	16
T7_MAIN_HOLYSTAFF	2	T7_CLOTH_LEVEL2	8
T7_MAIN_HOLYSTAFF	3	T7_PLANKS_LEVEL3	16
T7_MAIN_HOLYSTAFF	3	T7_CLOTH_LEVEL3	8
T7_MAIN_HOLYSTAFF	4	T7_PLANKS_LEVEL4	16
T7_MAIN_HOLYSTAFF	4	T7_CLOTH_LEVEL4	8
T8_MAIN_HOLYSTAFF	0	T8_PLANKS	16
T8_MAIN_HOLYSTAFF	0	T8_CLOTH	8
T8_MAIN_HOLYSTAFF	1	T8_PLANKS_LEVEL1	16
T8_MAIN_HOLYSTAFF	1	T8_CLOTH_LEVEL1	8
T8_MAIN_HOLYSTAFF	2	T8_PLANKS_LEVEL2	16
T8_MAIN_HOLYSTAFF	2	T8_CLOTH_LEVEL2	8
T8_MAIN_HOLYSTAFF	3	T8_PLANKS_LEVEL3	16
T8_MAIN_HOLYSTAFF	3	T8_CLOTH_LEVEL3	8
T8_MAIN_HOLYSTAFF	4	T8_PLANKS_LEVEL4	16
T8_MAIN_HOLYSTAFF	4	T8_CLOTH_LEVEL4	8
T4_2H_HOLYSTAFF	0	T4_PLANKS	20
T4_2H_HOLYSTAFF	0	T4_CLOTH	12
T4_2H_HOLYSTAFF	1	T4_PLANKS_LEVEL1	20
T4_2H_HOLYSTAFF	1	T4_CLOTH_LEVEL1	12
T4_2H_HOLYSTAFF	2	T4_PLANKS_LEVEL2	20
T4_2H_HOLYSTAFF	2	T4_CLOTH_LEVEL2	12
T4_2H_HOLYSTAFF	3	T4_PLANKS_LEVEL3	20
T4_2H_HOLYSTAFF	3	T4_CLOTH_LEVEL3	12
T4_2H_HOLYSTAFF	4	T4_PLANKS_LEVEL4	20
T4_2H_HOLYSTAFF	4	T4_CLOTH_LEVEL4	12
T5_2H_HOLYSTAFF	0	T5_PLANKS	20
T5_2H_HOLYSTAFF	0	T5_CLOTH	12
T5_2H_HOLYSTAFF	1	T5_PLANKS_LEVEL1	20
T5_2H_HOLYSTAFF	1	T5_CLOTH_LEVEL1	12
T5_2H_HOLYSTAFF	2	T5_PLANKS_LEVEL2	20
T5_2H_HOLYSTAFF	2	T5_CLOTH_LEVEL2	12
T5_2H_HOLYSTAFF	3	T5_PLANKS_LEVEL3	20
T5_2H_HOLYSTAFF	3	T5_CLOTH_LEVEL3	12
T5_2H_HOLYSTAFF	4	T5_PLANKS_LEVEL4	20
T5_2H_HOLYSTAFF	4	T5_CLOTH_LEVEL4	12
T6_2H_HOLYSTAFF	0	T6_PLANKS	20
T6_2H_HOLYSTAFF	0	T6_CLOTH	12
T6_2H_HOLYSTAFF	1	T6_PLANKS_LEVEL1	20
T6_2H_HOLYSTAFF	1	T6_CLOTH_LEVEL1	12
T6_2H_HOLYSTAFF	2	T6_PLANKS_LEVEL2	20
T6_2H_HOLYSTAFF	2	T6_CLOTH_LEVEL2	12
T6_2H_HOLYSTAFF	3	T6_PLANKS_LEVEL3	20
T6_2H_HOLYSTAFF	3	T6_CLOTH_LEVEL3	12
T6_2H_HOLYSTAFF	4	T6_PLANKS_LEVEL4	20
T6_2H_HOLYSTAFF	4	T6_CLOTH_LEVEL4	12
T7_2H_HOLYSTAFF	0	T7_PLANKS	20
T7_2H_HOLYSTAFF	0	T7_CLOTH	12
T7_2H_HOLYSTAFF	1	T7_PLANKS_LEVEL1	20
T7_2H_HOLYSTAFF	1	T7_CLOTH_LEVEL1	12
T7_2H_HOLYSTAFF	2	T7_PLANKS_LEVEL2	20
T7_2H_HOLYSTAFF	2	T7_CLOTH_LEVEL2	12
T7_2H_HOLYSTAFF	3	T7_PLANKS_LEVEL3	20
T7_2H_HOLYSTAFF	3	T7_CLOTH_LEVEL3	12
T7_2H_HOLYSTAFF	4	T7_PLANKS_LEVEL4	20
T7_2H_HOLYSTAFF	4	T7_CLOTH_LEVEL4	12
T8_2H_HOLYSTAFF	0	T8_PLANKS	20
T8_2H_HOLYSTAFF	0	T8_CLOTH	12
T8_2H_HOLYSTAFF	1	T8_PLANKS_LEVEL1	20
T8_2H_HOLYSTAFF	1	T8_CLOTH_LEVEL1	12
T8_2H_HOLYSTAFF	2	T8_PLANKS_LEVEL2	20
T8_2H_HOLYSTAFF	2	T8_CLOTH_LEVEL2	12
T8_2H_HOLYSTAFF	3	T8_PLANKS_LEVEL3	20
T8_2H_HOLYSTAFF	3	T8_CLOTH_LEVEL3	12
T8_2H_HOLYSTAFF	4	T8_PLANKS_LEVEL4	20
T8_2H_HOLYSTAFF	4	T8_CLOTH_LEVEL4	12
T4_2H_DIVINESTAFF	0	T4_PLANKS	20
T4_2H_DIVINESTAFF	0	T4_CLOTH	12
T4_2H_DIVINESTAFF	1	T4_PLANKS_LEVEL1	20
T4_2H_DIVINESTAFF	1	T4_CLOTH_LEVEL1	12
T4_2H_DIVINESTAFF	2	T4_PLANKS_LEVEL2	20
T4_2H_DIVINESTAFF	2	T4_CLOTH_LEVEL2	12
T4_2H_DIVINESTAFF	3	T4_PLANKS_LEVEL3	20
T4_2H_DIVINESTAFF	3	T4_CLOTH_LEVEL3	12
T4_2H_DIVINESTAFF	4	T4_PLANKS_LEVEL4	20
T4_2H_DIVINESTAFF	4	T4_CLOTH_LEVEL4	12
T5_2H_DIVINESTAFF	0	T5_PLANKS	20
T5_2H_DIVINESTAFF	0	T5_CLOTH	12
T5_2H_DIVINESTAFF	1	T5_PLANKS_LEVEL1	20
T5_2H_DIVINESTAFF	1	T5_CLOTH_LEVEL1	12
T5_2H_DIVINESTAFF	2	T5_PLANKS_LEVEL2	20
T5_2H_DIVINESTAFF	2	T5_CLOTH_LEVEL2	12
T5_2H_DIVINESTAFF	3	T5_PLANKS_LEVEL3	20
T5_2H_DIVINESTAFF	3	T5_CLOTH_LEVEL3	12
T5_2H_DIVINESTAFF	4	T5_PLANKS_LEVEL4	20
T5_2H_DIVINESTAFF	4	T5_CLOTH_LEVEL4	12
T6_2H_DIVINESTAFF	0	T6_PLANKS	20
T6_2H_DIVINESTAFF	0	T6_CLOTH	12
T6_2H_DIVINESTAFF	1	T6_PLANKS_LEVEL1	20
T6_2H_DIVINESTAFF	1	T6_CLOTH_LEVEL1	12
T6_2H_DIVINESTAFF	2	T6_PLANKS_LEVEL2	20
T6_2H_DIVINESTAFF	2	T6_CLOTH_LEVEL2	12
T6_2H_DIVINESTAFF	3	T6_PLANKS_LEVEL3	20
T6_2H_DIVINESTAFF	3	T6_CLOTH_LEVEL3	12
T6_2H_DIVINESTAFF	4	T6_PLANKS_LEVEL4	20
T6_2H_DIVINESTAFF	4	T6_CLOTH_LEVEL4	12
T7_2H_DIVINESTAFF	0	T7_PLANKS	20
T7_2H_DIVINESTAFF	0	T7_CLOTH	12
T7_2H_DIVINESTAFF	1	T7_PLANKS_LEVEL1	20
T7_2H_DIVINESTAFF	1	T7_CLOTH_LEVEL1	12
T7_2H_DIVINESTAFF	2	T7_PLANKS_LEVEL2	20
T7_2H_DIVINESTAFF	2	T7_CLOTH_LEVEL2	12
T7_2H_DIVINESTAFF	3	T7_PLANKS_LEVEL3	20
T7_2H_DIVINESTAFF	3	T7_CLOTH_LEVEL3	12
T7_2H_DIVINESTAFF	4	T7_PLANKS_LEVEL4	20
T7_2H_DIVINESTAFF	4	T7_CLOTH_LEVEL4	12
T8_2H_DIVINESTAFF	0	T8_PLANKS	20
T8_2H_DIVINESTAFF	0	T8_CLOTH	12
T8_2H_DIVINESTAFF	1	T8_PLANKS_LEVEL1	20
T8_2H_DIVINESTAFF	1	T8_CLOTH_LEVEL1	12
T8_2H_DIVINESTAFF	2	T8_PLANKS_LEVEL2	20
T8_2H_DIVINESTAFF	2	T8_CLOTH_LEVEL2	12
T8_2H_DIVINESTAFF	3	T8_PLANKS_LEVEL3	20
T8_2H_DIVINESTAFF	3	T8_CLOTH_LEVEL3	12
T8_2H_DIVINESTAFF	4	T8_PLANKS_LEVEL4	20
T8_2H_DIVINESTAFF	4	T8_CLOTH_LEVEL4	12
T4_MAIN_HOLYSTAFF_MORGANA	0	T4_PLANKS	16
T4_MAIN_HOLYSTAFF_MORGANA	0	T4_CLOTH	8
T4_MAIN_HOLYSTAFF_MORGANA	0	T4_ARTEFACT_MAIN_HOLYSTAFF_MORGANA	1
T4_MAIN_HOLYSTAFF_MORGANA	1	T4_PLANKS_LEVEL1	16
T4_MAIN_HOLYSTAFF_MORGANA	1	T4_CLOTH_LEVEL1	8
T4_MAIN_HOLYSTAFF_MORGANA	1	T4_ARTEFACT_MAIN_HOLYSTAFF_MORGANA	1
T4_MAIN_HOLYSTAFF_MORGANA	2	T4_PLANKS_LEVEL2	16
T4_MAIN_HOLYSTAFF_MORGANA	2	T4_CLOTH_LEVEL2	8
T4_MAIN_HOLYSTAFF_MORGANA	2	T4_ARTEFACT_MAIN_HOLYSTAFF_MORGANA	1
T4_MAIN_HOLYSTAFF_MORGANA	3	T4_PLANKS_LEVEL3	16
T4_MAIN_HOLYSTAFF_MORGANA	3	T4_CLOTH_LEVEL3	8
T4_MAIN_HOLYSTAFF_MORGANA	3	T4_ARTEFACT_MAIN_HOLYSTAFF_MORGANA	1
T4_MAIN_HOLYSTAFF_MORGANA	4	T4_PLANKS_LEVEL4	16
T4_MAIN_HOLYSTAFF_MORGANA	4	T4_CLOTH_LEVEL4	8
T4_MAIN_HOLYSTAFF_MORGANA	4	T4_ARTEFACT_MAIN_HOLYSTAFF_MORGANA	1
T5_MAIN_HOLYSTAFF_MORGANA	0	T5_PLANKS	16
T5_MAIN_HOLYSTAFF_MORGANA	0	T5_CLOTH	8
T5_MAIN_HOLYSTAFF_MORGANA	0	T5_ARTEFACT_MAIN_HOLYSTAFF_MORGANA	1
T5_MAIN_HOLYSTAFF_MORGANA	1	T5_PLANKS_LEVEL1	16
T5_MAIN_HOLYSTAFF_MORGANA	1	T5_CLOTH_LEVEL1	8
T5_MAIN_HOLYSTAFF_MORGANA	1	T5_ARTEFACT_MAIN_HOLYSTAFF_MORGANA	1
T5_MAIN_HOLYSTAFF_MORGANA	2	T5_PLANKS_LEVEL2	16
T5_MAIN_HOLYSTAFF_MORGANA	2	T5_CLOTH_LEVEL2	8
T5_MAIN_HOLYSTAFF_MORGANA	2	T5_ARTEFACT_MAIN_HOLYSTAFF_MORGANA	1
T5_MAIN_HOLYSTAFF_MORGANA	3	T5_PLANKS_LEVEL3	16
T5_MAIN_HOLYSTAFF_MORGANA	3	T5_CLOTH_LEVEL3	8
T5_MAIN_HOLYSTAFF_MORGANA	3	T5_ARTEFACT_MAIN_HOLYSTAFF_MORGANA	1
T5_MAIN_HOLYSTAFF_MORGANA	4	T5_PLANKS_LEVEL4	16
T5_MAIN_HOLYSTAFF_MORGANA	4	T5_CLOTH_LEVEL4	8
T5_MAIN_HOLYSTAFF_MORGANA	4	T5_ARTEFACT_MAIN_HOLYSTAFF_MORGANA	1
T6_MAIN_HOLYSTAFF_MORGANA	0	T6_PLANKS	16
T6_MAIN_HOLYSTAFF_MORGANA	0	T6_CLOTH	8
T6_MAIN_HOLYSTAFF_MORGANA	0	T6_ARTEFACT_MAIN_HOLYSTAFF_MORGANA	1
T6_MAIN_HOLYSTAFF_MORGANA	1	T6_PLANKS_LEVEL1	16
T6_MAIN_HOLYSTAFF_MORGANA	1	T6_CLOTH_LEVEL1	8
T6_MAIN_HOLYSTAFF_MORGANA	1	T6_ARTEFACT_MAIN_HOLYSTAFF_MORGANA	1
T6_MAIN_HOLYSTAFF_MORGANA	2	T6_PLANKS_LEVEL2	16
T6_MAIN_HOLYSTAFF_MORGANA	2	T6_CLOTH_LEVEL2	8
T6_MAIN_HOLYSTAFF_MORGANA	2	T6_ARTEFACT_MAIN_HOLYSTAFF_MORGANA	1
T6_MAIN_HOLYSTAFF_MORGANA	3	T6_PLANKS_LEVEL3	16
T6_MAIN_HOLYSTAFF_MORGANA	3	T6_CLOTH_LEVEL3	8
T6_MAIN_HOLYSTAFF_MORGANA	3	T6_ARTEFACT_MAIN_HOLYSTAFF_MORGANA	1
T6_MAIN_HOLYSTAFF_MORGANA	4	T6_PLANKS_LEVEL4	16
T6_MAIN_HOLYSTAFF_MORGANA	4	T6_CLOTH_LEVEL4	8
T6_MAIN_HOLYSTAFF_MORGANA	4	T6_ARTEFACT_MAIN_HOLYSTAFF_MORGANA	1
T7_MAIN_HOLYSTAFF_MORGANA	0	T7_PLANKS	16
T7_MAIN_HOLYSTAFF_MORGANA	0	T7_CLOTH	8
T7_MAIN_HOLYSTAFF_MORGANA	0	T7_ARTEFACT_MAIN_HOLYSTAFF_MORGANA	1
T7_MAIN_HOLYSTAFF_MORGANA	1	T7_PLANKS_LEVEL1	16
T7_MAIN_HOLYSTAFF_MORGANA	1	T7_CLOTH_LEVEL1	8
T7_MAIN_HOLYSTAFF_MORGANA	1	T7_ARTEFACT_MAIN_HOLYSTAFF_MORGANA	1
T7_MAIN_HOLYSTAFF_MORGANA	2	T7_PLANKS_LEVEL2	16
T7_MAIN_HOLYSTAFF_MORGANA	2	T7_CLOTH_LEVEL2	8
T7_MAIN_HOLYSTAFF_MORGANA	2	T7_ARTEFACT_MAIN_HOLYSTAFF_MORGANA	1
T7_MAIN_HOLYSTAFF_MORGANA	3	T7_PLANKS_LEVEL3	16
T7_MAIN_HOLYSTAFF_MORGANA	3	T7_CLOTH_LEVEL3	8
T7_MAIN_HOLYSTAFF_MORGANA	3	T7_ARTEFACT_MAIN_HOLYSTAFF_MORGANA	1
T7_MAIN_HOLYSTAFF_MORGANA	4	T7_PLANKS_LEVEL4	16
T7_MAIN_HOLYSTAFF_MORGANA	4	T7_CLOTH_LEVEL4	8
T7_MAIN_HOLYSTAFF_MORGANA	4	T7_ARTEFACT_MAIN_HOLYSTAFF_MORGANA	1
T8_MAIN_HOLYSTAFF_MORGANA	0	T8_PLANKS	16
T8_MAIN_HOLYSTAFF_MORGANA	0	T8_CLOTH	8
T8_MAIN_HOLYSTAFF_MORGANA	0	T8_ARTEFACT_MAIN_HOLYSTAFF_MORGANA	1
T8_MAIN_HOLYSTAFF_MORGANA	1	T8_PLANKS_LEVEL1	16
T8_MAIN_HOLYSTAFF_MORGANA	1	T8_CLOTH_LEVEL1	8
T8_MAIN_HOLYSTAFF_MORGANA	1	T8_ARTEFACT_MAIN_HOLYSTAFF_MORGANA	1
T8_MAIN_HOLYSTAFF_MORGANA	2	T8_PLANKS_LEVEL2	16
T8_MAIN_HOLYSTAFF_MORGANA	2	T8_CLOTH_LEVEL2	8
T8_MAIN_HOLYSTAFF_MORGANA	2	T8_ARTEFACT_MAIN_HOLYSTAFF_MORGANA	1
T8_MAIN_HOLYSTAFF_MORGANA	3	T8_PLANKS_LEVEL3	16
T8_MAIN_HOLYSTAFF_MORGANA	3	T8_CLOTH_LEVEL3	8
T8_MAIN_HOLYSTAFF_MORGANA	3	T8_ARTEFACT_MAIN_HOLYSTAFF_MORGANA	1
T8_MAIN_HOLYSTAFF_MORGANA	4	T8_PLANKS_LEVEL4	16
T8_MAIN_HOLYSTAFF_MORGANA	4	T8_CLOTH_LEVEL4	8
T8_MAIN_HOLYSTAFF_MORGANA	4	T8_ARTEFACT_MAIN_HOLYSTAFF_MORGANA	1
T4_2H_HOLYSTAFF_HELL	0	T4_PLANKS	20
T4_2H_HOLYSTAFF_HELL	0	T4_CLOTH	12
T4_2H_HOLYSTAFF_HELL	0	T4_ARTEFACT_2H_HOLYSTAFF_HELL	1
T4_2H_HOLYSTAFF_HELL	1	T4_PLANKS_LEVEL1	20
T4_2H_HOLYSTAFF_HELL	1	T4_CLOTH_LEVEL1	12
T4_2H_HOLYSTAFF_HELL	1	T4_ARTEFACT_2H_HOLYSTAFF_HELL	1
T4_2H_HOLYSTAFF_HELL	2	T4_PLANKS_LEVEL2	20
T4_2H_HOLYSTAFF_HELL	2	T4_CLOTH_LEVEL2	12
T4_2H_HOLYSTAFF_HELL	2	T4_ARTEFACT_2H_HOLYSTAFF_HELL	1
T4_2H_HOLYSTAFF_HELL	3	T4_PLANKS_LEVEL3	20
T4_2H_HOLYSTAFF_HELL	3	T4_CLOTH_LEVEL3	12
T4_2H_HOLYSTAFF_HELL	3	T4_ARTEFACT_2H_HOLYSTAFF_HELL	1
T4_2H_HOLYSTAFF_HELL	4	T4_PLANKS_LEVEL4	20
T4_2H_HOLYSTAFF_HELL	4	T4_CLOTH_LEVEL4	12
T4_2H_HOLYSTAFF_HELL	4	T4_ARTEFACT_2H_HOLYSTAFF_HELL	1
T5_2H_HOLYSTAFF_HELL	0	T5_PLANKS	20
T5_2H_HOLYSTAFF_HELL	0	T5_CLOTH	12
T5_2H_HOLYSTAFF_HELL	0	T5_ARTEFACT_2H_HOLYSTAFF_HELL	1
T5_2H_HOLYSTAFF_HELL	1	T5_PLANKS_LEVEL1	20
T5_2H_HOLYSTAFF_HELL	1	T5_CLOTH_LEVEL1	12
T5_2H_HOLYSTAFF_HELL	1	T5_ARTEFACT_2H_HOLYSTAFF_HELL	1
T5_2H_HOLYSTAFF_HELL	2	T5_PLANKS_LEVEL2	20
T5_2H_HOLYSTAFF_HELL	2	T5_CLOTH_LEVEL2	12
T5_2H_HOLYSTAFF_HELL	2	T5_ARTEFACT_2H_HOLYSTAFF_HELL	1
T5_2H_HOLYSTAFF_HELL	3	T5_PLANKS_LEVEL3	20
T5_2H_HOLYSTAFF_HELL	3	T5_CLOTH_LEVEL3	12
T5_2H_HOLYSTAFF_HELL	3	T5_ARTEFACT_2H_HOLYSTAFF_HELL	1
T5_2H_HOLYSTAFF_HELL	4	T5_PLANKS_LEVEL4	20
T5_2H_HOLYSTAFF_HELL	4	T5_CLOTH_LEVEL4	12
T5_2H_HOLYSTAFF_HELL	4	T5_ARTEFACT_2H_HOLYSTAFF_HELL	1
T6_2H_HOLYSTAFF_HELL	0	T6_PLANKS	20
T6_2H_HOLYSTAFF_HELL	0	T6_CLOTH	12
T6_2H_HOLYSTAFF_HELL	0	T6_ARTEFACT_2H_HOLYSTAFF_HELL	1
T6_2H_HOLYSTAFF_HELL	1	T6_PLANKS_LEVEL1	20
T6_2H_HOLYSTAFF_HELL	1	T6_CLOTH_LEVEL1	12
T6_2H_HOLYSTAFF_HELL	1	T6_ARTEFACT_2H_HOLYSTAFF_HELL	1
T6_2H_HOLYSTAFF_HELL	2	T6_PLANKS_LEVEL2	20
T6_2H_HOLYSTAFF_HELL	2	T6_CLOTH_LEVEL2	12
T6_2H_HOLYSTAFF_HELL	2	T6_ARTEFACT_2H_HOLYSTAFF_HELL	1
T6_2H_HOLYSTAFF_HELL	3	T6_PLANKS_LEVEL3	20
T6_2H_HOLYSTAFF_HELL	3	T6_CLOTH_LEVEL3	12
T6_2H_HOLYSTAFF_HELL	3	T6_ARTEFACT_2H_HOLYSTAFF_HELL	1
T6_2H_HOLYSTAFF_HELL	4	T6_PLANKS_LEVEL4	20
T6_2H_HOLYSTAFF_HELL	4	T6_CLOTH_LEVEL4	12
T6_2H_HOLYSTAFF_HELL	4	T6_ARTEFACT_2H_HOLYSTAFF_HELL	1
T7_2H_HOLYSTAFF_HELL	0	T7_PLANKS	20
T7_2H_HOLYSTAFF_HELL	0	T7_CLOTH	12
T7_2H_HOLYSTAFF_HELL	0	T7_ARTEFACT_2H_HOLYSTAFF_HELL	1
T7_2H_HOLYSTAFF_HELL	1	T7_PLANKS_LEVEL1	20
T7_2H_HOLYSTAFF_HELL	1	T7_CLOTH_LEVEL1	12
T7_2H_HOLYSTAFF_HELL	1	T7_ARTEFACT_2H_HOLYSTAFF_HELL	1
T7_2H_HOLYSTAFF_HELL	2	T7_PLANKS_LEVEL2	20
T7_2H_HOLYSTAFF_HELL	2	T7_CLOTH_LEVEL2	12
T7_2H_HOLYSTAFF_HELL	2	T7_ARTEFACT_2H_HOLYSTAFF_HELL	1
T7_2H_HOLYSTAFF_HELL	3	T7_PLANKS_LEVEL3	20
T7_2H_HOLYSTAFF_HELL	3	T7_CLOTH_LEVEL3	12
T7_2H_HOLYSTAFF_HELL	3	T7_ARTEFACT_2H_HOLYSTAFF_HELL	1
T7_2H_HOLYSTAFF_HELL	4	T7_PLANKS_LEVEL4	20
T7_2H_HOLYSTAFF_HELL	4	T7_CLOTH_LEVEL4	12
T7_2H_HOLYSTAFF_HELL	4	T7_ARTEFACT_2H_HOLYSTAFF_HELL	1
T8_2H_HOLYSTAFF_HELL	0	T8_PLANKS	20
T8_2H_HOLYSTAFF_HELL	0	T8_CLOTH	12
T8_2H_HOLYSTAFF_HELL	0	T8_ARTEFACT_2H_HOLYSTAFF_HELL	1
T8_2H_HOLYSTAFF_HELL	1	T8_PLANKS_LEVEL1	20
T8_2H_HOLYSTAFF_HELL	1	T8_CLOTH_LEVEL1	12
T8_2H_HOLYSTAFF_HELL	1	T8_ARTEFACT_2H_HOLYSTAFF_HELL	1
T8_2H_HOLYSTAFF_HELL	2	T8_PLANKS_LEVEL2	20
T8_2H_HOLYSTAFF_HELL	2	T8_CLOTH_LEVEL2	12
T8_2H_HOLYSTAFF_HELL	2	T8_ARTEFACT_2H_HOLYSTAFF_HELL	1
T8_2H_HOLYSTAFF_HELL	3	T8_PLANKS_LEVEL3	20
T8_2H_HOLYSTAFF_HELL	3	T8_CLOTH_LEVEL3	12
T8_2H_HOLYSTAFF_HELL	3	T8_ARTEFACT_2H_HOLYSTAFF_HELL	1
T8_2H_HOLYSTAFF_HELL	4	T8_PLANKS_LEVEL4	20
T8_2H_HOLYSTAFF_HELL	4	T8_CLOTH_LEVEL4	12
T8_2H_HOLYSTAFF_HELL	4	T8_ARTEFACT_2H_HOLYSTAFF_HELL	1
T4_2H_HOLYSTAFF_UNDEAD	0	T4_PLANKS	20
T4_2H_HOLYSTAFF_UNDEAD	0	T4_CLOTH	12
T4_2H_HOLYSTAFF_UNDEAD	0	T4_ARTEFACT_2H_HOLYSTAFF_UNDEAD	1
T4_2H_HOLYSTAFF_UNDEAD	1	T4_PLANKS_LEVEL1	20
T4_2H_HOLYSTAFF_UNDEAD	1	T4_CLOTH_LEVEL1	12
T4_2H_HOLYSTAFF_UNDEAD	1	T4_ARTEFACT_2H_HOLYSTAFF_UNDEAD	1
T4_2H_HOLYSTAFF_UNDEAD	2	T4_PLANKS_LEVEL2	20
T4_2H_HOLYSTAFF_UNDEAD	2	T4_CLOTH_LEVEL2	12
T4_2H_HOLYSTAFF_UNDEAD	2	T4_ARTEFACT_2H_HOLYSTAFF_UNDEAD	1
T4_2H_HOLYSTAFF_UNDEAD	3	T4_PLANKS_LEVEL3	20
T4_2H_HOLYSTAFF_UNDEAD	3	T4_CLOTH_LEVEL3	12
T4_2H_HOLYSTAFF_UNDEAD	3	T4_ARTEFACT_2H_HOLYSTAFF_UNDEAD	1
T4_2H_HOLYSTAFF_UNDEAD	4	T4_PLANKS_LEVEL4	20
T4_2H_HOLYSTAFF_UNDEAD	4	T4_CLOTH_LEVEL4	12
T4_2H_HOLYSTAFF_UNDEAD	4	T4_ARTEFACT_2H_HOLYSTAFF_UNDEAD	1
T5_2H_HOLYSTAFF_UNDEAD	0	T5_PLANKS	20
T5_2H_HOLYSTAFF_UNDEAD	0	T5_CLOTH	12
T5_2H_HOLYSTAFF_UNDEAD	0	T5_ARTEFACT_2H_HOLYSTAFF_UNDEAD	1
T5_2H_HOLYSTAFF_UNDEAD	1	T5_PLANKS_LEVEL1	20
T5_2H_HOLYSTAFF_UNDEAD	1	T5_CLOTH_LEVEL1	12
T5_2H_HOLYSTAFF_UNDEAD	1	T5_ARTEFACT_2H_HOLYSTAFF_UNDEAD	1
T5_2H_HOLYSTAFF_UNDEAD	2	T5_PLANKS_LEVEL2	20
T5_2H_HOLYSTAFF_UNDEAD	2	T5_CLOTH_LEVEL2	12
T5_2H_HOLYSTAFF_UNDEAD	2	T5_ARTEFACT_2H_HOLYSTAFF_UNDEAD	1
T5_2H_HOLYSTAFF_UNDEAD	3	T5_PLANKS_LEVEL3	20
T5_2H_HOLYSTAFF_UNDEAD	3	T5_CLOTH_LEVEL3	12
T5_2H_HOLYSTAFF_UNDEAD	3	T5_ARTEFACT_2H_HOLYSTAFF_UNDEAD	1
T5_2H_HOLYSTAFF_UNDEAD	4	T5_PLANKS_LEVEL4	20
T5_2H_HOLYSTAFF_UNDEAD	4	T5_CLOTH_LEVEL4	12
T5_2H_HOLYSTAFF_UNDEAD	4	T5_ARTEFACT_2H_HOLYSTAFF_UNDEAD	1
T6_2H_HOLYSTAFF_UNDEAD	0	T6_PLANKS	20
T6_2H_HOLYSTAFF_UNDEAD	0	T6_CLOTH	12
T6_2H_HOLYSTAFF_UNDEAD	0	T6_ARTEFACT_2H_HOLYSTAFF_UNDEAD	1
T6_2H_HOLYSTAFF_UNDEAD	1	T6_PLANKS_LEVEL1	20
T6_2H_HOLYSTAFF_UNDEAD	1	T6_CLOTH_LEVEL1	12
T6_2H_HOLYSTAFF_UNDEAD	1	T6_ARTEFACT_2H_HOLYSTAFF_UNDEAD	1
T6_2H_HOLYSTAFF_UNDEAD	2	T6_PLANKS_LEVEL2	20
T6_2H_HOLYSTAFF_UNDEAD	2	T6_CLOTH_LEVEL2	12
T6_2H_HOLYSTAFF_UNDEAD	2	T6_ARTEFACT_2H_HOLYSTAFF_UNDEAD	1
T6_2H_HOLYSTAFF_UNDEAD	3	T6_PLANKS_LEVEL3	20
T6_2H_HOLYSTAFF_UNDEAD	3	T6_CLOTH_LEVEL3	12
T6_2H_HOLYSTAFF_UNDEAD	3	T6_ARTEFACT_2H_HOLYSTAFF_UNDEAD	1
T6_2H_HOLYSTAFF_UNDEAD	4	T6_PLANKS_LEVEL4	20
T6_2H_HOLYSTAFF_UNDEAD	4	T6_CLOTH_LEVEL4	12
T6_2H_HOLYSTAFF_UNDEAD	4	T6_ARTEFACT_2H_HOLYSTAFF_UNDEAD	1
T7_2H_HOLYSTAFF_UNDEAD	0	T7_PLANKS	20
T7_2H_HOLYSTAFF_UNDEAD	0	T7_CLOTH	12
T7_2H_HOLYSTAFF_UNDEAD	0	T7_ARTEFACT_2H_HOLYSTAFF_UNDEAD	1
T7_2H_HOLYSTAFF_UNDEAD	1	T7_PLANKS_LEVEL1	20
T7_2H_HOLYSTAFF_UNDEAD	1	T7_CLOTH_LEVEL1	12
T7_2H_HOLYSTAFF_UNDEAD	1	T7_ARTEFACT_2H_HOLYSTAFF_UNDEAD	1
T7_2H_HOLYSTAFF_UNDEAD	2	T7_PLANKS_LEVEL2	20
T7_2H_HOLYSTAFF_UNDEAD	2	T7_CLOTH_LEVEL2	12
T7_2H_HOLYSTAFF_UNDEAD	2	T7_ARTEFACT_2H_HOLYSTAFF_UNDEAD	1
T7_2H_HOLYSTAFF_UNDEAD	3	T7_PLANKS_LEVEL3	20
T7_2H_HOLYSTAFF_UNDEAD	3	T7_CLOTH_LEVEL3	12
T7_2H_HOLYSTAFF_UNDEAD	3	T7_ARTEFACT_2H_HOLYSTAFF_UNDEAD	1
T7_2H_HOLYSTAFF_UNDEAD	4	T7_PLANKS_LEVEL4	20
T7_2H_HOLYSTAFF_UNDEAD	4	T7_CLOTH_LEVEL4	12
T7_2H_HOLYSTAFF_UNDEAD	4	T7_ARTEFACT_2H_HOLYSTAFF_UNDEAD	1
T8_2H_HOLYSTAFF_UNDEAD	0	T8_PLANKS	20
T8_2H_HOLYSTAFF_UNDEAD	0	T8_CLOTH	12
T8_2H_HOLYSTAFF_UNDEAD	0	T8_ARTEFACT_2H_HOLYSTAFF_UNDEAD	1
T8_2H_HOLYSTAFF_UNDEAD	1	T8_PLANKS_LEVEL1	20
T8_2H_HOLYSTAFF_UNDEAD	1	T8_CLOTH_LEVEL1	12
T8_2H_HOLYSTAFF_UNDEAD	1	T8_ARTEFACT_2H_HOLYSTAFF_UNDEAD	1
T8_2H_HOLYSTAFF_UNDEAD	2	T8_PLANKS_LEVEL2	20
T8_2H_HOLYSTAFF_UNDEAD	2	T8_CLOTH_LEVEL2	12
T8_2H_HOLYSTAFF_UNDEAD	2	T8_ARTEFACT_2H_HOLYSTAFF_UNDEAD	1
T8_2H_HOLYSTAFF_UNDEAD	3	T8_PLANKS_LEVEL3	20
T8_2H_HOLYSTAFF_UNDEAD	3	T8_CLOTH_LEVEL3	12
T8_2H_HOLYSTAFF_UNDEAD	3	T8_ARTEFACT_2H_HOLYSTAFF_UNDEAD	1
T8_2H_HOLYSTAFF_UNDEAD	4	T8_PLANKS_LEVEL4	20
T8_2H_HOLYSTAFF_UNDEAD	4	T8_CLOTH_LEVEL4	12
T8_2H_HOLYSTAFF_UNDEAD	4	T8_ARTEFACT_2H_HOLYSTAFF_UNDEAD	1
T4_MAIN_HOLYSTAFF_AVALON	0	T4_PLANKS	16
T4_MAIN_HOLYSTAFF_AVALON	0	T4_CLOTH	8
T4_MAIN_HOLYSTAFF_AVALON	0	T4_ARTEFACT_MAIN_HOLYSTAFF_AVALON	1
T4_MAIN_HOLYSTAFF_AVALON	1	T4_PLANKS_LEVEL1	16
T4_MAIN_HOLYSTAFF_AVALON	1	T4_CLOTH_LEVEL1	8
T4_MAIN_HOLYSTAFF_AVALON	1	T4_ARTEFACT_MAIN_HOLYSTAFF_AVALON	1
T4_MAIN_HOLYSTAFF_AVALON	2	T4_PLANKS_LEVEL2	16
T4_MAIN_HOLYSTAFF_AVALON	2	T4_CLOTH_LEVEL2	8
T4_MAIN_HOLYSTAFF_AVALON	2	T4_ARTEFACT_MAIN_HOLYSTAFF_AVALON	1
T4_MAIN_HOLYSTAFF_AVALON	3	T4_PLANKS_LEVEL3	16
T4_MAIN_HOLYSTAFF_AVALON	3	T4_CLOTH_LEVEL3	8
T4_MAIN_HOLYSTAFF_AVALON	3	T4_ARTEFACT_MAIN_HOLYSTAFF_AVALON	1
T4_MAIN_HOLYSTAFF_AVALON	4	T4_PLANKS_LEVEL4	16
T4_MAIN_HOLYSTAFF_AVALON	4	T4_CLOTH_LEVEL4	8
T4_MAIN_HOLYSTAFF_AVALON	4	T4_ARTEFACT_MAIN_HOLYSTAFF_AVALON	1
T5_MAIN_HOLYSTAFF_AVALON	0	T5_PLANKS	16
T5_MAIN_HOLYSTAFF_AVALON	0	T5_CLOTH	8
T5_MAIN_HOLYSTAFF_AVALON	0	T5_ARTEFACT_MAIN_HOLYSTAFF_AVALON	1
T5_MAIN_HOLYSTAFF_AVALON	1	T5_PLANKS_LEVEL1	16
T5_MAIN_HOLYSTAFF_AVALON	1	T5_CLOTH_LEVEL1	8
T5_MAIN_HOLYSTAFF_AVALON	1	T5_ARTEFACT_MAIN_HOLYSTAFF_AVALON	1
T5_MAIN_HOLYSTAFF_AVALON	2	T5_PLANKS_LEVEL2	16
T5_MAIN_HOLYSTAFF_AVALON	2	T5_CLOTH_LEVEL2	8
T5_MAIN_HOLYSTAFF_AVALON	2	T5_ARTEFACT_MAIN_HOLYSTAFF_AVALON	1
T5_MAIN_HOLYSTAFF_AVALON	3	T5_PLANKS_LEVEL3	16
T5_MAIN_HOLYSTAFF_AVALON	3	T5_CLOTH_LEVEL3	8
T5_MAIN_HOLYSTAFF_AVALON	3	T5_ARTEFACT_MAIN_HOLYSTAFF_AVALON	1
T5_MAIN_HOLYSTAFF_AVALON	4	T5_PLANKS_LEVEL4	16
T5_MAIN_HOLYSTAFF_AVALON	4	T5_CLOTH_LEVEL4	8
T5_MAIN_HOLYSTAFF_AVALON	4	T5_ARTEFACT_MAIN_HOLYSTAFF_AVALON	1
T6_MAIN_HOLYSTAFF_AVALON	0	T6_PLANKS	16
T6_MAIN_HOLYSTAFF_AVALON	0	T6_CLOTH	8
T6_MAIN_HOLYSTAFF_AVALON	0	T6_ARTEFACT_MAIN_HOLYSTAFF_AVALON	1
T6_MAIN_HOLYSTAFF_AVALON	1	T6_PLANKS_LEVEL1	16
T6_MAIN_HOLYSTAFF_AVALON	1	T6_CLOTH_LEVEL1	8
T6_MAIN_HOLYSTAFF_AVALON	1	T6_ARTEFACT_MAIN_HOLYSTAFF_AVALON	1
T6_MAIN_HOLYSTAFF_AVALON	2	T6_PLANKS_LEVEL2	16
T6_MAIN_HOLYSTAFF_AVALON	2	T6_CLOTH_LEVEL2	8
T6_MAIN_HOLYSTAFF_AVALON	2	T6_ARTEFACT_MAIN_HOLYSTAFF_AVALON	1
T6_MAIN_HOLYSTAFF_AVALON	3	T6_PLANKS_LEVEL3	16
T6_MAIN_HOLYSTAFF_AVALON	3	T6_CLOTH_LEVEL3	8
T6_MAIN_HOLYSTAFF_AVALON	3	T6_ARTEFACT_MAIN_HOLYSTAFF_AVALON	1
T6_MAIN_HOLYSTAFF_AVALON	4	T6_PLANKS_LEVEL4	16
T6_MAIN_HOLYSTAFF_AVALON	4	T6_CLOTH_LEVEL4	8
T6_MAIN_HOLYSTAFF_AVALON	4	T6_ARTEFACT_MAIN_HOLYSTAFF_AVALON	1
T7_MAIN_HOLYSTAFF_AVALON	0	T7_PLANKS	16
T7_MAIN_HOLYSTAFF_AVALON	0	T7_CLOTH	8
T7_MAIN_HOLYSTAFF_AVALON	0	T7_ARTEFACT_MAIN_HOLYSTAFF_AVALON	1
T7_MAIN_HOLYSTAFF_AVALON	1	T7_PLANKS_LEVEL1	16
T7_MAIN_HOLYSTAFF_AVALON	1	T7_CLOTH_LEVEL1	8
T7_MAIN_HOLYSTAFF_AVALON	1	T7_ARTEFACT_MAIN_HOLYSTAFF_AVALON	1
T7_MAIN_HOLYSTAFF_AVALON	2	T7_PLANKS_LEVEL2	16
T7_MAIN_HOLYSTAFF_AVALON	2	T7_CLOTH_LEVEL2	8
T7_MAIN_HOLYSTAFF_AVALON	2	T7_ARTEFACT_MAIN_HOLYSTAFF_AVALON	1
T7_MAIN_HOLYSTAFF_AVALON	3	T7_PLANKS_LEVEL3	16
T7_MAIN_HOLYSTAFF_AVALON	3	T7_CLOTH_LEVEL3	8
T7_MAIN_HOLYSTAFF_AVALON	3	T7_ARTEFACT_MAIN_HOLYSTAFF_AVALON	1
T7_MAIN_HOLYSTAFF_AVALON	4	T7_PLANKS_LEVEL4	16
T7_MAIN_HOLYSTAFF_AVALON	4	T7_CLOTH_LEVEL4	8
T7_MAIN_HOLYSTAFF_AVALON	4	T7_ARTEFACT_MAIN_HOLYSTAFF_AVALON	1
T8_MAIN_HOLYSTAFF_AVALON	0	T8_PLANKS	16
T8_MAIN_HOLYSTAFF_AVALON	0	T8_CLOTH	8
T8_MAIN_HOLYSTAFF_AVALON	0	T8_ARTEFACT_MAIN_HOLYSTAFF_AVALON	1
T8_MAIN_HOLYSTAFF_AVALON	1	T8_PLANKS_LEVEL1	16
T8_MAIN_HOLYSTAFF_AVALON	1	T8_CLOTH_LEVEL1	8
T8_MAIN_HOLYSTAFF_AVALON	1	T8_ARTEFACT_MAIN_HOLYSTAFF_AVALON	1
T8_MAIN_HOLYSTAFF_AVALON	2	T8_PLANKS_LEVEL2	16
T8_MAIN_HOLYSTAFF_AVALON	2	T8_CLOTH_LEVEL2	8
T8_MAIN_HOLYSTAFF_AVALON	2	T8_ARTEFACT_MAIN_HOLYSTAFF_AVALON	1
T8_MAIN_HOLYSTAFF_AVALON	3	T8_PLANKS_LEVEL3	16
T8_MAIN_HOLYSTAFF_AVALON	3	T8_CLOTH_LEVEL3	8
T8_MAIN_HOLYSTAFF_AVALON	3	T8_ARTEFACT_MAIN_HOLYSTAFF_AVALON	1
T8_MAIN_HOLYSTAFF_AVALON	4	T8_PLANKS_LEVEL4	16
T8_MAIN_HOLYSTAFF_AVALON	4	T8_CLOTH_LEVEL4	8
T8_MAIN_HOLYSTAFF_AVALON	4	T8_ARTEFACT_MAIN_HOLYSTAFF_AVALON	1
T4_2H_HOLYSTAFF_CRYSTAL	0	T4_PLANKS	20
T4_2H_HOLYSTAFF_CRYSTAL	0	T4_CLOTH	12
T4_2H_HOLYSTAFF_CRYSTAL	0	T4_ARTEFACT_2H_HOLYSTAFF_CRYSTAL	1
T4_2H_HOLYSTAFF_CRYSTAL	1	T4_PLANKS_LEVEL1	20
T4_2H_HOLYSTAFF_CRYSTAL	1	T4_CLOTH_LEVEL1	12
T4_2H_HOLYSTAFF_CRYSTAL	1	T4_ARTEFACT_2H_HOLYSTAFF_CRYSTAL	1
T4_2H_HOLYSTAFF_CRYSTAL	2	T4_PLANKS_LEVEL2	20
T4_2H_HOLYSTAFF_CRYSTAL	2	T4_CLOTH_LEVEL2	12
T4_2H_HOLYSTAFF_CRYSTAL	2	T4_ARTEFACT_2H_HOLYSTAFF_CRYSTAL	1
T4_2H_HOLYSTAFF_CRYSTAL	3	T4_PLANKS_LEVEL3	20
T4_2H_HOLYSTAFF_CRYSTAL	3	T4_CLOTH_LEVEL3	12
T4_2H_HOLYSTAFF_CRYSTAL	3	T4_ARTEFACT_2H_HOLYSTAFF_CRYSTAL	1
T4_2H_HOLYSTAFF_CRYSTAL	4	T4_PLANKS_LEVEL4	20
T4_2H_HOLYSTAFF_CRYSTAL	4	T4_CLOTH_LEVEL4	12
T4_2H_HOLYSTAFF_CRYSTAL	4	T4_ARTEFACT_2H_HOLYSTAFF_CRYSTAL	1
T5_2H_HOLYSTAFF_CRYSTAL	0	T5_PLANKS	20
T5_2H_HOLYSTAFF_CRYSTAL	0	T5_CLOTH	12
T5_2H_HOLYSTAFF_CRYSTAL	0	T5_ARTEFACT_2H_HOLYSTAFF_CRYSTAL	1
T5_2H_HOLYSTAFF_CRYSTAL	1	T5_PLANKS_LEVEL1	20
T5_2H_HOLYSTAFF_CRYSTAL	1	T5_CLOTH_LEVEL1	12
T5_2H_HOLYSTAFF_CRYSTAL	1	T5_ARTEFACT_2H_HOLYSTAFF_CRYSTAL	1
T5_2H_HOLYSTAFF_CRYSTAL	2	T5_PLANKS_LEVEL2	20
T5_2H_HOLYSTAFF_CRYSTAL	2	T5_CLOTH_LEVEL2	12
T5_2H_HOLYSTAFF_CRYSTAL	2	T5_ARTEFACT_2H_HOLYSTAFF_CRYSTAL	1
T5_2H_HOLYSTAFF_CRYSTAL	3	T5_PLANKS_LEVEL3	20
T5_2H_HOLYSTAFF_CRYSTAL	3	T5_CLOTH_LEVEL3	12
T5_2H_HOLYSTAFF_CRYSTAL	3	T5_ARTEFACT_2H_HOLYSTAFF_CRYSTAL	1
T5_2H_HOLYSTAFF_CRYSTAL	4	T5_PLANKS_LEVEL4	20
T5_2H_HOLYSTAFF_CRYSTAL	4	T5_CLOTH_LEVEL4	12
T5_2H_HOLYSTAFF_CRYSTAL	4	T5_ARTEFACT_2H_HOLYSTAFF_CRYSTAL	1
T6_2H_HOLYSTAFF_CRYSTAL	0	T6_PLANKS	20
T6_2H_HOLYSTAFF_CRYSTAL	0	T6_CLOTH	12
T6_2H_HOLYSTAFF_CRYSTAL	0	T6_ARTEFACT_2H_HOLYSTAFF_CRYSTAL	1
T6_2H_HOLYSTAFF_CRYSTAL	1	T6_PLANKS_LEVEL1	20
T6_2H_HOLYSTAFF_CRYSTAL	1	T6_CLOTH_LEVEL1	12
T6_2H_HOLYSTAFF_CRYSTAL	1	T6_ARTEFACT_2H_HOLYSTAFF_CRYSTAL	1
T6_2H_HOLYSTAFF_CRYSTAL	2	T6_PLANKS_LEVEL2	20
T6_2H_HOLYSTAFF_CRYSTAL	2	T6_CLOTH_LEVEL2	12
T6_2H_HOLYSTAFF_CRYSTAL	2	T6_ARTEFACT_2H_HOLYSTAFF_CRYSTAL	1
T6_2H_HOLYSTAFF_CRYSTAL	3	T6_PLANKS_LEVEL3	20
T6_2H_HOLYSTAFF_CRYSTAL	3	T6_CLOTH_LEVEL3	12
T6_2H_HOLYSTAFF_CRYSTAL	3	T6_ARTEFACT_2H_HOLYSTAFF_CRYSTAL	1
T6_2H_HOLYSTAFF_CRYSTAL	4	T6_PLANKS_LEVEL4	20
T6_2H_HOLYSTAFF_CRYSTAL	4	T6_CLOTH_LEVEL4	12
T6_2H_HOLYSTAFF_CRYSTAL	4	T6_ARTEFACT_2H_HOLYSTAFF_CRYSTAL	1
T7_2H_HOLYSTAFF_CRYSTAL	0	T7_PLANKS	20
T7_2H_HOLYSTAFF_CRYSTAL	0	T7_CLOTH	12
T7_2H_HOLYSTAFF_CRYSTAL	0	T7_ARTEFACT_2H_HOLYSTAFF_CRYSTAL	1
T7_2H_HOLYSTAFF_CRYSTAL	1	T7_PLANKS_LEVEL1	20
T7_2H_HOLYSTAFF_CRYSTAL	1	T7_CLOTH_LEVEL1	12
T7_2H_HOLYSTAFF_CRYSTAL	1	T7_ARTEFACT_2H_HOLYSTAFF_CRYSTAL	1
T7_2H_HOLYSTAFF_CRYSTAL	2	T7_PLANKS_LEVEL2	20
T7_2H_HOLYSTAFF_CRYSTAL	2	T7_CLOTH_LEVEL2	12
T7_2H_HOLYSTAFF_CRYSTAL	2	T7_ARTEFACT_2H_HOLYSTAFF_CRYSTAL	1
T7_2H_HOLYSTAFF_CRYSTAL	3	T7_PLANKS_LEVEL3	20
T7_2H_HOLYSTAFF_CRYSTAL	3	T7_CLOTH_LEVEL3	12
T7_2H_HOLYSTAFF_CRYSTAL	3	T7_ARTEFACT_2H_HOLYSTAFF_CRYSTAL	1
T7_2H_HOLYSTAFF_CRYSTAL	4	T7_PLANKS_LEVEL4	20
T7_2H_HOLYSTAFF_CRYSTAL	4	T7_CLOTH_LEVEL4	12
T7_2H_HOLYSTAFF_CRYSTAL	4	T7_ARTEFACT_2H_HOLYSTAFF_CRYSTAL	1
T8_2H_HOLYSTAFF_CRYSTAL	0	T8_PLANKS	20
T8_2H_HOLYSTAFF_CRYSTAL	0	T8_CLOTH	12
T8_2H_HOLYSTAFF_CRYSTAL	0	T8_ARTEFACT_2H_HOLYSTAFF_CRYSTAL	1
T8_2H_HOLYSTAFF_CRYSTAL	1	T8_PLANKS_LEVEL1	20
T8_2H_HOLYSTAFF_CRYSTAL	1	T8_CLOTH_LEVEL1	12
T8_2H_HOLYSTAFF_CRYSTAL	1	T8_ARTEFACT_2H_HOLYSTAFF_CRYSTAL	1
T8_2H_HOLYSTAFF_CRYSTAL	2	T8_PLANKS_LEVEL2	20
T8_2H_HOLYSTAFF_CRYSTAL	2	T8_CLOTH_LEVEL2	12
T8_2H_HOLYSTAFF_CRYSTAL	2	T8_ARTEFACT_2H_HOLYSTAFF_CRYSTAL	1
T8_2H_HOLYSTAFF_CRYSTAL	3	T8_PLANKS_LEVEL3	20
T8_2H_HOLYSTAFF_CRYSTAL	3	T8_CLOTH_LEVEL3	12
T8_2H_HOLYSTAFF_CRYSTAL	3	T8_ARTEFACT_2H_HOLYSTAFF_CRYSTAL	1
T8_2H_HOLYSTAFF_CRYSTAL	4	T8_PLANKS_LEVEL4	20
T8_2H_HOLYSTAFF_CRYSTAL	4	T8_CLOTH_LEVEL4	12
T8_2H_HOLYSTAFF_CRYSTAL	4	T8_ARTEFACT_2H_HOLYSTAFF_CRYSTAL	1
T3_MAIN_NATURESTAFF	0	T3_PLANKS	16
T3_MAIN_NATURESTAFF	0	T3_CLOTH	8
T4_MAIN_NATURESTAFF	0	T4_PLANKS	16
T4_MAIN_NATURESTAFF	0	T4_CLOTH	8
T4_MAIN_NATURESTAFF	1	T4_PLANKS_LEVEL1	16
T4_MAIN_NATURESTAFF	1	T4_CLOTH_LEVEL1	8
T4_MAIN_NATURESTAFF	2	T4_PLANKS_LEVEL2	16
T4_MAIN_NATURESTAFF	2	T4_CLOTH_LEVEL2	8
T4_MAIN_NATURESTAFF	3	T4_PLANKS_LEVEL3	16
T4_MAIN_NATURESTAFF	3	T4_CLOTH_LEVEL3	8
T4_MAIN_NATURESTAFF	4	T4_PLANKS_LEVEL4	16
T4_MAIN_NATURESTAFF	4	T4_CLOTH_LEVEL4	8
T5_MAIN_NATURESTAFF	0	T5_PLANKS	16
T5_MAIN_NATURESTAFF	0	T5_CLOTH	8
T5_MAIN_NATURESTAFF	1	T5_PLANKS_LEVEL1	16
T5_MAIN_NATURESTAFF	1	T5_CLOTH_LEVEL1	8
T5_MAIN_NATURESTAFF	2	T5_PLANKS_LEVEL2	16
T5_MAIN_NATURESTAFF	2	T5_CLOTH_LEVEL2	8
T5_MAIN_NATURESTAFF	3	T5_PLANKS_LEVEL3	16
T5_MAIN_NATURESTAFF	3	T5_CLOTH_LEVEL3	8
T5_MAIN_NATURESTAFF	4	T5_PLANKS_LEVEL4	16
T5_MAIN_NATURESTAFF	4	T5_CLOTH_LEVEL4	8
T6_MAIN_NATURESTAFF	0	T6_PLANKS	16
T6_MAIN_NATURESTAFF	0	T6_CLOTH	8
T6_MAIN_NATURESTAFF	1	T6_PLANKS_LEVEL1	16
T6_MAIN_NATURESTAFF	1	T6_CLOTH_LEVEL1	8
T6_MAIN_NATURESTAFF	2	T6_PLANKS_LEVEL2	16
T6_MAIN_NATURESTAFF	2	T6_CLOTH_LEVEL2	8
T6_MAIN_NATURESTAFF	3	T6_PLANKS_LEVEL3	16
T6_MAIN_NATURESTAFF	3	T6_CLOTH_LEVEL3	8
T6_MAIN_NATURESTAFF	4	T6_PLANKS_LEVEL4	16
T6_MAIN_NATURESTAFF	4	T6_CLOTH_LEVEL4	8
T7_MAIN_NATURESTAFF	0	T7_PLANKS	16
T7_MAIN_NATURESTAFF	0	T7_CLOTH	8
T7_MAIN_NATURESTAFF	1	T7_PLANKS_LEVEL1	16
T7_MAIN_NATURESTAFF	1	T7_CLOTH_LEVEL1	8
T7_MAIN_NATURESTAFF	2	T7_PLANKS_LEVEL2	16
T7_MAIN_NATURESTAFF	2	T7_CLOTH_LEVEL2	8
T7_MAIN_NATURESTAFF	3	T7_PLANKS_LEVEL3	16
T7_MAIN_NATURESTAFF	3	T7_CLOTH_LEVEL3	8
T7_MAIN_NATURESTAFF	4	T7_PLANKS_LEVEL4	16
T7_MAIN_NATURESTAFF	4	T7_CLOTH_LEVEL4	8
T8_MAIN_NATURESTAFF	0	T8_PLANKS	16
T8_MAIN_NATURESTAFF	0	T8_CLOTH	8
T8_MAIN_NATURESTAFF	1	T8_PLANKS_LEVEL1	16
T8_MAIN_NATURESTAFF	1	T8_CLOTH_LEVEL1	8
T8_MAIN_NATURESTAFF	2	T8_PLANKS_LEVEL2	16
T8_MAIN_NATURESTAFF	2	T8_CLOTH_LEVEL2	8
T8_MAIN_NATURESTAFF	3	T8_PLANKS_LEVEL3	16
T8_MAIN_NATURESTAFF	3	T8_CLOTH_LEVEL3	8
T8_MAIN_NATURESTAFF	4	T8_PLANKS_LEVEL4	16
T8_MAIN_NATURESTAFF	4	T8_CLOTH_LEVEL4	8
T4_2H_NATURESTAFF	0	T4_PLANKS	20
T4_2H_NATURESTAFF	0	T4_CLOTH	12
T4_2H_NATURESTAFF	1	T4_PLANKS_LEVEL1	20
T4_2H_NATURESTAFF	1	T4_CLOTH_LEVEL1	12
T4_2H_NATURESTAFF	2	T4_PLANKS_LEVEL2	20
T4_2H_NATURESTAFF	2	T4_CLOTH_LEVEL2	12
T4_2H_NATURESTAFF	3	T4_PLANKS_LEVEL3	20
T4_2H_NATURESTAFF	3	T4_CLOTH_LEVEL3	12
T4_2H_NATURESTAFF	4	T4_PLANKS_LEVEL4	20
T4_2H_NATURESTAFF	4	T4_CLOTH_LEVEL4	12
T5_2H_NATURESTAFF	0	T5_PLANKS	20
T5_2H_NATURESTAFF	0	T5_CLOTH	12
T5_2H_NATURESTAFF	1	T5_PLANKS_LEVEL1	20
T5_2H_NATURESTAFF	1	T5_CLOTH_LEVEL1	12
T5_2H_NATURESTAFF	2	T5_PLANKS_LEVEL2	20
T5_2H_NATURESTAFF	2	T5_CLOTH_LEVEL2	12
T5_2H_NATURESTAFF	3	T5_PLANKS_LEVEL3	20
T5_2H_NATURESTAFF	3	T5_CLOTH_LEVEL3	12
T5_2H_NATURESTAFF	4	T5_PLANKS_LEVEL4	20
T5_2H_NATURESTAFF	4	T5_CLOTH_LEVEL4	12
T6_2H_NATURESTAFF	0	T6_PLANKS	20
T6_2H_NATURESTAFF	0	T6_CLOTH	12
T6_2H_NATURESTAFF	1	T6_PLANKS_LEVEL1	20
T6_2H_NATURESTAFF	1	T6_CLOTH_LEVEL1	12
T6_2H_NATURESTAFF	2	T6_PLANKS_LEVEL2	20
T6_2H_NATURESTAFF	2	T6_CLOTH_LEVEL2	12
T6_2H_NATURESTAFF	3	T6_PLANKS_LEVEL3	20
T6_2H_NATURESTAFF	3	T6_CLOTH_LEVEL3	12
T6_2H_NATURESTAFF	4	T6_PLANKS_LEVEL4	20
T6_2H_NATURESTAFF	4	T6_CLOTH_LEVEL4	12
T7_2H_NATURESTAFF	0	T7_PLANKS	20
T7_2H_NATURESTAFF	0	T7_CLOTH	12
T7_2H_NATURESTAFF	1	T7_PLANKS_LEVEL1	20
T7_2H_NATURESTAFF	1	T7_CLOTH_LEVEL1	12
T7_2H_NATURESTAFF	2	T7_PLANKS_LEVEL2	20
T7_2H_NATURESTAFF	2	T7_CLOTH_LEVEL2	12
T7_2H_NATURESTAFF	3	T7_PLANKS_LEVEL3	20
T7_2H_NATURESTAFF	3	T7_CLOTH_LEVEL3	12
T7_2H_NATURESTAFF	4	T7_PLANKS_LEVEL4	20
T7_2H_NATURESTAFF	4	T7_CLOTH_LEVEL4	12
T8_2H_NATURESTAFF	0	T8_PLANKS	20
T8_2H_NATURESTAFF	0	T8_CLOTH	12
T8_2H_NATURESTAFF	1	T8_PLANKS_LEVEL1	20
T8_2H_NATURESTAFF	1	T8_CLOTH_LEVEL1	12
T8_2H_NATURESTAFF	2	T8_PLANKS_LEVEL2	20
T8_2H_NATURESTAFF	2	T8_CLOTH_LEVEL2	12
T8_2H_NATURESTAFF	3	T8_PLANKS_LEVEL3	20
T8_2H_NATURESTAFF	3	T8_CLOTH_LEVEL3	12
T8_2H_NATURESTAFF	4	T8_PLANKS_LEVEL4	20
T8_2H_NATURESTAFF	4	T8_CLOTH_LEVEL4	12
T4_2H_WILDSTAFF	0	T4_PLANKS	20
T4_2H_WILDSTAFF	0	T4_CLOTH	12
T4_2H_WILDSTAFF	1	T4_PLANKS_LEVEL1	20
T4_2H_WILDSTAFF	1	T4_CLOTH_LEVEL1	12
T4_2H_WILDSTAFF	2	T4_PLANKS_LEVEL2	20
T4_2H_WILDSTAFF	2	T4_CLOTH_LEVEL2	12
T4_2H_WILDSTAFF	3	T4_PLANKS_LEVEL3	20
T4_2H_WILDSTAFF	3	T4_CLOTH_LEVEL3	12
T4_2H_WILDSTAFF	4	T4_PLANKS_LEVEL4	20
T4_2H_WILDSTAFF	4	T4_CLOTH_LEVEL4	12
T5_2H_WILDSTAFF	0	T5_PLANKS	20
T5_2H_WILDSTAFF	0	T5_CLOTH	12
T5_2H_WILDSTAFF	1	T5_PLANKS_LEVEL1	20
T5_2H_WILDSTAFF	1	T5_CLOTH_LEVEL1	12
T5_2H_WILDSTAFF	2	T5_PLANKS_LEVEL2	20
T5_2H_WILDSTAFF	2	T5_CLOTH_LEVEL2	12
T5_2H_WILDSTAFF	3	T5_PLANKS_LEVEL3	20
T5_2H_WILDSTAFF	3	T5_CLOTH_LEVEL3	12
T5_2H_WILDSTAFF	4	T5_PLANKS_LEVEL4	20
T5_2H_WILDSTAFF	4	T5_CLOTH_LEVEL4	12
T6_2H_WILDSTAFF	0	T6_PLANKS	20
T6_2H_WILDSTAFF	0	T6_CLOTH	12
T6_2H_WILDSTAFF	1	T6_PLANKS_LEVEL1	20
T6_2H_WILDSTAFF	1	T6_CLOTH_LEVEL1	12
T6_2H_WILDSTAFF	2	T6_PLANKS_LEVEL2	20
T6_2H_WILDSTAFF	2	T6_CLOTH_LEVEL2	12
T6_2H_WILDSTAFF	3	T6_PLANKS_LEVEL3	20
T6_2H_WILDSTAFF	3	T6_CLOTH_LEVEL3	12
T6_2H_WILDSTAFF	4	T6_PLANKS_LEVEL4	20
T6_2H_WILDSTAFF	4	T6_CLOTH_LEVEL4	12
T7_2H_WILDSTAFF	0	T7_PLANKS	20
T7_2H_WILDSTAFF	0	T7_CLOTH	12
T7_2H_WILDSTAFF	1	T7_PLANKS_LEVEL1	20
T7_2H_WILDSTAFF	1	T7_CLOTH_LEVEL1	12
T7_2H_WILDSTAFF	2	T7_PLANKS_LEVEL2	20
T7_2H_WILDSTAFF	2	T7_CLOTH_LEVEL2	12
T7_2H_WILDSTAFF	3	T7_PLANKS_LEVEL3	20
T7_2H_WILDSTAFF	3	T7_CLOTH_LEVEL3	12
T7_2H_WILDSTAFF	4	T7_PLANKS_LEVEL4	20
T7_2H_WILDSTAFF	4	T7_CLOTH_LEVEL4	12
T8_2H_WILDSTAFF	0	T8_PLANKS	20
T8_2H_WILDSTAFF	0	T8_CLOTH	12
T8_2H_WILDSTAFF	1	T8_PLANKS_LEVEL1	20
T8_2H_WILDSTAFF	1	T8_CLOTH_LEVEL1	12
T8_2H_WILDSTAFF	2	T8_PLANKS_LEVEL2	20
T8_2H_WILDSTAFF	2	T8_CLOTH_LEVEL2	12
T8_2H_WILDSTAFF	3	T8_PLANKS_LEVEL3	20
T8_2H_WILDSTAFF	3	T8_CLOTH_LEVEL3	12
T8_2H_WILDSTAFF	4	T8_PLANKS_LEVEL4	20
T8_2H_WILDSTAFF	4	T8_CLOTH_LEVEL4	12
T4_MAIN_NATURESTAFF_KEEPER	0	T4_PLANKS	16
T4_MAIN_NATURESTAFF_KEEPER	0	T4_CLOTH	8
T4_MAIN_NATURESTAFF_KEEPER	0	T4_ARTEFACT_MAIN_NATURESTAFF_KEEPER	1
T4_MAIN_NATURESTAFF_KEEPER	1	T4_PLANKS_LEVEL1	16
T4_MAIN_NATURESTAFF_KEEPER	1	T4_CLOTH_LEVEL1	8
T4_MAIN_NATURESTAFF_KEEPER	1	T4_ARTEFACT_MAIN_NATURESTAFF_KEEPER	1
T4_MAIN_NATURESTAFF_KEEPER	2	T4_PLANKS_LEVEL2	16
T4_MAIN_NATURESTAFF_KEEPER	2	T4_CLOTH_LEVEL2	8
T4_MAIN_NATURESTAFF_KEEPER	2	T4_ARTEFACT_MAIN_NATURESTAFF_KEEPER	1
T4_MAIN_NATURESTAFF_KEEPER	3	T4_PLANKS_LEVEL3	16
T4_MAIN_NATURESTAFF_KEEPER	3	T4_CLOTH_LEVEL3	8
T4_MAIN_NATURESTAFF_KEEPER	3	T4_ARTEFACT_MAIN_NATURESTAFF_KEEPER	1
T4_MAIN_NATURESTAFF_KEEPER	4	T4_PLANKS_LEVEL4	16
T4_MAIN_NATURESTAFF_KEEPER	4	T4_CLOTH_LEVEL4	8
T4_MAIN_NATURESTAFF_KEEPER	4	T4_ARTEFACT_MAIN_NATURESTAFF_KEEPER	1
T5_MAIN_NATURESTAFF_KEEPER	0	T5_PLANKS	16
T5_MAIN_NATURESTAFF_KEEPER	0	T5_CLOTH	8
T5_MAIN_NATURESTAFF_KEEPER	0	T5_ARTEFACT_MAIN_NATURESTAFF_KEEPER	1
T5_MAIN_NATURESTAFF_KEEPER	1	T5_PLANKS_LEVEL1	16
T5_MAIN_NATURESTAFF_KEEPER	1	T5_CLOTH_LEVEL1	8
T5_MAIN_NATURESTAFF_KEEPER	1	T5_ARTEFACT_MAIN_NATURESTAFF_KEEPER	1
T5_MAIN_NATURESTAFF_KEEPER	2	T5_PLANKS_LEVEL2	16
T5_MAIN_NATURESTAFF_KEEPER	2	T5_CLOTH_LEVEL2	8
T5_MAIN_NATURESTAFF_KEEPER	2	T5_ARTEFACT_MAIN_NATURESTAFF_KEEPER	1
T5_MAIN_NATURESTAFF_KEEPER	3	T5_PLANKS_LEVEL3	16
T5_MAIN_NATURESTAFF_KEEPER	3	T5_CLOTH_LEVEL3	8
T5_MAIN_NATURESTAFF_KEEPER	3	T5_ARTEFACT_MAIN_NATURESTAFF_KEEPER	1
T5_MAIN_NATURESTAFF_KEEPER	4	T5_PLANKS_LEVEL4	16
T5_MAIN_NATURESTAFF_KEEPER	4	T5_CLOTH_LEVEL4	8
T5_MAIN_NATURESTAFF_KEEPER	4	T5_ARTEFACT_MAIN_NATURESTAFF_KEEPER	1
T6_MAIN_NATURESTAFF_KEEPER	0	T6_PLANKS	16
T6_MAIN_NATURESTAFF_KEEPER	0	T6_CLOTH	8
T6_MAIN_NATURESTAFF_KEEPER	0	T6_ARTEFACT_MAIN_NATURESTAFF_KEEPER	1
T6_MAIN_NATURESTAFF_KEEPER	1	T6_PLANKS_LEVEL1	16
T6_MAIN_NATURESTAFF_KEEPER	1	T6_CLOTH_LEVEL1	8
T6_MAIN_NATURESTAFF_KEEPER	1	T6_ARTEFACT_MAIN_NATURESTAFF_KEEPER	1
T6_MAIN_NATURESTAFF_KEEPER	2	T6_PLANKS_LEVEL2	16
T6_MAIN_NATURESTAFF_KEEPER	2	T6_CLOTH_LEVEL2	8
T6_MAIN_NATURESTAFF_KEEPER	2	T6_ARTEFACT_MAIN_NATURESTAFF_KEEPER	1
T6_MAIN_NATURESTAFF_KEEPER	3	T6_PLANKS_LEVEL3	16
T6_MAIN_NATURESTAFF_KEEPER	3	T6_CLOTH_LEVEL3	8
T6_MAIN_NATURESTAFF_KEEPER	3	T6_ARTEFACT_MAIN_NATURESTAFF_KEEPER	1
T6_MAIN_NATURESTAFF_KEEPER	4	T6_PLANKS_LEVEL4	16
T6_MAIN_NATURESTAFF_KEEPER	4	T6_CLOTH_LEVEL4	8
T6_MAIN_NATURESTAFF_KEEPER	4	T6_ARTEFACT_MAIN_NATURESTAFF_KEEPER	1
T7_MAIN_NATURESTAFF_KEEPER	0	T7_PLANKS	16
T7_MAIN_NATURESTAFF_KEEPER	0	T7_CLOTH	8
T7_MAIN_NATURESTAFF_KEEPER	0	T7_ARTEFACT_MAIN_NATURESTAFF_KEEPER	1
T7_MAIN_NATURESTAFF_KEEPER	1	T7_PLANKS_LEVEL1	16
T7_MAIN_NATURESTAFF_KEEPER	1	T7_CLOTH_LEVEL1	8
T7_MAIN_NATURESTAFF_KEEPER	1	T7_ARTEFACT_MAIN_NATURESTAFF_KEEPER	1
T7_MAIN_NATURESTAFF_KEEPER	2	T7_PLANKS_LEVEL2	16
T7_MAIN_NATURESTAFF_KEEPER	2	T7_CLOTH_LEVEL2	8
T7_MAIN_NATURESTAFF_KEEPER	2	T7_ARTEFACT_MAIN_NATURESTAFF_KEEPER	1
T7_MAIN_NATURESTAFF_KEEPER	3	T7_PLANKS_LEVEL3	16
T7_MAIN_NATURESTAFF_KEEPER	3	T7_CLOTH_LEVEL3	8
T7_MAIN_NATURESTAFF_KEEPER	3	T7_ARTEFACT_MAIN_NATURESTAFF_KEEPER	1
T7_MAIN_NATURESTAFF_KEEPER	4	T7_PLANKS_LEVEL4	16
T7_MAIN_NATURESTAFF_KEEPER	4	T7_CLOTH_LEVEL4	8
T7_MAIN_NATURESTAFF_KEEPER	4	T7_ARTEFACT_MAIN_NATURESTAFF_KEEPER	1
T8_MAIN_NATURESTAFF_KEEPER	0	T8_PLANKS	16
T8_MAIN_NATURESTAFF_KEEPER	0	T8_CLOTH	8
T8_MAIN_NATURESTAFF_KEEPER	0	T8_ARTEFACT_MAIN_NATURESTAFF_KEEPER	1
T8_MAIN_NATURESTAFF_KEEPER	1	T8_PLANKS_LEVEL1	16
T8_MAIN_NATURESTAFF_KEEPER	1	T8_CLOTH_LEVEL1	8
T8_MAIN_NATURESTAFF_KEEPER	1	T8_ARTEFACT_MAIN_NATURESTAFF_KEEPER	1
T8_MAIN_NATURESTAFF_KEEPER	2	T8_PLANKS_LEVEL2	16
T8_MAIN_NATURESTAFF_KEEPER	2	T8_CLOTH_LEVEL2	8
T8_MAIN_NATURESTAFF_KEEPER	2	T8_ARTEFACT_MAIN_NATURESTAFF_KEEPER	1
T8_MAIN_NATURESTAFF_KEEPER	3	T8_PLANKS_LEVEL3	16
T8_MAIN_NATURESTAFF_KEEPER	3	T8_CLOTH_LEVEL3	8
T8_MAIN_NATURESTAFF_KEEPER	3	T8_ARTEFACT_MAIN_NATURESTAFF_KEEPER	1
T8_MAIN_NATURESTAFF_KEEPER	4	T8_PLANKS_LEVEL4	16
T8_MAIN_NATURESTAFF_KEEPER	4	T8_CLOTH_LEVEL4	8
T8_MAIN_NATURESTAFF_KEEPER	4	T8_ARTEFACT_MAIN_NATURESTAFF_KEEPER	1
T4_2H_NATURESTAFF_HELL	0	T4_PLANKS	20
T4_2H_NATURESTAFF_HELL	0	T4_CLOTH	12
T4_2H_NATURESTAFF_HELL	0	T4_ARTEFACT_2H_NATURESTAFF_HELL	1
T4_2H_NATURESTAFF_HELL	1	T4_PLANKS_LEVEL1	20
T4_2H_NATURESTAFF_HELL	1	T4_CLOTH_LEVEL1	12
T4_2H_NATURESTAFF_HELL	1	T4_ARTEFACT_2H_NATURESTAFF_HELL	1
T4_2H_NATURESTAFF_HELL	2	T4_PLANKS_LEVEL2	20
T4_2H_NATURESTAFF_HELL	2	T4_CLOTH_LEVEL2	12
T4_2H_NATURESTAFF_HELL	2	T4_ARTEFACT_2H_NATURESTAFF_HELL	1
T4_2H_NATURESTAFF_HELL	3	T4_PLANKS_LEVEL3	20
T4_2H_NATURESTAFF_HELL	3	T4_CLOTH_LEVEL3	12
T4_2H_NATURESTAFF_HELL	3	T4_ARTEFACT_2H_NATURESTAFF_HELL	1
T4_2H_NATURESTAFF_HELL	4	T4_PLANKS_LEVEL4	20
T4_2H_NATURESTAFF_HELL	4	T4_CLOTH_LEVEL4	12
T4_2H_NATURESTAFF_HELL	4	T4_ARTEFACT_2H_NATURESTAFF_HELL	1
T5_2H_NATURESTAFF_HELL	0	T5_PLANKS	20
T5_2H_NATURESTAFF_HELL	0	T5_CLOTH	12
T5_2H_NATURESTAFF_HELL	0	T5_ARTEFACT_2H_NATURESTAFF_HELL	1
T5_2H_NATURESTAFF_HELL	1	T5_PLANKS_LEVEL1	20
T5_2H_NATURESTAFF_HELL	1	T5_CLOTH_LEVEL1	12
T5_2H_NATURESTAFF_HELL	1	T5_ARTEFACT_2H_NATURESTAFF_HELL	1
T5_2H_NATURESTAFF_HELL	2	T5_PLANKS_LEVEL2	20
T5_2H_NATURESTAFF_HELL	2	T5_CLOTH_LEVEL2	12
T5_2H_NATURESTAFF_HELL	2	T5_ARTEFACT_2H_NATURESTAFF_HELL	1
T5_2H_NATURESTAFF_HELL	3	T5_PLANKS_LEVEL3	20
T5_2H_NATURESTAFF_HELL	3	T5_CLOTH_LEVEL3	12
T5_2H_NATURESTAFF_HELL	3	T5_ARTEFACT_2H_NATURESTAFF_HELL	1
T5_2H_NATURESTAFF_HELL	4	T5_PLANKS_LEVEL4	20
T5_2H_NATURESTAFF_HELL	4	T5_CLOTH_LEVEL4	12
T5_2H_NATURESTAFF_HELL	4	T5_ARTEFACT_2H_NATURESTAFF_HELL	1
T6_2H_NATURESTAFF_HELL	0	T6_PLANKS	20
T6_2H_NATURESTAFF_HELL	0	T6_CLOTH	12
T6_2H_NATURESTAFF_HELL	0	T6_ARTEFACT_2H_NATURESTAFF_HELL	1
T6_2H_NATURESTAFF_HELL	1	T6_PLANKS_LEVEL1	20
T6_2H_NATURESTAFF_HELL	1	T6_CLOTH_LEVEL1	12
T6_2H_NATURESTAFF_HELL	1	T6_ARTEFACT_2H_NATURESTAFF_HELL	1
T6_2H_NATURESTAFF_HELL	2	T6_PLANKS_LEVEL2	20
T6_2H_NATURESTAFF_HELL	2	T6_CLOTH_LEVEL2	12
T6_2H_NATURESTAFF_HELL	2	T6_ARTEFACT_2H_NATURESTAFF_HELL	1
T6_2H_NATURESTAFF_HELL	3	T6_PLANKS_LEVEL3	20
T6_2H_NATURESTAFF_HELL	3	T6_CLOTH_LEVEL3	12
T6_2H_NATURESTAFF_HELL	3	T6_ARTEFACT_2H_NATURESTAFF_HELL	1
T6_2H_NATURESTAFF_HELL	4	T6_PLANKS_LEVEL4	20
T6_2H_NATURESTAFF_HELL	4	T6_CLOTH_LEVEL4	12
T6_2H_NATURESTAFF_HELL	4	T6_ARTEFACT_2H_NATURESTAFF_HELL	1
T7_2H_NATURESTAFF_HELL	0	T7_PLANKS	20
T7_2H_NATURESTAFF_HELL	0	T7_CLOTH	12
T7_2H_NATURESTAFF_HELL	0	T7_ARTEFACT_2H_NATURESTAFF_HELL	1
T7_2H_NATURESTAFF_HELL	1	T7_PLANKS_LEVEL1	20
T7_2H_NATURESTAFF_HELL	1	T7_CLOTH_LEVEL1	12
T7_2H_NATURESTAFF_HELL	1	T7_ARTEFACT_2H_NATURESTAFF_HELL	1
T7_2H_NATURESTAFF_HELL	2	T7_PLANKS_LEVEL2	20
T7_2H_NATURESTAFF_HELL	2	T7_CLOTH_LEVEL2	12
T7_2H_NATURESTAFF_HELL	2	T7_ARTEFACT_2H_NATURESTAFF_HELL	1
T7_2H_NATURESTAFF_HELL	3	T7_PLANKS_LEVEL3	20
T7_2H_NATURESTAFF_HELL	3	T7_CLOTH_LEVEL3	12
T7_2H_NATURESTAFF_HELL	3	T7_ARTEFACT_2H_NATURESTAFF_HELL	1
T7_2H_NATURESTAFF_HELL	4	T7_PLANKS_LEVEL4	20
T7_2H_NATURESTAFF_HELL	4	T7_CLOTH_LEVEL4	12
T7_2H_NATURESTAFF_HELL	4	T7_ARTEFACT_2H_NATURESTAFF_HELL	1
T8_2H_NATURESTAFF_HELL	0	T8_PLANKS	20
T8_2H_NATURESTAFF_HELL	0	T8_CLOTH	12
T8_2H_NATURESTAFF_HELL	0	T8_ARTEFACT_2H_NATURESTAFF_HELL	1
T8_2H_NATURESTAFF_HELL	1	T8_PLANKS_LEVEL1	20
T8_2H_NATURESTAFF_HELL	1	T8_CLOTH_LEVEL1	12
T8_2H_NATURESTAFF_HELL	1	T8_ARTEFACT_2H_NATURESTAFF_HELL	1
T8_2H_NATURESTAFF_HELL	2	T8_PLANKS_LEVEL2	20
T8_2H_NATURESTAFF_HELL	2	T8_CLOTH_LEVEL2	12
T8_2H_NATURESTAFF_HELL	2	T8_ARTEFACT_2H_NATURESTAFF_HELL	1
T8_2H_NATURESTAFF_HELL	3	T8_PLANKS_LEVEL3	20
T8_2H_NATURESTAFF_HELL	3	T8_CLOTH_LEVEL3	12
T8_2H_NATURESTAFF_HELL	3	T8_ARTEFACT_2H_NATURESTAFF_HELL	1
T8_2H_NATURESTAFF_HELL	4	T8_PLANKS_LEVEL4	20
T8_2H_NATURESTAFF_HELL	4	T8_CLOTH_LEVEL4	12
T8_2H_NATURESTAFF_HELL	4	T8_ARTEFACT_2H_NATURESTAFF_HELL	1
T4_2H_NATURESTAFF_KEEPER	0	T4_PLANKS	20
T4_2H_NATURESTAFF_KEEPER	0	T4_CLOTH	12
T4_2H_NATURESTAFF_KEEPER	0	T4_ARTEFACT_2H_NATURESTAFF_KEEPER	1
T4_2H_NATURESTAFF_KEEPER	1	T4_PLANKS_LEVEL1	20
T4_2H_NATURESTAFF_KEEPER	1	T4_CLOTH_LEVEL1	12
T4_2H_NATURESTAFF_KEEPER	1	T4_ARTEFACT_2H_NATURESTAFF_KEEPER	1
T4_2H_NATURESTAFF_KEEPER	2	T4_PLANKS_LEVEL2	20
T4_2H_NATURESTAFF_KEEPER	2	T4_CLOTH_LEVEL2	12
T4_2H_NATURESTAFF_KEEPER	2	T4_ARTEFACT_2H_NATURESTAFF_KEEPER	1
T4_2H_NATURESTAFF_KEEPER	3	T4_PLANKS_LEVEL3	20
T4_2H_NATURESTAFF_KEEPER	3	T4_CLOTH_LEVEL3	12
T4_2H_NATURESTAFF_KEEPER	3	T4_ARTEFACT_2H_NATURESTAFF_KEEPER	1
T4_2H_NATURESTAFF_KEEPER	4	T4_PLANKS_LEVEL4	20
T4_2H_NATURESTAFF_KEEPER	4	T4_CLOTH_LEVEL4	12
T4_2H_NATURESTAFF_KEEPER	4	T4_ARTEFACT_2H_NATURESTAFF_KEEPER	1
T5_2H_NATURESTAFF_KEEPER	0	T5_PLANKS	20
T5_2H_NATURESTAFF_KEEPER	0	T5_CLOTH	12
T5_2H_NATURESTAFF_KEEPER	0	T5_ARTEFACT_2H_NATURESTAFF_KEEPER	1
T5_2H_NATURESTAFF_KEEPER	1	T5_PLANKS_LEVEL1	20
T5_2H_NATURESTAFF_KEEPER	1	T5_CLOTH_LEVEL1	12
T5_2H_NATURESTAFF_KEEPER	1	T5_ARTEFACT_2H_NATURESTAFF_KEEPER	1
T5_2H_NATURESTAFF_KEEPER	2	T5_PLANKS_LEVEL2	20
T5_2H_NATURESTAFF_KEEPER	2	T5_CLOTH_LEVEL2	12
T5_2H_NATURESTAFF_KEEPER	2	T5_ARTEFACT_2H_NATURESTAFF_KEEPER	1
T5_2H_NATURESTAFF_KEEPER	3	T5_PLANKS_LEVEL3	20
T5_2H_NATURESTAFF_KEEPER	3	T5_CLOTH_LEVEL3	12
T5_2H_NATURESTAFF_KEEPER	3	T5_ARTEFACT_2H_NATURESTAFF_KEEPER	1
T5_2H_NATURESTAFF_KEEPER	4	T5_PLANKS_LEVEL4	20
T5_2H_NATURESTAFF_KEEPER	4	T5_CLOTH_LEVEL4	12
T5_2H_NATURESTAFF_KEEPER	4	T5_ARTEFACT_2H_NATURESTAFF_KEEPER	1
T6_2H_NATURESTAFF_KEEPER	0	T6_PLANKS	20
T6_2H_NATURESTAFF_KEEPER	0	T6_CLOTH	12
T6_2H_NATURESTAFF_KEEPER	0	T6_ARTEFACT_2H_NATURESTAFF_KEEPER	1
T6_2H_NATURESTAFF_KEEPER	1	T6_PLANKS_LEVEL1	20
T6_2H_NATURESTAFF_KEEPER	1	T6_CLOTH_LEVEL1	12
T6_2H_NATURESTAFF_KEEPER	1	T6_ARTEFACT_2H_NATURESTAFF_KEEPER	1
T6_2H_NATURESTAFF_KEEPER	2	T6_PLANKS_LEVEL2	20
T6_2H_NATURESTAFF_KEEPER	2	T6_CLOTH_LEVEL2	12
T6_2H_NATURESTAFF_KEEPER	2	T6_ARTEFACT_2H_NATURESTAFF_KEEPER	1
T6_2H_NATURESTAFF_KEEPER	3	T6_PLANKS_LEVEL3	20
T6_2H_NATURESTAFF_KEEPER	3	T6_CLOTH_LEVEL3	12
T6_2H_NATURESTAFF_KEEPER	3	T6_ARTEFACT_2H_NATURESTAFF_KEEPER	1
T6_2H_NATURESTAFF_KEEPER	4	T6_PLANKS_LEVEL4	20
T6_2H_NATURESTAFF_KEEPER	4	T6_CLOTH_LEVEL4	12
T6_2H_NATURESTAFF_KEEPER	4	T6_ARTEFACT_2H_NATURESTAFF_KEEPER	1
T7_2H_NATURESTAFF_KEEPER	0	T7_PLANKS	20
T7_2H_NATURESTAFF_KEEPER	0	T7_CLOTH	12
T7_2H_NATURESTAFF_KEEPER	0	T7_ARTEFACT_2H_NATURESTAFF_KEEPER	1
T7_2H_NATURESTAFF_KEEPER	1	T7_PLANKS_LEVEL1	20
T7_2H_NATURESTAFF_KEEPER	1	T7_CLOTH_LEVEL1	12
T7_2H_NATURESTAFF_KEEPER	1	T7_ARTEFACT_2H_NATURESTAFF_KEEPER	1
T7_2H_NATURESTAFF_KEEPER	2	T7_PLANKS_LEVEL2	20
T7_2H_NATURESTAFF_KEEPER	2	T7_CLOTH_LEVEL2	12
T7_2H_NATURESTAFF_KEEPER	2	T7_ARTEFACT_2H_NATURESTAFF_KEEPER	1
T7_2H_NATURESTAFF_KEEPER	3	T7_PLANKS_LEVEL3	20
T7_2H_NATURESTAFF_KEEPER	3	T7_CLOTH_LEVEL3	12
T7_2H_NATURESTAFF_KEEPER	3	T7_ARTEFACT_2H_NATURESTAFF_KEEPER	1
T7_2H_NATURESTAFF_KEEPER	4	T7_PLANKS_LEVEL4	20
T7_2H_NATURESTAFF_KEEPER	4	T7_CLOTH_LEVEL4	12
T7_2H_NATURESTAFF_KEEPER	4	T7_ARTEFACT_2H_NATURESTAFF_KEEPER	1
T8_2H_NATURESTAFF_KEEPER	0	T8_PLANKS	20
T8_2H_NATURESTAFF_KEEPER	0	T8_CLOTH	12
T8_2H_NATURESTAFF_KEEPER	0	T8_ARTEFACT_2H_NATURESTAFF_KEEPER	1
T8_2H_NATURESTAFF_KEEPER	1	T8_PLANKS_LEVEL1	20
T8_2H_NATURESTAFF_KEEPER	1	T8_CLOTH_LEVEL1	12
T8_2H_NATURESTAFF_KEEPER	1	T8_ARTEFACT_2H_NATURESTAFF_KEEPER	1
T8_2H_NATURESTAFF_KEEPER	2	T8_PLANKS_LEVEL2	20
T8_2H_NATURESTAFF_KEEPER	2	T8_CLOTH_LEVEL2	12
T8_2H_NATURESTAFF_KEEPER	2	T8_ARTEFACT_2H_NATURESTAFF_KEEPER	1
T8_2H_NATURESTAFF_KEEPER	3	T8_PLANKS_LEVEL3	20
T8_2H_NATURESTAFF_KEEPER	3	T8_CLOTH_LEVEL3	12
T8_2H_NATURESTAFF_KEEPER	3	T8_ARTEFACT_2H_NATURESTAFF_KEEPER	1
T8_2H_NATURESTAFF_KEEPER	4	T8_PLANKS_LEVEL4	20
T8_2H_NATURESTAFF_KEEPER	4	T8_CLOTH_LEVEL4	12
T8_2H_NATURESTAFF_KEEPER	4	T8_ARTEFACT_2H_NATURESTAFF_KEEPER	1
T4_MAIN_NATURESTAFF_AVALON	0	T4_PLANKS	16
T4_MAIN_NATURESTAFF_AVALON	0	T4_CLOTH	8
T4_MAIN_NATURESTAFF_AVALON	0	T4_ARTEFACT_MAIN_NATURESTAFF_AVALON	1
T4_MAIN_NATURESTAFF_AVALON	1	T4_PLANKS_LEVEL1	16
T4_MAIN_NATURESTAFF_AVALON	1	T4_CLOTH_LEVEL1	8
T4_MAIN_NATURESTAFF_AVALON	1	T4_ARTEFACT_MAIN_NATURESTAFF_AVALON	1
T4_MAIN_NATURESTAFF_AVALON	2	T4_PLANKS_LEVEL2	16
T4_MAIN_NATURESTAFF_AVALON	2	T4_CLOTH_LEVEL2	8
T4_MAIN_NATURESTAFF_AVALON	2	T4_ARTEFACT_MAIN_NATURESTAFF_AVALON	1
T4_MAIN_NATURESTAFF_AVALON	3	T4_PLANKS_LEVEL3	16
T4_MAIN_NATURESTAFF_AVALON	3	T4_CLOTH_LEVEL3	8
T4_MAIN_NATURESTAFF_AVALON	3	T4_ARTEFACT_MAIN_NATURESTAFF_AVALON	1
T4_MAIN_NATURESTAFF_AVALON	4	T4_PLANKS_LEVEL4	16
T4_MAIN_NATURESTAFF_AVALON	4	T4_CLOTH_LEVEL4	8
T4_MAIN_NATURESTAFF_AVALON	4	T4_ARTEFACT_MAIN_NATURESTAFF_AVALON	1
T5_MAIN_NATURESTAFF_AVALON	0	T5_PLANKS	16
T5_MAIN_NATURESTAFF_AVALON	0	T5_CLOTH	8
T5_MAIN_NATURESTAFF_AVALON	0	T5_ARTEFACT_MAIN_NATURESTAFF_AVALON	1
T5_MAIN_NATURESTAFF_AVALON	1	T5_PLANKS_LEVEL1	16
T5_MAIN_NATURESTAFF_AVALON	1	T5_CLOTH_LEVEL1	8
T5_MAIN_NATURESTAFF_AVALON	1	T5_ARTEFACT_MAIN_NATURESTAFF_AVALON	1
T5_MAIN_NATURESTAFF_AVALON	2	T5_PLANKS_LEVEL2	16
T5_MAIN_NATURESTAFF_AVALON	2	T5_CLOTH_LEVEL2	8
T5_MAIN_NATURESTAFF_AVALON	2	T5_ARTEFACT_MAIN_NATURESTAFF_AVALON	1
T5_MAIN_NATURESTAFF_AVALON	3	T5_PLANKS_LEVEL3	16
T5_MAIN_NATURESTAFF_AVALON	3	T5_CLOTH_LEVEL3	8
T5_MAIN_NATURESTAFF_AVALON	3	T5_ARTEFACT_MAIN_NATURESTAFF_AVALON	1
T5_MAIN_NATURESTAFF_AVALON	4	T5_PLANKS_LEVEL4	16
T5_MAIN_NATURESTAFF_AVALON	4	T5_CLOTH_LEVEL4	8
T5_MAIN_NATURESTAFF_AVALON	4	T5_ARTEFACT_MAIN_NATURESTAFF_AVALON	1
T6_MAIN_NATURESTAFF_AVALON	0	T6_PLANKS	16
T6_MAIN_NATURESTAFF_AVALON	0	T6_CLOTH	8
T6_MAIN_NATURESTAFF_AVALON	0	T6_ARTEFACT_MAIN_NATURESTAFF_AVALON	1
T6_MAIN_NATURESTAFF_AVALON	1	T6_PLANKS_LEVEL1	16
T6_MAIN_NATURESTAFF_AVALON	1	T6_CLOTH_LEVEL1	8
T6_MAIN_NATURESTAFF_AVALON	1	T6_ARTEFACT_MAIN_NATURESTAFF_AVALON	1
T6_MAIN_NATURESTAFF_AVALON	2	T6_PLANKS_LEVEL2	16
T6_MAIN_NATURESTAFF_AVALON	2	T6_CLOTH_LEVEL2	8
T6_MAIN_NATURESTAFF_AVALON	2	T6_ARTEFACT_MAIN_NATURESTAFF_AVALON	1
T6_MAIN_NATURESTAFF_AVALON	3	T6_PLANKS_LEVEL3	16
T6_MAIN_NATURESTAFF_AVALON	3	T6_CLOTH_LEVEL3	8
T6_MAIN_NATURESTAFF_AVALON	3	T6_ARTEFACT_MAIN_NATURESTAFF_AVALON	1
T6_MAIN_NATURESTAFF_AVALON	4	T6_PLANKS_LEVEL4	16
T6_MAIN_NATURESTAFF_AVALON	4	T6_CLOTH_LEVEL4	8
T6_MAIN_NATURESTAFF_AVALON	4	T6_ARTEFACT_MAIN_NATURESTAFF_AVALON	1
T7_MAIN_NATURESTAFF_AVALON	0	T7_PLANKS	16
T7_MAIN_NATURESTAFF_AVALON	0	T7_CLOTH	8
T7_MAIN_NATURESTAFF_AVALON	0	T7_ARTEFACT_MAIN_NATURESTAFF_AVALON	1
T7_MAIN_NATURESTAFF_AVALON	1	T7_PLANKS_LEVEL1	16
T7_MAIN_NATURESTAFF_AVALON	1	T7_CLOTH_LEVEL1	8
T7_MAIN_NATURESTAFF_AVALON	1	T7_ARTEFACT_MAIN_NATURESTAFF_AVALON	1
T7_MAIN_NATURESTAFF_AVALON	2	T7_PLANKS_LEVEL2	16
T7_MAIN_NATURESTAFF_AVALON	2	T7_CLOTH_LEVEL2	8
T7_MAIN_NATURESTAFF_AVALON	2	T7_ARTEFACT_MAIN_NATURESTAFF_AVALON	1
T7_MAIN_NATURESTAFF_AVALON	3	T7_PLANKS_LEVEL3	16
T7_MAIN_NATURESTAFF_AVALON	3	T7_CLOTH_LEVEL3	8
T7_MAIN_NATURESTAFF_AVALON	3	T7_ARTEFACT_MAIN_NATURESTAFF_AVALON	1
T7_MAIN_NATURESTAFF_AVALON	4	T7_PLANKS_LEVEL4	16
T7_MAIN_NATURESTAFF_AVALON	4	T7_CLOTH_LEVEL4	8
T7_MAIN_NATURESTAFF_AVALON	4	T7_ARTEFACT_MAIN_NATURESTAFF_AVALON	1
T8_MAIN_NATURESTAFF_AVALON	0	T8_PLANKS	16
T8_MAIN_NATURESTAFF_AVALON	0	T8_CLOTH	8
T8_MAIN_NATURESTAFF_AVALON	0	T8_ARTEFACT_MAIN_NATURESTAFF_AVALON	1
T8_MAIN_NATURESTAFF_AVALON	1	T8_PLANKS_LEVEL1	16
T8_MAIN_NATURESTAFF_AVALON	1	T8_CLOTH_LEVEL1	8
T8_MAIN_NATURESTAFF_AVALON	1	T8_ARTEFACT_MAIN_NATURESTAFF_AVALON	1
T8_MAIN_NATURESTAFF_AVALON	2	T8_PLANKS_LEVEL2	16
T8_MAIN_NATURESTAFF_AVALON	2	T8_CLOTH_LEVEL2	8
T8_MAIN_NATURESTAFF_AVALON	2	T8_ARTEFACT_MAIN_NATURESTAFF_AVALON	1
T8_MAIN_NATURESTAFF_AVALON	3	T8_PLANKS_LEVEL3	16
T8_MAIN_NATURESTAFF_AVALON	3	T8_CLOTH_LEVEL3	8
T8_MAIN_NATURESTAFF_AVALON	3	T8_ARTEFACT_MAIN_NATURESTAFF_AVALON	1
T8_MAIN_NATURESTAFF_AVALON	4	T8_PLANKS_LEVEL4	16
T8_MAIN_NATURESTAFF_AVALON	4	T8_CLOTH_LEVEL4	8
T8_MAIN_NATURESTAFF_AVALON	4	T8_ARTEFACT_MAIN_NATURESTAFF_AVALON	1
T4_MAIN_NATURESTAFF_CRYSTAL	0	T4_PLANKS	16
T4_MAIN_NATURESTAFF_CRYSTAL	0	T4_CLOTH	8
T4_MAIN_NATURESTAFF_CRYSTAL	0	T4_ARTEFACT_MAIN_NATURESTAFF_CRYSTAL	1
T4_MAIN_NATURESTAFF_CRYSTAL	1	T4_PLANKS_LEVEL1	16
T4_MAIN_NATURESTAFF_CRYSTAL	1	T4_CLOTH_LEVEL1	8
T4_MAIN_NATURESTAFF_CRYSTAL	1	T4_ARTEFACT_MAIN_NATURESTAFF_CRYSTAL	1
T4_MAIN_NATURESTAFF_CRYSTAL	2	T4_PLANKS_LEVEL2	16
T4_MAIN_NATURESTAFF_CRYSTAL	2	T4_CLOTH_LEVEL2	8
T4_MAIN_NATURESTAFF_CRYSTAL	2	T4_ARTEFACT_MAIN_NATURESTAFF_CRYSTAL	1
T4_MAIN_NATURESTAFF_CRYSTAL	3	T4_PLANKS_LEVEL3	16
T4_MAIN_NATURESTAFF_CRYSTAL	3	T4_CLOTH_LEVEL3	8
T4_MAIN_NATURESTAFF_CRYSTAL	3	T4_ARTEFACT_MAIN_NATURESTAFF_CRYSTAL	1
T4_MAIN_NATURESTAFF_CRYSTAL	4	T4_PLANKS_LEVEL4	16
T4_MAIN_NATURESTAFF_CRYSTAL	4	T4_CLOTH_LEVEL4	8
T4_MAIN_NATURESTAFF_CRYSTAL	4	T4_ARTEFACT_MAIN_NATURESTAFF_CRYSTAL	1
T5_MAIN_NATURESTAFF_CRYSTAL	0	T5_PLANKS	16
T5_MAIN_NATURESTAFF_CRYSTAL	0	T5_CLOTH	8
T5_MAIN_NATURESTAFF_CRYSTAL	0	T5_ARTEFACT_MAIN_NATURESTAFF_CRYSTAL	1
T5_MAIN_NATURESTAFF_CRYSTAL	1	T5_PLANKS_LEVEL1	16
T5_MAIN_NATURESTAFF_CRYSTAL	1	T5_CLOTH_LEVEL1	8
T5_MAIN_NATURESTAFF_CRYSTAL	1	T5_ARTEFACT_MAIN_NATURESTAFF_CRYSTAL	1
T5_MAIN_NATURESTAFF_CRYSTAL	2	T5_PLANKS_LEVEL2	16
T5_MAIN_NATURESTAFF_CRYSTAL	2	T5_CLOTH_LEVEL2	8
T5_MAIN_NATURESTAFF_CRYSTAL	2	T5_ARTEFACT_MAIN_NATURESTAFF_CRYSTAL	1
T5_MAIN_NATURESTAFF_CRYSTAL	3	T5_PLANKS_LEVEL3	16
T5_MAIN_NATURESTAFF_CRYSTAL	3	T5_CLOTH_LEVEL3	8
T5_MAIN_NATURESTAFF_CRYSTAL	3	T5_ARTEFACT_MAIN_NATURESTAFF_CRYSTAL	1
T5_MAIN_NATURESTAFF_CRYSTAL	4	T5_PLANKS_LEVEL4	16
T5_MAIN_NATURESTAFF_CRYSTAL	4	T5_CLOTH_LEVEL4	8
T5_MAIN_NATURESTAFF_CRYSTAL	4	T5_ARTEFACT_MAIN_NATURESTAFF_CRYSTAL	1
T6_MAIN_NATURESTAFF_CRYSTAL	0	T6_PLANKS	16
T6_MAIN_NATURESTAFF_CRYSTAL	0	T6_CLOTH	8
T6_MAIN_NATURESTAFF_CRYSTAL	0	T6_ARTEFACT_MAIN_NATURESTAFF_CRYSTAL	1
T6_MAIN_NATURESTAFF_CRYSTAL	1	T6_PLANKS_LEVEL1	16
T6_MAIN_NATURESTAFF_CRYSTAL	1	T6_CLOTH_LEVEL1	8
T6_MAIN_NATURESTAFF_CRYSTAL	1	T6_ARTEFACT_MAIN_NATURESTAFF_CRYSTAL	1
T6_MAIN_NATURESTAFF_CRYSTAL	2	T6_PLANKS_LEVEL2	16
T6_MAIN_NATURESTAFF_CRYSTAL	2	T6_CLOTH_LEVEL2	8
T6_MAIN_NATURESTAFF_CRYSTAL	2	T6_ARTEFACT_MAIN_NATURESTAFF_CRYSTAL	1
T6_MAIN_NATURESTAFF_CRYSTAL	3	T6_PLANKS_LEVEL3	16
T6_MAIN_NATURESTAFF_CRYSTAL	3	T6_CLOTH_LEVEL3	8
T6_MAIN_NATURESTAFF_CRYSTAL	3	T6_ARTEFACT_MAIN_NATURESTAFF_CRYSTAL	1
T6_MAIN_NATURESTAFF_CRYSTAL	4	T6_PLANKS_LEVEL4	16
T6_MAIN_NATURESTAFF_CRYSTAL	4	T6_CLOTH_LEVEL4	8
T6_MAIN_NATURESTAFF_CRYSTAL	4	T6_ARTEFACT_MAIN_NATURESTAFF_CRYSTAL	1
T7_MAIN_NATURESTAFF_CRYSTAL	0	T7_PLANKS	16
T7_MAIN_NATURESTAFF_CRYSTAL	0	T7_CLOTH	8
T7_MAIN_NATURESTAFF_CRYSTAL	0	T7_ARTEFACT_MAIN_NATURESTAFF_CRYSTAL	1
T7_MAIN_NATURESTAFF_CRYSTAL	1	T7_PLANKS_LEVEL1	16
T7_MAIN_NATURESTAFF_CRYSTAL	1	T7_CLOTH_LEVEL1	8
T7_MAIN_NATURESTAFF_CRYSTAL	1	T7_ARTEFACT_MAIN_NATURESTAFF_CRYSTAL	1
T7_MAIN_NATURESTAFF_CRYSTAL	2	T7_PLANKS_LEVEL2	16
T7_MAIN_NATURESTAFF_CRYSTAL	2	T7_CLOTH_LEVEL2	8
T7_MAIN_NATURESTAFF_CRYSTAL	2	T7_ARTEFACT_MAIN_NATURESTAFF_CRYSTAL	1
T7_MAIN_NATURESTAFF_CRYSTAL	3	T7_PLANKS_LEVEL3	16
T7_MAIN_NATURESTAFF_CRYSTAL	3	T7_CLOTH_LEVEL3	8
T7_MAIN_NATURESTAFF_CRYSTAL	3	T7_ARTEFACT_MAIN_NATURESTAFF_CRYSTAL	1
T7_MAIN_NATURESTAFF_CRYSTAL	4	T7_PLANKS_LEVEL4	16
T7_MAIN_NATURESTAFF_CRYSTAL	4	T7_CLOTH_LEVEL4	8
T7_MAIN_NATURESTAFF_CRYSTAL	4	T7_ARTEFACT_MAIN_NATURESTAFF_CRYSTAL	1
T8_MAIN_NATURESTAFF_CRYSTAL	0	T8_PLANKS	16
T8_MAIN_NATURESTAFF_CRYSTAL	0	T8_CLOTH	8
T8_MAIN_NATURESTAFF_CRYSTAL	0	T8_ARTEFACT_MAIN_NATURESTAFF_CRYSTAL	1
T8_MAIN_NATURESTAFF_CRYSTAL	1	T8_PLANKS_LEVEL1	16
T8_MAIN_NATURESTAFF_CRYSTAL	1	T8_CLOTH_LEVEL1	8
T8_MAIN_NATURESTAFF_CRYSTAL	1	T8_ARTEFACT_MAIN_NATURESTAFF_CRYSTAL	1
T8_MAIN_NATURESTAFF_CRYSTAL	2	T8_PLANKS_LEVEL2	16
T8_MAIN_NATURESTAFF_CRYSTAL	2	T8_CLOTH_LEVEL2	8
T8_MAIN_NATURESTAFF_CRYSTAL	2	T8_ARTEFACT_MAIN_NATURESTAFF_CRYSTAL	1
T8_MAIN_NATURESTAFF_CRYSTAL	3	T8_PLANKS_LEVEL3	16
T8_MAIN_NATURESTAFF_CRYSTAL	3	T8_CLOTH_LEVEL3	8
T8_MAIN_NATURESTAFF_CRYSTAL	3	T8_ARTEFACT_MAIN_NATURESTAFF_CRYSTAL	1
T8_MAIN_NATURESTAFF_CRYSTAL	4	T8_PLANKS_LEVEL4	16
T8_MAIN_NATURESTAFF_CRYSTAL	4	T8_CLOTH_LEVEL4	8
T8_MAIN_NATURESTAFF_CRYSTAL	4	T8_ARTEFACT_MAIN_NATURESTAFF_CRYSTAL	1
T3_MAIN_DAGGER	0	T3_METALBAR	12
T3_MAIN_DAGGER	0	T3_LEATHER	12
T4_MAIN_DAGGER	0	T4_METALBAR	12
T4_MAIN_DAGGER	0	T4_LEATHER	12
T4_MAIN_DAGGER	1	T4_METALBAR_LEVEL1	12
T4_MAIN_DAGGER	1	T4_LEATHER_LEVEL1	12
T4_MAIN_DAGGER	2	T4_METALBAR_LEVEL2	12
T4_MAIN_DAGGER	2	T4_LEATHER_LEVEL2	12
T4_MAIN_DAGGER	3	T4_METALBAR_LEVEL3	12
T4_MAIN_DAGGER	3	T4_LEATHER_LEVEL3	12
T4_MAIN_DAGGER	4	T4_METALBAR_LEVEL4	12
T4_MAIN_DAGGER	4	T4_LEATHER_LEVEL4	12
T5_MAIN_DAGGER	0	T5_METALBAR	12
T5_MAIN_DAGGER	0	T5_LEATHER	12
T5_MAIN_DAGGER	1	T5_METALBAR_LEVEL1	12
T5_MAIN_DAGGER	1	T5_LEATHER_LEVEL1	12
T5_MAIN_DAGGER	2	T5_METALBAR_LEVEL2	12
T5_MAIN_DAGGER	2	T5_LEATHER_LEVEL2	12
T5_MAIN_DAGGER	3	T5_METALBAR_LEVEL3	12
T5_MAIN_DAGGER	3	T5_LEATHER_LEVEL3	12
T5_MAIN_DAGGER	4	T5_METALBAR_LEVEL4	12
T5_MAIN_DAGGER	4	T5_LEATHER_LEVEL4	12
T6_MAIN_DAGGER	0	T6_METALBAR	12
T6_MAIN_DAGGER	0	T6_LEATHER	12
T6_MAIN_DAGGER	1	T6_METALBAR_LEVEL1	12
T6_MAIN_DAGGER	1	T6_LEATHER_LEVEL1	12
T6_MAIN_DAGGER	2	T6_METALBAR_LEVEL2	12
T6_MAIN_DAGGER	2	T6_LEATHER_LEVEL2	12
T6_MAIN_DAGGER	3	T6_METALBAR_LEVEL3	12
T6_MAIN_DAGGER	3	T6_LEATHER_LEVEL3	12
T6_MAIN_DAGGER	4	T6_METALBAR_LEVEL4	12
T6_MAIN_DAGGER	4	T6_LEATHER_LEVEL4	12
T7_MAIN_DAGGER	0	T7_METALBAR	12
T7_MAIN_DAGGER	0	T7_LEATHER	12
T7_MAIN_DAGGER	1	T7_METALBAR_LEVEL1	12
T7_MAIN_DAGGER	1	T7_LEATHER_LEVEL1	12
T7_MAIN_DAGGER	2	T7_METALBAR_LEVEL2	12
T7_MAIN_DAGGER	2	T7_LEATHER_LEVEL2	12
T7_MAIN_DAGGER	3	T7_METALBAR_LEVEL3	12
T7_MAIN_DAGGER	3	T7_LEATHER_LEVEL3	12
T7_MAIN_DAGGER	4	T7_METALBAR_LEVEL4	12
T7_MAIN_DAGGER	4	T7_LEATHER_LEVEL4	12
T8_MAIN_DAGGER	0	T8_METALBAR	12
T8_MAIN_DAGGER	0	T8_LEATHER	12
T8_MAIN_DAGGER	1	T8_METALBAR_LEVEL1	12
T8_MAIN_DAGGER	1	T8_LEATHER_LEVEL1	12
T8_MAIN_DAGGER	2	T8_METALBAR_LEVEL2	12
T8_MAIN_DAGGER	2	T8_LEATHER_LEVEL2	12
T8_MAIN_DAGGER	3	T8_METALBAR_LEVEL3	12
T8_MAIN_DAGGER	3	T8_LEATHER_LEVEL3	12
T8_MAIN_DAGGER	4	T8_METALBAR_LEVEL4	12
T8_MAIN_DAGGER	4	T8_LEATHER_LEVEL4	12
T4_2H_DAGGERPAIR	0	T4_METALBAR	16
T4_2H_DAGGERPAIR	0	T4_LEATHER	16
T4_2H_DAGGERPAIR	1	T4_METALBAR_LEVEL1	16
T4_2H_DAGGERPAIR	1	T4_LEATHER_LEVEL1	16
T4_2H_DAGGERPAIR	2	T4_METALBAR_LEVEL2	16
T4_2H_DAGGERPAIR	2	T4_LEATHER_LEVEL2	16
T4_2H_DAGGERPAIR	3	T4_METALBAR_LEVEL3	16
T4_2H_DAGGERPAIR	3	T4_LEATHER_LEVEL3	16
T4_2H_DAGGERPAIR	4	T4_METALBAR_LEVEL4	16
T4_2H_DAGGERPAIR	4	T4_LEATHER_LEVEL4	16
T5_2H_DAGGERPAIR	0	T5_METALBAR	16
T5_2H_DAGGERPAIR	0	T5_LEATHER	16
T5_2H_DAGGERPAIR	1	T5_METALBAR_LEVEL1	16
T5_2H_DAGGERPAIR	1	T5_LEATHER_LEVEL1	16
T5_2H_DAGGERPAIR	2	T5_METALBAR_LEVEL2	16
T5_2H_DAGGERPAIR	2	T5_LEATHER_LEVEL2	16
T5_2H_DAGGERPAIR	3	T5_METALBAR_LEVEL3	16
T5_2H_DAGGERPAIR	3	T5_LEATHER_LEVEL3	16
T5_2H_DAGGERPAIR	4	T5_METALBAR_LEVEL4	16
T5_2H_DAGGERPAIR	4	T5_LEATHER_LEVEL4	16
T6_2H_DAGGERPAIR	0	T6_METALBAR	16
T6_2H_DAGGERPAIR	0	T6_LEATHER	16
T6_2H_DAGGERPAIR	1	T6_METALBAR_LEVEL1	16
T6_2H_DAGGERPAIR	1	T6_LEATHER_LEVEL1	16
T6_2H_DAGGERPAIR	2	T6_METALBAR_LEVEL2	16
T6_2H_DAGGERPAIR	2	T6_LEATHER_LEVEL2	16
T6_2H_DAGGERPAIR	3	T6_METALBAR_LEVEL3	16
T6_2H_DAGGERPAIR	3	T6_LEATHER_LEVEL3	16
T6_2H_DAGGERPAIR	4	T6_METALBAR_LEVEL4	16
T6_2H_DAGGERPAIR	4	T6_LEATHER_LEVEL4	16
T7_2H_DAGGERPAIR	0	T7_METALBAR	16
T7_2H_DAGGERPAIR	0	T7_LEATHER	16
T7_2H_DAGGERPAIR	1	T7_METALBAR_LEVEL1	16
T7_2H_DAGGERPAIR	1	T7_LEATHER_LEVEL1	16
T7_2H_DAGGERPAIR	2	T7_METALBAR_LEVEL2	16
T7_2H_DAGGERPAIR	2	T7_LEATHER_LEVEL2	16
T7_2H_DAGGERPAIR	3	T7_METALBAR_LEVEL3	16
T7_2H_DAGGERPAIR	3	T7_LEATHER_LEVEL3	16
T7_2H_DAGGERPAIR	4	T7_METALBAR_LEVEL4	16
T7_2H_DAGGERPAIR	4	T7_LEATHER_LEVEL4	16
T8_2H_DAGGERPAIR	0	T8_METALBAR	16
T8_2H_DAGGERPAIR	0	T8_LEATHER	16
T8_2H_DAGGERPAIR	1	T8_METALBAR_LEVEL1	16
T8_2H_DAGGERPAIR	1	T8_LEATHER_LEVEL1	16
T8_2H_DAGGERPAIR	2	T8_METALBAR_LEVEL2	16
T8_2H_DAGGERPAIR	2	T8_LEATHER_LEVEL2	16
T8_2H_DAGGERPAIR	3	T8_METALBAR_LEVEL3	16
T8_2H_DAGGERPAIR	3	T8_LEATHER_LEVEL3	16
T8_2H_DAGGERPAIR	4	T8_METALBAR_LEVEL4	16
T8_2H_DAGGERPAIR	4	T8_LEATHER_LEVEL4	16
T4_2H_CLAWPAIR	0	T4_METALBAR	12
T4_2H_CLAWPAIR	0	T4_LEATHER	20
T4_2H_CLAWPAIR	1	T4_METALBAR_LEVEL1	12
T4_2H_CLAWPAIR	1	T4_LEATHER_LEVEL1	20
T4_2H_CLAWPAIR	2	T4_METALBAR_LEVEL2	12
T4_2H_CLAWPAIR	2	T4_LEATHER_LEVEL2	20
T4_2H_CLAWPAIR	3	T4_METALBAR_LEVEL3	12
T4_2H_CLAWPAIR	3	T4_LEATHER_LEVEL3	20
T4_2H_CLAWPAIR	4	T4_METALBAR_LEVEL4	12
T4_2H_CLAWPAIR	4	T4_LEATHER_LEVEL4	20
T5_2H_CLAWPAIR	0	T5_METALBAR	12
T5_2H_CLAWPAIR	0	T5_LEATHER	20
T5_2H_CLAWPAIR	1	T5_METALBAR_LEVEL1	12
T5_2H_CLAWPAIR	1	T5_LEATHER_LEVEL1	20
T5_2H_CLAWPAIR	2	T5_METALBAR_LEVEL2	12
T5_2H_CLAWPAIR	2	T5_LEATHER_LEVEL2	20
T5_2H_CLAWPAIR	3	T5_METALBAR_LEVEL3	12
T5_2H_CLAWPAIR	3	T5_LEATHER_LEVEL3	20
T5_2H_CLAWPAIR	4	T5_METALBAR_LEVEL4	12
T5_2H_CLAWPAIR	4	T5_LEATHER_LEVEL4	20
T6_2H_CLAWPAIR	0	T6_METALBAR	12
T6_2H_CLAWPAIR	0	T6_LEATHER	20
T6_2H_CLAWPAIR	1	T6_METALBAR_LEVEL1	12
T6_2H_CLAWPAIR	1	T6_LEATHER_LEVEL1	20
T6_2H_CLAWPAIR	2	T6_METALBAR_LEVEL2	12
T6_2H_CLAWPAIR	2	T6_LEATHER_LEVEL2	20
T6_2H_CLAWPAIR	3	T6_METALBAR_LEVEL3	12
T6_2H_CLAWPAIR	3	T6_LEATHER_LEVEL3	20
T6_2H_CLAWPAIR	4	T6_METALBAR_LEVEL4	12
T6_2H_CLAWPAIR	4	T6_LEATHER_LEVEL4	20
T7_2H_CLAWPAIR	0	T7_METALBAR	12
T7_2H_CLAWPAIR	0	T7_LEATHER	20
T7_2H_CLAWPAIR	1	T7_METALBAR_LEVEL1	12
T7_2H_CLAWPAIR	1	T7_LEATHER_LEVEL1	20
T7_2H_CLAWPAIR	2	T7_METALBAR_LEVEL2	12
T7_2H_CLAWPAIR	2	T7_LEATHER_LEVEL2	20
T7_2H_CLAWPAIR	3	T7_METALBAR_LEVEL3	12
T7_2H_CLAWPAIR	3	T7_LEATHER_LEVEL3	20
T7_2H_CLAWPAIR	4	T7_METALBAR_LEVEL4	12
T7_2H_CLAWPAIR	4	T7_LEATHER_LEVEL4	20
T8_2H_CLAWPAIR	0	T8_METALBAR	12
T8_2H_CLAWPAIR	0	T8_LEATHER	20
T8_2H_CLAWPAIR	1	T8_METALBAR_LEVEL1	12
T8_2H_CLAWPAIR	1	T8_LEATHER_LEVEL1	20
T8_2H_CLAWPAIR	2	T8_METALBAR_LEVEL2	12
T8_2H_CLAWPAIR	2	T8_LEATHER_LEVEL2	20
T8_2H_CLAWPAIR	3	T8_METALBAR_LEVEL3	12
T8_2H_CLAWPAIR	3	T8_LEATHER_LEVEL3	20
T8_2H_CLAWPAIR	4	T8_METALBAR_LEVEL4	12
T8_2H_CLAWPAIR	4	T8_LEATHER_LEVEL4	20
T4_MAIN_RAPIER_MORGANA	0	T4_METALBAR	16
T4_MAIN_RAPIER_MORGANA	0	T4_LEATHER	8
T4_MAIN_RAPIER_MORGANA	0	T4_ARTEFACT_MAIN_RAPIER_MORGANA	1
T4_MAIN_RAPIER_MORGANA	1	T4_METALBAR_LEVEL1	16
T4_MAIN_RAPIER_MORGANA	1	T4_LEATHER_LEVEL1	8
T4_MAIN_RAPIER_MORGANA	1	T4_ARTEFACT_MAIN_RAPIER_MORGANA	1
T4_MAIN_RAPIER_MORGANA	2	T4_METALBAR_LEVEL2	16
T4_MAIN_RAPIER_MORGANA	2	T4_LEATHER_LEVEL2	8
T4_MAIN_RAPIER_MORGANA	2	T4_ARTEFACT_MAIN_RAPIER_MORGANA	1
T4_MAIN_RAPIER_MORGANA	3	T4_METALBAR_LEVEL3	16
T4_MAIN_RAPIER_MORGANA	3	T4_LEATHER_LEVEL3	8
T4_MAIN_RAPIER_MORGANA	3	T4_ARTEFACT_MAIN_RAPIER_MORGANA	1
T4_MAIN_RAPIER_MORGANA	4	T4_METALBAR_LEVEL4	16
T4_MAIN_RAPIER_MORGANA	4	T4_LEATHER_LEVEL4	8
T4_MAIN_RAPIER_MORGANA	4	T4_ARTEFACT_MAIN_RAPIER_MORGANA	1
T5_MAIN_RAPIER_MORGANA	0	T5_METALBAR	16
T5_MAIN_RAPIER_MORGANA	0	T5_LEATHER	8
T5_MAIN_RAPIER_MORGANA	0	T5_ARTEFACT_MAIN_RAPIER_MORGANA	1
T5_MAIN_RAPIER_MORGANA	1	T5_METALBAR_LEVEL1	16
T5_MAIN_RAPIER_MORGANA	1	T5_LEATHER_LEVEL1	8
T5_MAIN_RAPIER_MORGANA	1	T5_ARTEFACT_MAIN_RAPIER_MORGANA	1
T5_MAIN_RAPIER_MORGANA	2	T5_METALBAR_LEVEL2	16
T5_MAIN_RAPIER_MORGANA	2	T5_LEATHER_LEVEL2	8
T5_MAIN_RAPIER_MORGANA	2	T5_ARTEFACT_MAIN_RAPIER_MORGANA	1
T5_MAIN_RAPIER_MORGANA	3	T5_METALBAR_LEVEL3	16
T5_MAIN_RAPIER_MORGANA	3	T5_LEATHER_LEVEL3	8
T5_MAIN_RAPIER_MORGANA	3	T5_ARTEFACT_MAIN_RAPIER_MORGANA	1
T5_MAIN_RAPIER_MORGANA	4	T5_METALBAR_LEVEL4	16
T5_MAIN_RAPIER_MORGANA	4	T5_LEATHER_LEVEL4	8
T5_MAIN_RAPIER_MORGANA	4	T5_ARTEFACT_MAIN_RAPIER_MORGANA	1
T6_MAIN_RAPIER_MORGANA	0	T6_METALBAR	16
T6_MAIN_RAPIER_MORGANA	0	T6_LEATHER	8
T6_MAIN_RAPIER_MORGANA	0	T6_ARTEFACT_MAIN_RAPIER_MORGANA	1
T6_MAIN_RAPIER_MORGANA	1	T6_METALBAR_LEVEL1	16
T6_MAIN_RAPIER_MORGANA	1	T6_LEATHER_LEVEL1	8
T6_MAIN_RAPIER_MORGANA	1	T6_ARTEFACT_MAIN_RAPIER_MORGANA	1
T6_MAIN_RAPIER_MORGANA	2	T6_METALBAR_LEVEL2	16
T6_MAIN_RAPIER_MORGANA	2	T6_LEATHER_LEVEL2	8
T6_MAIN_RAPIER_MORGANA	2	T6_ARTEFACT_MAIN_RAPIER_MORGANA	1
T6_MAIN_RAPIER_MORGANA	3	T6_METALBAR_LEVEL3	16
T6_MAIN_RAPIER_MORGANA	3	T6_LEATHER_LEVEL3	8
T6_MAIN_RAPIER_MORGANA	3	T6_ARTEFACT_MAIN_RAPIER_MORGANA	1
T6_MAIN_RAPIER_MORGANA	4	T6_METALBAR_LEVEL4	16
T6_MAIN_RAPIER_MORGANA	4	T6_LEATHER_LEVEL4	8
T6_MAIN_RAPIER_MORGANA	4	T6_ARTEFACT_MAIN_RAPIER_MORGANA	1
T7_MAIN_RAPIER_MORGANA	0	T7_METALBAR	16
T7_MAIN_RAPIER_MORGANA	0	T7_LEATHER	8
T7_MAIN_RAPIER_MORGANA	0	T7_ARTEFACT_MAIN_RAPIER_MORGANA	1
T7_MAIN_RAPIER_MORGANA	1	T7_METALBAR_LEVEL1	16
T7_MAIN_RAPIER_MORGANA	1	T7_LEATHER_LEVEL1	8
T7_MAIN_RAPIER_MORGANA	1	T7_ARTEFACT_MAIN_RAPIER_MORGANA	1
T7_MAIN_RAPIER_MORGANA	2	T7_METALBAR_LEVEL2	16
T7_MAIN_RAPIER_MORGANA	2	T7_LEATHER_LEVEL2	8
T7_MAIN_RAPIER_MORGANA	2	T7_ARTEFACT_MAIN_RAPIER_MORGANA	1
T7_MAIN_RAPIER_MORGANA	3	T7_METALBAR_LEVEL3	16
T7_MAIN_RAPIER_MORGANA	3	T7_LEATHER_LEVEL3	8
T7_MAIN_RAPIER_MORGANA	3	T7_ARTEFACT_MAIN_RAPIER_MORGANA	1
T7_MAIN_RAPIER_MORGANA	4	T7_METALBAR_LEVEL4	16
T7_MAIN_RAPIER_MORGANA	4	T7_LEATHER_LEVEL4	8
T7_MAIN_RAPIER_MORGANA	4	T7_ARTEFACT_MAIN_RAPIER_MORGANA	1
T8_MAIN_RAPIER_MORGANA	0	T8_METALBAR	16
T8_MAIN_RAPIER_MORGANA	0	T8_LEATHER	8
T8_MAIN_RAPIER_MORGANA	0	T8_ARTEFACT_MAIN_RAPIER_MORGANA	1
T8_MAIN_RAPIER_MORGANA	1	T8_METALBAR_LEVEL1	16
T8_MAIN_RAPIER_MORGANA	1	T8_LEATHER_LEVEL1	8
T8_MAIN_RAPIER_MORGANA	1	T8_ARTEFACT_MAIN_RAPIER_MORGANA	1
T8_MAIN_RAPIER_MORGANA	2	T8_METALBAR_LEVEL2	16
T8_MAIN_RAPIER_MORGANA	2	T8_LEATHER_LEVEL2	8
T8_MAIN_RAPIER_MORGANA	2	T8_ARTEFACT_MAIN_RAPIER_MORGANA	1
T8_MAIN_RAPIER_MORGANA	3	T8_METALBAR_LEVEL3	16
T8_MAIN_RAPIER_MORGANA	3	T8_LEATHER_LEVEL3	8
T8_MAIN_RAPIER_MORGANA	3	T8_ARTEFACT_MAIN_RAPIER_MORGANA	1
T8_MAIN_RAPIER_MORGANA	4	T8_METALBAR_LEVEL4	16
T8_MAIN_RAPIER_MORGANA	4	T8_LEATHER_LEVEL4	8
T8_MAIN_RAPIER_MORGANA	4	T8_ARTEFACT_MAIN_RAPIER_MORGANA	1
T4_MAIN_DAGGER_HELL	0	T4_METALBAR	12
T4_MAIN_DAGGER_HELL	0	T4_LEATHER	12
T4_MAIN_DAGGER_HELL	0	T4_ARTEFACT_MAIN_DAGGER_HELL	1
T4_MAIN_DAGGER_HELL	1	T4_METALBAR_LEVEL1	12
T4_MAIN_DAGGER_HELL	1	T4_LEATHER_LEVEL1	12
T4_MAIN_DAGGER_HELL	1	T4_ARTEFACT_MAIN_DAGGER_HELL	1
T4_MAIN_DAGGER_HELL	2	T4_METALBAR_LEVEL2	12
T4_MAIN_DAGGER_HELL	2	T4_LEATHER_LEVEL2	12
T4_MAIN_DAGGER_HELL	2	T4_ARTEFACT_MAIN_DAGGER_HELL	1
T4_MAIN_DAGGER_HELL	3	T4_METALBAR_LEVEL3	12
T4_MAIN_DAGGER_HELL	3	T4_LEATHER_LEVEL3	12
T4_MAIN_DAGGER_HELL	3	T4_ARTEFACT_MAIN_DAGGER_HELL	1
T4_MAIN_DAGGER_HELL	4	T4_METALBAR_LEVEL4	12
T4_MAIN_DAGGER_HELL	4	T4_LEATHER_LEVEL4	12
T4_MAIN_DAGGER_HELL	4	T4_ARTEFACT_MAIN_DAGGER_HELL	1
T5_MAIN_DAGGER_HELL	0	T5_METALBAR	12
T5_MAIN_DAGGER_HELL	0	T5_LEATHER	12
T5_MAIN_DAGGER_HELL	0	T5_ARTEFACT_MAIN_DAGGER_HELL	1
T5_MAIN_DAGGER_HELL	1	T5_METALBAR_LEVEL1	12
T5_MAIN_DAGGER_HELL	1	T5_LEATHER_LEVEL1	12
T5_MAIN_DAGGER_HELL	1	T5_ARTEFACT_MAIN_DAGGER_HELL	1
T5_MAIN_DAGGER_HELL	2	T5_METALBAR_LEVEL2	12
T5_MAIN_DAGGER_HELL	2	T5_LEATHER_LEVEL2	12
T5_MAIN_DAGGER_HELL	2	T5_ARTEFACT_MAIN_DAGGER_HELL	1
T5_MAIN_DAGGER_HELL	3	T5_METALBAR_LEVEL3	12
T5_MAIN_DAGGER_HELL	3	T5_LEATHER_LEVEL3	12
T5_MAIN_DAGGER_HELL	3	T5_ARTEFACT_MAIN_DAGGER_HELL	1
T5_MAIN_DAGGER_HELL	4	T5_METALBAR_LEVEL4	12
T5_MAIN_DAGGER_HELL	4	T5_LEATHER_LEVEL4	12
T5_MAIN_DAGGER_HELL	4	T5_ARTEFACT_MAIN_DAGGER_HELL	1
T6_MAIN_DAGGER_HELL	0	T6_METALBAR	12
T6_MAIN_DAGGER_HELL	0	T6_LEATHER	12
T6_MAIN_DAGGER_HELL	0	T6_ARTEFACT_MAIN_DAGGER_HELL	1
T6_MAIN_DAGGER_HELL	1	T6_METALBAR_LEVEL1	12
T6_MAIN_DAGGER_HELL	1	T6_LEATHER_LEVEL1	12
T6_MAIN_DAGGER_HELL	1	T6_ARTEFACT_MAIN_DAGGER_HELL	1
T6_MAIN_DAGGER_HELL	2	T6_METALBAR_LEVEL2	12
T6_MAIN_DAGGER_HELL	2	T6_LEATHER_LEVEL2	12
T6_MAIN_DAGGER_HELL	2	T6_ARTEFACT_MAIN_DAGGER_HELL	1
T6_MAIN_DAGGER_HELL	3	T6_METALBAR_LEVEL3	12
T6_MAIN_DAGGER_HELL	3	T6_LEATHER_LEVEL3	12
T6_MAIN_DAGGER_HELL	3	T6_ARTEFACT_MAIN_DAGGER_HELL	1
T6_MAIN_DAGGER_HELL	4	T6_METALBAR_LEVEL4	12
T6_MAIN_DAGGER_HELL	4	T6_LEATHER_LEVEL4	12
T6_MAIN_DAGGER_HELL	4	T6_ARTEFACT_MAIN_DAGGER_HELL	1
T7_MAIN_DAGGER_HELL	0	T7_METALBAR	12
T7_MAIN_DAGGER_HELL	0	T7_LEATHER	12
T7_MAIN_DAGGER_HELL	0	T7_ARTEFACT_MAIN_DAGGER_HELL	1
T7_MAIN_DAGGER_HELL	1	T7_METALBAR_LEVEL1	12
T7_MAIN_DAGGER_HELL	1	T7_LEATHER_LEVEL1	12
T7_MAIN_DAGGER_HELL	1	T7_ARTEFACT_MAIN_DAGGER_HELL	1
T7_MAIN_DAGGER_HELL	2	T7_METALBAR_LEVEL2	12
T7_MAIN_DAGGER_HELL	2	T7_LEATHER_LEVEL2	12
T7_MAIN_DAGGER_HELL	2	T7_ARTEFACT_MAIN_DAGGER_HELL	1
T7_MAIN_DAGGER_HELL	3	T7_METALBAR_LEVEL3	12
T7_MAIN_DAGGER_HELL	3	T7_LEATHER_LEVEL3	12
T7_MAIN_DAGGER_HELL	3	T7_ARTEFACT_MAIN_DAGGER_HELL	1
T7_MAIN_DAGGER_HELL	4	T7_METALBAR_LEVEL4	12
T7_MAIN_DAGGER_HELL	4	T7_LEATHER_LEVEL4	12
T7_MAIN_DAGGER_HELL	4	T7_ARTEFACT_MAIN_DAGGER_HELL	1
T8_MAIN_DAGGER_HELL	0	T8_METALBAR	12
T8_MAIN_DAGGER_HELL	0	T8_LEATHER	12
T8_MAIN_DAGGER_HELL	0	T8_ARTEFACT_MAIN_DAGGER_HELL	1
T8_MAIN_DAGGER_HELL	1	T8_METALBAR_LEVEL1	12
T8_MAIN_DAGGER_HELL	1	T8_LEATHER_LEVEL1	12
T8_MAIN_DAGGER_HELL	1	T8_ARTEFACT_MAIN_DAGGER_HELL	1
T8_MAIN_DAGGER_HELL	2	T8_METALBAR_LEVEL2	12
T8_MAIN_DAGGER_HELL	2	T8_LEATHER_LEVEL2	12
T8_MAIN_DAGGER_HELL	2	T8_ARTEFACT_MAIN_DAGGER_HELL	1
T8_MAIN_DAGGER_HELL	3	T8_METALBAR_LEVEL3	12
T8_MAIN_DAGGER_HELL	3	T8_LEATHER_LEVEL3	12
T8_MAIN_DAGGER_HELL	3	T8_ARTEFACT_MAIN_DAGGER_HELL	1
T8_MAIN_DAGGER_HELL	4	T8_METALBAR_LEVEL4	12
T8_MAIN_DAGGER_HELL	4	T8_LEATHER_LEVEL4	12
T8_MAIN_DAGGER_HELL	4	T8_ARTEFACT_MAIN_DAGGER_HELL	1
T4_2H_IRONGAUNTLETS_HELL	0	T4_METALBAR	12
T4_2H_IRONGAUNTLETS_HELL	0	T4_LEATHER	20
T4_2H_IRONGAUNTLETS_HELL	0	T4_ARTEFACT_2H_IRONGAUNTLETS_HELL	1
T4_2H_IRONGAUNTLETS_HELL	1	T4_METALBAR_LEVEL1	12
T4_2H_IRONGAUNTLETS_HELL	1	T4_LEATHER_LEVEL1	20
T4_2H_IRONGAUNTLETS_HELL	1	T4_ARTEFACT_2H_IRONGAUNTLETS_HELL	1
T4_2H_IRONGAUNTLETS_HELL	2	T4_METALBAR_LEVEL2	12
T4_2H_IRONGAUNTLETS_HELL	2	T4_LEATHER_LEVEL2	20
T4_2H_IRONGAUNTLETS_HELL	2	T4_ARTEFACT_2H_IRONGAUNTLETS_HELL	1
T4_2H_IRONGAUNTLETS_HELL	3	T4_METALBAR_LEVEL3	12
T4_2H_IRONGAUNTLETS_HELL	3	T4_LEATHER_LEVEL3	20
T4_2H_IRONGAUNTLETS_HELL	3	T4_ARTEFACT_2H_IRONGAUNTLETS_HELL	1
T5_2H_IRONGAUNTLETS_HELL	0	T5_METALBAR	12
T5_2H_IRONGAUNTLETS_HELL	0	T5_LEATHER	20
T5_2H_IRONGAUNTLETS_HELL	0	T5_ARTEFACT_2H_IRONGAUNTLETS_HELL	1
T5_2H_IRONGAUNTLETS_HELL	1	T5_METALBAR_LEVEL1	12
T5_2H_IRONGAUNTLETS_HELL	1	T5_LEATHER_LEVEL1	20
T5_2H_IRONGAUNTLETS_HELL	1	T5_ARTEFACT_2H_IRONGAUNTLETS_HELL	1
T5_2H_IRONGAUNTLETS_HELL	2	T5_METALBAR_LEVEL2	12
T5_2H_IRONGAUNTLETS_HELL	2	T5_LEATHER_LEVEL2	20
T5_2H_IRONGAUNTLETS_HELL	2	T5_ARTEFACT_2H_IRONGAUNTLETS_HELL	1
T5_2H_IRONGAUNTLETS_HELL	3	T5_METALBAR_LEVEL3	12
T5_2H_IRONGAUNTLETS_HELL	3	T5_LEATHER_LEVEL3	20
T5_2H_IRONGAUNTLETS_HELL	3	T5_ARTEFACT_2H_IRONGAUNTLETS_HELL	1
T6_2H_IRONGAUNTLETS_HELL	0	T6_METALBAR	12
T6_2H_IRONGAUNTLETS_HELL	0	T6_LEATHER	20
T6_2H_IRONGAUNTLETS_HELL	0	T6_ARTEFACT_2H_IRONGAUNTLETS_HELL	1
T6_2H_IRONGAUNTLETS_HELL	1	T6_METALBAR_LEVEL1	12
T6_2H_IRONGAUNTLETS_HELL	1	T6_LEATHER_LEVEL1	20
T6_2H_IRONGAUNTLETS_HELL	1	T6_ARTEFACT_2H_IRONGAUNTLETS_HELL	1
T6_2H_IRONGAUNTLETS_HELL	2	T6_METALBAR_LEVEL2	12
T6_2H_IRONGAUNTLETS_HELL	2	T6_LEATHER_LEVEL2	20
T6_2H_IRONGAUNTLETS_HELL	2	T6_ARTEFACT_2H_IRONGAUNTLETS_HELL	1
T6_2H_IRONGAUNTLETS_HELL	3	T6_METALBAR_LEVEL3	12
T6_2H_IRONGAUNTLETS_HELL	3	T6_LEATHER_LEVEL3	20
T6_2H_IRONGAUNTLETS_HELL	3	T6_ARTEFACT_2H_IRONGAUNTLETS_HELL	1
T7_2H_IRONGAUNTLETS_HELL	0	T7_METALBAR	12
T7_2H_IRONGAUNTLETS_HELL	0	T7_LEATHER	20
T7_2H_IRONGAUNTLETS_HELL	0	T7_ARTEFACT_2H_IRONGAUNTLETS_HELL	1
T7_2H_IRONGAUNTLETS_HELL	1	T7_METALBAR_LEVEL1	12
T7_2H_IRONGAUNTLETS_HELL	1	T7_LEATHER_LEVEL1	20
T7_2H_IRONGAUNTLETS_HELL	1	T7_ARTEFACT_2H_IRONGAUNTLETS_HELL	1
T7_2H_IRONGAUNTLETS_HELL	2	T7_METALBAR_LEVEL2	12
T7_2H_IRONGAUNTLETS_HELL	2	T7_LEATHER_LEVEL2	20
T7_2H_IRONGAUNTLETS_HELL	2	T7_ARTEFACT_2H_IRONGAUNTLETS_HELL	1
T7_2H_IRONGAUNTLETS_HELL	3	T7_METALBAR_LEVEL3	12
T7_2H_IRONGAUNTLETS_HELL	3	T7_LEATHER_LEVEL3	20
T7_2H_IRONGAUNTLETS_HELL	3	T7_ARTEFACT_2H_IRONGAUNTLETS_HELL	1
T8_2H_IRONGAUNTLETS_HELL	0	T8_METALBAR	12
T8_2H_IRONGAUNTLETS_HELL	0	T8_LEATHER	20
T8_2H_IRONGAUNTLETS_HELL	0	T8_ARTEFACT_2H_IRONGAUNTLETS_HELL	1
T8_2H_IRONGAUNTLETS_HELL	1	T8_METALBAR_LEVEL1	12
T8_2H_IRONGAUNTLETS_HELL	1	T8_LEATHER_LEVEL1	20
T8_2H_IRONGAUNTLETS_HELL	1	T8_ARTEFACT_2H_IRONGAUNTLETS_HELL	1
T8_2H_IRONGAUNTLETS_HELL	2	T8_METALBAR_LEVEL2	12
T8_2H_IRONGAUNTLETS_HELL	2	T8_LEATHER_LEVEL2	20
T8_2H_IRONGAUNTLETS_HELL	2	T8_ARTEFACT_2H_IRONGAUNTLETS_HELL	1
T8_2H_IRONGAUNTLETS_HELL	3	T8_METALBAR_LEVEL3	12
T8_2H_IRONGAUNTLETS_HELL	3	T8_LEATHER_LEVEL3	20
T8_2H_IRONGAUNTLETS_HELL	3	T8_ARTEFACT_2H_IRONGAUNTLETS_HELL	1
T4_2H_DUALSICKLE_UNDEAD	0	T4_METALBAR	16
T4_2H_DUALSICKLE_UNDEAD	0	T4_LEATHER	16
T4_2H_DUALSICKLE_UNDEAD	0	T4_ARTEFACT_2H_DUALSICKLE_UNDEAD	1
T4_2H_DUALSICKLE_UNDEAD	1	T4_METALBAR_LEVEL1	16
T4_2H_DUALSICKLE_UNDEAD	1	T4_LEATHER_LEVEL1	16
T4_2H_DUALSICKLE_UNDEAD	1	T4_ARTEFACT_2H_DUALSICKLE_UNDEAD	1
T4_2H_DUALSICKLE_UNDEAD	2	T4_METALBAR_LEVEL2	16
T4_2H_DUALSICKLE_UNDEAD	2	T4_LEATHER_LEVEL2	16
T4_2H_DUALSICKLE_UNDEAD	2	T4_ARTEFACT_2H_DUALSICKLE_UNDEAD	1
T4_2H_DUALSICKLE_UNDEAD	3	T4_METALBAR_LEVEL3	16
T4_2H_DUALSICKLE_UNDEAD	3	T4_LEATHER_LEVEL3	16
T4_2H_DUALSICKLE_UNDEAD	3	T4_ARTEFACT_2H_DUALSICKLE_UNDEAD	1
T4_2H_DUALSICKLE_UNDEAD	4	T4_METALBAR_LEVEL4	16
T4_2H_DUALSICKLE_UNDEAD	4	T4_LEATHER_LEVEL4	16
T4_2H_DUALSICKLE_UNDEAD	4	T4_ARTEFACT_2H_DUALSICKLE_UNDEAD	1
T5_2H_DUALSICKLE_UNDEAD	0	T5_METALBAR	16
T5_2H_DUALSICKLE_UNDEAD	0	T5_LEATHER	16
T5_2H_DUALSICKLE_UNDEAD	0	T5_ARTEFACT_2H_DUALSICKLE_UNDEAD	1
T5_2H_DUALSICKLE_UNDEAD	1	T5_METALBAR_LEVEL1	16
T5_2H_DUALSICKLE_UNDEAD	1	T5_LEATHER_LEVEL1	16
T5_2H_DUALSICKLE_UNDEAD	1	T5_ARTEFACT_2H_DUALSICKLE_UNDEAD	1
T5_2H_DUALSICKLE_UNDEAD	2	T5_METALBAR_LEVEL2	16
T5_2H_DUALSICKLE_UNDEAD	2	T5_LEATHER_LEVEL2	16
T5_2H_DUALSICKLE_UNDEAD	2	T5_ARTEFACT_2H_DUALSICKLE_UNDEAD	1
T5_2H_DUALSICKLE_UNDEAD	3	T5_METALBAR_LEVEL3	16
T5_2H_DUALSICKLE_UNDEAD	3	T5_LEATHER_LEVEL3	16
T5_2H_DUALSICKLE_UNDEAD	3	T5_ARTEFACT_2H_DUALSICKLE_UNDEAD	1
T5_2H_DUALSICKLE_UNDEAD	4	T5_METALBAR_LEVEL4	16
T5_2H_DUALSICKLE_UNDEAD	4	T5_LEATHER_LEVEL4	16
T5_2H_DUALSICKLE_UNDEAD	4	T5_ARTEFACT_2H_DUALSICKLE_UNDEAD	1
T6_2H_DUALSICKLE_UNDEAD	0	T6_METALBAR	16
T6_2H_DUALSICKLE_UNDEAD	0	T6_LEATHER	16
T6_2H_DUALSICKLE_UNDEAD	0	T6_ARTEFACT_2H_DUALSICKLE_UNDEAD	1
T6_2H_DUALSICKLE_UNDEAD	1	T6_METALBAR_LEVEL1	16
T6_2H_DUALSICKLE_UNDEAD	1	T6_LEATHER_LEVEL1	16
T6_2H_DUALSICKLE_UNDEAD	1	T6_ARTEFACT_2H_DUALSICKLE_UNDEAD	1
T6_2H_DUALSICKLE_UNDEAD	2	T6_METALBAR_LEVEL2	16
T6_2H_DUALSICKLE_UNDEAD	2	T6_LEATHER_LEVEL2	16
T6_2H_DUALSICKLE_UNDEAD	2	T6_ARTEFACT_2H_DUALSICKLE_UNDEAD	1
T6_2H_DUALSICKLE_UNDEAD	3	T6_METALBAR_LEVEL3	16
T6_2H_DUALSICKLE_UNDEAD	3	T6_LEATHER_LEVEL3	16
T6_2H_DUALSICKLE_UNDEAD	3	T6_ARTEFACT_2H_DUALSICKLE_UNDEAD	1
T6_2H_DUALSICKLE_UNDEAD	4	T6_METALBAR_LEVEL4	16
T6_2H_DUALSICKLE_UNDEAD	4	T6_LEATHER_LEVEL4	16
T6_2H_DUALSICKLE_UNDEAD	4	T6_ARTEFACT_2H_DUALSICKLE_UNDEAD	1
T7_2H_DUALSICKLE_UNDEAD	0	T7_METALBAR	16
T7_2H_DUALSICKLE_UNDEAD	0	T7_LEATHER	16
T7_2H_DUALSICKLE_UNDEAD	0	T7_ARTEFACT_2H_DUALSICKLE_UNDEAD	1
T7_2H_DUALSICKLE_UNDEAD	1	T7_METALBAR_LEVEL1	16
T7_2H_DUALSICKLE_UNDEAD	1	T7_LEATHER_LEVEL1	16
T7_2H_DUALSICKLE_UNDEAD	1	T7_ARTEFACT_2H_DUALSICKLE_UNDEAD	1
T7_2H_DUALSICKLE_UNDEAD	2	T7_METALBAR_LEVEL2	16
T7_2H_DUALSICKLE_UNDEAD	2	T7_LEATHER_LEVEL2	16
T7_2H_DUALSICKLE_UNDEAD	2	T7_ARTEFACT_2H_DUALSICKLE_UNDEAD	1
T7_2H_DUALSICKLE_UNDEAD	3	T7_METALBAR_LEVEL3	16
T7_2H_DUALSICKLE_UNDEAD	3	T7_LEATHER_LEVEL3	16
T7_2H_DUALSICKLE_UNDEAD	3	T7_ARTEFACT_2H_DUALSICKLE_UNDEAD	1
T7_2H_DUALSICKLE_UNDEAD	4	T7_METALBAR_LEVEL4	16
T7_2H_DUALSICKLE_UNDEAD	4	T7_LEATHER_LEVEL4	16
T7_2H_DUALSICKLE_UNDEAD	4	T7_ARTEFACT_2H_DUALSICKLE_UNDEAD	1
T8_2H_DUALSICKLE_UNDEAD	0	T8_METALBAR	16
T8_2H_DUALSICKLE_UNDEAD	0	T8_LEATHER	16
T8_2H_DUALSICKLE_UNDEAD	0	T8_ARTEFACT_2H_DUALSICKLE_UNDEAD	1
T8_2H_DUALSICKLE_UNDEAD	1	T8_METALBAR_LEVEL1	16
T8_2H_DUALSICKLE_UNDEAD	1	T8_LEATHER_LEVEL1	16
T8_2H_DUALSICKLE_UNDEAD	1	T8_ARTEFACT_2H_DUALSICKLE_UNDEAD	1
T8_2H_DUALSICKLE_UNDEAD	2	T8_METALBAR_LEVEL2	16
T8_2H_DUALSICKLE_UNDEAD	2	T8_LEATHER_LEVEL2	16
T8_2H_DUALSICKLE_UNDEAD	2	T8_ARTEFACT_2H_DUALSICKLE_UNDEAD	1
T8_2H_DUALSICKLE_UNDEAD	3	T8_METALBAR_LEVEL3	16
T8_2H_DUALSICKLE_UNDEAD	3	T8_LEATHER_LEVEL3	16
T8_2H_DUALSICKLE_UNDEAD	3	T8_ARTEFACT_2H_DUALSICKLE_UNDEAD	1
T8_2H_DUALSICKLE_UNDEAD	4	T8_METALBAR_LEVEL4	16
T8_2H_DUALSICKLE_UNDEAD	4	T8_LEATHER_LEVEL4	16
T8_2H_DUALSICKLE_UNDEAD	4	T8_ARTEFACT_2H_DUALSICKLE_UNDEAD	1
T4_2H_DAGGER_KATAR_AVALON	0	T4_METALBAR	12
T4_2H_DAGGER_KATAR_AVALON	0	T4_LEATHER	20
T4_2H_DAGGER_KATAR_AVALON	0	T4_ARTEFACT_2H_DAGGER_KATAR_AVALON	1
T4_2H_DAGGER_KATAR_AVALON	1	T4_METALBAR_LEVEL1	12
T4_2H_DAGGER_KATAR_AVALON	1	T4_LEATHER_LEVEL1	20
T4_2H_DAGGER_KATAR_AVALON	1	T4_ARTEFACT_2H_DAGGER_KATAR_AVALON	1
T4_2H_DAGGER_KATAR_AVALON	2	T4_METALBAR_LEVEL2	12
T4_2H_DAGGER_KATAR_AVALON	2	T4_LEATHER_LEVEL2	20
T4_2H_DAGGER_KATAR_AVALON	2	T4_ARTEFACT_2H_DAGGER_KATAR_AVALON	1
T4_2H_DAGGER_KATAR_AVALON	3	T4_METALBAR_LEVEL3	12
T4_2H_DAGGER_KATAR_AVALON	3	T4_LEATHER_LEVEL3	20
T4_2H_DAGGER_KATAR_AVALON	3	T4_ARTEFACT_2H_DAGGER_KATAR_AVALON	1
T4_2H_DAGGER_KATAR_AVALON	4	T4_METALBAR_LEVEL4	12
T4_2H_DAGGER_KATAR_AVALON	4	T4_LEATHER_LEVEL4	20
T4_2H_DAGGER_KATAR_AVALON	4	T4_ARTEFACT_2H_DAGGER_KATAR_AVALON	1
T5_2H_DAGGER_KATAR_AVALON	0	T5_METALBAR	12
T5_2H_DAGGER_KATAR_AVALON	0	T5_LEATHER	20
T5_2H_DAGGER_KATAR_AVALON	0	T5_ARTEFACT_2H_DAGGER_KATAR_AVALON	1
T5_2H_DAGGER_KATAR_AVALON	1	T5_METALBAR_LEVEL1	12
T5_2H_DAGGER_KATAR_AVALON	1	T5_LEATHER_LEVEL1	20
T5_2H_DAGGER_KATAR_AVALON	1	T5_ARTEFACT_2H_DAGGER_KATAR_AVALON	1
T5_2H_DAGGER_KATAR_AVALON	2	T5_METALBAR_LEVEL2	12
T5_2H_DAGGER_KATAR_AVALON	2	T5_LEATHER_LEVEL2	20
T5_2H_DAGGER_KATAR_AVALON	2	T5_ARTEFACT_2H_DAGGER_KATAR_AVALON	1
T5_2H_DAGGER_KATAR_AVALON	3	T5_METALBAR_LEVEL3	12
T5_2H_DAGGER_KATAR_AVALON	3	T5_LEATHER_LEVEL3	20
T5_2H_DAGGER_KATAR_AVALON	3	T5_ARTEFACT_2H_DAGGER_KATAR_AVALON	1
T5_2H_DAGGER_KATAR_AVALON	4	T5_METALBAR_LEVEL4	12
T5_2H_DAGGER_KATAR_AVALON	4	T5_LEATHER_LEVEL4	20
T5_2H_DAGGER_KATAR_AVALON	4	T5_ARTEFACT_2H_DAGGER_KATAR_AVALON	1
T6_2H_DAGGER_KATAR_AVALON	0	T6_METALBAR	12
T6_2H_DAGGER_KATAR_AVALON	0	T6_LEATHER	20
T6_2H_DAGGER_KATAR_AVALON	0	T6_ARTEFACT_2H_DAGGER_KATAR_AVALON	1
T6_2H_DAGGER_KATAR_AVALON	1	T6_METALBAR_LEVEL1	12
T6_2H_DAGGER_KATAR_AVALON	1	T6_LEATHER_LEVEL1	20
T6_2H_DAGGER_KATAR_AVALON	1	T6_ARTEFACT_2H_DAGGER_KATAR_AVALON	1
T6_2H_DAGGER_KATAR_AVALON	2	T6_METALBAR_LEVEL2	12
T6_2H_DAGGER_KATAR_AVALON	2	T6_LEATHER_LEVEL2	20
T6_2H_DAGGER_KATAR_AVALON	2	T6_ARTEFACT_2H_DAGGER_KATAR_AVALON	1
T6_2H_DAGGER_KATAR_AVALON	3	T6_METALBAR_LEVEL3	12
T6_2H_DAGGER_KATAR_AVALON	3	T6_LEATHER_LEVEL3	20
T6_2H_DAGGER_KATAR_AVALON	3	T6_ARTEFACT_2H_DAGGER_KATAR_AVALON	1
T6_2H_DAGGER_KATAR_AVALON	4	T6_METALBAR_LEVEL4	12
T6_2H_DAGGER_KATAR_AVALON	4	T6_LEATHER_LEVEL4	20
T6_2H_DAGGER_KATAR_AVALON	4	T6_ARTEFACT_2H_DAGGER_KATAR_AVALON	1
T7_2H_DAGGER_KATAR_AVALON	0	T7_METALBAR	12
T7_2H_DAGGER_KATAR_AVALON	0	T7_LEATHER	20
T7_2H_DAGGER_KATAR_AVALON	0	T7_ARTEFACT_2H_DAGGER_KATAR_AVALON	1
T7_2H_DAGGER_KATAR_AVALON	1	T7_METALBAR_LEVEL1	12
T7_2H_DAGGER_KATAR_AVALON	1	T7_LEATHER_LEVEL1	20
T7_2H_DAGGER_KATAR_AVALON	1	T7_ARTEFACT_2H_DAGGER_KATAR_AVALON	1
T7_2H_DAGGER_KATAR_AVALON	2	T7_METALBAR_LEVEL2	12
T7_2H_DAGGER_KATAR_AVALON	2	T7_LEATHER_LEVEL2	20
T7_2H_DAGGER_KATAR_AVALON	2	T7_ARTEFACT_2H_DAGGER_KATAR_AVALON	1
T7_2H_DAGGER_KATAR_AVALON	3	T7_METALBAR_LEVEL3	12
T7_2H_DAGGER_KATAR_AVALON	3	T7_LEATHER_LEVEL3	20
T7_2H_DAGGER_KATAR_AVALON	3	T7_ARTEFACT_2H_DAGGER_KATAR_AVALON	1
T7_2H_DAGGER_KATAR_AVALON	4	T7_METALBAR_LEVEL4	12
T7_2H_DAGGER_KATAR_AVALON	4	T7_LEATHER_LEVEL4	20
T7_2H_DAGGER_KATAR_AVALON	4	T7_ARTEFACT_2H_DAGGER_KATAR_AVALON	1
T8_2H_DAGGER_KATAR_AVALON	0	T8_METALBAR	12
T8_2H_DAGGER_KATAR_AVALON	0	T8_LEATHER	20
T8_2H_DAGGER_KATAR_AVALON	0	T8_ARTEFACT_2H_DAGGER_KATAR_AVALON	1
T8_2H_DAGGER_KATAR_AVALON	1	T8_METALBAR_LEVEL1	12
T8_2H_DAGGER_KATAR_AVALON	1	T8_LEATHER_LEVEL1	20
T8_2H_DAGGER_KATAR_AVALON	1	T8_ARTEFACT_2H_DAGGER_KATAR_AVALON	1
T8_2H_DAGGER_KATAR_AVALON	2	T8_METALBAR_LEVEL2	12
T8_2H_DAGGER_KATAR_AVALON	2	T8_LEATHER_LEVEL2	20
T8_2H_DAGGER_KATAR_AVALON	2	T8_ARTEFACT_2H_DAGGER_KATAR_AVALON	1
T8_2H_DAGGER_KATAR_AVALON	3	T8_METALBAR_LEVEL3	12
T8_2H_DAGGER_KATAR_AVALON	3	T8_LEATHER_LEVEL3	20
T8_2H_DAGGER_KATAR_AVALON	3	T8_ARTEFACT_2H_DAGGER_KATAR_AVALON	1
T8_2H_DAGGER_KATAR_AVALON	4	T8_METALBAR_LEVEL4	12
T8_2H_DAGGER_KATAR_AVALON	4	T8_LEATHER_LEVEL4	20
T8_2H_DAGGER_KATAR_AVALON	4	T8_ARTEFACT_2H_DAGGER_KATAR_AVALON	1
T4_2H_DAGGERPAIR_CRYSTAL	0	T4_METALBAR	16
T4_2H_DAGGERPAIR_CRYSTAL	0	T4_LEATHER	16
T4_2H_DAGGERPAIR_CRYSTAL	0	T4_ARTEFACT_2H_DAGGERPAIR_CRYSTAL	1
T4_2H_DAGGERPAIR_CRYSTAL	1	T4_METALBAR_LEVEL1	16
T4_2H_DAGGERPAIR_CRYSTAL	1	T4_LEATHER_LEVEL1	16
T4_2H_DAGGERPAIR_CRYSTAL	1	T4_ARTEFACT_2H_DAGGERPAIR_CRYSTAL	1
T4_2H_DAGGERPAIR_CRYSTAL	2	T4_METALBAR_LEVEL2	16
T4_2H_DAGGERPAIR_CRYSTAL	2	T4_LEATHER_LEVEL2	16
T4_2H_DAGGERPAIR_CRYSTAL	2	T4_ARTEFACT_2H_DAGGERPAIR_CRYSTAL	1
T4_2H_DAGGERPAIR_CRYSTAL	3	T4_METALBAR_LEVEL3	16
T4_2H_DAGGERPAIR_CRYSTAL	3	T4_LEATHER_LEVEL3	16
T4_2H_DAGGERPAIR_CRYSTAL	3	T4_ARTEFACT_2H_DAGGERPAIR_CRYSTAL	1
T4_2H_DAGGERPAIR_CRYSTAL	4	T4_METALBAR_LEVEL4	16
T4_2H_DAGGERPAIR_CRYSTAL	4	T4_LEATHER_LEVEL4	16
T4_2H_DAGGERPAIR_CRYSTAL	4	T4_ARTEFACT_2H_DAGGERPAIR_CRYSTAL	1
T5_2H_DAGGERPAIR_CRYSTAL	0	T5_METALBAR	16
T5_2H_DAGGERPAIR_CRYSTAL	0	T5_LEATHER	16
T5_2H_DAGGERPAIR_CRYSTAL	0	T5_ARTEFACT_2H_DAGGERPAIR_CRYSTAL	1
T5_2H_DAGGERPAIR_CRYSTAL	1	T5_METALBAR_LEVEL1	16
T5_2H_DAGGERPAIR_CRYSTAL	1	T5_LEATHER_LEVEL1	16
T5_2H_DAGGERPAIR_CRYSTAL	1	T5_ARTEFACT_2H_DAGGERPAIR_CRYSTAL	1
T5_2H_DAGGERPAIR_CRYSTAL	2	T5_METALBAR_LEVEL2	16
T5_2H_DAGGERPAIR_CRYSTAL	2	T5_LEATHER_LEVEL2	16
T5_2H_DAGGERPAIR_CRYSTAL	2	T5_ARTEFACT_2H_DAGGERPAIR_CRYSTAL	1
T5_2H_DAGGERPAIR_CRYSTAL	3	T5_METALBAR_LEVEL3	16
T5_2H_DAGGERPAIR_CRYSTAL	3	T5_LEATHER_LEVEL3	16
T5_2H_DAGGERPAIR_CRYSTAL	3	T5_ARTEFACT_2H_DAGGERPAIR_CRYSTAL	1
T5_2H_DAGGERPAIR_CRYSTAL	4	T5_METALBAR_LEVEL4	16
T5_2H_DAGGERPAIR_CRYSTAL	4	T5_LEATHER_LEVEL4	16
T5_2H_DAGGERPAIR_CRYSTAL	4	T5_ARTEFACT_2H_DAGGERPAIR_CRYSTAL	1
T6_2H_DAGGERPAIR_CRYSTAL	0	T6_METALBAR	16
T6_2H_DAGGERPAIR_CRYSTAL	0	T6_LEATHER	16
T6_2H_DAGGERPAIR_CRYSTAL	0	T6_ARTEFACT_2H_DAGGERPAIR_CRYSTAL	1
T6_2H_DAGGERPAIR_CRYSTAL	1	T6_METALBAR_LEVEL1	16
T6_2H_DAGGERPAIR_CRYSTAL	1	T6_LEATHER_LEVEL1	16
T6_2H_DAGGERPAIR_CRYSTAL	1	T6_ARTEFACT_2H_DAGGERPAIR_CRYSTAL	1
T6_2H_DAGGERPAIR_CRYSTAL	2	T6_METALBAR_LEVEL2	16
T6_2H_DAGGERPAIR_CRYSTAL	2	T6_LEATHER_LEVEL2	16
T6_2H_DAGGERPAIR_CRYSTAL	2	T6_ARTEFACT_2H_DAGGERPAIR_CRYSTAL	1
T6_2H_DAGGERPAIR_CRYSTAL	3	T6_METALBAR_LEVEL3	16
T6_2H_DAGGERPAIR_CRYSTAL	3	T6_LEATHER_LEVEL3	16
T6_2H_DAGGERPAIR_CRYSTAL	3	T6_ARTEFACT_2H_DAGGERPAIR_CRYSTAL	1
T6_2H_DAGGERPAIR_CRYSTAL	4	T6_METALBAR_LEVEL4	16
T6_2H_DAGGERPAIR_CRYSTAL	4	T6_LEATHER_LEVEL4	16
T6_2H_DAGGERPAIR_CRYSTAL	4	T6_ARTEFACT_2H_DAGGERPAIR_CRYSTAL	1
T7_2H_DAGGERPAIR_CRYSTAL	0	T7_METALBAR	16
T7_2H_DAGGERPAIR_CRYSTAL	0	T7_LEATHER	16
T7_2H_DAGGERPAIR_CRYSTAL	0	T7_ARTEFACT_2H_DAGGERPAIR_CRYSTAL	1
T7_2H_DAGGERPAIR_CRYSTAL	1	T7_METALBAR_LEVEL1	16
T7_2H_DAGGERPAIR_CRYSTAL	1	T7_LEATHER_LEVEL1	16
T7_2H_DAGGERPAIR_CRYSTAL	1	T7_ARTEFACT_2H_DAGGERPAIR_CRYSTAL	1
T7_2H_DAGGERPAIR_CRYSTAL	2	T7_METALBAR_LEVEL2	16
T7_2H_DAGGERPAIR_CRYSTAL	2	T7_LEATHER_LEVEL2	16
T7_2H_DAGGERPAIR_CRYSTAL	2	T7_ARTEFACT_2H_DAGGERPAIR_CRYSTAL	1
T7_2H_DAGGERPAIR_CRYSTAL	3	T7_METALBAR_LEVEL3	16
T7_2H_DAGGERPAIR_CRYSTAL	3	T7_LEATHER_LEVEL3	16
T7_2H_DAGGERPAIR_CRYSTAL	3	T7_ARTEFACT_2H_DAGGERPAIR_CRYSTAL	1
T7_2H_DAGGERPAIR_CRYSTAL	4	T7_METALBAR_LEVEL4	16
T7_2H_DAGGERPAIR_CRYSTAL	4	T7_LEATHER_LEVEL4	16
T7_2H_DAGGERPAIR_CRYSTAL	4	T7_ARTEFACT_2H_DAGGERPAIR_CRYSTAL	1
T8_2H_DAGGERPAIR_CRYSTAL	0	T8_METALBAR	16
T8_2H_DAGGERPAIR_CRYSTAL	0	T8_LEATHER	16
T8_2H_DAGGERPAIR_CRYSTAL	0	T8_ARTEFACT_2H_DAGGERPAIR_CRYSTAL	1
T8_2H_DAGGERPAIR_CRYSTAL	1	T8_METALBAR_LEVEL1	16
T8_2H_DAGGERPAIR_CRYSTAL	1	T8_LEATHER_LEVEL1	16
T8_2H_DAGGERPAIR_CRYSTAL	1	T8_ARTEFACT_2H_DAGGERPAIR_CRYSTAL	1
T8_2H_DAGGERPAIR_CRYSTAL	2	T8_METALBAR_LEVEL2	16
T8_2H_DAGGERPAIR_CRYSTAL	2	T8_LEATHER_LEVEL2	16
T8_2H_DAGGERPAIR_CRYSTAL	2	T8_ARTEFACT_2H_DAGGERPAIR_CRYSTAL	1
T8_2H_DAGGERPAIR_CRYSTAL	3	T8_METALBAR_LEVEL3	16
T8_2H_DAGGERPAIR_CRYSTAL	3	T8_LEATHER_LEVEL3	16
T8_2H_DAGGERPAIR_CRYSTAL	3	T8_ARTEFACT_2H_DAGGERPAIR_CRYSTAL	1
T8_2H_DAGGERPAIR_CRYSTAL	4	T8_METALBAR_LEVEL4	16
T8_2H_DAGGERPAIR_CRYSTAL	4	T8_LEATHER_LEVEL4	16
T8_2H_DAGGERPAIR_CRYSTAL	4	T8_ARTEFACT_2H_DAGGERPAIR_CRYSTAL	1
T3_MAIN_SPEAR	0	T3_PLANKS	16
T3_MAIN_SPEAR	0	T3_METALBAR	8
T4_MAIN_SPEAR	0	T4_PLANKS	16
T4_MAIN_SPEAR	0	T4_METALBAR	8
T4_MAIN_SPEAR	1	T4_PLANKS_LEVEL1	16
T4_MAIN_SPEAR	1	T4_METALBAR_LEVEL1	8
T4_MAIN_SPEAR	2	T4_PLANKS_LEVEL2	16
T4_MAIN_SPEAR	2	T4_METALBAR_LEVEL2	8
T4_MAIN_SPEAR	3	T4_PLANKS_LEVEL3	16
T4_MAIN_SPEAR	3	T4_METALBAR_LEVEL3	8
T4_MAIN_SPEAR	4	T4_PLANKS_LEVEL4	16
T4_MAIN_SPEAR	4	T4_METALBAR_LEVEL4	8
T5_MAIN_SPEAR	0	T5_PLANKS	16
T5_MAIN_SPEAR	0	T5_METALBAR	8
T5_MAIN_SPEAR	1	T5_PLANKS_LEVEL1	16
T5_MAIN_SPEAR	1	T5_METALBAR_LEVEL1	8
T5_MAIN_SPEAR	2	T5_PLANKS_LEVEL2	16
T5_MAIN_SPEAR	2	T5_METALBAR_LEVEL2	8
T5_MAIN_SPEAR	3	T5_PLANKS_LEVEL3	16
T5_MAIN_SPEAR	3	T5_METALBAR_LEVEL3	8
T5_MAIN_SPEAR	4	T5_PLANKS_LEVEL4	16
T5_MAIN_SPEAR	4	T5_METALBAR_LEVEL4	8
T6_MAIN_SPEAR	0	T6_PLANKS	16
T6_MAIN_SPEAR	0	T6_METALBAR	8
T6_MAIN_SPEAR	1	T6_PLANKS_LEVEL1	16
T6_MAIN_SPEAR	1	T6_METALBAR_LEVEL1	8
T6_MAIN_SPEAR	2	T6_PLANKS_LEVEL2	16
T6_MAIN_SPEAR	2	T6_METALBAR_LEVEL2	8
T6_MAIN_SPEAR	3	T6_PLANKS_LEVEL3	16
T6_MAIN_SPEAR	3	T6_METALBAR_LEVEL3	8
T6_MAIN_SPEAR	4	T6_PLANKS_LEVEL4	16
T6_MAIN_SPEAR	4	T6_METALBAR_LEVEL4	8
T7_MAIN_SPEAR	0	T7_PLANKS	16
T7_MAIN_SPEAR	0	T7_METALBAR	8
T7_MAIN_SPEAR	1	T7_PLANKS_LEVEL1	16
T7_MAIN_SPEAR	1	T7_METALBAR_LEVEL1	8
T7_MAIN_SPEAR	2	T7_PLANKS_LEVEL2	16
T7_MAIN_SPEAR	2	T7_METALBAR_LEVEL2	8
T7_MAIN_SPEAR	3	T7_PLANKS_LEVEL3	16
T7_MAIN_SPEAR	3	T7_METALBAR_LEVEL3	8
T7_MAIN_SPEAR	4	T7_PLANKS_LEVEL4	16
T7_MAIN_SPEAR	4	T7_METALBAR_LEVEL4	8
T8_MAIN_SPEAR	0	T8_PLANKS	16
T8_MAIN_SPEAR	0	T8_METALBAR	8
T8_MAIN_SPEAR	1	T8_PLANKS_LEVEL1	16
T8_MAIN_SPEAR	1	T8_METALBAR_LEVEL1	8
T8_MAIN_SPEAR	2	T8_PLANKS_LEVEL2	16
T8_MAIN_SPEAR	2	T8_METALBAR_LEVEL2	8
T8_MAIN_SPEAR	3	T8_PLANKS_LEVEL3	16
T8_MAIN_SPEAR	3	T8_METALBAR_LEVEL3	8
T8_MAIN_SPEAR	4	T8_PLANKS_LEVEL4	16
T8_MAIN_SPEAR	4	T8_METALBAR_LEVEL4	8
T4_2H_SPEAR	0	T4_PLANKS	20
T4_2H_SPEAR	0	T4_METALBAR	12
T4_2H_SPEAR	1	T4_PLANKS_LEVEL1	20
T4_2H_SPEAR	1	T4_METALBAR_LEVEL1	12
T4_2H_SPEAR	2	T4_PLANKS_LEVEL2	20
T4_2H_SPEAR	2	T4_METALBAR_LEVEL2	12
T4_2H_SPEAR	3	T4_PLANKS_LEVEL3	20
T4_2H_SPEAR	3	T4_METALBAR_LEVEL3	12
T4_2H_SPEAR	4	T4_PLANKS_LEVEL4	20
T4_2H_SPEAR	4	T4_METALBAR_LEVEL4	12
T5_2H_SPEAR	0	T5_PLANKS	20
T5_2H_SPEAR	0	T5_METALBAR	12
T5_2H_SPEAR	1	T5_PLANKS_LEVEL1	20
T5_2H_SPEAR	1	T5_METALBAR_LEVEL1	12
T5_2H_SPEAR	2	T5_PLANKS_LEVEL2	20
T5_2H_SPEAR	2	T5_METALBAR_LEVEL2	12
T5_2H_SPEAR	3	T5_PLANKS_LEVEL3	20
T5_2H_SPEAR	3	T5_METALBAR_LEVEL3	12
T5_2H_SPEAR	4	T5_PLANKS_LEVEL4	20
T5_2H_SPEAR	4	T5_METALBAR_LEVEL4	12
T6_2H_SPEAR	0	T6_PLANKS	20
T6_2H_SPEAR	0	T6_METALBAR	12
T6_2H_SPEAR	1	T6_PLANKS_LEVEL1	20
T6_2H_SPEAR	1	T6_METALBAR_LEVEL1	12
T6_2H_SPEAR	2	T6_PLANKS_LEVEL2	20
T6_2H_SPEAR	2	T6_METALBAR_LEVEL2	12
T6_2H_SPEAR	3	T6_PLANKS_LEVEL3	20
T6_2H_SPEAR	3	T6_METALBAR_LEVEL3	12
T6_2H_SPEAR	4	T6_PLANKS_LEVEL4	20
T6_2H_SPEAR	4	T6_METALBAR_LEVEL4	12
T7_2H_SPEAR	0	T7_PLANKS	20
T7_2H_SPEAR	0	T7_METALBAR	12
T7_2H_SPEAR	1	T7_PLANKS_LEVEL1	20
T7_2H_SPEAR	1	T7_METALBAR_LEVEL1	12
T7_2H_SPEAR	2	T7_PLANKS_LEVEL2	20
T7_2H_SPEAR	2	T7_METALBAR_LEVEL2	12
T7_2H_SPEAR	3	T7_PLANKS_LEVEL3	20
T7_2H_SPEAR	3	T7_METALBAR_LEVEL3	12
T7_2H_SPEAR	4	T7_PLANKS_LEVEL4	20
T7_2H_SPEAR	4	T7_METALBAR_LEVEL4	12
T8_2H_SPEAR	0	T8_PLANKS	20
T8_2H_SPEAR	0	T8_METALBAR	12
T8_2H_SPEAR	1	T8_PLANKS_LEVEL1	20
T8_2H_SPEAR	1	T8_METALBAR_LEVEL1	12
T8_2H_SPEAR	2	T8_PLANKS_LEVEL2	20
T8_2H_SPEAR	2	T8_METALBAR_LEVEL2	12
T8_2H_SPEAR	3	T8_PLANKS_LEVEL3	20
T8_2H_SPEAR	3	T8_METALBAR_LEVEL3	12
T8_2H_SPEAR	4	T8_PLANKS_LEVEL4	20
T8_2H_SPEAR	4	T8_METALBAR_LEVEL4	12
T4_2H_GLAIVE	0	T4_PLANKS	12
T4_2H_GLAIVE	0	T4_METALBAR	20
T4_2H_GLAIVE	1	T4_PLANKS_LEVEL1	12
T4_2H_GLAIVE	1	T4_METALBAR_LEVEL1	20
T4_2H_GLAIVE	2	T4_PLANKS_LEVEL2	12
T4_2H_GLAIVE	2	T4_METALBAR_LEVEL2	20
T4_2H_GLAIVE	3	T4_PLANKS_LEVEL3	12
T4_2H_GLAIVE	3	T4_METALBAR_LEVEL3	20
T4_2H_GLAIVE	4	T4_PLANKS_LEVEL4	12
T4_2H_GLAIVE	4	T4_METALBAR_LEVEL4	20
T5_2H_GLAIVE	0	T5_PLANKS	12
T5_2H_GLAIVE	0	T5_METALBAR	20
T5_2H_GLAIVE	1	T5_PLANKS_LEVEL1	12
T5_2H_GLAIVE	1	T5_METALBAR_LEVEL1	20
T5_2H_GLAIVE	2	T5_PLANKS_LEVEL2	12
T5_2H_GLAIVE	2	T5_METALBAR_LEVEL2	20
T5_2H_GLAIVE	3	T5_PLANKS_LEVEL3	12
T5_2H_GLAIVE	3	T5_METALBAR_LEVEL3	20
T5_2H_GLAIVE	4	T5_PLANKS_LEVEL4	12
T5_2H_GLAIVE	4	T5_METALBAR_LEVEL4	20
T6_2H_GLAIVE	0	T6_PLANKS	12
T6_2H_GLAIVE	0	T6_METALBAR	20
T6_2H_GLAIVE	1	T6_PLANKS_LEVEL1	12
T6_2H_GLAIVE	1	T6_METALBAR_LEVEL1	20
T6_2H_GLAIVE	2	T6_PLANKS_LEVEL2	12
T6_2H_GLAIVE	2	T6_METALBAR_LEVEL2	20
T6_2H_GLAIVE	3	T6_PLANKS_LEVEL3	12
T6_2H_GLAIVE	3	T6_METALBAR_LEVEL3	20
T6_2H_GLAIVE	4	T6_PLANKS_LEVEL4	12
T6_2H_GLAIVE	4	T6_METALBAR_LEVEL4	20
T7_2H_GLAIVE	0	T7_PLANKS	12
T7_2H_GLAIVE	0	T7_METALBAR	20
T7_2H_GLAIVE	1	T7_PLANKS_LEVEL1	12
T7_2H_GLAIVE	1	T7_METALBAR_LEVEL1	20
T7_2H_GLAIVE	2	T7_PLANKS_LEVEL2	12
T7_2H_GLAIVE	2	T7_METALBAR_LEVEL2	20
T7_2H_GLAIVE	3	T7_PLANKS_LEVEL3	12
T7_2H_GLAIVE	3	T7_METALBAR_LEVEL3	20
T7_2H_GLAIVE	4	T7_PLANKS_LEVEL4	12
T7_2H_GLAIVE	4	T7_METALBAR_LEVEL4	20
T8_2H_GLAIVE	0	T8_PLANKS	12
T8_2H_GLAIVE	0	T8_METALBAR	20
T8_2H_GLAIVE	1	T8_PLANKS_LEVEL1	12
T8_2H_GLAIVE	1	T8_METALBAR_LEVEL1	20
T8_2H_GLAIVE	2	T8_PLANKS_LEVEL2	12
T8_2H_GLAIVE	2	T8_METALBAR_LEVEL2	20
T8_2H_GLAIVE	3	T8_PLANKS_LEVEL3	12
T8_2H_GLAIVE	3	T8_METALBAR_LEVEL3	20
T8_2H_GLAIVE	4	T8_PLANKS_LEVEL4	12
T8_2H_GLAIVE	4	T8_METALBAR_LEVEL4	20
T4_MAIN_SPEAR_KEEPER	0	T4_PLANKS	16
T4_MAIN_SPEAR_KEEPER	0	T4_METALBAR	8
T4_MAIN_SPEAR_KEEPER	0	T4_ARTEFACT_MAIN_SPEAR_KEEPER	1
T4_MAIN_SPEAR_KEEPER	1	T4_PLANKS_LEVEL1	16
T4_MAIN_SPEAR_KEEPER	1	T4_METALBAR_LEVEL1	8
T4_MAIN_SPEAR_KEEPER	1	T4_ARTEFACT_MAIN_SPEAR_KEEPER	1
T4_MAIN_SPEAR_KEEPER	2	T4_PLANKS_LEVEL2	16
T4_MAIN_SPEAR_KEEPER	2	T4_METALBAR_LEVEL2	8
T4_MAIN_SPEAR_KEEPER	2	T4_ARTEFACT_MAIN_SPEAR_KEEPER	1
T4_MAIN_SPEAR_KEEPER	3	T4_PLANKS_LEVEL3	16
T4_MAIN_SPEAR_KEEPER	3	T4_METALBAR_LEVEL3	8
T4_MAIN_SPEAR_KEEPER	3	T4_ARTEFACT_MAIN_SPEAR_KEEPER	1
T4_MAIN_SPEAR_KEEPER	4	T4_PLANKS_LEVEL4	16
T4_MAIN_SPEAR_KEEPER	4	T4_METALBAR_LEVEL4	8
T4_MAIN_SPEAR_KEEPER	4	T4_ARTEFACT_MAIN_SPEAR_KEEPER	1
T5_MAIN_SPEAR_KEEPER	0	T5_PLANKS	16
T5_MAIN_SPEAR_KEEPER	0	T5_METALBAR	8
T5_MAIN_SPEAR_KEEPER	0	T5_ARTEFACT_MAIN_SPEAR_KEEPER	1
T5_MAIN_SPEAR_KEEPER	1	T5_PLANKS_LEVEL1	16
T5_MAIN_SPEAR_KEEPER	1	T5_METALBAR_LEVEL1	8
T5_MAIN_SPEAR_KEEPER	1	T5_ARTEFACT_MAIN_SPEAR_KEEPER	1
T5_MAIN_SPEAR_KEEPER	2	T5_PLANKS_LEVEL2	16
T5_MAIN_SPEAR_KEEPER	2	T5_METALBAR_LEVEL2	8
T5_MAIN_SPEAR_KEEPER	2	T5_ARTEFACT_MAIN_SPEAR_KEEPER	1
T5_MAIN_SPEAR_KEEPER	3	T5_PLANKS_LEVEL3	16
T5_MAIN_SPEAR_KEEPER	3	T5_METALBAR_LEVEL3	8
T5_MAIN_SPEAR_KEEPER	3	T5_ARTEFACT_MAIN_SPEAR_KEEPER	1
T5_MAIN_SPEAR_KEEPER	4	T5_PLANKS_LEVEL4	16
T5_MAIN_SPEAR_KEEPER	4	T5_METALBAR_LEVEL4	8
T5_MAIN_SPEAR_KEEPER	4	T5_ARTEFACT_MAIN_SPEAR_KEEPER	1
T6_MAIN_SPEAR_KEEPER	0	T6_PLANKS	16
T6_MAIN_SPEAR_KEEPER	0	T6_METALBAR	8
T6_MAIN_SPEAR_KEEPER	0	T6_ARTEFACT_MAIN_SPEAR_KEEPER	1
T6_MAIN_SPEAR_KEEPER	1	T6_PLANKS_LEVEL1	16
T6_MAIN_SPEAR_KEEPER	1	T6_METALBAR_LEVEL1	8
T6_MAIN_SPEAR_KEEPER	1	T6_ARTEFACT_MAIN_SPEAR_KEEPER	1
T6_MAIN_SPEAR_KEEPER	2	T6_PLANKS_LEVEL2	16
T6_MAIN_SPEAR_KEEPER	2	T6_METALBAR_LEVEL2	8
T6_MAIN_SPEAR_KEEPER	2	T6_ARTEFACT_MAIN_SPEAR_KEEPER	1
T6_MAIN_SPEAR_KEEPER	3	T6_PLANKS_LEVEL3	16
T6_MAIN_SPEAR_KEEPER	3	T6_METALBAR_LEVEL3	8
T6_MAIN_SPEAR_KEEPER	3	T6_ARTEFACT_MAIN_SPEAR_KEEPER	1
T6_MAIN_SPEAR_KEEPER	4	T6_PLANKS_LEVEL4	16
T6_MAIN_SPEAR_KEEPER	4	T6_METALBAR_LEVEL4	8
T6_MAIN_SPEAR_KEEPER	4	T6_ARTEFACT_MAIN_SPEAR_KEEPER	1
T7_MAIN_SPEAR_KEEPER	0	T7_PLANKS	16
T7_MAIN_SPEAR_KEEPER	0	T7_METALBAR	8
T7_MAIN_SPEAR_KEEPER	0	T7_ARTEFACT_MAIN_SPEAR_KEEPER	1
T7_MAIN_SPEAR_KEEPER	1	T7_PLANKS_LEVEL1	16
T7_MAIN_SPEAR_KEEPER	1	T7_METALBAR_LEVEL1	8
T7_MAIN_SPEAR_KEEPER	1	T7_ARTEFACT_MAIN_SPEAR_KEEPER	1
T7_MAIN_SPEAR_KEEPER	2	T7_PLANKS_LEVEL2	16
T7_MAIN_SPEAR_KEEPER	2	T7_METALBAR_LEVEL2	8
T7_MAIN_SPEAR_KEEPER	2	T7_ARTEFACT_MAIN_SPEAR_KEEPER	1
T7_MAIN_SPEAR_KEEPER	3	T7_PLANKS_LEVEL3	16
T7_MAIN_SPEAR_KEEPER	3	T7_METALBAR_LEVEL3	8
T7_MAIN_SPEAR_KEEPER	3	T7_ARTEFACT_MAIN_SPEAR_KEEPER	1
T7_MAIN_SPEAR_KEEPER	4	T7_PLANKS_LEVEL4	16
T7_MAIN_SPEAR_KEEPER	4	T7_METALBAR_LEVEL4	8
T7_MAIN_SPEAR_KEEPER	4	T7_ARTEFACT_MAIN_SPEAR_KEEPER	1
T8_MAIN_SPEAR_KEEPER	0	T8_PLANKS	16
T8_MAIN_SPEAR_KEEPER	0	T8_METALBAR	8
T8_MAIN_SPEAR_KEEPER	0	T8_ARTEFACT_MAIN_SPEAR_KEEPER	1
T8_MAIN_SPEAR_KEEPER	1	T8_PLANKS_LEVEL1	16
T8_MAIN_SPEAR_KEEPER	1	T8_METALBAR_LEVEL1	8
T8_MAIN_SPEAR_KEEPER	1	T8_ARTEFACT_MAIN_SPEAR_KEEPER	1
T8_MAIN_SPEAR_KEEPER	2	T8_PLANKS_LEVEL2	16
T8_MAIN_SPEAR_KEEPER	2	T8_METALBAR_LEVEL2	8
T8_MAIN_SPEAR_KEEPER	2	T8_ARTEFACT_MAIN_SPEAR_KEEPER	1
T8_MAIN_SPEAR_KEEPER	3	T8_PLANKS_LEVEL3	16
T8_MAIN_SPEAR_KEEPER	3	T8_METALBAR_LEVEL3	8
T8_MAIN_SPEAR_KEEPER	3	T8_ARTEFACT_MAIN_SPEAR_KEEPER	1
T8_MAIN_SPEAR_KEEPER	4	T8_PLANKS_LEVEL4	16
T8_MAIN_SPEAR_KEEPER	4	T8_METALBAR_LEVEL4	8
T8_MAIN_SPEAR_KEEPER	4	T8_ARTEFACT_MAIN_SPEAR_KEEPER	1
T4_2H_HARPOON_HELL	0	T4_PLANKS	20
T4_2H_HARPOON_HELL	0	T4_METALBAR	12
T4_2H_HARPOON_HELL	0	T4_ARTEFACT_2H_HARPOON_HELL	1
T4_2H_HARPOON_HELL	1	T4_PLANKS_LEVEL1	20
T4_2H_HARPOON_HELL	1	T4_METALBAR_LEVEL1	12
T4_2H_HARPOON_HELL	1	T4_ARTEFACT_2H_HARPOON_HELL	1
T4_2H_HARPOON_HELL	2	T4_PLANKS_LEVEL2	20
T4_2H_HARPOON_HELL	2	T4_METALBAR_LEVEL2	12
T4_2H_HARPOON_HELL	2	T4_ARTEFACT_2H_HARPOON_HELL	1
T4_2H_HARPOON_HELL	3	T4_PLANKS_LEVEL3	20
T4_2H_HARPOON_HELL	3	T4_METALBAR_LEVEL3	12
T4_2H_HARPOON_HELL	3	T4_ARTEFACT_2H_HARPOON_HELL	1
T4_2H_HARPOON_HELL	4	T4_PLANKS_LEVEL4	20
T4_2H_HARPOON_HELL	4	T4_METALBAR_LEVEL4	12
T4_2H_HARPOON_HELL	4	T4_ARTEFACT_2H_HARPOON_HELL	1
T5_2H_HARPOON_HELL	0	T5_PLANKS	20
T5_2H_HARPOON_HELL	0	T5_METALBAR	12
T5_2H_HARPOON_HELL	0	T5_ARTEFACT_2H_HARPOON_HELL	1
T5_2H_HARPOON_HELL	1	T5_PLANKS_LEVEL1	20
T5_2H_HARPOON_HELL	1	T5_METALBAR_LEVEL1	12
T5_2H_HARPOON_HELL	1	T5_ARTEFACT_2H_HARPOON_HELL	1
T5_2H_HARPOON_HELL	2	T5_PLANKS_LEVEL2	20
T5_2H_HARPOON_HELL	2	T5_METALBAR_LEVEL2	12
T5_2H_HARPOON_HELL	2	T5_ARTEFACT_2H_HARPOON_HELL	1
T5_2H_HARPOON_HELL	3	T5_PLANKS_LEVEL3	20
T5_2H_HARPOON_HELL	3	T5_METALBAR_LEVEL3	12
T5_2H_HARPOON_HELL	3	T5_ARTEFACT_2H_HARPOON_HELL	1
T5_2H_HARPOON_HELL	4	T5_PLANKS_LEVEL4	20
T5_2H_HARPOON_HELL	4	T5_METALBAR_LEVEL4	12
T5_2H_HARPOON_HELL	4	T5_ARTEFACT_2H_HARPOON_HELL	1
T6_2H_HARPOON_HELL	0	T6_PLANKS	20
T6_2H_HARPOON_HELL	0	T6_METALBAR	12
T6_2H_HARPOON_HELL	0	T6_ARTEFACT_2H_HARPOON_HELL	1
T6_2H_HARPOON_HELL	1	T6_PLANKS_LEVEL1	20
T6_2H_HARPOON_HELL	1	T6_METALBAR_LEVEL1	12
T6_2H_HARPOON_HELL	1	T6_ARTEFACT_2H_HARPOON_HELL	1
T6_2H_HARPOON_HELL	2	T6_PLANKS_LEVEL2	20
T6_2H_HARPOON_HELL	2	T6_METALBAR_LEVEL2	12
T6_2H_HARPOON_HELL	2	T6_ARTEFACT_2H_HARPOON_HELL	1
T6_2H_HARPOON_HELL	3	T6_PLANKS_LEVEL3	20
T6_2H_HARPOON_HELL	3	T6_METALBAR_LEVEL3	12
T6_2H_HARPOON_HELL	3	T6_ARTEFACT_2H_HARPOON_HELL	1
T6_2H_HARPOON_HELL	4	T6_PLANKS_LEVEL4	20
T6_2H_HARPOON_HELL	4	T6_METALBAR_LEVEL4	12
T6_2H_HARPOON_HELL	4	T6_ARTEFACT_2H_HARPOON_HELL	1
T7_2H_HARPOON_HELL	0	T7_PLANKS	20
T7_2H_HARPOON_HELL	0	T7_METALBAR	12
T7_2H_HARPOON_HELL	0	T7_ARTEFACT_2H_HARPOON_HELL	1
T7_2H_HARPOON_HELL	1	T7_PLANKS_LEVEL1	20
T7_2H_HARPOON_HELL	1	T7_METALBAR_LEVEL1	12
T7_2H_HARPOON_HELL	1	T7_ARTEFACT_2H_HARPOON_HELL	1
T7_2H_HARPOON_HELL	2	T7_PLANKS_LEVEL2	20
T7_2H_HARPOON_HELL	2	T7_METALBAR_LEVEL2	12
T7_2H_HARPOON_HELL	2	T7_ARTEFACT_2H_HARPOON_HELL	1
T7_2H_HARPOON_HELL	3	T7_PLANKS_LEVEL3	20
T7_2H_HARPOON_HELL	3	T7_METALBAR_LEVEL3	12
T7_2H_HARPOON_HELL	3	T7_ARTEFACT_2H_HARPOON_HELL	1
T7_2H_HARPOON_HELL	4	T7_PLANKS_LEVEL4	20
T7_2H_HARPOON_HELL	4	T7_METALBAR_LEVEL4	12
T7_2H_HARPOON_HELL	4	T7_ARTEFACT_2H_HARPOON_HELL	1
T8_2H_HARPOON_HELL	0	T8_PLANKS	20
T8_2H_HARPOON_HELL	0	T8_METALBAR	12
T8_2H_HARPOON_HELL	0	T8_ARTEFACT_2H_HARPOON_HELL	1
T8_2H_HARPOON_HELL	1	T8_PLANKS_LEVEL1	20
T8_2H_HARPOON_HELL	1	T8_METALBAR_LEVEL1	12
T8_2H_HARPOON_HELL	1	T8_ARTEFACT_2H_HARPOON_HELL	1
T8_2H_HARPOON_HELL	2	T8_PLANKS_LEVEL2	20
T8_2H_HARPOON_HELL	2	T8_METALBAR_LEVEL2	12
T8_2H_HARPOON_HELL	2	T8_ARTEFACT_2H_HARPOON_HELL	1
T8_2H_HARPOON_HELL	3	T8_PLANKS_LEVEL3	20
T8_2H_HARPOON_HELL	3	T8_METALBAR_LEVEL3	12
T8_2H_HARPOON_HELL	3	T8_ARTEFACT_2H_HARPOON_HELL	1
T8_2H_HARPOON_HELL	4	T8_PLANKS_LEVEL4	20
T8_2H_HARPOON_HELL	4	T8_METALBAR_LEVEL4	12
T8_2H_HARPOON_HELL	4	T8_ARTEFACT_2H_HARPOON_HELL	1
T4_2H_TRIDENT_UNDEAD	0	T4_PLANKS	20
T4_2H_TRIDENT_UNDEAD	0	T4_METALBAR	12
T4_2H_TRIDENT_UNDEAD	0	T4_ARTEFACT_2H_TRIDENT_UNDEAD	1
T4_2H_TRIDENT_UNDEAD	1	T4_PLANKS_LEVEL1	20
T4_2H_TRIDENT_UNDEAD	1	T4_METALBAR_LEVEL1	12
T4_2H_TRIDENT_UNDEAD	1	T4_ARTEFACT_2H_TRIDENT_UNDEAD	1
T4_2H_TRIDENT_UNDEAD	2	T4_PLANKS_LEVEL2	20
T4_2H_TRIDENT_UNDEAD	2	T4_METALBAR_LEVEL2	12
T4_2H_TRIDENT_UNDEAD	2	T4_ARTEFACT_2H_TRIDENT_UNDEAD	1
T4_2H_TRIDENT_UNDEAD	3	T4_PLANKS_LEVEL3	20
T4_2H_TRIDENT_UNDEAD	3	T4_METALBAR_LEVEL3	12
T4_2H_TRIDENT_UNDEAD	3	T4_ARTEFACT_2H_TRIDENT_UNDEAD	1
T4_2H_TRIDENT_UNDEAD	4	T4_PLANKS_LEVEL4	20
T4_2H_TRIDENT_UNDEAD	4	T4_METALBAR_LEVEL4	12
T4_2H_TRIDENT_UNDEAD	4	T4_ARTEFACT_2H_TRIDENT_UNDEAD	1
T5_2H_TRIDENT_UNDEAD	0	T5_PLANKS	20
T5_2H_TRIDENT_UNDEAD	0	T5_METALBAR	12
T5_2H_TRIDENT_UNDEAD	0	T5_ARTEFACT_2H_TRIDENT_UNDEAD	1
T5_2H_TRIDENT_UNDEAD	1	T5_PLANKS_LEVEL1	20
T5_2H_TRIDENT_UNDEAD	1	T5_METALBAR_LEVEL1	12
T5_2H_TRIDENT_UNDEAD	1	T5_ARTEFACT_2H_TRIDENT_UNDEAD	1
T5_2H_TRIDENT_UNDEAD	2	T5_PLANKS_LEVEL2	20
T5_2H_TRIDENT_UNDEAD	2	T5_METALBAR_LEVEL2	12
T5_2H_TRIDENT_UNDEAD	2	T5_ARTEFACT_2H_TRIDENT_UNDEAD	1
T5_2H_TRIDENT_UNDEAD	3	T5_PLANKS_LEVEL3	20
T5_2H_TRIDENT_UNDEAD	3	T5_METALBAR_LEVEL3	12
T5_2H_TRIDENT_UNDEAD	3	T5_ARTEFACT_2H_TRIDENT_UNDEAD	1
T5_2H_TRIDENT_UNDEAD	4	T5_PLANKS_LEVEL4	20
T5_2H_TRIDENT_UNDEAD	4	T5_METALBAR_LEVEL4	12
T5_2H_TRIDENT_UNDEAD	4	T5_ARTEFACT_2H_TRIDENT_UNDEAD	1
T6_2H_TRIDENT_UNDEAD	0	T6_PLANKS	20
T6_2H_TRIDENT_UNDEAD	0	T6_METALBAR	12
T6_2H_TRIDENT_UNDEAD	0	T6_ARTEFACT_2H_TRIDENT_UNDEAD	1
T6_2H_TRIDENT_UNDEAD	1	T6_PLANKS_LEVEL1	20
T6_2H_TRIDENT_UNDEAD	1	T6_METALBAR_LEVEL1	12
T6_2H_TRIDENT_UNDEAD	1	T6_ARTEFACT_2H_TRIDENT_UNDEAD	1
T6_2H_TRIDENT_UNDEAD	2	T6_PLANKS_LEVEL2	20
T6_2H_TRIDENT_UNDEAD	2	T6_METALBAR_LEVEL2	12
T6_2H_TRIDENT_UNDEAD	2	T6_ARTEFACT_2H_TRIDENT_UNDEAD	1
T6_2H_TRIDENT_UNDEAD	3	T6_PLANKS_LEVEL3	20
T6_2H_TRIDENT_UNDEAD	3	T6_METALBAR_LEVEL3	12
T6_2H_TRIDENT_UNDEAD	3	T6_ARTEFACT_2H_TRIDENT_UNDEAD	1
T6_2H_TRIDENT_UNDEAD	4	T6_PLANKS_LEVEL4	20
T6_2H_TRIDENT_UNDEAD	4	T6_METALBAR_LEVEL4	12
T6_2H_TRIDENT_UNDEAD	4	T6_ARTEFACT_2H_TRIDENT_UNDEAD	1
T7_2H_TRIDENT_UNDEAD	0	T7_PLANKS	20
T7_2H_TRIDENT_UNDEAD	0	T7_METALBAR	12
T7_2H_TRIDENT_UNDEAD	0	T7_ARTEFACT_2H_TRIDENT_UNDEAD	1
T7_2H_TRIDENT_UNDEAD	1	T7_PLANKS_LEVEL1	20
T7_2H_TRIDENT_UNDEAD	1	T7_METALBAR_LEVEL1	12
T7_2H_TRIDENT_UNDEAD	1	T7_ARTEFACT_2H_TRIDENT_UNDEAD	1
T7_2H_TRIDENT_UNDEAD	2	T7_PLANKS_LEVEL2	20
T7_2H_TRIDENT_UNDEAD	2	T7_METALBAR_LEVEL2	12
T7_2H_TRIDENT_UNDEAD	2	T7_ARTEFACT_2H_TRIDENT_UNDEAD	1
T7_2H_TRIDENT_UNDEAD	3	T7_PLANKS_LEVEL3	20
T7_2H_TRIDENT_UNDEAD	3	T7_METALBAR_LEVEL3	12
T7_2H_TRIDENT_UNDEAD	3	T7_ARTEFACT_2H_TRIDENT_UNDEAD	1
T7_2H_TRIDENT_UNDEAD	4	T7_PLANKS_LEVEL4	20
T7_2H_TRIDENT_UNDEAD	4	T7_METALBAR_LEVEL4	12
T7_2H_TRIDENT_UNDEAD	4	T7_ARTEFACT_2H_TRIDENT_UNDEAD	1
T8_2H_TRIDENT_UNDEAD	0	T8_PLANKS	20
T8_2H_TRIDENT_UNDEAD	0	T8_METALBAR	12
T8_2H_TRIDENT_UNDEAD	0	T8_ARTEFACT_2H_TRIDENT_UNDEAD	1
T8_2H_TRIDENT_UNDEAD	1	T8_PLANKS_LEVEL1	20
T8_2H_TRIDENT_UNDEAD	1	T8_METALBAR_LEVEL1	12
T8_2H_TRIDENT_UNDEAD	1	T8_ARTEFACT_2H_TRIDENT_UNDEAD	1
T8_2H_TRIDENT_UNDEAD	2	T8_PLANKS_LEVEL2	20
T8_2H_TRIDENT_UNDEAD	2	T8_METALBAR_LEVEL2	12
T8_2H_TRIDENT_UNDEAD	2	T8_ARTEFACT_2H_TRIDENT_UNDEAD	1
T8_2H_TRIDENT_UNDEAD	3	T8_PLANKS_LEVEL3	20
T8_2H_TRIDENT_UNDEAD	3	T8_METALBAR_LEVEL3	12
T8_2H_TRIDENT_UNDEAD	3	T8_ARTEFACT_2H_TRIDENT_UNDEAD	1
T8_2H_TRIDENT_UNDEAD	4	T8_PLANKS_LEVEL4	20
T8_2H_TRIDENT_UNDEAD	4	T8_METALBAR_LEVEL4	12
T8_2H_TRIDENT_UNDEAD	4	T8_ARTEFACT_2H_TRIDENT_UNDEAD	1
T4_MAIN_SPEAR_LANCE_AVALON	0	T4_PLANKS	16
T4_MAIN_SPEAR_LANCE_AVALON	0	T4_METALBAR	8
T4_MAIN_SPEAR_LANCE_AVALON	0	T4_ARTEFACT_MAIN_SPEAR_LANCE_AVALON	1
T4_MAIN_SPEAR_LANCE_AVALON	1	T4_PLANKS_LEVEL1	16
T4_MAIN_SPEAR_LANCE_AVALON	1	T4_METALBAR_LEVEL1	8
T4_MAIN_SPEAR_LANCE_AVALON	1	T4_ARTEFACT_MAIN_SPEAR_LANCE_AVALON	1
T4_MAIN_SPEAR_LANCE_AVALON	2	T4_PLANKS_LEVEL2	16
T4_MAIN_SPEAR_LANCE_AVALON	2	T4_METALBAR_LEVEL2	8
T4_MAIN_SPEAR_LANCE_AVALON	2	T4_ARTEFACT_MAIN_SPEAR_LANCE_AVALON	1
T4_MAIN_SPEAR_LANCE_AVALON	3	T4_PLANKS_LEVEL3	16
T4_MAIN_SPEAR_LANCE_AVALON	3	T4_METALBAR_LEVEL3	8
T4_MAIN_SPEAR_LANCE_AVALON	3	T4_ARTEFACT_MAIN_SPEAR_LANCE_AVALON	1
T4_MAIN_SPEAR_LANCE_AVALON	4	T4_PLANKS_LEVEL4	16
T4_MAIN_SPEAR_LANCE_AVALON	4	T4_METALBAR_LEVEL4	8
T4_MAIN_SPEAR_LANCE_AVALON	4	T4_ARTEFACT_MAIN_SPEAR_LANCE_AVALON	1
T5_MAIN_SPEAR_LANCE_AVALON	0	T5_PLANKS	16
T5_MAIN_SPEAR_LANCE_AVALON	0	T5_METALBAR	8
T5_MAIN_SPEAR_LANCE_AVALON	0	T5_ARTEFACT_MAIN_SPEAR_LANCE_AVALON	1
T5_MAIN_SPEAR_LANCE_AVALON	1	T5_PLANKS_LEVEL1	16
T5_MAIN_SPEAR_LANCE_AVALON	1	T5_METALBAR_LEVEL1	8
T5_MAIN_SPEAR_LANCE_AVALON	1	T5_ARTEFACT_MAIN_SPEAR_LANCE_AVALON	1
T5_MAIN_SPEAR_LANCE_AVALON	2	T5_PLANKS_LEVEL2	16
T5_MAIN_SPEAR_LANCE_AVALON	2	T5_METALBAR_LEVEL2	8
T5_MAIN_SPEAR_LANCE_AVALON	2	T5_ARTEFACT_MAIN_SPEAR_LANCE_AVALON	1
T5_MAIN_SPEAR_LANCE_AVALON	3	T5_PLANKS_LEVEL3	16
T5_MAIN_SPEAR_LANCE_AVALON	3	T5_METALBAR_LEVEL3	8
T5_MAIN_SPEAR_LANCE_AVALON	3	T5_ARTEFACT_MAIN_SPEAR_LANCE_AVALON	1
T5_MAIN_SPEAR_LANCE_AVALON	4	T5_PLANKS_LEVEL4	16
T5_MAIN_SPEAR_LANCE_AVALON	4	T5_METALBAR_LEVEL4	8
T5_MAIN_SPEAR_LANCE_AVALON	4	T5_ARTEFACT_MAIN_SPEAR_LANCE_AVALON	1
T6_MAIN_SPEAR_LANCE_AVALON	0	T6_PLANKS	16
T6_MAIN_SPEAR_LANCE_AVALON	0	T6_METALBAR	8
T6_MAIN_SPEAR_LANCE_AVALON	0	T6_ARTEFACT_MAIN_SPEAR_LANCE_AVALON	1
T6_MAIN_SPEAR_LANCE_AVALON	1	T6_PLANKS_LEVEL1	16
T6_MAIN_SPEAR_LANCE_AVALON	1	T6_METALBAR_LEVEL1	8
T6_MAIN_SPEAR_LANCE_AVALON	1	T6_ARTEFACT_MAIN_SPEAR_LANCE_AVALON	1
T6_MAIN_SPEAR_LANCE_AVALON	2	T6_PLANKS_LEVEL2	16
T6_MAIN_SPEAR_LANCE_AVALON	2	T6_METALBAR_LEVEL2	8
T6_MAIN_SPEAR_LANCE_AVALON	2	T6_ARTEFACT_MAIN_SPEAR_LANCE_AVALON	1
T6_MAIN_SPEAR_LANCE_AVALON	3	T6_PLANKS_LEVEL3	16
T6_MAIN_SPEAR_LANCE_AVALON	3	T6_METALBAR_LEVEL3	8
T6_MAIN_SPEAR_LANCE_AVALON	3	T6_ARTEFACT_MAIN_SPEAR_LANCE_AVALON	1
T6_MAIN_SPEAR_LANCE_AVALON	4	T6_PLANKS_LEVEL4	16
T6_MAIN_SPEAR_LANCE_AVALON	4	T6_METALBAR_LEVEL4	8
T6_MAIN_SPEAR_LANCE_AVALON	4	T6_ARTEFACT_MAIN_SPEAR_LANCE_AVALON	1
T7_MAIN_SPEAR_LANCE_AVALON	0	T7_PLANKS	16
T7_MAIN_SPEAR_LANCE_AVALON	0	T7_METALBAR	8
T7_MAIN_SPEAR_LANCE_AVALON	0	T7_ARTEFACT_MAIN_SPEAR_LANCE_AVALON	1
T7_MAIN_SPEAR_LANCE_AVALON	1	T7_PLANKS_LEVEL1	16
T7_MAIN_SPEAR_LANCE_AVALON	1	T7_METALBAR_LEVEL1	8
T7_MAIN_SPEAR_LANCE_AVALON	1	T7_ARTEFACT_MAIN_SPEAR_LANCE_AVALON	1
T7_MAIN_SPEAR_LANCE_AVALON	2	T7_PLANKS_LEVEL2	16
T7_MAIN_SPEAR_LANCE_AVALON	2	T7_METALBAR_LEVEL2	8
T7_MAIN_SPEAR_LANCE_AVALON	2	T7_ARTEFACT_MAIN_SPEAR_LANCE_AVALON	1
T7_MAIN_SPEAR_LANCE_AVALON	3	T7_PLANKS_LEVEL3	16
T7_MAIN_SPEAR_LANCE_AVALON	3	T7_METALBAR_LEVEL3	8
T7_MAIN_SPEAR_LANCE_AVALON	3	T7_ARTEFACT_MAIN_SPEAR_LANCE_AVALON	1
T7_MAIN_SPEAR_LANCE_AVALON	4	T7_PLANKS_LEVEL4	16
T7_MAIN_SPEAR_LANCE_AVALON	4	T7_METALBAR_LEVEL4	8
T7_MAIN_SPEAR_LANCE_AVALON	4	T7_ARTEFACT_MAIN_SPEAR_LANCE_AVALON	1
T8_MAIN_SPEAR_LANCE_AVALON	0	T8_PLANKS	16
T8_MAIN_SPEAR_LANCE_AVALON	0	T8_METALBAR	8
T8_MAIN_SPEAR_LANCE_AVALON	0	T8_ARTEFACT_MAIN_SPEAR_LANCE_AVALON	1
T8_MAIN_SPEAR_LANCE_AVALON	1	T8_PLANKS_LEVEL1	16
T8_MAIN_SPEAR_LANCE_AVALON	1	T8_METALBAR_LEVEL1	8
T8_MAIN_SPEAR_LANCE_AVALON	1	T8_ARTEFACT_MAIN_SPEAR_LANCE_AVALON	1
T8_MAIN_SPEAR_LANCE_AVALON	2	T8_PLANKS_LEVEL2	16
T8_MAIN_SPEAR_LANCE_AVALON	2	T8_METALBAR_LEVEL2	8
T8_MAIN_SPEAR_LANCE_AVALON	2	T8_ARTEFACT_MAIN_SPEAR_LANCE_AVALON	1
T8_MAIN_SPEAR_LANCE_AVALON	3	T8_PLANKS_LEVEL3	16
T8_MAIN_SPEAR_LANCE_AVALON	3	T8_METALBAR_LEVEL3	8
T8_MAIN_SPEAR_LANCE_AVALON	3	T8_ARTEFACT_MAIN_SPEAR_LANCE_AVALON	1
T8_MAIN_SPEAR_LANCE_AVALON	4	T8_PLANKS_LEVEL4	16
T8_MAIN_SPEAR_LANCE_AVALON	4	T8_METALBAR_LEVEL4	8
T8_MAIN_SPEAR_LANCE_AVALON	4	T8_ARTEFACT_MAIN_SPEAR_LANCE_AVALON	1
T4_2H_GLAIVE_CRYSTAL	0	T4_PLANKS	12
T4_2H_GLAIVE_CRYSTAL	0	T4_METALBAR	20
T4_2H_GLAIVE_CRYSTAL	0	T4_ARTEFACT_2H_GLAIVE_CRYSTAL	1
T4_2H_GLAIVE_CRYSTAL	1	T4_PLANKS_LEVEL1	12
T4_2H_GLAIVE_CRYSTAL	1	T4_METALBAR_LEVEL1	20
T4_2H_GLAIVE_CRYSTAL	1	T4_ARTEFACT_2H_GLAIVE_CRYSTAL	1
T4_2H_GLAIVE_CRYSTAL	2	T4_PLANKS_LEVEL2	12
T4_2H_GLAIVE_CRYSTAL	2	T4_METALBAR_LEVEL2	20
T4_2H_GLAIVE_CRYSTAL	2	T4_ARTEFACT_2H_GLAIVE_CRYSTAL	1
T4_2H_GLAIVE_CRYSTAL	3	T4_PLANKS_LEVEL3	12
T4_2H_GLAIVE_CRYSTAL	3	T4_METALBAR_LEVEL3	20
T4_2H_GLAIVE_CRYSTAL	3	T4_ARTEFACT_2H_GLAIVE_CRYSTAL	1
T4_2H_GLAIVE_CRYSTAL	4	T4_PLANKS_LEVEL4	12
T4_2H_GLAIVE_CRYSTAL	4	T4_METALBAR_LEVEL4	20
T4_2H_GLAIVE_CRYSTAL	4	T4_ARTEFACT_2H_GLAIVE_CRYSTAL	1
T5_2H_GLAIVE_CRYSTAL	0	T5_PLANKS	12
T5_2H_GLAIVE_CRYSTAL	0	T5_METALBAR	20
T5_2H_GLAIVE_CRYSTAL	0	T5_ARTEFACT_2H_GLAIVE_CRYSTAL	1
T5_2H_GLAIVE_CRYSTAL	1	T5_PLANKS_LEVEL1	12
T5_2H_GLAIVE_CRYSTAL	1	T5_METALBAR_LEVEL1	20
T5_2H_GLAIVE_CRYSTAL	1	T5_ARTEFACT_2H_GLAIVE_CRYSTAL	1
T5_2H_GLAIVE_CRYSTAL	2	T5_PLANKS_LEVEL2	12
T5_2H_GLAIVE_CRYSTAL	2	T5_METALBAR_LEVEL2	20
T5_2H_GLAIVE_CRYSTAL	2	T5_ARTEFACT_2H_GLAIVE_CRYSTAL	1
T5_2H_GLAIVE_CRYSTAL	3	T5_PLANKS_LEVEL3	12
T5_2H_GLAIVE_CRYSTAL	3	T5_METALBAR_LEVEL3	20
T5_2H_GLAIVE_CRYSTAL	3	T5_ARTEFACT_2H_GLAIVE_CRYSTAL	1
T5_2H_GLAIVE_CRYSTAL	4	T5_PLANKS_LEVEL4	12
T5_2H_GLAIVE_CRYSTAL	4	T5_METALBAR_LEVEL4	20
T5_2H_GLAIVE_CRYSTAL	4	T5_ARTEFACT_2H_GLAIVE_CRYSTAL	1
T6_2H_GLAIVE_CRYSTAL	0	T6_PLANKS	12
T6_2H_GLAIVE_CRYSTAL	0	T6_METALBAR	20
T6_2H_GLAIVE_CRYSTAL	0	T6_ARTEFACT_2H_GLAIVE_CRYSTAL	1
T6_2H_GLAIVE_CRYSTAL	1	T6_PLANKS_LEVEL1	12
T6_2H_GLAIVE_CRYSTAL	1	T6_METALBAR_LEVEL1	20
T6_2H_GLAIVE_CRYSTAL	1	T6_ARTEFACT_2H_GLAIVE_CRYSTAL	1
T6_2H_GLAIVE_CRYSTAL	2	T6_PLANKS_LEVEL2	12
T6_2H_GLAIVE_CRYSTAL	2	T6_METALBAR_LEVEL2	20
T6_2H_GLAIVE_CRYSTAL	2	T6_ARTEFACT_2H_GLAIVE_CRYSTAL	1
T6_2H_GLAIVE_CRYSTAL	3	T6_PLANKS_LEVEL3	12
T6_2H_GLAIVE_CRYSTAL	3	T6_METALBAR_LEVEL3	20
T6_2H_GLAIVE_CRYSTAL	3	T6_ARTEFACT_2H_GLAIVE_CRYSTAL	1
T6_2H_GLAIVE_CRYSTAL	4	T6_PLANKS_LEVEL4	12
T6_2H_GLAIVE_CRYSTAL	4	T6_METALBAR_LEVEL4	20
T6_2H_GLAIVE_CRYSTAL	4	T6_ARTEFACT_2H_GLAIVE_CRYSTAL	1
T7_2H_GLAIVE_CRYSTAL	0	T7_PLANKS	12
T7_2H_GLAIVE_CRYSTAL	0	T7_METALBAR	20
T7_2H_GLAIVE_CRYSTAL	0	T7_ARTEFACT_2H_GLAIVE_CRYSTAL	1
T7_2H_GLAIVE_CRYSTAL	1	T7_PLANKS_LEVEL1	12
T7_2H_GLAIVE_CRYSTAL	1	T7_METALBAR_LEVEL1	20
T7_2H_GLAIVE_CRYSTAL	1	T7_ARTEFACT_2H_GLAIVE_CRYSTAL	1
T7_2H_GLAIVE_CRYSTAL	2	T7_PLANKS_LEVEL2	12
T7_2H_GLAIVE_CRYSTAL	2	T7_METALBAR_LEVEL2	20
T7_2H_GLAIVE_CRYSTAL	2	T7_ARTEFACT_2H_GLAIVE_CRYSTAL	1
T7_2H_GLAIVE_CRYSTAL	3	T7_PLANKS_LEVEL3	12
T7_2H_GLAIVE_CRYSTAL	3	T7_METALBAR_LEVEL3	20
T7_2H_GLAIVE_CRYSTAL	3	T7_ARTEFACT_2H_GLAIVE_CRYSTAL	1
T7_2H_GLAIVE_CRYSTAL	4	T7_PLANKS_LEVEL4	12
T7_2H_GLAIVE_CRYSTAL	4	T7_METALBAR_LEVEL4	20
T7_2H_GLAIVE_CRYSTAL	4	T7_ARTEFACT_2H_GLAIVE_CRYSTAL	1
T8_2H_GLAIVE_CRYSTAL	0	T8_PLANKS	12
T8_2H_GLAIVE_CRYSTAL	0	T8_METALBAR	20
T8_2H_GLAIVE_CRYSTAL	0	T8_ARTEFACT_2H_GLAIVE_CRYSTAL	1
T8_2H_GLAIVE_CRYSTAL	1	T8_PLANKS_LEVEL1	12
T8_2H_GLAIVE_CRYSTAL	1	T8_METALBAR_LEVEL1	20
T8_2H_GLAIVE_CRYSTAL	1	T8_ARTEFACT_2H_GLAIVE_CRYSTAL	1
T8_2H_GLAIVE_CRYSTAL	2	T8_PLANKS_LEVEL2	12
T8_2H_GLAIVE_CRYSTAL	2	T8_METALBAR_LEVEL2	20
T8_2H_GLAIVE_CRYSTAL	2	T8_ARTEFACT_2H_GLAIVE_CRYSTAL	1
T8_2H_GLAIVE_CRYSTAL	3	T8_PLANKS_LEVEL3	12
T8_2H_GLAIVE_CRYSTAL	3	T8_METALBAR_LEVEL3	20
T8_2H_GLAIVE_CRYSTAL	3	T8_ARTEFACT_2H_GLAIVE_CRYSTAL	1
T8_2H_GLAIVE_CRYSTAL	4	T8_PLANKS_LEVEL4	12
T8_2H_GLAIVE_CRYSTAL	4	T8_METALBAR_LEVEL4	20
T8_2H_GLAIVE_CRYSTAL	4	T8_ARTEFACT_2H_GLAIVE_CRYSTAL	1
T3_MAIN_AXE	0	T3_PLANKS	8
T3_MAIN_AXE	0	T3_METALBAR	16
T4_MAIN_AXE	0	T4_PLANKS	8
T4_MAIN_AXE	0	T4_METALBAR	16
T4_MAIN_AXE	1	T4_PLANKS_LEVEL1	8
T4_MAIN_AXE	1	T4_METALBAR_LEVEL1	16
T4_MAIN_AXE	2	T4_PLANKS_LEVEL2	8
T4_MAIN_AXE	2	T4_METALBAR_LEVEL2	16
T4_MAIN_AXE	3	T4_PLANKS_LEVEL3	8
T4_MAIN_AXE	3	T4_METALBAR_LEVEL3	16
T4_MAIN_AXE	4	T4_PLANKS_LEVEL4	8
T4_MAIN_AXE	4	T4_METALBAR_LEVEL4	16
T5_MAIN_AXE	0	T5_PLANKS	8
T5_MAIN_AXE	0	T5_METALBAR	16
T5_MAIN_AXE	1	T5_PLANKS_LEVEL1	8
T5_MAIN_AXE	1	T5_METALBAR_LEVEL1	16
T5_MAIN_AXE	2	T5_PLANKS_LEVEL2	8
T5_MAIN_AXE	2	T5_METALBAR_LEVEL2	16
T5_MAIN_AXE	3	T5_PLANKS_LEVEL3	8
T5_MAIN_AXE	3	T5_METALBAR_LEVEL3	16
T5_MAIN_AXE	4	T5_PLANKS_LEVEL4	8
T5_MAIN_AXE	4	T5_METALBAR_LEVEL4	16
T6_MAIN_AXE	0	T6_PLANKS	8
T6_MAIN_AXE	0	T6_METALBAR	16
T6_MAIN_AXE	1	T6_PLANKS_LEVEL1	8
T6_MAIN_AXE	1	T6_METALBAR_LEVEL1	16
T6_MAIN_AXE	2	T6_PLANKS_LEVEL2	8
T6_MAIN_AXE	2	T6_METALBAR_LEVEL2	16
T6_MAIN_AXE	3	T6_PLANKS_LEVEL3	8
T6_MAIN_AXE	3	T6_METALBAR_LEVEL3	16
T6_MAIN_AXE	4	T6_PLANKS_LEVEL4	8
T6_MAIN_AXE	4	T6_METALBAR_LEVEL4	16
T7_MAIN_AXE	0	T7_PLANKS	8
T7_MAIN_AXE	0	T7_METALBAR	16
T7_MAIN_AXE	1	T7_PLANKS_LEVEL1	8
T7_MAIN_AXE	1	T7_METALBAR_LEVEL1	16
T7_MAIN_AXE	2	T7_PLANKS_LEVEL2	8
T7_MAIN_AXE	2	T7_METALBAR_LEVEL2	16
T7_MAIN_AXE	3	T7_PLANKS_LEVEL3	8
T7_MAIN_AXE	3	T7_METALBAR_LEVEL3	16
T7_MAIN_AXE	4	T7_PLANKS_LEVEL4	8
T7_MAIN_AXE	4	T7_METALBAR_LEVEL4	16
T8_MAIN_AXE	0	T8_PLANKS	8
T8_MAIN_AXE	0	T8_METALBAR	16
T8_MAIN_AXE	1	T8_PLANKS_LEVEL1	8
T8_MAIN_AXE	1	T8_METALBAR_LEVEL1	16
T8_MAIN_AXE	2	T8_PLANKS_LEVEL2	8
T8_MAIN_AXE	2	T8_METALBAR_LEVEL2	16
T8_MAIN_AXE	3	T8_PLANKS_LEVEL3	8
T8_MAIN_AXE	3	T8_METALBAR_LEVEL3	16
T8_MAIN_AXE	4	T8_PLANKS_LEVEL4	8
T8_MAIN_AXE	4	T8_METALBAR_LEVEL4	16
T4_2H_AXE	0	T4_PLANKS	12
T4_2H_AXE	0	T4_METALBAR	20
T4_2H_AXE	1	T4_PLANKS_LEVEL1	12
T4_2H_AXE	1	T4_METALBAR_LEVEL1	20
T4_2H_AXE	2	T4_PLANKS_LEVEL2	12
T4_2H_AXE	2	T4_METALBAR_LEVEL2	20
T4_2H_AXE	3	T4_PLANKS_LEVEL3	12
T4_2H_AXE	3	T4_METALBAR_LEVEL3	20
T4_2H_AXE	4	T4_PLANKS_LEVEL4	12
T4_2H_AXE	4	T4_METALBAR_LEVEL4	20
T5_2H_AXE	0	T5_PLANKS	12
T5_2H_AXE	0	T5_METALBAR	20
T5_2H_AXE	1	T5_PLANKS_LEVEL1	12
T5_2H_AXE	1	T5_METALBAR_LEVEL1	20
T5_2H_AXE	2	T5_PLANKS_LEVEL2	12
T5_2H_AXE	2	T5_METALBAR_LEVEL2	20
T5_2H_AXE	3	T5_PLANKS_LEVEL3	12
T5_2H_AXE	3	T5_METALBAR_LEVEL3	20
T5_2H_AXE	4	T5_PLANKS_LEVEL4	12
T5_2H_AXE	4	T5_METALBAR_LEVEL4	20
T6_2H_AXE	0	T6_PLANKS	12
T6_2H_AXE	0	T6_METALBAR	20
T6_2H_AXE	1	T6_PLANKS_LEVEL1	12
T6_2H_AXE	1	T6_METALBAR_LEVEL1	20
T6_2H_AXE	2	T6_PLANKS_LEVEL2	12
T6_2H_AXE	2	T6_METALBAR_LEVEL2	20
T6_2H_AXE	3	T6_PLANKS_LEVEL3	12
T6_2H_AXE	3	T6_METALBAR_LEVEL3	20
T6_2H_AXE	4	T6_PLANKS_LEVEL4	12
T6_2H_AXE	4	T6_METALBAR_LEVEL4	20
T7_2H_AXE	0	T7_PLANKS	12
T7_2H_AXE	0	T7_METALBAR	20
T7_2H_AXE	1	T7_PLANKS_LEVEL1	12
T7_2H_AXE	1	T7_METALBAR_LEVEL1	20
T7_2H_AXE	2	T7_PLANKS_LEVEL2	12
T7_2H_AXE	2	T7_METALBAR_LEVEL2	20
T7_2H_AXE	3	T7_PLANKS_LEVEL3	12
T7_2H_AXE	3	T7_METALBAR_LEVEL3	20
T7_2H_AXE	4	T7_PLANKS_LEVEL4	12
T7_2H_AXE	4	T7_METALBAR_LEVEL4	20
T8_2H_AXE	0	T8_PLANKS	12
T8_2H_AXE	0	T8_METALBAR	20
T8_2H_AXE	1	T8_PLANKS_LEVEL1	12
T8_2H_AXE	1	T8_METALBAR_LEVEL1	20
T8_2H_AXE	2	T8_PLANKS_LEVEL2	12
T8_2H_AXE	2	T8_METALBAR_LEVEL2	20
T8_2H_AXE	3	T8_PLANKS_LEVEL3	12
T8_2H_AXE	3	T8_METALBAR_LEVEL3	20
T8_2H_AXE	4	T8_PLANKS_LEVEL4	12
T8_2H_AXE	4	T8_METALBAR_LEVEL4	20
T4_2H_HALBERD	0	T4_PLANKS	20
T4_2H_HALBERD	0	T4_METALBAR	12
T4_2H_HALBERD	1	T4_PLANKS_LEVEL1	20
T4_2H_HALBERD	1	T4_METALBAR_LEVEL1	12
T4_2H_HALBERD	2	T4_PLANKS_LEVEL2	20
T4_2H_HALBERD	2	T4_METALBAR_LEVEL2	12
T4_2H_HALBERD	3	T4_PLANKS_LEVEL3	20
T4_2H_HALBERD	3	T4_METALBAR_LEVEL3	12
T4_2H_HALBERD	4	T4_PLANKS_LEVEL4	20
T4_2H_HALBERD	4	T4_METALBAR_LEVEL4	12
T5_2H_HALBERD	0	T5_PLANKS	20
T5_2H_HALBERD	0	T5_METALBAR	12
T5_2H_HALBERD	1	T5_PLANKS_LEVEL1	20
T5_2H_HALBERD	1	T5_METALBAR_LEVEL1	12
T5_2H_HALBERD	2	T5_PLANKS_LEVEL2	20
T5_2H_HALBERD	2	T5_METALBAR_LEVEL2	12
T5_2H_HALBERD	3	T5_PLANKS_LEVEL3	20
T5_2H_HALBERD	3	T5_METALBAR_LEVEL3	12
T5_2H_HALBERD	4	T5_PLANKS_LEVEL4	20
T5_2H_HALBERD	4	T5_METALBAR_LEVEL4	12
T6_2H_HALBERD	0	T6_PLANKS	20
T6_2H_HALBERD	0	T6_METALBAR	12
T6_2H_HALBERD	1	T6_PLANKS_LEVEL1	20
T6_2H_HALBERD	1	T6_METALBAR_LEVEL1	12
T6_2H_HALBERD	2	T6_PLANKS_LEVEL2	20
T6_2H_HALBERD	2	T6_METALBAR_LEVEL2	12
T6_2H_HALBERD	3	T6_PLANKS_LEVEL3	20
T6_2H_HALBERD	3	T6_METALBAR_LEVEL3	12
T6_2H_HALBERD	4	T6_PLANKS_LEVEL4	20
T6_2H_HALBERD	4	T6_METALBAR_LEVEL4	12
T7_2H_HALBERD	0	T7_PLANKS	20
T7_2H_HALBERD	0	T7_METALBAR	12
T7_2H_HALBERD	1	T7_PLANKS_LEVEL1	20
T7_2H_HALBERD	1	T7_METALBAR_LEVEL1	12
T7_2H_HALBERD	2	T7_PLANKS_LEVEL2	20
T7_2H_HALBERD	2	T7_METALBAR_LEVEL2	12
T7_2H_HALBERD	3	T7_PLANKS_LEVEL3	20
T7_2H_HALBERD	3	T7_METALBAR_LEVEL3	12
T7_2H_HALBERD	4	T7_PLANKS_LEVEL4	20
T7_2H_HALBERD	4	T7_METALBAR_LEVEL4	12
T8_2H_HALBERD	0	T8_PLANKS	20
T8_2H_HALBERD	0	T8_METALBAR	12
T8_2H_HALBERD	1	T8_PLANKS_LEVEL1	20
T8_2H_HALBERD	1	T8_METALBAR_LEVEL1	12
T8_2H_HALBERD	2	T8_PLANKS_LEVEL2	20
T8_2H_HALBERD	2	T8_METALBAR_LEVEL2	12
T8_2H_HALBERD	3	T8_PLANKS_LEVEL3	20
T8_2H_HALBERD	3	T8_METALBAR_LEVEL3	12
T8_2H_HALBERD	4	T8_PLANKS_LEVEL4	20
T8_2H_HALBERD	4	T8_METALBAR_LEVEL4	12
T4_2H_HALBERD_MORGANA	0	T4_PLANKS	20
T4_2H_HALBERD_MORGANA	0	T4_METALBAR	12
T4_2H_HALBERD_MORGANA	0	T4_ARTEFACT_2H_HALBERD_MORGANA	1
T4_2H_HALBERD_MORGANA	1	T4_PLANKS_LEVEL1	20
T4_2H_HALBERD_MORGANA	1	T4_METALBAR_LEVEL1	12
T4_2H_HALBERD_MORGANA	1	T4_ARTEFACT_2H_HALBERD_MORGANA	1
T4_2H_HALBERD_MORGANA	2	T4_PLANKS_LEVEL2	20
T4_2H_HALBERD_MORGANA	2	T4_METALBAR_LEVEL2	12
T4_2H_HALBERD_MORGANA	2	T4_ARTEFACT_2H_HALBERD_MORGANA	1
T4_2H_HALBERD_MORGANA	3	T4_PLANKS_LEVEL3	20
T4_2H_HALBERD_MORGANA	3	T4_METALBAR_LEVEL3	12
T4_2H_HALBERD_MORGANA	3	T4_ARTEFACT_2H_HALBERD_MORGANA	1
T4_2H_HALBERD_MORGANA	4	T4_PLANKS_LEVEL4	20
T4_2H_HALBERD_MORGANA	4	T4_METALBAR_LEVEL4	12
T4_2H_HALBERD_MORGANA	4	T4_ARTEFACT_2H_HALBERD_MORGANA	1
T5_2H_HALBERD_MORGANA	0	T5_PLANKS	20
T5_2H_HALBERD_MORGANA	0	T5_METALBAR	12
T5_2H_HALBERD_MORGANA	0	T5_ARTEFACT_2H_HALBERD_MORGANA	1
T5_2H_HALBERD_MORGANA	1	T5_PLANKS_LEVEL1	20
T5_2H_HALBERD_MORGANA	1	T5_METALBAR_LEVEL1	12
T5_2H_HALBERD_MORGANA	1	T5_ARTEFACT_2H_HALBERD_MORGANA	1
T5_2H_HALBERD_MORGANA	2	T5_PLANKS_LEVEL2	20
T5_2H_HALBERD_MORGANA	2	T5_METALBAR_LEVEL2	12
T5_2H_HALBERD_MORGANA	2	T5_ARTEFACT_2H_HALBERD_MORGANA	1
T5_2H_HALBERD_MORGANA	3	T5_PLANKS_LEVEL3	20
T5_2H_HALBERD_MORGANA	3	T5_METALBAR_LEVEL3	12
T5_2H_HALBERD_MORGANA	3	T5_ARTEFACT_2H_HALBERD_MORGANA	1
T5_2H_HALBERD_MORGANA	4	T5_PLANKS_LEVEL4	20
T5_2H_HALBERD_MORGANA	4	T5_METALBAR_LEVEL4	12
T5_2H_HALBERD_MORGANA	4	T5_ARTEFACT_2H_HALBERD_MORGANA	1
T6_2H_HALBERD_MORGANA	0	T6_PLANKS	20
T6_2H_HALBERD_MORGANA	0	T6_METALBAR	12
T6_2H_HALBERD_MORGANA	0	T6_ARTEFACT_2H_HALBERD_MORGANA	1
T6_2H_HALBERD_MORGANA	1	T6_PLANKS_LEVEL1	20
T6_2H_HALBERD_MORGANA	1	T6_METALBAR_LEVEL1	12
T6_2H_HALBERD_MORGANA	1	T6_ARTEFACT_2H_HALBERD_MORGANA	1
T6_2H_HALBERD_MORGANA	2	T6_PLANKS_LEVEL2	20
T6_2H_HALBERD_MORGANA	2	T6_METALBAR_LEVEL2	12
T6_2H_HALBERD_MORGANA	2	T6_ARTEFACT_2H_HALBERD_MORGANA	1
T6_2H_HALBERD_MORGANA	3	T6_PLANKS_LEVEL3	20
T6_2H_HALBERD_MORGANA	3	T6_METALBAR_LEVEL3	12
T6_2H_HALBERD_MORGANA	3	T6_ARTEFACT_2H_HALBERD_MORGANA	1
T6_2H_HALBERD_MORGANA	4	T6_PLANKS_LEVEL4	20
T6_2H_HALBERD_MORGANA	4	T6_METALBAR_LEVEL4	12
T6_2H_HALBERD_MORGANA	4	T6_ARTEFACT_2H_HALBERD_MORGANA	1
T7_2H_HALBERD_MORGANA	0	T7_PLANKS	20
T7_2H_HALBERD_MORGANA	0	T7_METALBAR	12
T7_2H_HALBERD_MORGANA	0	T7_ARTEFACT_2H_HALBERD_MORGANA	1
T7_2H_HALBERD_MORGANA	1	T7_PLANKS_LEVEL1	20
T7_2H_HALBERD_MORGANA	1	T7_METALBAR_LEVEL1	12
T7_2H_HALBERD_MORGANA	1	T7_ARTEFACT_2H_HALBERD_MORGANA	1
T7_2H_HALBERD_MORGANA	2	T7_PLANKS_LEVEL2	20
T7_2H_HALBERD_MORGANA	2	T7_METALBAR_LEVEL2	12
T7_2H_HALBERD_MORGANA	2	T7_ARTEFACT_2H_HALBERD_MORGANA	1
T7_2H_HALBERD_MORGANA	3	T7_PLANKS_LEVEL3	20
T7_2H_HALBERD_MORGANA	3	T7_METALBAR_LEVEL3	12
T7_2H_HALBERD_MORGANA	3	T7_ARTEFACT_2H_HALBERD_MORGANA	1
T7_2H_HALBERD_MORGANA	4	T7_PLANKS_LEVEL4	20
T7_2H_HALBERD_MORGANA	4	T7_METALBAR_LEVEL4	12
T7_2H_HALBERD_MORGANA	4	T7_ARTEFACT_2H_HALBERD_MORGANA	1
T8_2H_HALBERD_MORGANA	0	T8_PLANKS	20
T8_2H_HALBERD_MORGANA	0	T8_METALBAR	12
T8_2H_HALBERD_MORGANA	0	T8_ARTEFACT_2H_HALBERD_MORGANA	1
T8_2H_HALBERD_MORGANA	1	T8_PLANKS_LEVEL1	20
T8_2H_HALBERD_MORGANA	1	T8_METALBAR_LEVEL1	12
T8_2H_HALBERD_MORGANA	1	T8_ARTEFACT_2H_HALBERD_MORGANA	1
T8_2H_HALBERD_MORGANA	2	T8_PLANKS_LEVEL2	20
T8_2H_HALBERD_MORGANA	2	T8_METALBAR_LEVEL2	12
T8_2H_HALBERD_MORGANA	2	T8_ARTEFACT_2H_HALBERD_MORGANA	1
T8_2H_HALBERD_MORGANA	3	T8_PLANKS_LEVEL3	20
T8_2H_HALBERD_MORGANA	3	T8_METALBAR_LEVEL3	12
T8_2H_HALBERD_MORGANA	3	T8_ARTEFACT_2H_HALBERD_MORGANA	1
T8_2H_HALBERD_MORGANA	4	T8_PLANKS_LEVEL4	20
T8_2H_HALBERD_MORGANA	4	T8_METALBAR_LEVEL4	12
T8_2H_HALBERD_MORGANA	4	T8_ARTEFACT_2H_HALBERD_MORGANA	1
T4_2H_SCYTHE_HELL	0	T4_PLANKS	12
T4_2H_SCYTHE_HELL	0	T4_METALBAR	20
T4_2H_SCYTHE_HELL	0	T4_ARTEFACT_2H_SCYTHE_HELL	1
T4_2H_SCYTHE_HELL	1	T4_PLANKS_LEVEL1	12
T4_2H_SCYTHE_HELL	1	T4_METALBAR_LEVEL1	20
T4_2H_SCYTHE_HELL	1	T4_ARTEFACT_2H_SCYTHE_HELL	1
T4_2H_SCYTHE_HELL	2	T4_PLANKS_LEVEL2	12
T4_2H_SCYTHE_HELL	2	T4_METALBAR_LEVEL2	20
T4_2H_SCYTHE_HELL	2	T4_ARTEFACT_2H_SCYTHE_HELL	1
T4_2H_SCYTHE_HELL	3	T4_PLANKS_LEVEL3	12
T4_2H_SCYTHE_HELL	3	T4_METALBAR_LEVEL3	20
T4_2H_SCYTHE_HELL	3	T4_ARTEFACT_2H_SCYTHE_HELL	1
T4_2H_SCYTHE_HELL	4	T4_PLANKS_LEVEL4	12
T4_2H_SCYTHE_HELL	4	T4_METALBAR_LEVEL4	20
T4_2H_SCYTHE_HELL	4	T4_ARTEFACT_2H_SCYTHE_HELL	1
T5_2H_SCYTHE_HELL	0	T5_PLANKS	12
T5_2H_SCYTHE_HELL	0	T5_METALBAR	20
T5_2H_SCYTHE_HELL	0	T5_ARTEFACT_2H_SCYTHE_HELL	1
T5_2H_SCYTHE_HELL	1	T5_PLANKS_LEVEL1	12
T5_2H_SCYTHE_HELL	1	T5_METALBAR_LEVEL1	20
T5_2H_SCYTHE_HELL	1	T5_ARTEFACT_2H_SCYTHE_HELL	1
T5_2H_SCYTHE_HELL	2	T5_PLANKS_LEVEL2	12
T5_2H_SCYTHE_HELL	2	T5_METALBAR_LEVEL2	20
T5_2H_SCYTHE_HELL	2	T5_ARTEFACT_2H_SCYTHE_HELL	1
T5_2H_SCYTHE_HELL	3	T5_PLANKS_LEVEL3	12
T5_2H_SCYTHE_HELL	3	T5_METALBAR_LEVEL3	20
T5_2H_SCYTHE_HELL	3	T5_ARTEFACT_2H_SCYTHE_HELL	1
T5_2H_SCYTHE_HELL	4	T5_PLANKS_LEVEL4	12
T5_2H_SCYTHE_HELL	4	T5_METALBAR_LEVEL4	20
T5_2H_SCYTHE_HELL	4	T5_ARTEFACT_2H_SCYTHE_HELL	1
T6_2H_SCYTHE_HELL	0	T6_PLANKS	12
T6_2H_SCYTHE_HELL	0	T6_METALBAR	20
T6_2H_SCYTHE_HELL	0	T6_ARTEFACT_2H_SCYTHE_HELL	1
T6_2H_SCYTHE_HELL	1	T6_PLANKS_LEVEL1	12
T6_2H_SCYTHE_HELL	1	T6_METALBAR_LEVEL1	20
T6_2H_SCYTHE_HELL	1	T6_ARTEFACT_2H_SCYTHE_HELL	1
T6_2H_SCYTHE_HELL	2	T6_PLANKS_LEVEL2	12
T6_2H_SCYTHE_HELL	2	T6_METALBAR_LEVEL2	20
T6_2H_SCYTHE_HELL	2	T6_ARTEFACT_2H_SCYTHE_HELL	1
T6_2H_SCYTHE_HELL	3	T6_PLANKS_LEVEL3	12
T6_2H_SCYTHE_HELL	3	T6_METALBAR_LEVEL3	20
T6_2H_SCYTHE_HELL	3	T6_ARTEFACT_2H_SCYTHE_HELL	1
T6_2H_SCYTHE_HELL	4	T6_PLANKS_LEVEL4	12
T6_2H_SCYTHE_HELL	4	T6_METALBAR_LEVEL4	20
T6_2H_SCYTHE_HELL	4	T6_ARTEFACT_2H_SCYTHE_HELL	1
T7_2H_SCYTHE_HELL	0	T7_PLANKS	12
T7_2H_SCYTHE_HELL	0	T7_METALBAR	20
T7_2H_SCYTHE_HELL	0	T7_ARTEFACT_2H_SCYTHE_HELL	1
T7_2H_SCYTHE_HELL	1	T7_PLANKS_LEVEL1	12
T7_2H_SCYTHE_HELL	1	T7_METALBAR_LEVEL1	20
T7_2H_SCYTHE_HELL	1	T7_ARTEFACT_2H_SCYTHE_HELL	1
T7_2H_SCYTHE_HELL	2	T7_PLANKS_LEVEL2	12
T7_2H_SCYTHE_HELL	2	T7_METALBAR_LEVEL2	20
T7_2H_SCYTHE_HELL	2	T7_ARTEFACT_2H_SCYTHE_HELL	1
T7_2H_SCYTHE_HELL	3	T7_PLANKS_LEVEL3	12
T7_2H_SCYTHE_HELL	3	T7_METALBAR_LEVEL3	20
T7_2H_SCYTHE_HELL	3	T7_ARTEFACT_2H_SCYTHE_HELL	1
T7_2H_SCYTHE_HELL	4	T7_PLANKS_LEVEL4	12
T7_2H_SCYTHE_HELL	4	T7_METALBAR_LEVEL4	20
T7_2H_SCYTHE_HELL	4	T7_ARTEFACT_2H_SCYTHE_HELL	1
T8_2H_SCYTHE_HELL	0	T8_PLANKS	12
T8_2H_SCYTHE_HELL	0	T8_METALBAR	20
T8_2H_SCYTHE_HELL	0	T8_ARTEFACT_2H_SCYTHE_HELL	1
T8_2H_SCYTHE_HELL	1	T8_PLANKS_LEVEL1	12
T8_2H_SCYTHE_HELL	1	T8_METALBAR_LEVEL1	20
T8_2H_SCYTHE_HELL	1	T8_ARTEFACT_2H_SCYTHE_HELL	1
T8_2H_SCYTHE_HELL	2	T8_PLANKS_LEVEL2	12
T8_2H_SCYTHE_HELL	2	T8_METALBAR_LEVEL2	20
T8_2H_SCYTHE_HELL	2	T8_ARTEFACT_2H_SCYTHE_HELL	1
T8_2H_SCYTHE_HELL	3	T8_PLANKS_LEVEL3	12
T8_2H_SCYTHE_HELL	3	T8_METALBAR_LEVEL3	20
T8_2H_SCYTHE_HELL	3	T8_ARTEFACT_2H_SCYTHE_HELL	1
T8_2H_SCYTHE_HELL	4	T8_PLANKS_LEVEL4	12
T8_2H_SCYTHE_HELL	4	T8_METALBAR_LEVEL4	20
T8_2H_SCYTHE_HELL	4	T8_ARTEFACT_2H_SCYTHE_HELL	1
T4_2H_DUALAXE_KEEPER	0	T4_PLANKS	12
T4_2H_DUALAXE_KEEPER	0	T4_METALBAR	20
T4_2H_DUALAXE_KEEPER	0	T4_ARTEFACT_2H_DUALAXE_KEEPER	1
T4_2H_DUALAXE_KEEPER	1	T4_PLANKS_LEVEL1	12
T4_2H_DUALAXE_KEEPER	1	T4_METALBAR_LEVEL1	20
T4_2H_DUALAXE_KEEPER	1	T4_ARTEFACT_2H_DUALAXE_KEEPER	1
T4_2H_DUALAXE_KEEPER	2	T4_PLANKS_LEVEL2	12
T4_2H_DUALAXE_KEEPER	2	T4_METALBAR_LEVEL2	20
T4_2H_DUALAXE_KEEPER	2	T4_ARTEFACT_2H_DUALAXE_KEEPER	1
T4_2H_DUALAXE_KEEPER	3	T4_PLANKS_LEVEL3	12
T4_2H_DUALAXE_KEEPER	3	T4_METALBAR_LEVEL3	20
T4_2H_DUALAXE_KEEPER	3	T4_ARTEFACT_2H_DUALAXE_KEEPER	1
T4_2H_DUALAXE_KEEPER	4	T4_PLANKS_LEVEL4	12
T4_2H_DUALAXE_KEEPER	4	T4_METALBAR_LEVEL4	20
T4_2H_DUALAXE_KEEPER	4	T4_ARTEFACT_2H_DUALAXE_KEEPER	1
T5_2H_DUALAXE_KEEPER	0	T5_PLANKS	12
T5_2H_DUALAXE_KEEPER	0	T5_METALBAR	20
T5_2H_DUALAXE_KEEPER	0	T5_ARTEFACT_2H_DUALAXE_KEEPER	1
T5_2H_DUALAXE_KEEPER	1	T5_PLANKS_LEVEL1	12
T5_2H_DUALAXE_KEEPER	1	T5_METALBAR_LEVEL1	20
T5_2H_DUALAXE_KEEPER	1	T5_ARTEFACT_2H_DUALAXE_KEEPER	1
T5_2H_DUALAXE_KEEPER	2	T5_PLANKS_LEVEL2	12
T5_2H_DUALAXE_KEEPER	2	T5_METALBAR_LEVEL2	20
T5_2H_DUALAXE_KEEPER	2	T5_ARTEFACT_2H_DUALAXE_KEEPER	1
T5_2H_DUALAXE_KEEPER	3	T5_PLANKS_LEVEL3	12
T5_2H_DUALAXE_KEEPER	3	T5_METALBAR_LEVEL3	20
T5_2H_DUALAXE_KEEPER	3	T5_ARTEFACT_2H_DUALAXE_KEEPER	1
T5_2H_DUALAXE_KEEPER	4	T5_PLANKS_LEVEL4	12
T5_2H_DUALAXE_KEEPER	4	T5_METALBAR_LEVEL4	20
T5_2H_DUALAXE_KEEPER	4	T5_ARTEFACT_2H_DUALAXE_KEEPER	1
T6_2H_DUALAXE_KEEPER	0	T6_PLANKS	12
T6_2H_DUALAXE_KEEPER	0	T6_METALBAR	20
T6_2H_DUALAXE_KEEPER	0	T6_ARTEFACT_2H_DUALAXE_KEEPER	1
T6_2H_DUALAXE_KEEPER	1	T6_PLANKS_LEVEL1	12
T6_2H_DUALAXE_KEEPER	1	T6_METALBAR_LEVEL1	20
T6_2H_DUALAXE_KEEPER	1	T6_ARTEFACT_2H_DUALAXE_KEEPER	1
T6_2H_DUALAXE_KEEPER	2	T6_PLANKS_LEVEL2	12
T6_2H_DUALAXE_KEEPER	2	T6_METALBAR_LEVEL2	20
T6_2H_DUALAXE_KEEPER	2	T6_ARTEFACT_2H_DUALAXE_KEEPER	1
T6_2H_DUALAXE_KEEPER	3	T6_PLANKS_LEVEL3	12
T6_2H_DUALAXE_KEEPER	3	T6_METALBAR_LEVEL3	20
T6_2H_DUALAXE_KEEPER	3	T6_ARTEFACT_2H_DUALAXE_KEEPER	1
T6_2H_DUALAXE_KEEPER	4	T6_PLANKS_LEVEL4	12
T6_2H_DUALAXE_KEEPER	4	T6_METALBAR_LEVEL4	20
T6_2H_DUALAXE_KEEPER	4	T6_ARTEFACT_2H_DUALAXE_KEEPER	1
T7_2H_DUALAXE_KEEPER	0	T7_PLANKS	12
T7_2H_DUALAXE_KEEPER	0	T7_METALBAR	20
T7_2H_DUALAXE_KEEPER	0	T7_ARTEFACT_2H_DUALAXE_KEEPER	1
T7_2H_DUALAXE_KEEPER	1	T7_PLANKS_LEVEL1	12
T7_2H_DUALAXE_KEEPER	1	T7_METALBAR_LEVEL1	20
T7_2H_DUALAXE_KEEPER	1	T7_ARTEFACT_2H_DUALAXE_KEEPER	1
T7_2H_DUALAXE_KEEPER	2	T7_PLANKS_LEVEL2	12
T7_2H_DUALAXE_KEEPER	2	T7_METALBAR_LEVEL2	20
T7_2H_DUALAXE_KEEPER	2	T7_ARTEFACT_2H_DUALAXE_KEEPER	1
T7_2H_DUALAXE_KEEPER	3	T7_PLANKS_LEVEL3	12
T7_2H_DUALAXE_KEEPER	3	T7_METALBAR_LEVEL3	20
T7_2H_DUALAXE_KEEPER	3	T7_ARTEFACT_2H_DUALAXE_KEEPER	1
T7_2H_DUALAXE_KEEPER	4	T7_PLANKS_LEVEL4	12
T7_2H_DUALAXE_KEEPER	4	T7_METALBAR_LEVEL4	20
T7_2H_DUALAXE_KEEPER	4	T7_ARTEFACT_2H_DUALAXE_KEEPER	1
T8_2H_DUALAXE_KEEPER	0	T8_PLANKS	12
T8_2H_DUALAXE_KEEPER	0	T8_METALBAR	20
T8_2H_DUALAXE_KEEPER	0	T8_ARTEFACT_2H_DUALAXE_KEEPER	1
T8_2H_DUALAXE_KEEPER	1	T8_PLANKS_LEVEL1	12
T8_2H_DUALAXE_KEEPER	1	T8_METALBAR_LEVEL1	20
T8_2H_DUALAXE_KEEPER	1	T8_ARTEFACT_2H_DUALAXE_KEEPER	1
T8_2H_DUALAXE_KEEPER	2	T8_PLANKS_LEVEL2	12
T8_2H_DUALAXE_KEEPER	2	T8_METALBAR_LEVEL2	20
T8_2H_DUALAXE_KEEPER	2	T8_ARTEFACT_2H_DUALAXE_KEEPER	1
T8_2H_DUALAXE_KEEPER	3	T8_PLANKS_LEVEL3	12
T8_2H_DUALAXE_KEEPER	3	T8_METALBAR_LEVEL3	20
T8_2H_DUALAXE_KEEPER	3	T8_ARTEFACT_2H_DUALAXE_KEEPER	1
T8_2H_DUALAXE_KEEPER	4	T8_PLANKS_LEVEL4	12
T8_2H_DUALAXE_KEEPER	4	T8_METALBAR_LEVEL4	20
T8_2H_DUALAXE_KEEPER	4	T8_ARTEFACT_2H_DUALAXE_KEEPER	1
T4_2H_AXE_AVALON	0	T4_PLANKS	12
T4_2H_AXE_AVALON	0	T4_METALBAR	20
T4_2H_AXE_AVALON	0	T4_ARTEFACT_2H_AXE_AVALON	1
T4_2H_AXE_AVALON	1	T4_PLANKS_LEVEL1	12
T4_2H_AXE_AVALON	1	T4_METALBAR_LEVEL1	20
T4_2H_AXE_AVALON	1	T4_ARTEFACT_2H_AXE_AVALON	1
T4_2H_AXE_AVALON	2	T4_PLANKS_LEVEL2	12
T4_2H_AXE_AVALON	2	T4_METALBAR_LEVEL2	20
T4_2H_AXE_AVALON	2	T4_ARTEFACT_2H_AXE_AVALON	1
T4_2H_AXE_AVALON	3	T4_PLANKS_LEVEL3	12
T4_2H_AXE_AVALON	3	T4_METALBAR_LEVEL3	20
T4_2H_AXE_AVALON	3	T4_ARTEFACT_2H_AXE_AVALON	1
T4_2H_AXE_AVALON	4	T4_PLANKS_LEVEL4	12
T4_2H_AXE_AVALON	4	T4_METALBAR_LEVEL4	20
T4_2H_AXE_AVALON	4	T4_ARTEFACT_2H_AXE_AVALON	1
T5_2H_AXE_AVALON	0	T5_PLANKS	12
T5_2H_AXE_AVALON	0	T5_METALBAR	20
T5_2H_AXE_AVALON	0	T5_ARTEFACT_2H_AXE_AVALON	1
T5_2H_AXE_AVALON	1	T5_PLANKS_LEVEL1	12
T5_2H_AXE_AVALON	1	T5_METALBAR_LEVEL1	20
T5_2H_AXE_AVALON	1	T5_ARTEFACT_2H_AXE_AVALON	1
T5_2H_AXE_AVALON	2	T5_PLANKS_LEVEL2	12
T5_2H_AXE_AVALON	2	T5_METALBAR_LEVEL2	20
T5_2H_AXE_AVALON	2	T5_ARTEFACT_2H_AXE_AVALON	1
T5_2H_AXE_AVALON	3	T5_PLANKS_LEVEL3	12
T5_2H_AXE_AVALON	3	T5_METALBAR_LEVEL3	20
T5_2H_AXE_AVALON	3	T5_ARTEFACT_2H_AXE_AVALON	1
T5_2H_AXE_AVALON	4	T5_PLANKS_LEVEL4	12
T5_2H_AXE_AVALON	4	T5_METALBAR_LEVEL4	20
T5_2H_AXE_AVALON	4	T5_ARTEFACT_2H_AXE_AVALON	1
T6_2H_AXE_AVALON	0	T6_PLANKS	12
T6_2H_AXE_AVALON	0	T6_METALBAR	20
T6_2H_AXE_AVALON	0	T6_ARTEFACT_2H_AXE_AVALON	1
T6_2H_AXE_AVALON	1	T6_PLANKS_LEVEL1	12
T6_2H_AXE_AVALON	1	T6_METALBAR_LEVEL1	20
T6_2H_AXE_AVALON	1	T6_ARTEFACT_2H_AXE_AVALON	1
T6_2H_AXE_AVALON	2	T6_PLANKS_LEVEL2	12
T6_2H_AXE_AVALON	2	T6_METALBAR_LEVEL2	20
T6_2H_AXE_AVALON	2	T6_ARTEFACT_2H_AXE_AVALON	1
T6_2H_AXE_AVALON	3	T6_PLANKS_LEVEL3	12
T6_2H_AXE_AVALON	3	T6_METALBAR_LEVEL3	20
T6_2H_AXE_AVALON	3	T6_ARTEFACT_2H_AXE_AVALON	1
T6_2H_AXE_AVALON	4	T6_PLANKS_LEVEL4	12
T6_2H_AXE_AVALON	4	T6_METALBAR_LEVEL4	20
T6_2H_AXE_AVALON	4	T6_ARTEFACT_2H_AXE_AVALON	1
T7_2H_AXE_AVALON	0	T7_PLANKS	12
T7_2H_AXE_AVALON	0	T7_METALBAR	20
T7_2H_AXE_AVALON	0	T7_ARTEFACT_2H_AXE_AVALON	1
T7_2H_AXE_AVALON	1	T7_PLANKS_LEVEL1	12
T7_2H_AXE_AVALON	1	T7_METALBAR_LEVEL1	20
T7_2H_AXE_AVALON	1	T7_ARTEFACT_2H_AXE_AVALON	1
T7_2H_AXE_AVALON	2	T7_PLANKS_LEVEL2	12
T7_2H_AXE_AVALON	2	T7_METALBAR_LEVEL2	20
T7_2H_AXE_AVALON	2	T7_ARTEFACT_2H_AXE_AVALON	1
T7_2H_AXE_AVALON	3	T7_PLANKS_LEVEL3	12
T7_2H_AXE_AVALON	3	T7_METALBAR_LEVEL3	20
T7_2H_AXE_AVALON	3	T7_ARTEFACT_2H_AXE_AVALON	1
T7_2H_AXE_AVALON	4	T7_PLANKS_LEVEL4	12
T7_2H_AXE_AVALON	4	T7_METALBAR_LEVEL4	20
T7_2H_AXE_AVALON	4	T7_ARTEFACT_2H_AXE_AVALON	1
T8_2H_AXE_AVALON	0	T8_PLANKS	12
T8_2H_AXE_AVALON	0	T8_METALBAR	20
T8_2H_AXE_AVALON	0	T8_ARTEFACT_2H_AXE_AVALON	1
T8_2H_AXE_AVALON	1	T8_PLANKS_LEVEL1	12
T8_2H_AXE_AVALON	1	T8_METALBAR_LEVEL1	20
T8_2H_AXE_AVALON	1	T8_ARTEFACT_2H_AXE_AVALON	1
T8_2H_AXE_AVALON	2	T8_PLANKS_LEVEL2	12
T8_2H_AXE_AVALON	2	T8_METALBAR_LEVEL2	20
T8_2H_AXE_AVALON	2	T8_ARTEFACT_2H_AXE_AVALON	1
T8_2H_AXE_AVALON	3	T8_PLANKS_LEVEL3	12
T8_2H_AXE_AVALON	3	T8_METALBAR_LEVEL3	20
T8_2H_AXE_AVALON	3	T8_ARTEFACT_2H_AXE_AVALON	1
T8_2H_AXE_AVALON	4	T8_PLANKS_LEVEL4	12
T8_2H_AXE_AVALON	4	T8_METALBAR_LEVEL4	20
T8_2H_AXE_AVALON	4	T8_ARTEFACT_2H_AXE_AVALON	1
T4_2H_SCYTHE_CRYSTAL	0	T4_PLANKS	12
T4_2H_SCYTHE_CRYSTAL	0	T4_METALBAR	20
T4_2H_SCYTHE_CRYSTAL	0	T4_ARTEFACT_2H_SCYTHE_CRYSTAL	1
T4_2H_SCYTHE_CRYSTAL	1	T4_PLANKS_LEVEL1	12
T4_2H_SCYTHE_CRYSTAL	1	T4_METALBAR_LEVEL1	20
T4_2H_SCYTHE_CRYSTAL	1	T4_ARTEFACT_2H_SCYTHE_CRYSTAL	1
T4_2H_SCYTHE_CRYSTAL	2	T4_PLANKS_LEVEL2	12
T4_2H_SCYTHE_CRYSTAL	2	T4_METALBAR_LEVEL2	20
T4_2H_SCYTHE_CRYSTAL	2	T4_ARTEFACT_2H_SCYTHE_CRYSTAL	1
T4_2H_SCYTHE_CRYSTAL	3	T4_PLANKS_LEVEL3	12
T4_2H_SCYTHE_CRYSTAL	3	T4_METALBAR_LEVEL3	20
T4_2H_SCYTHE_CRYSTAL	3	T4_ARTEFACT_2H_SCYTHE_CRYSTAL	1
T4_2H_SCYTHE_CRYSTAL	4	T4_PLANKS_LEVEL4	12
T4_2H_SCYTHE_CRYSTAL	4	T4_METALBAR_LEVEL4	20
T4_2H_SCYTHE_CRYSTAL	4	T4_ARTEFACT_2H_SCYTHE_CRYSTAL	1
T5_2H_SCYTHE_CRYSTAL	0	T5_PLANKS	12
T5_2H_SCYTHE_CRYSTAL	0	T5_METALBAR	20
T5_2H_SCYTHE_CRYSTAL	0	T5_ARTEFACT_2H_SCYTHE_CRYSTAL	1
T5_2H_SCYTHE_CRYSTAL	1	T5_PLANKS_LEVEL1	12
T5_2H_SCYTHE_CRYSTAL	1	T5_METALBAR_LEVEL1	20
T5_2H_SCYTHE_CRYSTAL	1	T5_ARTEFACT_2H_SCYTHE_CRYSTAL	1
T5_2H_SCYTHE_CRYSTAL	2	T5_PLANKS_LEVEL2	12
T5_2H_SCYTHE_CRYSTAL	2	T5_METALBAR_LEVEL2	20
T5_2H_SCYTHE_CRYSTAL	2	T5_ARTEFACT_2H_SCYTHE_CRYSTAL	1
T5_2H_SCYTHE_CRYSTAL	3	T5_PLANKS_LEVEL3	12
T5_2H_SCYTHE_CRYSTAL	3	T5_METALBAR_LEVEL3	20
T5_2H_SCYTHE_CRYSTAL	3	T5_ARTEFACT_2H_SCYTHE_CRYSTAL	1
T5_2H_SCYTHE_CRYSTAL	4	T5_PLANKS_LEVEL4	12
T5_2H_SCYTHE_CRYSTAL	4	T5_METALBAR_LEVEL4	20
T5_2H_SCYTHE_CRYSTAL	4	T5_ARTEFACT_2H_SCYTHE_CRYSTAL	1
T6_2H_SCYTHE_CRYSTAL	0	T6_PLANKS	12
T6_2H_SCYTHE_CRYSTAL	0	T6_METALBAR	20
T6_2H_SCYTHE_CRYSTAL	0	T6_ARTEFACT_2H_SCYTHE_CRYSTAL	1
T6_2H_SCYTHE_CRYSTAL	1	T6_PLANKS_LEVEL1	12
T6_2H_SCYTHE_CRYSTAL	1	T6_METALBAR_LEVEL1	20
T6_2H_SCYTHE_CRYSTAL	1	T6_ARTEFACT_2H_SCYTHE_CRYSTAL	1
T6_2H_SCYTHE_CRYSTAL	2	T6_PLANKS_LEVEL2	12
T6_2H_SCYTHE_CRYSTAL	2	T6_METALBAR_LEVEL2	20
T6_2H_SCYTHE_CRYSTAL	2	T6_ARTEFACT_2H_SCYTHE_CRYSTAL	1
T6_2H_SCYTHE_CRYSTAL	3	T6_PLANKS_LEVEL3	12
T6_2H_SCYTHE_CRYSTAL	3	T6_METALBAR_LEVEL3	20
T6_2H_SCYTHE_CRYSTAL	3	T6_ARTEFACT_2H_SCYTHE_CRYSTAL	1
T6_2H_SCYTHE_CRYSTAL	4	T6_PLANKS_LEVEL4	12
T6_2H_SCYTHE_CRYSTAL	4	T6_METALBAR_LEVEL4	20
T6_2H_SCYTHE_CRYSTAL	4	T6_ARTEFACT_2H_SCYTHE_CRYSTAL	1
T7_2H_SCYTHE_CRYSTAL	0	T7_PLANKS	12
T7_2H_SCYTHE_CRYSTAL	0	T7_METALBAR	20
T7_2H_SCYTHE_CRYSTAL	0	T7_ARTEFACT_2H_SCYTHE_CRYSTAL	1
T7_2H_SCYTHE_CRYSTAL	1	T7_PLANKS_LEVEL1	12
T7_2H_SCYTHE_CRYSTAL	1	T7_METALBAR_LEVEL1	20
T7_2H_SCYTHE_CRYSTAL	1	T7_ARTEFACT_2H_SCYTHE_CRYSTAL	1
T7_2H_SCYTHE_CRYSTAL	2	T7_PLANKS_LEVEL2	12
T7_2H_SCYTHE_CRYSTAL	2	T7_METALBAR_LEVEL2	20
T7_2H_SCYTHE_CRYSTAL	2	T7_ARTEFACT_2H_SCYTHE_CRYSTAL	1
T7_2H_SCYTHE_CRYSTAL	3	T7_PLANKS_LEVEL3	12
T7_2H_SCYTHE_CRYSTAL	3	T7_METALBAR_LEVEL3	20
T7_2H_SCYTHE_CRYSTAL	3	T7_ARTEFACT_2H_SCYTHE_CRYSTAL	1
T7_2H_SCYTHE_CRYSTAL	4	T7_PLANKS_LEVEL4	12
T7_2H_SCYTHE_CRYSTAL	4	T7_METALBAR_LEVEL4	20
T7_2H_SCYTHE_CRYSTAL	4	T7_ARTEFACT_2H_SCYTHE_CRYSTAL	1
T8_2H_SCYTHE_CRYSTAL	0	T8_PLANKS	12
T8_2H_SCYTHE_CRYSTAL	0	T8_METALBAR	20
T8_2H_SCYTHE_CRYSTAL	0	T8_ARTEFACT_2H_SCYTHE_CRYSTAL	1
T8_2H_SCYTHE_CRYSTAL	1	T8_PLANKS_LEVEL1	12
T8_2H_SCYTHE_CRYSTAL	1	T8_METALBAR_LEVEL1	20
T8_2H_SCYTHE_CRYSTAL	1	T8_ARTEFACT_2H_SCYTHE_CRYSTAL	1
T8_2H_SCYTHE_CRYSTAL	2	T8_PLANKS_LEVEL2	12
T8_2H_SCYTHE_CRYSTAL	2	T8_METALBAR_LEVEL2	20
T8_2H_SCYTHE_CRYSTAL	2	T8_ARTEFACT_2H_SCYTHE_CRYSTAL	1
T8_2H_SCYTHE_CRYSTAL	3	T8_PLANKS_LEVEL3	12
T8_2H_SCYTHE_CRYSTAL	3	T8_METALBAR_LEVEL3	20
T8_2H_SCYTHE_CRYSTAL	3	T8_ARTEFACT_2H_SCYTHE_CRYSTAL	1
T8_2H_SCYTHE_CRYSTAL	4	T8_PLANKS_LEVEL4	12
T8_2H_SCYTHE_CRYSTAL	4	T8_METALBAR_LEVEL4	20
T8_2H_SCYTHE_CRYSTAL	4	T8_ARTEFACT_2H_SCYTHE_CRYSTAL	1
T1_MAIN_SWORD	0	T1_ROCK	6
T1_MAIN_SWORD	0	T1_WOOD	6
T2_MAIN_SWORD	0	T2_METALBAR	16
T2_MAIN_SWORD	0	T2_LEATHER	8
T3_MAIN_SWORD	0	T3_METALBAR	16
T3_MAIN_SWORD	0	T3_LEATHER	8
T4_MAIN_SWORD	0	T4_METALBAR	16
T4_MAIN_SWORD	0	T4_LEATHER	8
T4_MAIN_SWORD	1	T4_METALBAR_LEVEL1	16
T4_MAIN_SWORD	1	T4_LEATHER_LEVEL1	8
T4_MAIN_SWORD	2	T4_METALBAR_LEVEL2	16
T4_MAIN_SWORD	2	T4_LEATHER_LEVEL2	8
T4_MAIN_SWORD	3	T4_METALBAR_LEVEL3	16
T4_MAIN_SWORD	3	T4_LEATHER_LEVEL3	8
T4_MAIN_SWORD	4	T4_METALBAR_LEVEL4	16
T4_MAIN_SWORD	4	T4_LEATHER_LEVEL4	8
T5_MAIN_SWORD	0	T5_METALBAR	16
T5_MAIN_SWORD	0	T5_LEATHER	8
T5_MAIN_SWORD	1	T5_METALBAR_LEVEL1	16
T5_MAIN_SWORD	1	T5_LEATHER_LEVEL1	8
T5_MAIN_SWORD	2	T5_METALBAR_LEVEL2	16
T5_MAIN_SWORD	2	T5_LEATHER_LEVEL2	8
T5_MAIN_SWORD	3	T5_METALBAR_LEVEL3	16
T5_MAIN_SWORD	3	T5_LEATHER_LEVEL3	8
T5_MAIN_SWORD	4	T5_METALBAR_LEVEL4	16
T5_MAIN_SWORD	4	T5_LEATHER_LEVEL4	8
T6_MAIN_SWORD	0	T6_METALBAR	16
T6_MAIN_SWORD	0	T6_LEATHER	8
T6_MAIN_SWORD	1	T6_METALBAR_LEVEL1	16
T6_MAIN_SWORD	1	T6_LEATHER_LEVEL1	8
T6_MAIN_SWORD	2	T6_METALBAR_LEVEL2	16
T6_MAIN_SWORD	2	T6_LEATHER_LEVEL2	8
T6_MAIN_SWORD	3	T6_METALBAR_LEVEL3	16
T6_MAIN_SWORD	3	T6_LEATHER_LEVEL3	8
T6_MAIN_SWORD	4	T6_METALBAR_LEVEL4	16
T6_MAIN_SWORD	4	T6_LEATHER_LEVEL4	8
T7_MAIN_SWORD	0	T7_METALBAR	16
T7_MAIN_SWORD	0	T7_LEATHER	8
T7_MAIN_SWORD	1	T7_METALBAR_LEVEL1	16
T7_MAIN_SWORD	1	T7_LEATHER_LEVEL1	8
T7_MAIN_SWORD	2	T7_METALBAR_LEVEL2	16
T7_MAIN_SWORD	2	T7_LEATHER_LEVEL2	8
T7_MAIN_SWORD	3	T7_METALBAR_LEVEL3	16
T7_MAIN_SWORD	3	T7_LEATHER_LEVEL3	8
T7_MAIN_SWORD	4	T7_METALBAR_LEVEL4	16
T7_MAIN_SWORD	4	T7_LEATHER_LEVEL4	8
T8_MAIN_SWORD	0	T8_METALBAR	16
T8_MAIN_SWORD	0	T8_LEATHER	8
T8_MAIN_SWORD	1	T8_METALBAR_LEVEL1	16
T8_MAIN_SWORD	1	T8_LEATHER_LEVEL1	8
T8_MAIN_SWORD	2	T8_METALBAR_LEVEL2	16
T8_MAIN_SWORD	2	T8_LEATHER_LEVEL2	8
T8_MAIN_SWORD	3	T8_METALBAR_LEVEL3	16
T8_MAIN_SWORD	3	T8_LEATHER_LEVEL3	8
T8_MAIN_SWORD	4	T8_METALBAR_LEVEL4	16
T8_MAIN_SWORD	4	T8_LEATHER_LEVEL4	8
T4_2H_CLAYMORE	0	T4_METALBAR	20
T4_2H_CLAYMORE	0	T4_LEATHER	12
T4_2H_CLAYMORE	1	T4_METALBAR_LEVEL1	20
T4_2H_CLAYMORE	1	T4_LEATHER_LEVEL1	12
T4_2H_CLAYMORE	2	T4_METALBAR_LEVEL2	20
T4_2H_CLAYMORE	2	T4_LEATHER_LEVEL2	12
T4_2H_CLAYMORE	3	T4_METALBAR_LEVEL3	20
T4_2H_CLAYMORE	3	T4_LEATHER_LEVEL3	12
T4_2H_CLAYMORE	4	T4_METALBAR_LEVEL4	20
T4_2H_CLAYMORE	4	T4_LEATHER_LEVEL4	12
T5_2H_CLAYMORE	0	T5_METALBAR	20
T5_2H_CLAYMORE	0	T5_LEATHER	12
T5_2H_CLAYMORE	1	T5_METALBAR_LEVEL1	20
T5_2H_CLAYMORE	1	T5_LEATHER_LEVEL1	12
T5_2H_CLAYMORE	2	T5_METALBAR_LEVEL2	20
T5_2H_CLAYMORE	2	T5_LEATHER_LEVEL2	12
T5_2H_CLAYMORE	3	T5_METALBAR_LEVEL3	20
T5_2H_CLAYMORE	3	T5_LEATHER_LEVEL3	12
T5_2H_CLAYMORE	4	T5_METALBAR_LEVEL4	20
T5_2H_CLAYMORE	4	T5_LEATHER_LEVEL4	12
T6_2H_CLAYMORE	0	T6_METALBAR	20
T6_2H_CLAYMORE	0	T6_LEATHER	12
T6_2H_CLAYMORE	1	T6_METALBAR_LEVEL1	20
T6_2H_CLAYMORE	1	T6_LEATHER_LEVEL1	12
T6_2H_CLAYMORE	2	T6_METALBAR_LEVEL2	20
T6_2H_CLAYMORE	2	T6_LEATHER_LEVEL2	12
T6_2H_CLAYMORE	3	T6_METALBAR_LEVEL3	20
T6_2H_CLAYMORE	3	T6_LEATHER_LEVEL3	12
T6_2H_CLAYMORE	4	T6_METALBAR_LEVEL4	20
T6_2H_CLAYMORE	4	T6_LEATHER_LEVEL4	12
T7_2H_CLAYMORE	0	T7_METALBAR	20
T7_2H_CLAYMORE	0	T7_LEATHER	12
T7_2H_CLAYMORE	1	T7_METALBAR_LEVEL1	20
T7_2H_CLAYMORE	1	T7_LEATHER_LEVEL1	12
T7_2H_CLAYMORE	2	T7_METALBAR_LEVEL2	20
T7_2H_CLAYMORE	2	T7_LEATHER_LEVEL2	12
T7_2H_CLAYMORE	3	T7_METALBAR_LEVEL3	20
T7_2H_CLAYMORE	3	T7_LEATHER_LEVEL3	12
T7_2H_CLAYMORE	4	T7_METALBAR_LEVEL4	20
T7_2H_CLAYMORE	4	T7_LEATHER_LEVEL4	12
T8_2H_CLAYMORE	0	T8_METALBAR	20
T8_2H_CLAYMORE	0	T8_LEATHER	12
T8_2H_CLAYMORE	1	T8_METALBAR_LEVEL1	20
T8_2H_CLAYMORE	1	T8_LEATHER_LEVEL1	12
T8_2H_CLAYMORE	2	T8_METALBAR_LEVEL2	20
T8_2H_CLAYMORE	2	T8_LEATHER_LEVEL2	12
T8_2H_CLAYMORE	3	T8_METALBAR_LEVEL3	20
T8_2H_CLAYMORE	3	T8_LEATHER_LEVEL3	12
T8_2H_CLAYMORE	4	T8_METALBAR_LEVEL4	20
T8_2H_CLAYMORE	4	T8_LEATHER_LEVEL4	12
T4_2H_DUALSWORD	0	T4_METALBAR	20
T4_2H_DUALSWORD	0	T4_LEATHER	12
T4_2H_DUALSWORD	1	T4_METALBAR_LEVEL1	20
T4_2H_DUALSWORD	1	T4_LEATHER_LEVEL1	12
T4_2H_DUALSWORD	2	T4_METALBAR_LEVEL2	20
T4_2H_DUALSWORD	2	T4_LEATHER_LEVEL2	12
T4_2H_DUALSWORD	3	T4_METALBAR_LEVEL3	20
T4_2H_DUALSWORD	3	T4_LEATHER_LEVEL3	12
T4_2H_DUALSWORD	4	T4_METALBAR_LEVEL4	20
T4_2H_DUALSWORD	4	T4_LEATHER_LEVEL4	12
T5_2H_DUALSWORD	0	T5_METALBAR	20
T5_2H_DUALSWORD	0	T5_LEATHER	12
T5_2H_DUALSWORD	1	T5_METALBAR_LEVEL1	20
T5_2H_DUALSWORD	1	T5_LEATHER_LEVEL1	12
T5_2H_DUALSWORD	2	T5_METALBAR_LEVEL2	20
T5_2H_DUALSWORD	2	T5_LEATHER_LEVEL2	12
T5_2H_DUALSWORD	3	T5_METALBAR_LEVEL3	20
T5_2H_DUALSWORD	3	T5_LEATHER_LEVEL3	12
T5_2H_DUALSWORD	4	T5_METALBAR_LEVEL4	20
T5_2H_DUALSWORD	4	T5_LEATHER_LEVEL4	12
T6_2H_DUALSWORD	0	T6_METALBAR	20
T6_2H_DUALSWORD	0	T6_LEATHER	12
T6_2H_DUALSWORD	1	T6_METALBAR_LEVEL1	20
T6_2H_DUALSWORD	1	T6_LEATHER_LEVEL1	12
T6_2H_DUALSWORD	2	T6_METALBAR_LEVEL2	20
T6_2H_DUALSWORD	2	T6_LEATHER_LEVEL2	12
T6_2H_DUALSWORD	3	T6_METALBAR_LEVEL3	20
T6_2H_DUALSWORD	3	T6_LEATHER_LEVEL3	12
T6_2H_DUALSWORD	4	T6_METALBAR_LEVEL4	20
T6_2H_DUALSWORD	4	T6_LEATHER_LEVEL4	12
T7_2H_DUALSWORD	0	T7_METALBAR	20
T7_2H_DUALSWORD	0	T7_LEATHER	12
T7_2H_DUALSWORD	1	T7_METALBAR_LEVEL1	20
T7_2H_DUALSWORD	1	T7_LEATHER_LEVEL1	12
T7_2H_DUALSWORD	2	T7_METALBAR_LEVEL2	20
T7_2H_DUALSWORD	2	T7_LEATHER_LEVEL2	12
T7_2H_DUALSWORD	3	T7_METALBAR_LEVEL3	20
T7_2H_DUALSWORD	3	T7_LEATHER_LEVEL3	12
T7_2H_DUALSWORD	4	T7_METALBAR_LEVEL4	20
T7_2H_DUALSWORD	4	T7_LEATHER_LEVEL4	12
T8_2H_DUALSWORD	0	T8_METALBAR	20
T8_2H_DUALSWORD	0	T8_LEATHER	12
T8_2H_DUALSWORD	1	T8_METALBAR_LEVEL1	20
T8_2H_DUALSWORD	1	T8_LEATHER_LEVEL1	12
T8_2H_DUALSWORD	2	T8_METALBAR_LEVEL2	20
T8_2H_DUALSWORD	2	T8_LEATHER_LEVEL2	12
T8_2H_DUALSWORD	3	T8_METALBAR_LEVEL3	20
T8_2H_DUALSWORD	3	T8_LEATHER_LEVEL3	12
T8_2H_DUALSWORD	4	T8_METALBAR_LEVEL4	20
T8_2H_DUALSWORD	4	T8_LEATHER_LEVEL4	12
T4_MAIN_SCIMITAR_MORGANA	0	T4_METALBAR	16
T4_MAIN_SCIMITAR_MORGANA	0	T4_LEATHER	8
T4_MAIN_SCIMITAR_MORGANA	0	T4_ARTEFACT_MAIN_SCIMITAR_MORGANA	1
T4_MAIN_SCIMITAR_MORGANA	1	T4_METALBAR_LEVEL1	16
T4_MAIN_SCIMITAR_MORGANA	1	T4_LEATHER_LEVEL1	8
T4_MAIN_SCIMITAR_MORGANA	1	T4_ARTEFACT_MAIN_SCIMITAR_MORGANA	1
T4_MAIN_SCIMITAR_MORGANA	2	T4_METALBAR_LEVEL2	16
T4_MAIN_SCIMITAR_MORGANA	2	T4_LEATHER_LEVEL2	8
T4_MAIN_SCIMITAR_MORGANA	2	T4_ARTEFACT_MAIN_SCIMITAR_MORGANA	1
T4_MAIN_SCIMITAR_MORGANA	3	T4_METALBAR_LEVEL3	16
T4_MAIN_SCIMITAR_MORGANA	3	T4_LEATHER_LEVEL3	8
T4_MAIN_SCIMITAR_MORGANA	3	T4_ARTEFACT_MAIN_SCIMITAR_MORGANA	1
T4_MAIN_SCIMITAR_MORGANA	4	T4_METALBAR_LEVEL4	16
T4_MAIN_SCIMITAR_MORGANA	4	T4_LEATHER_LEVEL4	8
T4_MAIN_SCIMITAR_MORGANA	4	T4_ARTEFACT_MAIN_SCIMITAR_MORGANA	1
T5_MAIN_SCIMITAR_MORGANA	0	T5_METALBAR	16
T5_MAIN_SCIMITAR_MORGANA	0	T5_LEATHER	8
T5_MAIN_SCIMITAR_MORGANA	0	T5_ARTEFACT_MAIN_SCIMITAR_MORGANA	1
T5_MAIN_SCIMITAR_MORGANA	1	T5_METALBAR_LEVEL1	16
T5_MAIN_SCIMITAR_MORGANA	1	T5_LEATHER_LEVEL1	8
T5_MAIN_SCIMITAR_MORGANA	1	T5_ARTEFACT_MAIN_SCIMITAR_MORGANA	1
T5_MAIN_SCIMITAR_MORGANA	2	T5_METALBAR_LEVEL2	16
T5_MAIN_SCIMITAR_MORGANA	2	T5_LEATHER_LEVEL2	8
T5_MAIN_SCIMITAR_MORGANA	2	T5_ARTEFACT_MAIN_SCIMITAR_MORGANA	1
T5_MAIN_SCIMITAR_MORGANA	3	T5_METALBAR_LEVEL3	16
T5_MAIN_SCIMITAR_MORGANA	3	T5_LEATHER_LEVEL3	8
T5_MAIN_SCIMITAR_MORGANA	3	T5_ARTEFACT_MAIN_SCIMITAR_MORGANA	1
T5_MAIN_SCIMITAR_MORGANA	4	T5_METALBAR_LEVEL4	16
T5_MAIN_SCIMITAR_MORGANA	4	T5_LEATHER_LEVEL4	8
T5_MAIN_SCIMITAR_MORGANA	4	T5_ARTEFACT_MAIN_SCIMITAR_MORGANA	1
T6_MAIN_SCIMITAR_MORGANA	0	T6_METALBAR	16
T6_MAIN_SCIMITAR_MORGANA	0	T6_LEATHER	8
T6_MAIN_SCIMITAR_MORGANA	0	T6_ARTEFACT_MAIN_SCIMITAR_MORGANA	1
T6_MAIN_SCIMITAR_MORGANA	1	T6_METALBAR_LEVEL1	16
T6_MAIN_SCIMITAR_MORGANA	1	T6_LEATHER_LEVEL1	8
T6_MAIN_SCIMITAR_MORGANA	1	T6_ARTEFACT_MAIN_SCIMITAR_MORGANA	1
T6_MAIN_SCIMITAR_MORGANA	2	T6_METALBAR_LEVEL2	16
T6_MAIN_SCIMITAR_MORGANA	2	T6_LEATHER_LEVEL2	8
T6_MAIN_SCIMITAR_MORGANA	2	T6_ARTEFACT_MAIN_SCIMITAR_MORGANA	1
T6_MAIN_SCIMITAR_MORGANA	3	T6_METALBAR_LEVEL3	16
T6_MAIN_SCIMITAR_MORGANA	3	T6_LEATHER_LEVEL3	8
T6_MAIN_SCIMITAR_MORGANA	3	T6_ARTEFACT_MAIN_SCIMITAR_MORGANA	1
T6_MAIN_SCIMITAR_MORGANA	4	T6_METALBAR_LEVEL4	16
T6_MAIN_SCIMITAR_MORGANA	4	T6_LEATHER_LEVEL4	8
T6_MAIN_SCIMITAR_MORGANA	4	T6_ARTEFACT_MAIN_SCIMITAR_MORGANA	1
T7_MAIN_SCIMITAR_MORGANA	0	T7_METALBAR	16
T7_MAIN_SCIMITAR_MORGANA	0	T7_LEATHER	8
T7_MAIN_SCIMITAR_MORGANA	0	T7_ARTEFACT_MAIN_SCIMITAR_MORGANA	1
T7_MAIN_SCIMITAR_MORGANA	1	T7_METALBAR_LEVEL1	16
T7_MAIN_SCIMITAR_MORGANA	1	T7_LEATHER_LEVEL1	8
T7_MAIN_SCIMITAR_MORGANA	1	T7_ARTEFACT_MAIN_SCIMITAR_MORGANA	1
T7_MAIN_SCIMITAR_MORGANA	2	T7_METALBAR_LEVEL2	16
T7_MAIN_SCIMITAR_MORGANA	2	T7_LEATHER_LEVEL2	8
T7_MAIN_SCIMITAR_MORGANA	2	T7_ARTEFACT_MAIN_SCIMITAR_MORGANA	1
T7_MAIN_SCIMITAR_MORGANA	3	T7_METALBAR_LEVEL3	16
T7_MAIN_SCIMITAR_MORGANA	3	T7_LEATHER_LEVEL3	8
T7_MAIN_SCIMITAR_MORGANA	3	T7_ARTEFACT_MAIN_SCIMITAR_MORGANA	1
T7_MAIN_SCIMITAR_MORGANA	4	T7_METALBAR_LEVEL4	16
T7_MAIN_SCIMITAR_MORGANA	4	T7_LEATHER_LEVEL4	8
T7_MAIN_SCIMITAR_MORGANA	4	T7_ARTEFACT_MAIN_SCIMITAR_MORGANA	1
T8_MAIN_SCIMITAR_MORGANA	0	T8_METALBAR	16
T8_MAIN_SCIMITAR_MORGANA	0	T8_LEATHER	8
T8_MAIN_SCIMITAR_MORGANA	0	T8_ARTEFACT_MAIN_SCIMITAR_MORGANA	1
T8_MAIN_SCIMITAR_MORGANA	1	T8_METALBAR_LEVEL1	16
T8_MAIN_SCIMITAR_MORGANA	1	T8_LEATHER_LEVEL1	8
T8_MAIN_SCIMITAR_MORGANA	1	T8_ARTEFACT_MAIN_SCIMITAR_MORGANA	1
T8_MAIN_SCIMITAR_MORGANA	2	T8_METALBAR_LEVEL2	16
T8_MAIN_SCIMITAR_MORGANA	2	T8_LEATHER_LEVEL2	8
T8_MAIN_SCIMITAR_MORGANA	2	T8_ARTEFACT_MAIN_SCIMITAR_MORGANA	1
T8_MAIN_SCIMITAR_MORGANA	3	T8_METALBAR_LEVEL3	16
T8_MAIN_SCIMITAR_MORGANA	3	T8_LEATHER_LEVEL3	8
T8_MAIN_SCIMITAR_MORGANA	3	T8_ARTEFACT_MAIN_SCIMITAR_MORGANA	1
T8_MAIN_SCIMITAR_MORGANA	4	T8_METALBAR_LEVEL4	16
T8_MAIN_SCIMITAR_MORGANA	4	T8_LEATHER_LEVEL4	8
T8_MAIN_SCIMITAR_MORGANA	4	T8_ARTEFACT_MAIN_SCIMITAR_MORGANA	1
T4_2H_CLEAVER_HELL	0	T4_METALBAR	20
T4_2H_CLEAVER_HELL	0	T4_LEATHER	12
T4_2H_CLEAVER_HELL	0	T4_ARTEFACT_2H_CLEAVER_HELL	1
T4_2H_CLEAVER_HELL	1	T4_METALBAR_LEVEL1	20
T4_2H_CLEAVER_HELL	1	T4_LEATHER_LEVEL1	12
T4_2H_CLEAVER_HELL	1	T4_ARTEFACT_2H_CLEAVER_HELL	1
T4_2H_CLEAVER_HELL	2	T4_METALBAR_LEVEL2	20
T4_2H_CLEAVER_HELL	2	T4_LEATHER_LEVEL2	12
T4_2H_CLEAVER_HELL	2	T4_ARTEFACT_2H_CLEAVER_HELL	1
T4_2H_CLEAVER_HELL	3	T4_METALBAR_LEVEL3	20
T4_2H_CLEAVER_HELL	3	T4_LEATHER_LEVEL3	12
T4_2H_CLEAVER_HELL	3	T4_ARTEFACT_2H_CLEAVER_HELL	1
T4_2H_CLEAVER_HELL	4	T4_METALBAR_LEVEL4	20
T4_2H_CLEAVER_HELL	4	T4_LEATHER_LEVEL4	12
T4_2H_CLEAVER_HELL	4	T4_ARTEFACT_2H_CLEAVER_HELL	1
T5_2H_CLEAVER_HELL	0	T5_METALBAR	20
T5_2H_CLEAVER_HELL	0	T5_LEATHER	12
T5_2H_CLEAVER_HELL	0	T5_ARTEFACT_2H_CLEAVER_HELL	1
T5_2H_CLEAVER_HELL	1	T5_METALBAR_LEVEL1	20
T5_2H_CLEAVER_HELL	1	T5_LEATHER_LEVEL1	12
T5_2H_CLEAVER_HELL	1	T5_ARTEFACT_2H_CLEAVER_HELL	1
T5_2H_CLEAVER_HELL	2	T5_METALBAR_LEVEL2	20
T5_2H_CLEAVER_HELL	2	T5_LEATHER_LEVEL2	12
T5_2H_CLEAVER_HELL	2	T5_ARTEFACT_2H_CLEAVER_HELL	1
T5_2H_CLEAVER_HELL	3	T5_METALBAR_LEVEL3	20
T5_2H_CLEAVER_HELL	3	T5_LEATHER_LEVEL3	12
T5_2H_CLEAVER_HELL	3	T5_ARTEFACT_2H_CLEAVER_HELL	1
T5_2H_CLEAVER_HELL	4	T5_METALBAR_LEVEL4	20
T5_2H_CLEAVER_HELL	4	T5_LEATHER_LEVEL4	12
T5_2H_CLEAVER_HELL	4	T5_ARTEFACT_2H_CLEAVER_HELL	1
T6_2H_CLEAVER_HELL	0	T6_METALBAR	20
T6_2H_CLEAVER_HELL	0	T6_LEATHER	12
T6_2H_CLEAVER_HELL	0	T6_ARTEFACT_2H_CLEAVER_HELL	1
T6_2H_CLEAVER_HELL	1	T6_METALBAR_LEVEL1	20
T6_2H_CLEAVER_HELL	1	T6_LEATHER_LEVEL1	12
T6_2H_CLEAVER_HELL	1	T6_ARTEFACT_2H_CLEAVER_HELL	1
T6_2H_CLEAVER_HELL	2	T6_METALBAR_LEVEL2	20
T6_2H_CLEAVER_HELL	2	T6_LEATHER_LEVEL2	12
T6_2H_CLEAVER_HELL	2	T6_ARTEFACT_2H_CLEAVER_HELL	1
T6_2H_CLEAVER_HELL	3	T6_METALBAR_LEVEL3	20
T6_2H_CLEAVER_HELL	3	T6_LEATHER_LEVEL3	12
T6_2H_CLEAVER_HELL	3	T6_ARTEFACT_2H_CLEAVER_HELL	1
T6_2H_CLEAVER_HELL	4	T6_METALBAR_LEVEL4	20
T6_2H_CLEAVER_HELL	4	T6_LEATHER_LEVEL4	12
T6_2H_CLEAVER_HELL	4	T6_ARTEFACT_2H_CLEAVER_HELL	1
T7_2H_CLEAVER_HELL	0	T7_METALBAR	20
T7_2H_CLEAVER_HELL	0	T7_LEATHER	12
T7_2H_CLEAVER_HELL	0	T7_ARTEFACT_2H_CLEAVER_HELL	1
T7_2H_CLEAVER_HELL	1	T7_METALBAR_LEVEL1	20
T7_2H_CLEAVER_HELL	1	T7_LEATHER_LEVEL1	12
T7_2H_CLEAVER_HELL	1	T7_ARTEFACT_2H_CLEAVER_HELL	1
T7_2H_CLEAVER_HELL	2	T7_METALBAR_LEVEL2	20
T7_2H_CLEAVER_HELL	2	T7_LEATHER_LEVEL2	12
T7_2H_CLEAVER_HELL	2	T7_ARTEFACT_2H_CLEAVER_HELL	1
T7_2H_CLEAVER_HELL	3	T7_METALBAR_LEVEL3	20
T7_2H_CLEAVER_HELL	3	T7_LEATHER_LEVEL3	12
T7_2H_CLEAVER_HELL	3	T7_ARTEFACT_2H_CLEAVER_HELL	1
T7_2H_CLEAVER_HELL	4	T7_METALBAR_LEVEL4	20
T7_2H_CLEAVER_HELL	4	T7_LEATHER_LEVEL4	12
T7_2H_CLEAVER_HELL	4	T7_ARTEFACT_2H_CLEAVER_HELL	1
T8_2H_CLEAVER_HELL	0	T8_METALBAR	20
T8_2H_CLEAVER_HELL	0	T8_LEATHER	12
T8_2H_CLEAVER_HELL	0	T8_ARTEFACT_2H_CLEAVER_HELL	1
T8_2H_CLEAVER_HELL	1	T8_METALBAR_LEVEL1	20
T8_2H_CLEAVER_HELL	1	T8_LEATHER_LEVEL1	12
T8_2H_CLEAVER_HELL	1	T8_ARTEFACT_2H_CLEAVER_HELL	1
T8_2H_CLEAVER_HELL	2	T8_METALBAR_LEVEL2	20
T8_2H_CLEAVER_HELL	2	T8_LEATHER_LEVEL2	12
T8_2H_CLEAVER_HELL	2	T8_ARTEFACT_2H_CLEAVER_HELL	1
T8_2H_CLEAVER_HELL	3	T8_METALBAR_LEVEL3	20
T8_2H_CLEAVER_HELL	3	T8_LEATHER_LEVEL3	12
T8_2H_CLEAVER_HELL	3	T8_ARTEFACT_2H_CLEAVER_HELL	1
T8_2H_CLEAVER_HELL	4	T8_METALBAR_LEVEL4	20
T8_2H_CLEAVER_HELL	4	T8_LEATHER_LEVEL4	12
T8_2H_CLEAVER_HELL	4	T8_ARTEFACT_2H_CLEAVER_HELL	1
T4_2H_DUALSCIMITAR_UNDEAD	0	T4_METALBAR	20
T4_2H_DUALSCIMITAR_UNDEAD	0	T4_LEATHER	12
T4_2H_DUALSCIMITAR_UNDEAD	0	T4_ARTEFACT_2H_DUALSCIMITAR_UNDEAD	1
T4_2H_DUALSCIMITAR_UNDEAD	1	T4_METALBAR_LEVEL1	20
T4_2H_DUALSCIMITAR_UNDEAD	1	T4_LEATHER_LEVEL1	12
T4_2H_DUALSCIMITAR_UNDEAD	1	T4_ARTEFACT_2H_DUALSCIMITAR_UNDEAD	1
T4_2H_DUALSCIMITAR_UNDEAD	2	T4_METALBAR_LEVEL2	20
T4_2H_DUALSCIMITAR_UNDEAD	2	T4_LEATHER_LEVEL2	12
T4_2H_DUALSCIMITAR_UNDEAD	2	T4_ARTEFACT_2H_DUALSCIMITAR_UNDEAD	1
T4_2H_DUALSCIMITAR_UNDEAD	3	T4_METALBAR_LEVEL3	20
T4_2H_DUALSCIMITAR_UNDEAD	3	T4_LEATHER_LEVEL3	12
T4_2H_DUALSCIMITAR_UNDEAD	3	T4_ARTEFACT_2H_DUALSCIMITAR_UNDEAD	1
T4_2H_DUALSCIMITAR_UNDEAD	4	T4_METALBAR_LEVEL4	20
T4_2H_DUALSCIMITAR_UNDEAD	4	T4_LEATHER_LEVEL4	12
T4_2H_DUALSCIMITAR_UNDEAD	4	T4_ARTEFACT_2H_DUALSCIMITAR_UNDEAD	1
T5_2H_DUALSCIMITAR_UNDEAD	0	T5_METALBAR	20
T5_2H_DUALSCIMITAR_UNDEAD	0	T5_LEATHER	12
T5_2H_DUALSCIMITAR_UNDEAD	0	T5_ARTEFACT_2H_DUALSCIMITAR_UNDEAD	1
T5_2H_DUALSCIMITAR_UNDEAD	1	T5_METALBAR_LEVEL1	20
T5_2H_DUALSCIMITAR_UNDEAD	1	T5_LEATHER_LEVEL1	12
T5_2H_DUALSCIMITAR_UNDEAD	1	T5_ARTEFACT_2H_DUALSCIMITAR_UNDEAD	1
T5_2H_DUALSCIMITAR_UNDEAD	2	T5_METALBAR_LEVEL2	20
T5_2H_DUALSCIMITAR_UNDEAD	2	T5_LEATHER_LEVEL2	12
T5_2H_DUALSCIMITAR_UNDEAD	2	T5_ARTEFACT_2H_DUALSCIMITAR_UNDEAD	1
T5_2H_DUALSCIMITAR_UNDEAD	3	T5_METALBAR_LEVEL3	20
T5_2H_DUALSCIMITAR_UNDEAD	3	T5_LEATHER_LEVEL3	12
T5_2H_DUALSCIMITAR_UNDEAD	3	T5_ARTEFACT_2H_DUALSCIMITAR_UNDEAD	1
T5_2H_DUALSCIMITAR_UNDEAD	4	T5_METALBAR_LEVEL4	20
T5_2H_DUALSCIMITAR_UNDEAD	4	T5_LEATHER_LEVEL4	12
T5_2H_DUALSCIMITAR_UNDEAD	4	T5_ARTEFACT_2H_DUALSCIMITAR_UNDEAD	1
T6_2H_DUALSCIMITAR_UNDEAD	0	T6_METALBAR	20
T6_2H_DUALSCIMITAR_UNDEAD	0	T6_LEATHER	12
T6_2H_DUALSCIMITAR_UNDEAD	0	T6_ARTEFACT_2H_DUALSCIMITAR_UNDEAD	1
T6_2H_DUALSCIMITAR_UNDEAD	1	T6_METALBAR_LEVEL1	20
T6_2H_DUALSCIMITAR_UNDEAD	1	T6_LEATHER_LEVEL1	12
T6_2H_DUALSCIMITAR_UNDEAD	1	T6_ARTEFACT_2H_DUALSCIMITAR_UNDEAD	1
T6_2H_DUALSCIMITAR_UNDEAD	2	T6_METALBAR_LEVEL2	20
T6_2H_DUALSCIMITAR_UNDEAD	2	T6_LEATHER_LEVEL2	12
T6_2H_DUALSCIMITAR_UNDEAD	2	T6_ARTEFACT_2H_DUALSCIMITAR_UNDEAD	1
T6_2H_DUALSCIMITAR_UNDEAD	3	T6_METALBAR_LEVEL3	20
T6_2H_DUALSCIMITAR_UNDEAD	3	T6_LEATHER_LEVEL3	12
T6_2H_DUALSCIMITAR_UNDEAD	3	T6_ARTEFACT_2H_DUALSCIMITAR_UNDEAD	1
T6_2H_DUALSCIMITAR_UNDEAD	4	T6_METALBAR_LEVEL4	20
T6_2H_DUALSCIMITAR_UNDEAD	4	T6_LEATHER_LEVEL4	12
T6_2H_DUALSCIMITAR_UNDEAD	4	T6_ARTEFACT_2H_DUALSCIMITAR_UNDEAD	1
T7_2H_DUALSCIMITAR_UNDEAD	0	T7_METALBAR	20
T7_2H_DUALSCIMITAR_UNDEAD	0	T7_LEATHER	12
T7_2H_DUALSCIMITAR_UNDEAD	0	T7_ARTEFACT_2H_DUALSCIMITAR_UNDEAD	1
T7_2H_DUALSCIMITAR_UNDEAD	1	T7_METALBAR_LEVEL1	20
T7_2H_DUALSCIMITAR_UNDEAD	1	T7_LEATHER_LEVEL1	12
T7_2H_DUALSCIMITAR_UNDEAD	1	T7_ARTEFACT_2H_DUALSCIMITAR_UNDEAD	1
T7_2H_DUALSCIMITAR_UNDEAD	2	T7_METALBAR_LEVEL2	20
T7_2H_DUALSCIMITAR_UNDEAD	2	T7_LEATHER_LEVEL2	12
T7_2H_DUALSCIMITAR_UNDEAD	2	T7_ARTEFACT_2H_DUALSCIMITAR_UNDEAD	1
T7_2H_DUALSCIMITAR_UNDEAD	3	T7_METALBAR_LEVEL3	20
T7_2H_DUALSCIMITAR_UNDEAD	3	T7_LEATHER_LEVEL3	12
T7_2H_DUALSCIMITAR_UNDEAD	3	T7_ARTEFACT_2H_DUALSCIMITAR_UNDEAD	1
T7_2H_DUALSCIMITAR_UNDEAD	4	T7_METALBAR_LEVEL4	20
T7_2H_DUALSCIMITAR_UNDEAD	4	T7_LEATHER_LEVEL4	12
T7_2H_DUALSCIMITAR_UNDEAD	4	T7_ARTEFACT_2H_DUALSCIMITAR_UNDEAD	1
T8_2H_DUALSCIMITAR_UNDEAD	0	T8_METALBAR	20
T8_2H_DUALSCIMITAR_UNDEAD	0	T8_LEATHER	12
T8_2H_DUALSCIMITAR_UNDEAD	0	T8_ARTEFACT_2H_DUALSCIMITAR_UNDEAD	1
T8_2H_DUALSCIMITAR_UNDEAD	1	T8_METALBAR_LEVEL1	20
T8_2H_DUALSCIMITAR_UNDEAD	1	T8_LEATHER_LEVEL1	12
T8_2H_DUALSCIMITAR_UNDEAD	1	T8_ARTEFACT_2H_DUALSCIMITAR_UNDEAD	1
T8_2H_DUALSCIMITAR_UNDEAD	2	T8_METALBAR_LEVEL2	20
T8_2H_DUALSCIMITAR_UNDEAD	2	T8_LEATHER_LEVEL2	12
T8_2H_DUALSCIMITAR_UNDEAD	2	T8_ARTEFACT_2H_DUALSCIMITAR_UNDEAD	1
T8_2H_DUALSCIMITAR_UNDEAD	3	T8_METALBAR_LEVEL3	20
T8_2H_DUALSCIMITAR_UNDEAD	3	T8_LEATHER_LEVEL3	12
T8_2H_DUALSCIMITAR_UNDEAD	3	T8_ARTEFACT_2H_DUALSCIMITAR_UNDEAD	1
T8_2H_DUALSCIMITAR_UNDEAD	4	T8_METALBAR_LEVEL4	20
T8_2H_DUALSCIMITAR_UNDEAD	4	T8_LEATHER_LEVEL4	12
T8_2H_DUALSCIMITAR_UNDEAD	4	T8_ARTEFACT_2H_DUALSCIMITAR_UNDEAD	1
T4_2H_CLAYMORE_AVALON	0	T4_METALBAR	20
T4_2H_CLAYMORE_AVALON	0	T4_LEATHER	12
T4_2H_CLAYMORE_AVALON	0	T4_ARTEFACT_2H_CLAYMORE_AVALON	1
T4_2H_CLAYMORE_AVALON	1	T4_METALBAR_LEVEL1	20
T4_2H_CLAYMORE_AVALON	1	T4_LEATHER_LEVEL1	12
T4_2H_CLAYMORE_AVALON	1	T4_ARTEFACT_2H_CLAYMORE_AVALON	1
T4_2H_CLAYMORE_AVALON	2	T4_METALBAR_LEVEL2	20
T4_2H_CLAYMORE_AVALON	2	T4_LEATHER_LEVEL2	12
T4_2H_CLAYMORE_AVALON	2	T4_ARTEFACT_2H_CLAYMORE_AVALON	1
T4_2H_CLAYMORE_AVALON	3	T4_METALBAR_LEVEL3	20
T4_2H_CLAYMORE_AVALON	3	T4_LEATHER_LEVEL3	12
T4_2H_CLAYMORE_AVALON	3	T4_ARTEFACT_2H_CLAYMORE_AVALON	1
T4_2H_CLAYMORE_AVALON	4	T4_METALBAR_LEVEL4	20
T4_2H_CLAYMORE_AVALON	4	T4_LEATHER_LEVEL4	12
T4_2H_CLAYMORE_AVALON	4	T4_ARTEFACT_2H_CLAYMORE_AVALON	1
T5_2H_CLAYMORE_AVALON	0	T5_METALBAR	20
T5_2H_CLAYMORE_AVALON	0	T5_LEATHER	12
T5_2H_CLAYMORE_AVALON	0	T5_ARTEFACT_2H_CLAYMORE_AVALON	1
T5_2H_CLAYMORE_AVALON	1	T5_METALBAR_LEVEL1	20
T5_2H_CLAYMORE_AVALON	1	T5_LEATHER_LEVEL1	12
T5_2H_CLAYMORE_AVALON	1	T5_ARTEFACT_2H_CLAYMORE_AVALON	1
T5_2H_CLAYMORE_AVALON	2	T5_METALBAR_LEVEL2	20
T5_2H_CLAYMORE_AVALON	2	T5_LEATHER_LEVEL2	12
T5_2H_CLAYMORE_AVALON	2	T5_ARTEFACT_2H_CLAYMORE_AVALON	1
T5_2H_CLAYMORE_AVALON	3	T5_METALBAR_LEVEL3	20
T5_2H_CLAYMORE_AVALON	3	T5_LEATHER_LEVEL3	12
T5_2H_CLAYMORE_AVALON	3	T5_ARTEFACT_2H_CLAYMORE_AVALON	1
T5_2H_CLAYMORE_AVALON	4	T5_METALBAR_LEVEL4	20
T5_2H_CLAYMORE_AVALON	4	T5_LEATHER_LEVEL4	12
T5_2H_CLAYMORE_AVALON	4	T5_ARTEFACT_2H_CLAYMORE_AVALON	1
T6_2H_CLAYMORE_AVALON	0	T6_METALBAR	20
T6_2H_CLAYMORE_AVALON	0	T6_LEATHER	12
T6_2H_CLAYMORE_AVALON	0	T6_ARTEFACT_2H_CLAYMORE_AVALON	1
T6_2H_CLAYMORE_AVALON	1	T6_METALBAR_LEVEL1	20
T6_2H_CLAYMORE_AVALON	1	T6_LEATHER_LEVEL1	12
T6_2H_CLAYMORE_AVALON	1	T6_ARTEFACT_2H_CLAYMORE_AVALON	1
T6_2H_CLAYMORE_AVALON	2	T6_METALBAR_LEVEL2	20
T6_2H_CLAYMORE_AVALON	2	T6_LEATHER_LEVEL2	12
T6_2H_CLAYMORE_AVALON	2	T6_ARTEFACT_2H_CLAYMORE_AVALON	1
T6_2H_CLAYMORE_AVALON	3	T6_METALBAR_LEVEL3	20
T6_2H_CLAYMORE_AVALON	3	T6_LEATHER_LEVEL3	12
T6_2H_CLAYMORE_AVALON	3	T6_ARTEFACT_2H_CLAYMORE_AVALON	1
T6_2H_CLAYMORE_AVALON	4	T6_METALBAR_LEVEL4	20
T6_2H_CLAYMORE_AVALON	4	T6_LEATHER_LEVEL4	12
T6_2H_CLAYMORE_AVALON	4	T6_ARTEFACT_2H_CLAYMORE_AVALON	1
T7_2H_CLAYMORE_AVALON	0	T7_METALBAR	20
T7_2H_CLAYMORE_AVALON	0	T7_LEATHER	12
T7_2H_CLAYMORE_AVALON	0	T7_ARTEFACT_2H_CLAYMORE_AVALON	1
T7_2H_CLAYMORE_AVALON	1	T7_METALBAR_LEVEL1	20
T7_2H_CLAYMORE_AVALON	1	T7_LEATHER_LEVEL1	12
T7_2H_CLAYMORE_AVALON	1	T7_ARTEFACT_2H_CLAYMORE_AVALON	1
T7_2H_CLAYMORE_AVALON	2	T7_METALBAR_LEVEL2	20
T7_2H_CLAYMORE_AVALON	2	T7_LEATHER_LEVEL2	12
T7_2H_CLAYMORE_AVALON	2	T7_ARTEFACT_2H_CLAYMORE_AVALON	1
T7_2H_CLAYMORE_AVALON	3	T7_METALBAR_LEVEL3	20
T7_2H_CLAYMORE_AVALON	3	T7_LEATHER_LEVEL3	12
T7_2H_CLAYMORE_AVALON	3	T7_ARTEFACT_2H_CLAYMORE_AVALON	1
T7_2H_CLAYMORE_AVALON	4	T7_METALBAR_LEVEL4	20
T7_2H_CLAYMORE_AVALON	4	T7_LEATHER_LEVEL4	12
T7_2H_CLAYMORE_AVALON	4	T7_ARTEFACT_2H_CLAYMORE_AVALON	1
T8_2H_CLAYMORE_AVALON	0	T8_METALBAR	20
T8_2H_CLAYMORE_AVALON	0	T8_LEATHER	12
T8_2H_CLAYMORE_AVALON	0	T8_ARTEFACT_2H_CLAYMORE_AVALON	1
T8_2H_CLAYMORE_AVALON	1	T8_METALBAR_LEVEL1	20
T8_2H_CLAYMORE_AVALON	1	T8_LEATHER_LEVEL1	12
T8_2H_CLAYMORE_AVALON	1	T8_ARTEFACT_2H_CLAYMORE_AVALON	1
T8_2H_CLAYMORE_AVALON	2	T8_METALBAR_LEVEL2	20
T8_2H_CLAYMORE_AVALON	2	T8_LEATHER_LEVEL2	12
T8_2H_CLAYMORE_AVALON	2	T8_ARTEFACT_2H_CLAYMORE_AVALON	1
T8_2H_CLAYMORE_AVALON	3	T8_METALBAR_LEVEL3	20
T8_2H_CLAYMORE_AVALON	3	T8_LEATHER_LEVEL3	12
T8_2H_CLAYMORE_AVALON	3	T8_ARTEFACT_2H_CLAYMORE_AVALON	1
T8_2H_CLAYMORE_AVALON	4	T8_METALBAR_LEVEL4	20
T8_2H_CLAYMORE_AVALON	4	T8_LEATHER_LEVEL4	12
T8_2H_CLAYMORE_AVALON	4	T8_ARTEFACT_2H_CLAYMORE_AVALON	1
T4_MAIN_SWORD_CRYSTAL	0	T4_METALBAR	16
T4_MAIN_SWORD_CRYSTAL	0	T4_LEATHER	8
T4_MAIN_SWORD_CRYSTAL	0	T4_ARTEFACT_MAIN_SWORD_CRYSTAL	1
T4_MAIN_SWORD_CRYSTAL	1	T4_METALBAR_LEVEL1	16
T4_MAIN_SWORD_CRYSTAL	1	T4_LEATHER_LEVEL1	8
T4_MAIN_SWORD_CRYSTAL	1	T4_ARTEFACT_MAIN_SWORD_CRYSTAL	1
T4_MAIN_SWORD_CRYSTAL	2	T4_METALBAR_LEVEL2	16
T4_MAIN_SWORD_CRYSTAL	2	T4_LEATHER_LEVEL2	8
T4_MAIN_SWORD_CRYSTAL	2	T4_ARTEFACT_MAIN_SWORD_CRYSTAL	1
T4_MAIN_SWORD_CRYSTAL	3	T4_METALBAR_LEVEL3	16
T4_MAIN_SWORD_CRYSTAL	3	T4_LEATHER_LEVEL3	8
T4_MAIN_SWORD_CRYSTAL	3	T4_ARTEFACT_MAIN_SWORD_CRYSTAL	1
T4_MAIN_SWORD_CRYSTAL	4	T4_METALBAR_LEVEL4	16
T4_MAIN_SWORD_CRYSTAL	4	T4_LEATHER_LEVEL4	8
T4_MAIN_SWORD_CRYSTAL	4	T4_ARTEFACT_MAIN_SWORD_CRYSTAL	1
T5_MAIN_SWORD_CRYSTAL	0	T5_METALBAR	16
T5_MAIN_SWORD_CRYSTAL	0	T5_LEATHER	8
T5_MAIN_SWORD_CRYSTAL	0	T5_ARTEFACT_MAIN_SWORD_CRYSTAL	1
T5_MAIN_SWORD_CRYSTAL	1	T5_METALBAR_LEVEL1	16
T5_MAIN_SWORD_CRYSTAL	1	T5_LEATHER_LEVEL1	8
T5_MAIN_SWORD_CRYSTAL	1	T5_ARTEFACT_MAIN_SWORD_CRYSTAL	1
T5_MAIN_SWORD_CRYSTAL	2	T5_METALBAR_LEVEL2	16
T5_MAIN_SWORD_CRYSTAL	2	T5_LEATHER_LEVEL2	8
T5_MAIN_SWORD_CRYSTAL	2	T5_ARTEFACT_MAIN_SWORD_CRYSTAL	1
T5_MAIN_SWORD_CRYSTAL	3	T5_METALBAR_LEVEL3	16
T5_MAIN_SWORD_CRYSTAL	3	T5_LEATHER_LEVEL3	8
T5_MAIN_SWORD_CRYSTAL	3	T5_ARTEFACT_MAIN_SWORD_CRYSTAL	1
T5_MAIN_SWORD_CRYSTAL	4	T5_METALBAR_LEVEL4	16
T5_MAIN_SWORD_CRYSTAL	4	T5_LEATHER_LEVEL4	8
T5_MAIN_SWORD_CRYSTAL	4	T5_ARTEFACT_MAIN_SWORD_CRYSTAL	1
T6_MAIN_SWORD_CRYSTAL	0	T6_METALBAR	16
T6_MAIN_SWORD_CRYSTAL	0	T6_LEATHER	8
T6_MAIN_SWORD_CRYSTAL	0	T6_ARTEFACT_MAIN_SWORD_CRYSTAL	1
T6_MAIN_SWORD_CRYSTAL	1	T6_METALBAR_LEVEL1	16
T6_MAIN_SWORD_CRYSTAL	1	T6_LEATHER_LEVEL1	8
T6_MAIN_SWORD_CRYSTAL	1	T6_ARTEFACT_MAIN_SWORD_CRYSTAL	1
T6_MAIN_SWORD_CRYSTAL	2	T6_METALBAR_LEVEL2	16
T6_MAIN_SWORD_CRYSTAL	2	T6_LEATHER_LEVEL2	8
T6_MAIN_SWORD_CRYSTAL	2	T6_ARTEFACT_MAIN_SWORD_CRYSTAL	1
T6_MAIN_SWORD_CRYSTAL	3	T6_METALBAR_LEVEL3	16
T6_MAIN_SWORD_CRYSTAL	3	T6_LEATHER_LEVEL3	8
T6_MAIN_SWORD_CRYSTAL	3	T6_ARTEFACT_MAIN_SWORD_CRYSTAL	1
T6_MAIN_SWORD_CRYSTAL	4	T6_METALBAR_LEVEL4	16
T6_MAIN_SWORD_CRYSTAL	4	T6_LEATHER_LEVEL4	8
T6_MAIN_SWORD_CRYSTAL	4	T6_ARTEFACT_MAIN_SWORD_CRYSTAL	1
T7_MAIN_SWORD_CRYSTAL	0	T7_METALBAR	16
T7_MAIN_SWORD_CRYSTAL	0	T7_LEATHER	8
T7_MAIN_SWORD_CRYSTAL	0	T7_ARTEFACT_MAIN_SWORD_CRYSTAL	1
T7_MAIN_SWORD_CRYSTAL	1	T7_METALBAR_LEVEL1	16
T7_MAIN_SWORD_CRYSTAL	1	T7_LEATHER_LEVEL1	8
T7_MAIN_SWORD_CRYSTAL	1	T7_ARTEFACT_MAIN_SWORD_CRYSTAL	1
T7_MAIN_SWORD_CRYSTAL	2	T7_METALBAR_LEVEL2	16
T7_MAIN_SWORD_CRYSTAL	2	T7_LEATHER_LEVEL2	8
T7_MAIN_SWORD_CRYSTAL	2	T7_ARTEFACT_MAIN_SWORD_CRYSTAL	1
T7_MAIN_SWORD_CRYSTAL	3	T7_METALBAR_LEVEL3	16
T7_MAIN_SWORD_CRYSTAL	3	T7_LEATHER_LEVEL3	8
T7_MAIN_SWORD_CRYSTAL	3	T7_ARTEFACT_MAIN_SWORD_CRYSTAL	1
T7_MAIN_SWORD_CRYSTAL	4	T7_METALBAR_LEVEL4	16
T7_MAIN_SWORD_CRYSTAL	4	T7_LEATHER_LEVEL4	8
T7_MAIN_SWORD_CRYSTAL	4	T7_ARTEFACT_MAIN_SWORD_CRYSTAL	1
T8_MAIN_SWORD_CRYSTAL	0	T8_METALBAR	16
T8_MAIN_SWORD_CRYSTAL	0	T8_LEATHER	8
T8_MAIN_SWORD_CRYSTAL	0	T8_ARTEFACT_MAIN_SWORD_CRYSTAL	1
T8_MAIN_SWORD_CRYSTAL	1	T8_METALBAR_LEVEL1	16
T8_MAIN_SWORD_CRYSTAL	1	T8_LEATHER_LEVEL1	8
T8_MAIN_SWORD_CRYSTAL	1	T8_ARTEFACT_MAIN_SWORD_CRYSTAL	1
T8_MAIN_SWORD_CRYSTAL	2	T8_METALBAR_LEVEL2	16
T8_MAIN_SWORD_CRYSTAL	2	T8_LEATHER_LEVEL2	8
T8_MAIN_SWORD_CRYSTAL	2	T8_ARTEFACT_MAIN_SWORD_CRYSTAL	1
T8_MAIN_SWORD_CRYSTAL	3	T8_METALBAR_LEVEL3	16
T8_MAIN_SWORD_CRYSTAL	3	T8_LEATHER_LEVEL3	8
T8_MAIN_SWORD_CRYSTAL	3	T8_ARTEFACT_MAIN_SWORD_CRYSTAL	1
T8_MAIN_SWORD_CRYSTAL	4	T8_METALBAR_LEVEL4	16
T8_MAIN_SWORD_CRYSTAL	4	T8_LEATHER_LEVEL4	8
T8_MAIN_SWORD_CRYSTAL	4	T8_ARTEFACT_MAIN_SWORD_CRYSTAL	1
T3_2H_QUARTERSTAFF	0	T3_METALBAR	12
T3_2H_QUARTERSTAFF	0	T3_LEATHER	20
T4_2H_QUARTERSTAFF	0	T4_METALBAR	12
T4_2H_QUARTERSTAFF	0	T4_LEATHER	20
T4_2H_QUARTERSTAFF	1	T4_METALBAR_LEVEL1	12
T4_2H_QUARTERSTAFF	1	T4_LEATHER_LEVEL1	20
T4_2H_QUARTERSTAFF	2	T4_METALBAR_LEVEL2	12
T4_2H_QUARTERSTAFF	2	T4_LEATHER_LEVEL2	20
T4_2H_QUARTERSTAFF	3	T4_METALBAR_LEVEL3	12
T4_2H_QUARTERSTAFF	3	T4_LEATHER_LEVEL3	20
T4_2H_QUARTERSTAFF	4	T4_METALBAR_LEVEL4	12
T4_2H_QUARTERSTAFF	4	T4_LEATHER_LEVEL4	20
T5_2H_QUARTERSTAFF	0	T5_METALBAR	12
T5_2H_QUARTERSTAFF	0	T5_LEATHER	20
T5_2H_QUARTERSTAFF	1	T5_METALBAR_LEVEL1	12
T5_2H_QUARTERSTAFF	1	T5_LEATHER_LEVEL1	20
T5_2H_QUARTERSTAFF	2	T5_METALBAR_LEVEL2	12
T5_2H_QUARTERSTAFF	2	T5_LEATHER_LEVEL2	20
T5_2H_QUARTERSTAFF	3	T5_METALBAR_LEVEL3	12
T5_2H_QUARTERSTAFF	3	T5_LEATHER_LEVEL3	20
T5_2H_QUARTERSTAFF	4	T5_METALBAR_LEVEL4	12
T5_2H_QUARTERSTAFF	4	T5_LEATHER_LEVEL4	20
T6_2H_QUARTERSTAFF	0	T6_METALBAR	12
T6_2H_QUARTERSTAFF	0	T6_LEATHER	20
T6_2H_QUARTERSTAFF	1	T6_METALBAR_LEVEL1	12
T6_2H_QUARTERSTAFF	1	T6_LEATHER_LEVEL1	20
T6_2H_QUARTERSTAFF	2	T6_METALBAR_LEVEL2	12
T6_2H_QUARTERSTAFF	2	T6_LEATHER_LEVEL2	20
T6_2H_QUARTERSTAFF	3	T6_METALBAR_LEVEL3	12
T6_2H_QUARTERSTAFF	3	T6_LEATHER_LEVEL3	20
T6_2H_QUARTERSTAFF	4	T6_METALBAR_LEVEL4	12
T6_2H_QUARTERSTAFF	4	T6_LEATHER_LEVEL4	20
T7_2H_QUARTERSTAFF	0	T7_METALBAR	12
T7_2H_QUARTERSTAFF	0	T7_LEATHER	20
T7_2H_QUARTERSTAFF	1	T7_METALBAR_LEVEL1	12
T7_2H_QUARTERSTAFF	1	T7_LEATHER_LEVEL1	20
T7_2H_QUARTERSTAFF	2	T7_METALBAR_LEVEL2	12
T7_2H_QUARTERSTAFF	2	T7_LEATHER_LEVEL2	20
T7_2H_QUARTERSTAFF	3	T7_METALBAR_LEVEL3	12
T7_2H_QUARTERSTAFF	3	T7_LEATHER_LEVEL3	20
T7_2H_QUARTERSTAFF	4	T7_METALBAR_LEVEL4	12
T7_2H_QUARTERSTAFF	4	T7_LEATHER_LEVEL4	20
T8_2H_QUARTERSTAFF	0	T8_METALBAR	12
T8_2H_QUARTERSTAFF	0	T8_LEATHER	20
T8_2H_QUARTERSTAFF	1	T8_METALBAR_LEVEL1	12
T8_2H_QUARTERSTAFF	1	T8_LEATHER_LEVEL1	20
T8_2H_QUARTERSTAFF	2	T8_METALBAR_LEVEL2	12
T8_2H_QUARTERSTAFF	2	T8_LEATHER_LEVEL2	20
T8_2H_QUARTERSTAFF	3	T8_METALBAR_LEVEL3	12
T8_2H_QUARTERSTAFF	3	T8_LEATHER_LEVEL3	20
T8_2H_QUARTERSTAFF	4	T8_METALBAR_LEVEL4	12
T8_2H_QUARTERSTAFF	4	T8_LEATHER_LEVEL4	20
T4_2H_IRONCLADEDSTAFF	0	T4_METALBAR	12
T4_2H_IRONCLADEDSTAFF	0	T4_LEATHER	20
T4_2H_IRONCLADEDSTAFF	1	T4_METALBAR_LEVEL1	12
T4_2H_IRONCLADEDSTAFF	1	T4_LEATHER_LEVEL1	20
T4_2H_IRONCLADEDSTAFF	2	T4_METALBAR_LEVEL2	12
T4_2H_IRONCLADEDSTAFF	2	T4_LEATHER_LEVEL2	20
T4_2H_IRONCLADEDSTAFF	3	T4_METALBAR_LEVEL3	12
T4_2H_IRONCLADEDSTAFF	3	T4_LEATHER_LEVEL3	20
T4_2H_IRONCLADEDSTAFF	4	T4_METALBAR_LEVEL4	12
T4_2H_IRONCLADEDSTAFF	4	T4_LEATHER_LEVEL4	20
T5_2H_IRONCLADEDSTAFF	0	T5_METALBAR	12
T5_2H_IRONCLADEDSTAFF	0	T5_LEATHER	20
T5_2H_IRONCLADEDSTAFF	1	T5_METALBAR_LEVEL1	12
T5_2H_IRONCLADEDSTAFF	1	T5_LEATHER_LEVEL1	20
T5_2H_IRONCLADEDSTAFF	2	T5_METALBAR_LEVEL2	12
T5_2H_IRONCLADEDSTAFF	2	T5_LEATHER_LEVEL2	20
T5_2H_IRONCLADEDSTAFF	3	T5_METALBAR_LEVEL3	12
T5_2H_IRONCLADEDSTAFF	3	T5_LEATHER_LEVEL3	20
T5_2H_IRONCLADEDSTAFF	4	T5_METALBAR_LEVEL4	12
T5_2H_IRONCLADEDSTAFF	4	T5_LEATHER_LEVEL4	20
T6_2H_IRONCLADEDSTAFF	0	T6_METALBAR	12
T6_2H_IRONCLADEDSTAFF	0	T6_LEATHER	20
T6_2H_IRONCLADEDSTAFF	1	T6_METALBAR_LEVEL1	12
T6_2H_IRONCLADEDSTAFF	1	T6_LEATHER_LEVEL1	20
T6_2H_IRONCLADEDSTAFF	2	T6_METALBAR_LEVEL2	12
T6_2H_IRONCLADEDSTAFF	2	T6_LEATHER_LEVEL2	20
T6_2H_IRONCLADEDSTAFF	3	T6_METALBAR_LEVEL3	12
T6_2H_IRONCLADEDSTAFF	3	T6_LEATHER_LEVEL3	20
T6_2H_IRONCLADEDSTAFF	4	T6_METALBAR_LEVEL4	12
T6_2H_IRONCLADEDSTAFF	4	T6_LEATHER_LEVEL4	20
T7_2H_IRONCLADEDSTAFF	0	T7_METALBAR	12
T7_2H_IRONCLADEDSTAFF	0	T7_LEATHER	20
T7_2H_IRONCLADEDSTAFF	1	T7_METALBAR_LEVEL1	12
T7_2H_IRONCLADEDSTAFF	1	T7_LEATHER_LEVEL1	20
T7_2H_IRONCLADEDSTAFF	2	T7_METALBAR_LEVEL2	12
T7_2H_IRONCLADEDSTAFF	2	T7_LEATHER_LEVEL2	20
T7_2H_IRONCLADEDSTAFF	3	T7_METALBAR_LEVEL3	12
T7_2H_IRONCLADEDSTAFF	3	T7_LEATHER_LEVEL3	20
T7_2H_IRONCLADEDSTAFF	4	T7_METALBAR_LEVEL4	12
T7_2H_IRONCLADEDSTAFF	4	T7_LEATHER_LEVEL4	20
T8_2H_IRONCLADEDSTAFF	0	T8_METALBAR	12
T8_2H_IRONCLADEDSTAFF	0	T8_LEATHER	20
T8_2H_IRONCLADEDSTAFF	1	T8_METALBAR_LEVEL1	12
T8_2H_IRONCLADEDSTAFF	1	T8_LEATHER_LEVEL1	20
T8_2H_IRONCLADEDSTAFF	2	T8_METALBAR_LEVEL2	12
T8_2H_IRONCLADEDSTAFF	2	T8_LEATHER_LEVEL2	20
T8_2H_IRONCLADEDSTAFF	3	T8_METALBAR_LEVEL3	12
T8_2H_IRONCLADEDSTAFF	3	T8_LEATHER_LEVEL3	20
T8_2H_IRONCLADEDSTAFF	4	T8_METALBAR_LEVEL4	12
T8_2H_IRONCLADEDSTAFF	4	T8_LEATHER_LEVEL4	20
T4_2H_DOUBLEBLADEDSTAFF	0	T4_METALBAR	12
T4_2H_DOUBLEBLADEDSTAFF	0	T4_LEATHER	20
T4_2H_DOUBLEBLADEDSTAFF	1	T4_METALBAR_LEVEL1	12
T4_2H_DOUBLEBLADEDSTAFF	1	T4_LEATHER_LEVEL1	20
T4_2H_DOUBLEBLADEDSTAFF	2	T4_METALBAR_LEVEL2	12
T4_2H_DOUBLEBLADEDSTAFF	2	T4_LEATHER_LEVEL2	20
T4_2H_DOUBLEBLADEDSTAFF	3	T4_METALBAR_LEVEL3	12
T4_2H_DOUBLEBLADEDSTAFF	3	T4_LEATHER_LEVEL3	20
T4_2H_DOUBLEBLADEDSTAFF	4	T4_METALBAR_LEVEL4	12
T4_2H_DOUBLEBLADEDSTAFF	4	T4_LEATHER_LEVEL4	20
T5_2H_DOUBLEBLADEDSTAFF	0	T5_METALBAR	12
T5_2H_DOUBLEBLADEDSTAFF	0	T5_LEATHER	20
T5_2H_DOUBLEBLADEDSTAFF	1	T5_METALBAR_LEVEL1	12
T5_2H_DOUBLEBLADEDSTAFF	1	T5_LEATHER_LEVEL1	20
T5_2H_DOUBLEBLADEDSTAFF	2	T5_METALBAR_LEVEL2	12
T5_2H_DOUBLEBLADEDSTAFF	2	T5_LEATHER_LEVEL2	20
T5_2H_DOUBLEBLADEDSTAFF	3	T5_METALBAR_LEVEL3	12
T5_2H_DOUBLEBLADEDSTAFF	3	T5_LEATHER_LEVEL3	20
T5_2H_DOUBLEBLADEDSTAFF	4	T5_METALBAR_LEVEL4	12
T5_2H_DOUBLEBLADEDSTAFF	4	T5_LEATHER_LEVEL4	20
T6_2H_DOUBLEBLADEDSTAFF	0	T6_METALBAR	12
T6_2H_DOUBLEBLADEDSTAFF	0	T6_LEATHER	20
T6_2H_DOUBLEBLADEDSTAFF	1	T6_METALBAR_LEVEL1	12
T6_2H_DOUBLEBLADEDSTAFF	1	T6_LEATHER_LEVEL1	20
T6_2H_DOUBLEBLADEDSTAFF	2	T6_METALBAR_LEVEL2	12
T6_2H_DOUBLEBLADEDSTAFF	2	T6_LEATHER_LEVEL2	20
T6_2H_DOUBLEBLADEDSTAFF	3	T6_METALBAR_LEVEL3	12
T6_2H_DOUBLEBLADEDSTAFF	3	T6_LEATHER_LEVEL3	20
T6_2H_DOUBLEBLADEDSTAFF	4	T6_METALBAR_LEVEL4	12
T6_2H_DOUBLEBLADEDSTAFF	4	T6_LEATHER_LEVEL4	20
T7_2H_DOUBLEBLADEDSTAFF	0	T7_METALBAR	12
T7_2H_DOUBLEBLADEDSTAFF	0	T7_LEATHER	20
T7_2H_DOUBLEBLADEDSTAFF	1	T7_METALBAR_LEVEL1	12
T7_2H_DOUBLEBLADEDSTAFF	1	T7_LEATHER_LEVEL1	20
T7_2H_DOUBLEBLADEDSTAFF	2	T7_METALBAR_LEVEL2	12
T7_2H_DOUBLEBLADEDSTAFF	2	T7_LEATHER_LEVEL2	20
T7_2H_DOUBLEBLADEDSTAFF	3	T7_METALBAR_LEVEL3	12
T7_2H_DOUBLEBLADEDSTAFF	3	T7_LEATHER_LEVEL3	20
T7_2H_DOUBLEBLADEDSTAFF	4	T7_METALBAR_LEVEL4	12
T7_2H_DOUBLEBLADEDSTAFF	4	T7_LEATHER_LEVEL4	20
T8_2H_DOUBLEBLADEDSTAFF	0	T8_METALBAR	12
T8_2H_DOUBLEBLADEDSTAFF	0	T8_LEATHER	20
T8_2H_DOUBLEBLADEDSTAFF	1	T8_METALBAR_LEVEL1	12
T8_2H_DOUBLEBLADEDSTAFF	1	T8_LEATHER_LEVEL1	20
T8_2H_DOUBLEBLADEDSTAFF	2	T8_METALBAR_LEVEL2	12
T8_2H_DOUBLEBLADEDSTAFF	2	T8_LEATHER_LEVEL2	20
T8_2H_DOUBLEBLADEDSTAFF	3	T8_METALBAR_LEVEL3	12
T8_2H_DOUBLEBLADEDSTAFF	3	T8_LEATHER_LEVEL3	20
T8_2H_DOUBLEBLADEDSTAFF	4	T8_METALBAR_LEVEL4	12
T8_2H_DOUBLEBLADEDSTAFF	4	T8_LEATHER_LEVEL4	20
T4_2H_COMBATSTAFF_MORGANA	0	T4_METALBAR	12
T4_2H_COMBATSTAFF_MORGANA	0	T4_LEATHER	20
T4_2H_COMBATSTAFF_MORGANA	0	T4_ARTEFACT_2H_COMBATSTAFF_MORGANA	1
T4_2H_COMBATSTAFF_MORGANA	1	T4_METALBAR_LEVEL1	12
T4_2H_COMBATSTAFF_MORGANA	1	T4_LEATHER_LEVEL1	20
T4_2H_COMBATSTAFF_MORGANA	1	T4_ARTEFACT_2H_COMBATSTAFF_MORGANA	1
T4_2H_COMBATSTAFF_MORGANA	2	T4_METALBAR_LEVEL2	12
T4_2H_COMBATSTAFF_MORGANA	2	T4_LEATHER_LEVEL2	20
T4_2H_COMBATSTAFF_MORGANA	2	T4_ARTEFACT_2H_COMBATSTAFF_MORGANA	1
T4_2H_COMBATSTAFF_MORGANA	3	T4_METALBAR_LEVEL3	12
T4_2H_COMBATSTAFF_MORGANA	3	T4_LEATHER_LEVEL3	20
T4_2H_COMBATSTAFF_MORGANA	3	T4_ARTEFACT_2H_COMBATSTAFF_MORGANA	1
T4_2H_COMBATSTAFF_MORGANA	4	T4_METALBAR_LEVEL4	12
T4_2H_COMBATSTAFF_MORGANA	4	T4_LEATHER_LEVEL4	20
T4_2H_COMBATSTAFF_MORGANA	4	T4_ARTEFACT_2H_COMBATSTAFF_MORGANA	1
T5_2H_COMBATSTAFF_MORGANA	0	T5_METALBAR	12
T5_2H_COMBATSTAFF_MORGANA	0	T5_LEATHER	20
T5_2H_COMBATSTAFF_MORGANA	0	T5_ARTEFACT_2H_COMBATSTAFF_MORGANA	1
T5_2H_COMBATSTAFF_MORGANA	1	T5_METALBAR_LEVEL1	12
T5_2H_COMBATSTAFF_MORGANA	1	T5_LEATHER_LEVEL1	20
T5_2H_COMBATSTAFF_MORGANA	1	T5_ARTEFACT_2H_COMBATSTAFF_MORGANA	1
T5_2H_COMBATSTAFF_MORGANA	2	T5_METALBAR_LEVEL2	12
T5_2H_COMBATSTAFF_MORGANA	2	T5_LEATHER_LEVEL2	20
T5_2H_COMBATSTAFF_MORGANA	2	T5_ARTEFACT_2H_COMBATSTAFF_MORGANA	1
T5_2H_COMBATSTAFF_MORGANA	3	T5_METALBAR_LEVEL3	12
T5_2H_COMBATSTAFF_MORGANA	3	T5_LEATHER_LEVEL3	20
T5_2H_COMBATSTAFF_MORGANA	3	T5_ARTEFACT_2H_COMBATSTAFF_MORGANA	1
T5_2H_COMBATSTAFF_MORGANA	4	T5_METALBAR_LEVEL4	12
T5_2H_COMBATSTAFF_MORGANA	4	T5_LEATHER_LEVEL4	20
T5_2H_COMBATSTAFF_MORGANA	4	T5_ARTEFACT_2H_COMBATSTAFF_MORGANA	1
T6_2H_COMBATSTAFF_MORGANA	0	T6_METALBAR	12
T6_2H_COMBATSTAFF_MORGANA	0	T6_LEATHER	20
T6_2H_COMBATSTAFF_MORGANA	0	T6_ARTEFACT_2H_COMBATSTAFF_MORGANA	1
T6_2H_COMBATSTAFF_MORGANA	1	T6_METALBAR_LEVEL1	12
T6_2H_COMBATSTAFF_MORGANA	1	T6_LEATHER_LEVEL1	20
T6_2H_COMBATSTAFF_MORGANA	1	T6_ARTEFACT_2H_COMBATSTAFF_MORGANA	1
T6_2H_COMBATSTAFF_MORGANA	2	T6_METALBAR_LEVEL2	12
T6_2H_COMBATSTAFF_MORGANA	2	T6_LEATHER_LEVEL2	20
T6_2H_COMBATSTAFF_MORGANA	2	T6_ARTEFACT_2H_COMBATSTAFF_MORGANA	1
T6_2H_COMBATSTAFF_MORGANA	3	T6_METALBAR_LEVEL3	12
T6_2H_COMBATSTAFF_MORGANA	3	T6_LEATHER_LEVEL3	20
T6_2H_COMBATSTAFF_MORGANA	3	T6_ARTEFACT_2H_COMBATSTAFF_MORGANA	1
T6_2H_COMBATSTAFF_MORGANA	4	T6_METALBAR_LEVEL4	12
T6_2H_COMBATSTAFF_MORGANA	4	T6_LEATHER_LEVEL4	20
T6_2H_COMBATSTAFF_MORGANA	4	T6_ARTEFACT_2H_COMBATSTAFF_MORGANA	1
T7_2H_COMBATSTAFF_MORGANA	0	T7_METALBAR	12
T7_2H_COMBATSTAFF_MORGANA	0	T7_LEATHER	20
T7_2H_COMBATSTAFF_MORGANA	0	T7_ARTEFACT_2H_COMBATSTAFF_MORGANA	1
T7_2H_COMBATSTAFF_MORGANA	1	T7_METALBAR_LEVEL1	12
T7_2H_COMBATSTAFF_MORGANA	1	T7_LEATHER_LEVEL1	20
T7_2H_COMBATSTAFF_MORGANA	1	T7_ARTEFACT_2H_COMBATSTAFF_MORGANA	1
T7_2H_COMBATSTAFF_MORGANA	2	T7_METALBAR_LEVEL2	12
T7_2H_COMBATSTAFF_MORGANA	2	T7_LEATHER_LEVEL2	20
T7_2H_COMBATSTAFF_MORGANA	2	T7_ARTEFACT_2H_COMBATSTAFF_MORGANA	1
T7_2H_COMBATSTAFF_MORGANA	3	T7_METALBAR_LEVEL3	12
T7_2H_COMBATSTAFF_MORGANA	3	T7_LEATHER_LEVEL3	20
T7_2H_COMBATSTAFF_MORGANA	3	T7_ARTEFACT_2H_COMBATSTAFF_MORGANA	1
T7_2H_COMBATSTAFF_MORGANA	4	T7_METALBAR_LEVEL4	12
T7_2H_COMBATSTAFF_MORGANA	4	T7_LEATHER_LEVEL4	20
T7_2H_COMBATSTAFF_MORGANA	4	T7_ARTEFACT_2H_COMBATSTAFF_MORGANA	1
T8_2H_COMBATSTAFF_MORGANA	0	T8_METALBAR	12
T8_2H_COMBATSTAFF_MORGANA	0	T8_LEATHER	20
T8_2H_COMBATSTAFF_MORGANA	0	T8_ARTEFACT_2H_COMBATSTAFF_MORGANA	1
T8_2H_COMBATSTAFF_MORGANA	1	T8_METALBAR_LEVEL1	12
T8_2H_COMBATSTAFF_MORGANA	1	T8_LEATHER_LEVEL1	20
T8_2H_COMBATSTAFF_MORGANA	1	T8_ARTEFACT_2H_COMBATSTAFF_MORGANA	1
T8_2H_COMBATSTAFF_MORGANA	2	T8_METALBAR_LEVEL2	12
T8_2H_COMBATSTAFF_MORGANA	2	T8_LEATHER_LEVEL2	20
T8_2H_COMBATSTAFF_MORGANA	2	T8_ARTEFACT_2H_COMBATSTAFF_MORGANA	1
T8_2H_COMBATSTAFF_MORGANA	3	T8_METALBAR_LEVEL3	12
T8_2H_COMBATSTAFF_MORGANA	3	T8_LEATHER_LEVEL3	20
T8_2H_COMBATSTAFF_MORGANA	3	T8_ARTEFACT_2H_COMBATSTAFF_MORGANA	1
T8_2H_COMBATSTAFF_MORGANA	4	T8_METALBAR_LEVEL4	12
T8_2H_COMBATSTAFF_MORGANA	4	T8_LEATHER_LEVEL4	20
T8_2H_COMBATSTAFF_MORGANA	4	T8_ARTEFACT_2H_COMBATSTAFF_MORGANA	1
T4_2H_TWINSCYTHE_HELL	0	T4_METALBAR	12
T4_2H_TWINSCYTHE_HELL	0	T4_LEATHER	20
T4_2H_TWINSCYTHE_HELL	0	T4_ARTEFACT_2H_TWINSCYTHE_HELL	1
T4_2H_TWINSCYTHE_HELL	1	T4_METALBAR_LEVEL1	12
T4_2H_TWINSCYTHE_HELL	1	T4_LEATHER_LEVEL1	20
T4_2H_TWINSCYTHE_HELL	1	T4_ARTEFACT_2H_TWINSCYTHE_HELL	1
T4_2H_TWINSCYTHE_HELL	2	T4_METALBAR_LEVEL2	12
T4_2H_TWINSCYTHE_HELL	2	T4_LEATHER_LEVEL2	20
T4_2H_TWINSCYTHE_HELL	2	T4_ARTEFACT_2H_TWINSCYTHE_HELL	1
T4_2H_TWINSCYTHE_HELL	3	T4_METALBAR_LEVEL3	12
T4_2H_TWINSCYTHE_HELL	3	T4_LEATHER_LEVEL3	20
T4_2H_TWINSCYTHE_HELL	3	T4_ARTEFACT_2H_TWINSCYTHE_HELL	1
T4_2H_TWINSCYTHE_HELL	4	T4_METALBAR_LEVEL4	12
T4_2H_TWINSCYTHE_HELL	4	T4_LEATHER_LEVEL4	20
T4_2H_TWINSCYTHE_HELL	4	T4_ARTEFACT_2H_TWINSCYTHE_HELL	1
T5_2H_TWINSCYTHE_HELL	0	T5_METALBAR	12
T5_2H_TWINSCYTHE_HELL	0	T5_LEATHER	20
T5_2H_TWINSCYTHE_HELL	0	T5_ARTEFACT_2H_TWINSCYTHE_HELL	1
T5_2H_TWINSCYTHE_HELL	1	T5_METALBAR_LEVEL1	12
T5_2H_TWINSCYTHE_HELL	1	T5_LEATHER_LEVEL1	20
T5_2H_TWINSCYTHE_HELL	1	T5_ARTEFACT_2H_TWINSCYTHE_HELL	1
T5_2H_TWINSCYTHE_HELL	2	T5_METALBAR_LEVEL2	12
T5_2H_TWINSCYTHE_HELL	2	T5_LEATHER_LEVEL2	20
T5_2H_TWINSCYTHE_HELL	2	T5_ARTEFACT_2H_TWINSCYTHE_HELL	1
T5_2H_TWINSCYTHE_HELL	3	T5_METALBAR_LEVEL3	12
T5_2H_TWINSCYTHE_HELL	3	T5_LEATHER_LEVEL3	20
T5_2H_TWINSCYTHE_HELL	3	T5_ARTEFACT_2H_TWINSCYTHE_HELL	1
T5_2H_TWINSCYTHE_HELL	4	T5_METALBAR_LEVEL4	12
T5_2H_TWINSCYTHE_HELL	4	T5_LEATHER_LEVEL4	20
T5_2H_TWINSCYTHE_HELL	4	T5_ARTEFACT_2H_TWINSCYTHE_HELL	1
T6_2H_TWINSCYTHE_HELL	0	T6_METALBAR	12
T6_2H_TWINSCYTHE_HELL	0	T6_LEATHER	20
T6_2H_TWINSCYTHE_HELL	0	T6_ARTEFACT_2H_TWINSCYTHE_HELL	1
T6_2H_TWINSCYTHE_HELL	1	T6_METALBAR_LEVEL1	12
T6_2H_TWINSCYTHE_HELL	1	T6_LEATHER_LEVEL1	20
T6_2H_TWINSCYTHE_HELL	1	T6_ARTEFACT_2H_TWINSCYTHE_HELL	1
T6_2H_TWINSCYTHE_HELL	2	T6_METALBAR_LEVEL2	12
T6_2H_TWINSCYTHE_HELL	2	T6_LEATHER_LEVEL2	20
T6_2H_TWINSCYTHE_HELL	2	T6_ARTEFACT_2H_TWINSCYTHE_HELL	1
T6_2H_TWINSCYTHE_HELL	3	T6_METALBAR_LEVEL3	12
T6_2H_TWINSCYTHE_HELL	3	T6_LEATHER_LEVEL3	20
T6_2H_TWINSCYTHE_HELL	3	T6_ARTEFACT_2H_TWINSCYTHE_HELL	1
T6_2H_TWINSCYTHE_HELL	4	T6_METALBAR_LEVEL4	12
T6_2H_TWINSCYTHE_HELL	4	T6_LEATHER_LEVEL4	20
T6_2H_TWINSCYTHE_HELL	4	T6_ARTEFACT_2H_TWINSCYTHE_HELL	1
T7_2H_TWINSCYTHE_HELL	0	T7_METALBAR	12
T7_2H_TWINSCYTHE_HELL	0	T7_LEATHER	20
T7_2H_TWINSCYTHE_HELL	0	T7_ARTEFACT_2H_TWINSCYTHE_HELL	1
T7_2H_TWINSCYTHE_HELL	1	T7_METALBAR_LEVEL1	12
T7_2H_TWINSCYTHE_HELL	1	T7_LEATHER_LEVEL1	20
T7_2H_TWINSCYTHE_HELL	1	T7_ARTEFACT_2H_TWINSCYTHE_HELL	1
T7_2H_TWINSCYTHE_HELL	2	T7_METALBAR_LEVEL2	12
T7_2H_TWINSCYTHE_HELL	2	T7_LEATHER_LEVEL2	20
T7_2H_TWINSCYTHE_HELL	2	T7_ARTEFACT_2H_TWINSCYTHE_HELL	1
T7_2H_TWINSCYTHE_HELL	3	T7_METALBAR_LEVEL3	12
T7_2H_TWINSCYTHE_HELL	3	T7_LEATHER_LEVEL3	20
T7_2H_TWINSCYTHE_HELL	3	T7_ARTEFACT_2H_TWINSCYTHE_HELL	1
T7_2H_TWINSCYTHE_HELL	4	T7_METALBAR_LEVEL4	12
T7_2H_TWINSCYTHE_HELL	4	T7_LEATHER_LEVEL4	20
T7_2H_TWINSCYTHE_HELL	4	T7_ARTEFACT_2H_TWINSCYTHE_HELL	1
T8_2H_TWINSCYTHE_HELL	0	T8_METALBAR	12
T8_2H_TWINSCYTHE_HELL	0	T8_LEATHER	20
T8_2H_TWINSCYTHE_HELL	0	T8_ARTEFACT_2H_TWINSCYTHE_HELL	1
T8_2H_TWINSCYTHE_HELL	1	T8_METALBAR_LEVEL1	12
T8_2H_TWINSCYTHE_HELL	1	T8_LEATHER_LEVEL1	20
T8_2H_TWINSCYTHE_HELL	1	T8_ARTEFACT_2H_TWINSCYTHE_HELL	1
T8_2H_TWINSCYTHE_HELL	2	T8_METALBAR_LEVEL2	12
T8_2H_TWINSCYTHE_HELL	2	T8_LEATHER_LEVEL2	20
T8_2H_TWINSCYTHE_HELL	2	T8_ARTEFACT_2H_TWINSCYTHE_HELL	1
T8_2H_TWINSCYTHE_HELL	3	T8_METALBAR_LEVEL3	12
T8_2H_TWINSCYTHE_HELL	3	T8_LEATHER_LEVEL3	20
T8_2H_TWINSCYTHE_HELL	3	T8_ARTEFACT_2H_TWINSCYTHE_HELL	1
T8_2H_TWINSCYTHE_HELL	4	T8_METALBAR_LEVEL4	12
T8_2H_TWINSCYTHE_HELL	4	T8_LEATHER_LEVEL4	20
T8_2H_TWINSCYTHE_HELL	4	T8_ARTEFACT_2H_TWINSCYTHE_HELL	1
T4_2H_ROCKSTAFF_KEEPER	0	T4_METALBAR	12
T4_2H_ROCKSTAFF_KEEPER	0	T4_LEATHER	20
T4_2H_ROCKSTAFF_KEEPER	0	T4_ARTEFACT_2H_ROCKSTAFF_KEEPER	1
T4_2H_ROCKSTAFF_KEEPER	1	T4_METALBAR_LEVEL1	12
T4_2H_ROCKSTAFF_KEEPER	1	T4_LEATHER_LEVEL1	20
T4_2H_ROCKSTAFF_KEEPER	1	T4_ARTEFACT_2H_ROCKSTAFF_KEEPER	1
T4_2H_ROCKSTAFF_KEEPER	2	T4_METALBAR_LEVEL2	12
T4_2H_ROCKSTAFF_KEEPER	2	T4_LEATHER_LEVEL2	20
T4_2H_ROCKSTAFF_KEEPER	2	T4_ARTEFACT_2H_ROCKSTAFF_KEEPER	1
T4_2H_ROCKSTAFF_KEEPER	3	T4_METALBAR_LEVEL3	12
T4_2H_ROCKSTAFF_KEEPER	3	T4_LEATHER_LEVEL3	20
T4_2H_ROCKSTAFF_KEEPER	3	T4_ARTEFACT_2H_ROCKSTAFF_KEEPER	1
T4_2H_ROCKSTAFF_KEEPER	4	T4_METALBAR_LEVEL4	12
T4_2H_ROCKSTAFF_KEEPER	4	T4_LEATHER_LEVEL4	20
T4_2H_ROCKSTAFF_KEEPER	4	T4_ARTEFACT_2H_ROCKSTAFF_KEEPER	1
T5_2H_ROCKSTAFF_KEEPER	0	T5_METALBAR	12
T5_2H_ROCKSTAFF_KEEPER	0	T5_LEATHER	20
T5_2H_ROCKSTAFF_KEEPER	0	T5_ARTEFACT_2H_ROCKSTAFF_KEEPER	1
T5_2H_ROCKSTAFF_KEEPER	1	T5_METALBAR_LEVEL1	12
T5_2H_ROCKSTAFF_KEEPER	1	T5_LEATHER_LEVEL1	20
T5_2H_ROCKSTAFF_KEEPER	1	T5_ARTEFACT_2H_ROCKSTAFF_KEEPER	1
T5_2H_ROCKSTAFF_KEEPER	2	T5_METALBAR_LEVEL2	12
T5_2H_ROCKSTAFF_KEEPER	2	T5_LEATHER_LEVEL2	20
T5_2H_ROCKSTAFF_KEEPER	2	T5_ARTEFACT_2H_ROCKSTAFF_KEEPER	1
T5_2H_ROCKSTAFF_KEEPER	3	T5_METALBAR_LEVEL3	12
T5_2H_ROCKSTAFF_KEEPER	3	T5_LEATHER_LEVEL3	20
T5_2H_ROCKSTAFF_KEEPER	3	T5_ARTEFACT_2H_ROCKSTAFF_KEEPER	1
T5_2H_ROCKSTAFF_KEEPER	4	T5_METALBAR_LEVEL4	12
T5_2H_ROCKSTAFF_KEEPER	4	T5_LEATHER_LEVEL4	20
T5_2H_ROCKSTAFF_KEEPER	4	T5_ARTEFACT_2H_ROCKSTAFF_KEEPER	1
T6_2H_ROCKSTAFF_KEEPER	0	T6_METALBAR	12
T6_2H_ROCKSTAFF_KEEPER	0	T6_LEATHER	20
T6_2H_ROCKSTAFF_KEEPER	0	T6_ARTEFACT_2H_ROCKSTAFF_KEEPER	1
T6_2H_ROCKSTAFF_KEEPER	1	T6_METALBAR_LEVEL1	12
T6_2H_ROCKSTAFF_KEEPER	1	T6_LEATHER_LEVEL1	20
T6_2H_ROCKSTAFF_KEEPER	1	T6_ARTEFACT_2H_ROCKSTAFF_KEEPER	1
T6_2H_ROCKSTAFF_KEEPER	2	T6_METALBAR_LEVEL2	12
T6_2H_ROCKSTAFF_KEEPER	2	T6_LEATHER_LEVEL2	20
T6_2H_ROCKSTAFF_KEEPER	2	T6_ARTEFACT_2H_ROCKSTAFF_KEEPER	1
T6_2H_ROCKSTAFF_KEEPER	3	T6_METALBAR_LEVEL3	12
T6_2H_ROCKSTAFF_KEEPER	3	T6_LEATHER_LEVEL3	20
T6_2H_ROCKSTAFF_KEEPER	3	T6_ARTEFACT_2H_ROCKSTAFF_KEEPER	1
T6_2H_ROCKSTAFF_KEEPER	4	T6_METALBAR_LEVEL4	12
T6_2H_ROCKSTAFF_KEEPER	4	T6_LEATHER_LEVEL4	20
T6_2H_ROCKSTAFF_KEEPER	4	T6_ARTEFACT_2H_ROCKSTAFF_KEEPER	1
T7_2H_ROCKSTAFF_KEEPER	0	T7_METALBAR	12
T7_2H_ROCKSTAFF_KEEPER	0	T7_LEATHER	20
T7_2H_ROCKSTAFF_KEEPER	0	T7_ARTEFACT_2H_ROCKSTAFF_KEEPER	1
T7_2H_ROCKSTAFF_KEEPER	1	T7_METALBAR_LEVEL1	12
T7_2H_ROCKSTAFF_KEEPER	1	T7_LEATHER_LEVEL1	20
T7_2H_ROCKSTAFF_KEEPER	1	T7_ARTEFACT_2H_ROCKSTAFF_KEEPER	1
T7_2H_ROCKSTAFF_KEEPER	2	T7_METALBAR_LEVEL2	12
T7_2H_ROCKSTAFF_KEEPER	2	T7_LEATHER_LEVEL2	20
T7_2H_ROCKSTAFF_KEEPER	2	T7_ARTEFACT_2H_ROCKSTAFF_KEEPER	1
T7_2H_ROCKSTAFF_KEEPER	3	T7_METALBAR_LEVEL3	12
T7_2H_ROCKSTAFF_KEEPER	3	T7_LEATHER_LEVEL3	20
T7_2H_ROCKSTAFF_KEEPER	3	T7_ARTEFACT_2H_ROCKSTAFF_KEEPER	1
T7_2H_ROCKSTAFF_KEEPER	4	T7_METALBAR_LEVEL4	12
T7_2H_ROCKSTAFF_KEEPER	4	T7_LEATHER_LEVEL4	20
T7_2H_ROCKSTAFF_KEEPER	4	T7_ARTEFACT_2H_ROCKSTAFF_KEEPER	1
T8_2H_ROCKSTAFF_KEEPER	0	T8_METALBAR	12
T8_2H_ROCKSTAFF_KEEPER	0	T8_LEATHER	20
T8_2H_ROCKSTAFF_KEEPER	0	T8_ARTEFACT_2H_ROCKSTAFF_KEEPER	1
T8_2H_ROCKSTAFF_KEEPER	1	T8_METALBAR_LEVEL1	12
T8_2H_ROCKSTAFF_KEEPER	1	T8_LEATHER_LEVEL1	20
T8_2H_ROCKSTAFF_KEEPER	1	T8_ARTEFACT_2H_ROCKSTAFF_KEEPER	1
T8_2H_ROCKSTAFF_KEEPER	2	T8_METALBAR_LEVEL2	12
T8_2H_ROCKSTAFF_KEEPER	2	T8_LEATHER_LEVEL2	20
T8_2H_ROCKSTAFF_KEEPER	2	T8_ARTEFACT_2H_ROCKSTAFF_KEEPER	1
T8_2H_ROCKSTAFF_KEEPER	3	T8_METALBAR_LEVEL3	12
T8_2H_ROCKSTAFF_KEEPER	3	T8_LEATHER_LEVEL3	20
T8_2H_ROCKSTAFF_KEEPER	3	T8_ARTEFACT_2H_ROCKSTAFF_KEEPER	1
T8_2H_ROCKSTAFF_KEEPER	4	T8_METALBAR_LEVEL4	12
T8_2H_ROCKSTAFF_KEEPER	4	T8_LEATHER_LEVEL4	20
T8_2H_ROCKSTAFF_KEEPER	4	T8_ARTEFACT_2H_ROCKSTAFF_KEEPER	1
T4_2H_QUARTERSTAFF_AVALON	0	T4_METALBAR	12
T4_2H_QUARTERSTAFF_AVALON	0	T4_LEATHER	20
T4_2H_QUARTERSTAFF_AVALON	0	T4_ARTEFACT_2H_QUARTERSTAFF_AVALON	1
T4_2H_QUARTERSTAFF_AVALON	1	T4_METALBAR_LEVEL1	12
T4_2H_QUARTERSTAFF_AVALON	1	T4_LEATHER_LEVEL1	20
T4_2H_QUARTERSTAFF_AVALON	1	T4_ARTEFACT_2H_QUARTERSTAFF_AVALON	1
T4_2H_QUARTERSTAFF_AVALON	2	T4_METALBAR_LEVEL2	12
T4_2H_QUARTERSTAFF_AVALON	2	T4_LEATHER_LEVEL2	20
T4_2H_QUARTERSTAFF_AVALON	2	T4_ARTEFACT_2H_QUARTERSTAFF_AVALON	1
T4_2H_QUARTERSTAFF_AVALON	3	T4_METALBAR_LEVEL3	12
T4_2H_QUARTERSTAFF_AVALON	3	T4_LEATHER_LEVEL3	20
T4_2H_QUARTERSTAFF_AVALON	3	T4_ARTEFACT_2H_QUARTERSTAFF_AVALON	1
T4_2H_QUARTERSTAFF_AVALON	4	T4_METALBAR_LEVEL4	12
T4_2H_QUARTERSTAFF_AVALON	4	T4_LEATHER_LEVEL4	20
T4_2H_QUARTERSTAFF_AVALON	4	T4_ARTEFACT_2H_QUARTERSTAFF_AVALON	1
T5_2H_QUARTERSTAFF_AVALON	0	T5_METALBAR	12
T5_2H_QUARTERSTAFF_AVALON	0	T5_LEATHER	20
T5_2H_QUARTERSTAFF_AVALON	0	T5_ARTEFACT_2H_QUARTERSTAFF_AVALON	1
T5_2H_QUARTERSTAFF_AVALON	1	T5_METALBAR_LEVEL1	12
T5_2H_QUARTERSTAFF_AVALON	1	T5_LEATHER_LEVEL1	20
T5_2H_QUARTERSTAFF_AVALON	1	T5_ARTEFACT_2H_QUARTERSTAFF_AVALON	1
T5_2H_QUARTERSTAFF_AVALON	2	T5_METALBAR_LEVEL2	12
T5_2H_QUARTERSTAFF_AVALON	2	T5_LEATHER_LEVEL2	20
T5_2H_QUARTERSTAFF_AVALON	2	T5_ARTEFACT_2H_QUARTERSTAFF_AVALON	1
T5_2H_QUARTERSTAFF_AVALON	3	T5_METALBAR_LEVEL3	12
T5_2H_QUARTERSTAFF_AVALON	3	T5_LEATHER_LEVEL3	20
T5_2H_QUARTERSTAFF_AVALON	3	T5_ARTEFACT_2H_QUARTERSTAFF_AVALON	1
T5_2H_QUARTERSTAFF_AVALON	4	T5_METALBAR_LEVEL4	12
T5_2H_QUARTERSTAFF_AVALON	4	T5_LEATHER_LEVEL4	20
T5_2H_QUARTERSTAFF_AVALON	4	T5_ARTEFACT_2H_QUARTERSTAFF_AVALON	1
T6_2H_QUARTERSTAFF_AVALON	0	T6_METALBAR	12
T6_2H_QUARTERSTAFF_AVALON	0	T6_LEATHER	20
T6_2H_QUARTERSTAFF_AVALON	0	T6_ARTEFACT_2H_QUARTERSTAFF_AVALON	1
T6_2H_QUARTERSTAFF_AVALON	1	T6_METALBAR_LEVEL1	12
T6_2H_QUARTERSTAFF_AVALON	1	T6_LEATHER_LEVEL1	20
T6_2H_QUARTERSTAFF_AVALON	1	T6_ARTEFACT_2H_QUARTERSTAFF_AVALON	1
T6_2H_QUARTERSTAFF_AVALON	2	T6_METALBAR_LEVEL2	12
T6_2H_QUARTERSTAFF_AVALON	2	T6_LEATHER_LEVEL2	20
T6_2H_QUARTERSTAFF_AVALON	2	T6_ARTEFACT_2H_QUARTERSTAFF_AVALON	1
T6_2H_QUARTERSTAFF_AVALON	3	T6_METALBAR_LEVEL3	12
T6_2H_QUARTERSTAFF_AVALON	3	T6_LEATHER_LEVEL3	20
T6_2H_QUARTERSTAFF_AVALON	3	T6_ARTEFACT_2H_QUARTERSTAFF_AVALON	1
T6_2H_QUARTERSTAFF_AVALON	4	T6_METALBAR_LEVEL4	12
T6_2H_QUARTERSTAFF_AVALON	4	T6_LEATHER_LEVEL4	20
T6_2H_QUARTERSTAFF_AVALON	4	T6_ARTEFACT_2H_QUARTERSTAFF_AVALON	1
T7_2H_QUARTERSTAFF_AVALON	0	T7_METALBAR	12
T7_2H_QUARTERSTAFF_AVALON	0	T7_LEATHER	20
T7_2H_QUARTERSTAFF_AVALON	0	T7_ARTEFACT_2H_QUARTERSTAFF_AVALON	1
T7_2H_QUARTERSTAFF_AVALON	1	T7_METALBAR_LEVEL1	12
T7_2H_QUARTERSTAFF_AVALON	1	T7_LEATHER_LEVEL1	20
T7_2H_QUARTERSTAFF_AVALON	1	T7_ARTEFACT_2H_QUARTERSTAFF_AVALON	1
T7_2H_QUARTERSTAFF_AVALON	2	T7_METALBAR_LEVEL2	12
T7_2H_QUARTERSTAFF_AVALON	2	T7_LEATHER_LEVEL2	20
T7_2H_QUARTERSTAFF_AVALON	2	T7_ARTEFACT_2H_QUARTERSTAFF_AVALON	1
T7_2H_QUARTERSTAFF_AVALON	3	T7_METALBAR_LEVEL3	12
T7_2H_QUARTERSTAFF_AVALON	3	T7_LEATHER_LEVEL3	20
T7_2H_QUARTERSTAFF_AVALON	3	T7_ARTEFACT_2H_QUARTERSTAFF_AVALON	1
T7_2H_QUARTERSTAFF_AVALON	4	T7_METALBAR_LEVEL4	12
T7_2H_QUARTERSTAFF_AVALON	4	T7_LEATHER_LEVEL4	20
T7_2H_QUARTERSTAFF_AVALON	4	T7_ARTEFACT_2H_QUARTERSTAFF_AVALON	1
T8_2H_QUARTERSTAFF_AVALON	0	T8_METALBAR	12
T8_2H_QUARTERSTAFF_AVALON	0	T8_LEATHER	20
T8_2H_QUARTERSTAFF_AVALON	0	T8_ARTEFACT_2H_QUARTERSTAFF_AVALON	1
T8_2H_QUARTERSTAFF_AVALON	1	T8_METALBAR_LEVEL1	12
T8_2H_QUARTERSTAFF_AVALON	1	T8_LEATHER_LEVEL1	20
T8_2H_QUARTERSTAFF_AVALON	1	T8_ARTEFACT_2H_QUARTERSTAFF_AVALON	1
T8_2H_QUARTERSTAFF_AVALON	2	T8_METALBAR_LEVEL2	12
T8_2H_QUARTERSTAFF_AVALON	2	T8_LEATHER_LEVEL2	20
T8_2H_QUARTERSTAFF_AVALON	2	T8_ARTEFACT_2H_QUARTERSTAFF_AVALON	1
T8_2H_QUARTERSTAFF_AVALON	3	T8_METALBAR_LEVEL3	12
T8_2H_QUARTERSTAFF_AVALON	3	T8_LEATHER_LEVEL3	20
T8_2H_QUARTERSTAFF_AVALON	3	T8_ARTEFACT_2H_QUARTERSTAFF_AVALON	1
T8_2H_QUARTERSTAFF_AVALON	4	T8_METALBAR_LEVEL4	12
T8_2H_QUARTERSTAFF_AVALON	4	T8_LEATHER_LEVEL4	20
T8_2H_QUARTERSTAFF_AVALON	4	T8_ARTEFACT_2H_QUARTERSTAFF_AVALON	1
T4_2H_DOUBLEBLADEDSTAFF_CRYSTAL	0	T4_METALBAR	12
T4_2H_DOUBLEBLADEDSTAFF_CRYSTAL	0	T4_LEATHER	20
T4_2H_DOUBLEBLADEDSTAFF_CRYSTAL	0	T4_ARTEFACT_2H_DOUBLEBLADEDSTAFF_CRYSTAL	1
T4_2H_DOUBLEBLADEDSTAFF_CRYSTAL	1	T4_METALBAR_LEVEL1	12
T4_2H_DOUBLEBLADEDSTAFF_CRYSTAL	1	T4_LEATHER_LEVEL1	20
T4_2H_DOUBLEBLADEDSTAFF_CRYSTAL	1	T4_ARTEFACT_2H_DOUBLEBLADEDSTAFF_CRYSTAL	1
T4_2H_DOUBLEBLADEDSTAFF_CRYSTAL	2	T4_METALBAR_LEVEL2	12
T4_2H_DOUBLEBLADEDSTAFF_CRYSTAL	2	T4_LEATHER_LEVEL2	20
T4_2H_DOUBLEBLADEDSTAFF_CRYSTAL	2	T4_ARTEFACT_2H_DOUBLEBLADEDSTAFF_CRYSTAL	1
T4_2H_DOUBLEBLADEDSTAFF_CRYSTAL	3	T4_METALBAR_LEVEL3	12
T4_2H_DOUBLEBLADEDSTAFF_CRYSTAL	3	T4_LEATHER_LEVEL3	20
T4_2H_DOUBLEBLADEDSTAFF_CRYSTAL	3	T4_ARTEFACT_2H_DOUBLEBLADEDSTAFF_CRYSTAL	1
T4_2H_DOUBLEBLADEDSTAFF_CRYSTAL	4	T4_METALBAR_LEVEL4	12
T4_2H_DOUBLEBLADEDSTAFF_CRYSTAL	4	T4_LEATHER_LEVEL4	20
T4_2H_DOUBLEBLADEDSTAFF_CRYSTAL	4	T4_ARTEFACT_2H_DOUBLEBLADEDSTAFF_CRYSTAL	1
T5_2H_DOUBLEBLADEDSTAFF_CRYSTAL	0	T5_METALBAR	12
T5_2H_DOUBLEBLADEDSTAFF_CRYSTAL	0	T5_LEATHER	20
T5_2H_DOUBLEBLADEDSTAFF_CRYSTAL	0	T5_ARTEFACT_2H_DOUBLEBLADEDSTAFF_CRYSTAL	1
T5_2H_DOUBLEBLADEDSTAFF_CRYSTAL	1	T5_METALBAR_LEVEL1	12
T5_2H_DOUBLEBLADEDSTAFF_CRYSTAL	1	T5_LEATHER_LEVEL1	20
T5_2H_DOUBLEBLADEDSTAFF_CRYSTAL	1	T5_ARTEFACT_2H_DOUBLEBLADEDSTAFF_CRYSTAL	1
T5_2H_DOUBLEBLADEDSTAFF_CRYSTAL	2	T5_METALBAR_LEVEL2	12
T5_2H_DOUBLEBLADEDSTAFF_CRYSTAL	2	T5_LEATHER_LEVEL2	20
T5_2H_DOUBLEBLADEDSTAFF_CRYSTAL	2	T5_ARTEFACT_2H_DOUBLEBLADEDSTAFF_CRYSTAL	1
T5_2H_DOUBLEBLADEDSTAFF_CRYSTAL	3	T5_METALBAR_LEVEL3	12
T5_2H_DOUBLEBLADEDSTAFF_CRYSTAL	3	T5_LEATHER_LEVEL3	20
T5_2H_DOUBLEBLADEDSTAFF_CRYSTAL	3	T5_ARTEFACT_2H_DOUBLEBLADEDSTAFF_CRYSTAL	1
T5_2H_DOUBLEBLADEDSTAFF_CRYSTAL	4	T5_METALBAR_LEVEL4	12
T5_2H_DOUBLEBLADEDSTAFF_CRYSTAL	4	T5_LEATHER_LEVEL4	20
T5_2H_DOUBLEBLADEDSTAFF_CRYSTAL	4	T5_ARTEFACT_2H_DOUBLEBLADEDSTAFF_CRYSTAL	1
T6_2H_DOUBLEBLADEDSTAFF_CRYSTAL	0	T6_METALBAR	12
T6_2H_DOUBLEBLADEDSTAFF_CRYSTAL	0	T6_LEATHER	20
T6_2H_DOUBLEBLADEDSTAFF_CRYSTAL	0	T6_ARTEFACT_2H_DOUBLEBLADEDSTAFF_CRYSTAL	1
T6_2H_DOUBLEBLADEDSTAFF_CRYSTAL	1	T6_METALBAR_LEVEL1	12
T6_2H_DOUBLEBLADEDSTAFF_CRYSTAL	1	T6_LEATHER_LEVEL1	20
T6_2H_DOUBLEBLADEDSTAFF_CRYSTAL	1	T6_ARTEFACT_2H_DOUBLEBLADEDSTAFF_CRYSTAL	1
T6_2H_DOUBLEBLADEDSTAFF_CRYSTAL	2	T6_METALBAR_LEVEL2	12
T6_2H_DOUBLEBLADEDSTAFF_CRYSTAL	2	T6_LEATHER_LEVEL2	20
T6_2H_DOUBLEBLADEDSTAFF_CRYSTAL	2	T6_ARTEFACT_2H_DOUBLEBLADEDSTAFF_CRYSTAL	1
T6_2H_DOUBLEBLADEDSTAFF_CRYSTAL	3	T6_METALBAR_LEVEL3	12
T6_2H_DOUBLEBLADEDSTAFF_CRYSTAL	3	T6_LEATHER_LEVEL3	20
T6_2H_DOUBLEBLADEDSTAFF_CRYSTAL	3	T6_ARTEFACT_2H_DOUBLEBLADEDSTAFF_CRYSTAL	1
T6_2H_DOUBLEBLADEDSTAFF_CRYSTAL	4	T6_METALBAR_LEVEL4	12
T6_2H_DOUBLEBLADEDSTAFF_CRYSTAL	4	T6_LEATHER_LEVEL4	20
T6_2H_DOUBLEBLADEDSTAFF_CRYSTAL	4	T6_ARTEFACT_2H_DOUBLEBLADEDSTAFF_CRYSTAL	1
T7_2H_DOUBLEBLADEDSTAFF_CRYSTAL	0	T7_METALBAR	12
T7_2H_DOUBLEBLADEDSTAFF_CRYSTAL	0	T7_LEATHER	20
T7_2H_DOUBLEBLADEDSTAFF_CRYSTAL	0	T7_ARTEFACT_2H_DOUBLEBLADEDSTAFF_CRYSTAL	1
T7_2H_DOUBLEBLADEDSTAFF_CRYSTAL	1	T7_METALBAR_LEVEL1	12
T7_2H_DOUBLEBLADEDSTAFF_CRYSTAL	1	T7_LEATHER_LEVEL1	20
T7_2H_DOUBLEBLADEDSTAFF_CRYSTAL	1	T7_ARTEFACT_2H_DOUBLEBLADEDSTAFF_CRYSTAL	1
T7_2H_DOUBLEBLADEDSTAFF_CRYSTAL	2	T7_METALBAR_LEVEL2	12
T7_2H_DOUBLEBLADEDSTAFF_CRYSTAL	2	T7_LEATHER_LEVEL2	20
T7_2H_DOUBLEBLADEDSTAFF_CRYSTAL	2	T7_ARTEFACT_2H_DOUBLEBLADEDSTAFF_CRYSTAL	1
T7_2H_DOUBLEBLADEDSTAFF_CRYSTAL	3	T7_METALBAR_LEVEL3	12
T7_2H_DOUBLEBLADEDSTAFF_CRYSTAL	3	T7_LEATHER_LEVEL3	20
T7_2H_DOUBLEBLADEDSTAFF_CRYSTAL	3	T7_ARTEFACT_2H_DOUBLEBLADEDSTAFF_CRYSTAL	1
T7_2H_DOUBLEBLADEDSTAFF_CRYSTAL	4	T7_METALBAR_LEVEL4	12
T7_2H_DOUBLEBLADEDSTAFF_CRYSTAL	4	T7_LEATHER_LEVEL4	20
T7_2H_DOUBLEBLADEDSTAFF_CRYSTAL	4	T7_ARTEFACT_2H_DOUBLEBLADEDSTAFF_CRYSTAL	1
T8_2H_DOUBLEBLADEDSTAFF_CRYSTAL	0	T8_METALBAR	12
T8_2H_DOUBLEBLADEDSTAFF_CRYSTAL	0	T8_LEATHER	20
T8_2H_DOUBLEBLADEDSTAFF_CRYSTAL	0	T8_ARTEFACT_2H_DOUBLEBLADEDSTAFF_CRYSTAL	1
T8_2H_DOUBLEBLADEDSTAFF_CRYSTAL	1	T8_METALBAR_LEVEL1	12
T8_2H_DOUBLEBLADEDSTAFF_CRYSTAL	1	T8_LEATHER_LEVEL1	20
T8_2H_DOUBLEBLADEDSTAFF_CRYSTAL	1	T8_ARTEFACT_2H_DOUBLEBLADEDSTAFF_CRYSTAL	1
T8_2H_DOUBLEBLADEDSTAFF_CRYSTAL	2	T8_METALBAR_LEVEL2	12
T8_2H_DOUBLEBLADEDSTAFF_CRYSTAL	2	T8_LEATHER_LEVEL2	20
T8_2H_DOUBLEBLADEDSTAFF_CRYSTAL	2	T8_ARTEFACT_2H_DOUBLEBLADEDSTAFF_CRYSTAL	1
T8_2H_DOUBLEBLADEDSTAFF_CRYSTAL	3	T8_METALBAR_LEVEL3	12
T8_2H_DOUBLEBLADEDSTAFF_CRYSTAL	3	T8_LEATHER_LEVEL3	20
T8_2H_DOUBLEBLADEDSTAFF_CRYSTAL	3	T8_ARTEFACT_2H_DOUBLEBLADEDSTAFF_CRYSTAL	1
T8_2H_DOUBLEBLADEDSTAFF_CRYSTAL	4	T8_METALBAR_LEVEL4	12
T8_2H_DOUBLEBLADEDSTAFF_CRYSTAL	4	T8_LEATHER_LEVEL4	20
T8_2H_DOUBLEBLADEDSTAFF_CRYSTAL	4	T8_ARTEFACT_2H_DOUBLEBLADEDSTAFF_CRYSTAL	1
T3_MAIN_HAMMER	0	T3_METALBAR	24
T4_MAIN_HAMMER	0	T4_METALBAR	24
T4_MAIN_HAMMER	1	T4_METALBAR_LEVEL1	24
T4_MAIN_HAMMER	2	T4_METALBAR_LEVEL2	24
T4_MAIN_HAMMER	3	T4_METALBAR_LEVEL3	24
T4_MAIN_HAMMER	4	T4_METALBAR_LEVEL4	24
T5_MAIN_HAMMER	0	T5_METALBAR	24
T5_MAIN_HAMMER	1	T5_METALBAR_LEVEL1	24
T5_MAIN_HAMMER	2	T5_METALBAR_LEVEL2	24
T5_MAIN_HAMMER	3	T5_METALBAR_LEVEL3	24
T5_MAIN_HAMMER	4	T5_METALBAR_LEVEL4	24
T6_MAIN_HAMMER	0	T6_METALBAR	24
T6_MAIN_HAMMER	1	T6_METALBAR_LEVEL1	24
T6_MAIN_HAMMER	2	T6_METALBAR_LEVEL2	24
T6_MAIN_HAMMER	3	T6_METALBAR_LEVEL3	24
T6_MAIN_HAMMER	4	T6_METALBAR_LEVEL4	24
T7_MAIN_HAMMER	0	T7_METALBAR	24
T7_MAIN_HAMMER	1	T7_METALBAR_LEVEL1	24
T7_MAIN_HAMMER	2	T7_METALBAR_LEVEL2	24
T7_MAIN_HAMMER	3	T7_METALBAR_LEVEL3	24
T7_MAIN_HAMMER	4	T7_METALBAR_LEVEL4	24
T8_MAIN_HAMMER	0	T8_METALBAR	24
T8_MAIN_HAMMER	1	T8_METALBAR_LEVEL1	24
T8_MAIN_HAMMER	2	T8_METALBAR_LEVEL2	24
T8_MAIN_HAMMER	3	T8_METALBAR_LEVEL3	24
T8_MAIN_HAMMER	4	T8_METALBAR_LEVEL4	24
T4_2H_POLEHAMMER	0	T4_METALBAR	20
T4_2H_POLEHAMMER	0	T4_CLOTH	12
T4_2H_POLEHAMMER	1	T4_METALBAR_LEVEL1	20
T4_2H_POLEHAMMER	1	T4_CLOTH_LEVEL1	12
T4_2H_POLEHAMMER	2	T4_METALBAR_LEVEL2	20
T4_2H_POLEHAMMER	2	T4_CLOTH_LEVEL2	12
T4_2H_POLEHAMMER	3	T4_METALBAR_LEVEL3	20
T4_2H_POLEHAMMER	3	T4_CLOTH_LEVEL3	12
T4_2H_POLEHAMMER	4	T4_METALBAR_LEVEL4	20
T4_2H_POLEHAMMER	4	T4_CLOTH_LEVEL4	12
T5_2H_POLEHAMMER	0	T5_METALBAR	20
T5_2H_POLEHAMMER	0	T5_CLOTH	12
T5_2H_POLEHAMMER	1	T5_METALBAR_LEVEL1	20
T5_2H_POLEHAMMER	1	T5_CLOTH_LEVEL1	12
T5_2H_POLEHAMMER	2	T5_METALBAR_LEVEL2	20
T5_2H_POLEHAMMER	2	T5_CLOTH_LEVEL2	12
T5_2H_POLEHAMMER	3	T5_METALBAR_LEVEL3	20
T5_2H_POLEHAMMER	3	T5_CLOTH_LEVEL3	12
T5_2H_POLEHAMMER	4	T5_METALBAR_LEVEL4	20
T5_2H_POLEHAMMER	4	T5_CLOTH_LEVEL4	12
T6_2H_POLEHAMMER	0	T6_METALBAR	20
T6_2H_POLEHAMMER	0	T6_CLOTH	12
T6_2H_POLEHAMMER	1	T6_METALBAR_LEVEL1	20
T6_2H_POLEHAMMER	1	T6_CLOTH_LEVEL1	12
T6_2H_POLEHAMMER	2	T6_METALBAR_LEVEL2	20
T6_2H_POLEHAMMER	2	T6_CLOTH_LEVEL2	12
T6_2H_POLEHAMMER	3	T6_METALBAR_LEVEL3	20
T6_2H_POLEHAMMER	3	T6_CLOTH_LEVEL3	12
T6_2H_POLEHAMMER	4	T6_METALBAR_LEVEL4	20
T6_2H_POLEHAMMER	4	T6_CLOTH_LEVEL4	12
T7_2H_POLEHAMMER	0	T7_METALBAR	20
T7_2H_POLEHAMMER	0	T7_CLOTH	12
T7_2H_POLEHAMMER	1	T7_METALBAR_LEVEL1	20
T7_2H_POLEHAMMER	1	T7_CLOTH_LEVEL1	12
T7_2H_POLEHAMMER	2	T7_METALBAR_LEVEL2	20
T7_2H_POLEHAMMER	2	T7_CLOTH_LEVEL2	12
T7_2H_POLEHAMMER	3	T7_METALBAR_LEVEL3	20
T7_2H_POLEHAMMER	3	T7_CLOTH_LEVEL3	12
T7_2H_POLEHAMMER	4	T7_METALBAR_LEVEL4	20
T7_2H_POLEHAMMER	4	T7_CLOTH_LEVEL4	12
T8_2H_POLEHAMMER	0	T8_METALBAR	20
T8_2H_POLEHAMMER	0	T8_CLOTH	12
T8_2H_POLEHAMMER	1	T8_METALBAR_LEVEL1	20
T8_2H_POLEHAMMER	1	T8_CLOTH_LEVEL1	12
T8_2H_POLEHAMMER	2	T8_METALBAR_LEVEL2	20
T8_2H_POLEHAMMER	2	T8_CLOTH_LEVEL2	12
T8_2H_POLEHAMMER	3	T8_METALBAR_LEVEL3	20
T8_2H_POLEHAMMER	3	T8_CLOTH_LEVEL3	12
T8_2H_POLEHAMMER	4	T8_METALBAR_LEVEL4	20
T8_2H_POLEHAMMER	4	T8_CLOTH_LEVEL4	12
T4_2H_HAMMER	0	T4_METALBAR	20
T4_2H_HAMMER	0	T4_CLOTH	12
T4_2H_HAMMER	1	T4_METALBAR_LEVEL1	20
T4_2H_HAMMER	1	T4_CLOTH_LEVEL1	12
T4_2H_HAMMER	2	T4_METALBAR_LEVEL2	20
T4_2H_HAMMER	2	T4_CLOTH_LEVEL2	12
T4_2H_HAMMER	3	T4_METALBAR_LEVEL3	20
T4_2H_HAMMER	3	T4_CLOTH_LEVEL3	12
T4_2H_HAMMER	4	T4_METALBAR_LEVEL4	20
T4_2H_HAMMER	4	T4_CLOTH_LEVEL4	12
T5_2H_HAMMER	0	T5_METALBAR	20
T5_2H_HAMMER	0	T5_CLOTH	12
T5_2H_HAMMER	1	T5_METALBAR_LEVEL1	20
T5_2H_HAMMER	1	T5_CLOTH_LEVEL1	12
T5_2H_HAMMER	2	T5_METALBAR_LEVEL2	20
T5_2H_HAMMER	2	T5_CLOTH_LEVEL2	12
T5_2H_HAMMER	3	T5_METALBAR_LEVEL3	20
T5_2H_HAMMER	3	T5_CLOTH_LEVEL3	12
T5_2H_HAMMER	4	T5_METALBAR_LEVEL4	20
T5_2H_HAMMER	4	T5_CLOTH_LEVEL4	12
T6_2H_HAMMER	0	T6_METALBAR	20
T6_2H_HAMMER	0	T6_CLOTH	12
T6_2H_HAMMER	1	T6_METALBAR_LEVEL1	20
T6_2H_HAMMER	1	T6_CLOTH_LEVEL1	12
T6_2H_HAMMER	2	T6_METALBAR_LEVEL2	20
T6_2H_HAMMER	2	T6_CLOTH_LEVEL2	12
T6_2H_HAMMER	3	T6_METALBAR_LEVEL3	20
T6_2H_HAMMER	3	T6_CLOTH_LEVEL3	12
T6_2H_HAMMER	4	T6_METALBAR_LEVEL4	20
T6_2H_HAMMER	4	T6_CLOTH_LEVEL4	12
T7_2H_HAMMER	0	T7_METALBAR	20
T7_2H_HAMMER	0	T7_CLOTH	12
T7_2H_HAMMER	1	T7_METALBAR_LEVEL1	20
T7_2H_HAMMER	1	T7_CLOTH_LEVEL1	12
T7_2H_HAMMER	2	T7_METALBAR_LEVEL2	20
T7_2H_HAMMER	2	T7_CLOTH_LEVEL2	12
T7_2H_HAMMER	3	T7_METALBAR_LEVEL3	20
T7_2H_HAMMER	3	T7_CLOTH_LEVEL3	12
T7_2H_HAMMER	4	T7_METALBAR_LEVEL4	20
T7_2H_HAMMER	4	T7_CLOTH_LEVEL4	12
T8_2H_HAMMER	0	T8_METALBAR	20
T8_2H_HAMMER	0	T8_CLOTH	12
T8_2H_HAMMER	1	T8_METALBAR_LEVEL1	20
T8_2H_HAMMER	1	T8_CLOTH_LEVEL1	12
T8_2H_HAMMER	2	T8_METALBAR_LEVEL2	20
T8_2H_HAMMER	2	T8_CLOTH_LEVEL2	12
T8_2H_HAMMER	3	T8_METALBAR_LEVEL3	20
T8_2H_HAMMER	3	T8_CLOTH_LEVEL3	12
T8_2H_HAMMER	4	T8_METALBAR_LEVEL4	20
T8_2H_HAMMER	4	T8_CLOTH_LEVEL4	12
T4_2H_HAMMER_UNDEAD	0	T4_METALBAR	20
T4_2H_HAMMER_UNDEAD	0	T4_CLOTH	12
T4_2H_HAMMER_UNDEAD	0	T4_ARTEFACT_2H_HAMMER_UNDEAD	1
T4_2H_HAMMER_UNDEAD	1	T4_METALBAR_LEVEL1	20
T4_2H_HAMMER_UNDEAD	1	T4_CLOTH_LEVEL1	12
T4_2H_HAMMER_UNDEAD	1	T4_ARTEFACT_2H_HAMMER_UNDEAD	1
T4_2H_HAMMER_UNDEAD	2	T4_METALBAR_LEVEL2	20
T4_2H_HAMMER_UNDEAD	2	T4_CLOTH_LEVEL2	12
T4_2H_HAMMER_UNDEAD	2	T4_ARTEFACT_2H_HAMMER_UNDEAD	1
T4_2H_HAMMER_UNDEAD	3	T4_METALBAR_LEVEL3	20
T4_2H_HAMMER_UNDEAD	3	T4_CLOTH_LEVEL3	12
T4_2H_HAMMER_UNDEAD	3	T4_ARTEFACT_2H_HAMMER_UNDEAD	1
T4_2H_HAMMER_UNDEAD	4	T4_METALBAR_LEVEL4	20
T4_2H_HAMMER_UNDEAD	4	T4_CLOTH_LEVEL4	12
T4_2H_HAMMER_UNDEAD	4	T4_ARTEFACT_2H_HAMMER_UNDEAD	1
T5_2H_HAMMER_UNDEAD	0	T5_METALBAR	20
T5_2H_HAMMER_UNDEAD	0	T5_CLOTH	12
T5_2H_HAMMER_UNDEAD	0	T5_ARTEFACT_2H_HAMMER_UNDEAD	1
T5_2H_HAMMER_UNDEAD	1	T5_METALBAR_LEVEL1	20
T5_2H_HAMMER_UNDEAD	1	T5_CLOTH_LEVEL1	12
T5_2H_HAMMER_UNDEAD	1	T5_ARTEFACT_2H_HAMMER_UNDEAD	1
T5_2H_HAMMER_UNDEAD	2	T5_METALBAR_LEVEL2	20
T5_2H_HAMMER_UNDEAD	2	T5_CLOTH_LEVEL2	12
T5_2H_HAMMER_UNDEAD	2	T5_ARTEFACT_2H_HAMMER_UNDEAD	1
T5_2H_HAMMER_UNDEAD	3	T5_METALBAR_LEVEL3	20
T5_2H_HAMMER_UNDEAD	3	T5_CLOTH_LEVEL3	12
T5_2H_HAMMER_UNDEAD	3	T5_ARTEFACT_2H_HAMMER_UNDEAD	1
T5_2H_HAMMER_UNDEAD	4	T5_METALBAR_LEVEL4	20
T5_2H_HAMMER_UNDEAD	4	T5_CLOTH_LEVEL4	12
T5_2H_HAMMER_UNDEAD	4	T5_ARTEFACT_2H_HAMMER_UNDEAD	1
T6_2H_HAMMER_UNDEAD	0	T6_METALBAR	20
T6_2H_HAMMER_UNDEAD	0	T6_CLOTH	12
T6_2H_HAMMER_UNDEAD	0	T6_ARTEFACT_2H_HAMMER_UNDEAD	1
T6_2H_HAMMER_UNDEAD	1	T6_METALBAR_LEVEL1	20
T6_2H_HAMMER_UNDEAD	1	T6_CLOTH_LEVEL1	12
T6_2H_HAMMER_UNDEAD	1	T6_ARTEFACT_2H_HAMMER_UNDEAD	1
T6_2H_HAMMER_UNDEAD	2	T6_METALBAR_LEVEL2	20
T6_2H_HAMMER_UNDEAD	2	T6_CLOTH_LEVEL2	12
T6_2H_HAMMER_UNDEAD	2	T6_ARTEFACT_2H_HAMMER_UNDEAD	1
T6_2H_HAMMER_UNDEAD	3	T6_METALBAR_LEVEL3	20
T6_2H_HAMMER_UNDEAD	3	T6_CLOTH_LEVEL3	12
T6_2H_HAMMER_UNDEAD	3	T6_ARTEFACT_2H_HAMMER_UNDEAD	1
T6_2H_HAMMER_UNDEAD	4	T6_METALBAR_LEVEL4	20
T6_2H_HAMMER_UNDEAD	4	T6_CLOTH_LEVEL4	12
T6_2H_HAMMER_UNDEAD	4	T6_ARTEFACT_2H_HAMMER_UNDEAD	1
T7_2H_HAMMER_UNDEAD	0	T7_METALBAR	20
T7_2H_HAMMER_UNDEAD	0	T7_CLOTH	12
T7_2H_HAMMER_UNDEAD	0	T7_ARTEFACT_2H_HAMMER_UNDEAD	1
T7_2H_HAMMER_UNDEAD	1	T7_METALBAR_LEVEL1	20
T7_2H_HAMMER_UNDEAD	1	T7_CLOTH_LEVEL1	12
T7_2H_HAMMER_UNDEAD	1	T7_ARTEFACT_2H_HAMMER_UNDEAD	1
T7_2H_HAMMER_UNDEAD	2	T7_METALBAR_LEVEL2	20
T7_2H_HAMMER_UNDEAD	2	T7_CLOTH_LEVEL2	12
T7_2H_HAMMER_UNDEAD	2	T7_ARTEFACT_2H_HAMMER_UNDEAD	1
T7_2H_HAMMER_UNDEAD	3	T7_METALBAR_LEVEL3	20
T7_2H_HAMMER_UNDEAD	3	T7_CLOTH_LEVEL3	12
T7_2H_HAMMER_UNDEAD	3	T7_ARTEFACT_2H_HAMMER_UNDEAD	1
T7_2H_HAMMER_UNDEAD	4	T7_METALBAR_LEVEL4	20
T7_2H_HAMMER_UNDEAD	4	T7_CLOTH_LEVEL4	12
T7_2H_HAMMER_UNDEAD	4	T7_ARTEFACT_2H_HAMMER_UNDEAD	1
T8_2H_HAMMER_UNDEAD	0	T8_METALBAR	20
T8_2H_HAMMER_UNDEAD	0	T8_CLOTH	12
T8_2H_HAMMER_UNDEAD	0	T8_ARTEFACT_2H_HAMMER_UNDEAD	1
T8_2H_HAMMER_UNDEAD	1	T8_METALBAR_LEVEL1	20
T8_2H_HAMMER_UNDEAD	1	T8_CLOTH_LEVEL1	12
T8_2H_HAMMER_UNDEAD	1	T8_ARTEFACT_2H_HAMMER_UNDEAD	1
T8_2H_HAMMER_UNDEAD	2	T8_METALBAR_LEVEL2	20
T8_2H_HAMMER_UNDEAD	2	T8_CLOTH_LEVEL2	12
T8_2H_HAMMER_UNDEAD	2	T8_ARTEFACT_2H_HAMMER_UNDEAD	1
T8_2H_HAMMER_UNDEAD	3	T8_METALBAR_LEVEL3	20
T8_2H_HAMMER_UNDEAD	3	T8_CLOTH_LEVEL3	12
T8_2H_HAMMER_UNDEAD	3	T8_ARTEFACT_2H_HAMMER_UNDEAD	1
T8_2H_HAMMER_UNDEAD	4	T8_METALBAR_LEVEL4	20
T8_2H_HAMMER_UNDEAD	4	T8_CLOTH_LEVEL4	12
T8_2H_HAMMER_UNDEAD	4	T8_ARTEFACT_2H_HAMMER_UNDEAD	1
T4_2H_DUALHAMMER_HELL	0	T4_METALBAR	20
T4_2H_DUALHAMMER_HELL	0	T4_CLOTH	12
T4_2H_DUALHAMMER_HELL	0	T4_ARTEFACT_2H_DUALHAMMER_HELL	1
T4_2H_DUALHAMMER_HELL	1	T4_METALBAR_LEVEL1	20
T4_2H_DUALHAMMER_HELL	1	T4_CLOTH_LEVEL1	12
T4_2H_DUALHAMMER_HELL	1	T4_ARTEFACT_2H_DUALHAMMER_HELL	1
T4_2H_DUALHAMMER_HELL	2	T4_METALBAR_LEVEL2	20
T4_2H_DUALHAMMER_HELL	2	T4_CLOTH_LEVEL2	12
T4_2H_DUALHAMMER_HELL	2	T4_ARTEFACT_2H_DUALHAMMER_HELL	1
T4_2H_DUALHAMMER_HELL	3	T4_METALBAR_LEVEL3	20
T4_2H_DUALHAMMER_HELL	3	T4_CLOTH_LEVEL3	12
T4_2H_DUALHAMMER_HELL	3	T4_ARTEFACT_2H_DUALHAMMER_HELL	1
T4_2H_DUALHAMMER_HELL	4	T4_METALBAR_LEVEL4	20
T4_2H_DUALHAMMER_HELL	4	T4_CLOTH_LEVEL4	12
T4_2H_DUALHAMMER_HELL	4	T4_ARTEFACT_2H_DUALHAMMER_HELL	1
T5_2H_DUALHAMMER_HELL	0	T5_METALBAR	20
T5_2H_DUALHAMMER_HELL	0	T5_CLOTH	12
T5_2H_DUALHAMMER_HELL	0	T5_ARTEFACT_2H_DUALHAMMER_HELL	1
T5_2H_DUALHAMMER_HELL	1	T5_METALBAR_LEVEL1	20
T5_2H_DUALHAMMER_HELL	1	T5_CLOTH_LEVEL1	12
T5_2H_DUALHAMMER_HELL	1	T5_ARTEFACT_2H_DUALHAMMER_HELL	1
T5_2H_DUALHAMMER_HELL	2	T5_METALBAR_LEVEL2	20
T5_2H_DUALHAMMER_HELL	2	T5_CLOTH_LEVEL2	12
T5_2H_DUALHAMMER_HELL	2	T5_ARTEFACT_2H_DUALHAMMER_HELL	1
T5_2H_DUALHAMMER_HELL	3	T5_METALBAR_LEVEL3	20
T5_2H_DUALHAMMER_HELL	3	T5_CLOTH_LEVEL3	12
T5_2H_DUALHAMMER_HELL	3	T5_ARTEFACT_2H_DUALHAMMER_HELL	1
T5_2H_DUALHAMMER_HELL	4	T5_METALBAR_LEVEL4	20
T5_2H_DUALHAMMER_HELL	4	T5_CLOTH_LEVEL4	12
T5_2H_DUALHAMMER_HELL	4	T5_ARTEFACT_2H_DUALHAMMER_HELL	1
T6_2H_DUALHAMMER_HELL	0	T6_METALBAR	20
T6_2H_DUALHAMMER_HELL	0	T6_CLOTH	12
T6_2H_DUALHAMMER_HELL	0	T6_ARTEFACT_2H_DUALHAMMER_HELL	1
T6_2H_DUALHAMMER_HELL	1	T6_METALBAR_LEVEL1	20
T6_2H_DUALHAMMER_HELL	1	T6_CLOTH_LEVEL1	12
T6_2H_DUALHAMMER_HELL	1	T6_ARTEFACT_2H_DUALHAMMER_HELL	1
T6_2H_DUALHAMMER_HELL	2	T6_METALBAR_LEVEL2	20
T6_2H_DUALHAMMER_HELL	2	T6_CLOTH_LEVEL2	12
T6_2H_DUALHAMMER_HELL	2	T6_ARTEFACT_2H_DUALHAMMER_HELL	1
T6_2H_DUALHAMMER_HELL	3	T6_METALBAR_LEVEL3	20
T6_2H_DUALHAMMER_HELL	3	T6_CLOTH_LEVEL3	12
T6_2H_DUALHAMMER_HELL	3	T6_ARTEFACT_2H_DUALHAMMER_HELL	1
T6_2H_DUALHAMMER_HELL	4	T6_METALBAR_LEVEL4	20
T6_2H_DUALHAMMER_HELL	4	T6_CLOTH_LEVEL4	12
T6_2H_DUALHAMMER_HELL	4	T6_ARTEFACT_2H_DUALHAMMER_HELL	1
T7_2H_DUALHAMMER_HELL	0	T7_METALBAR	20
T7_2H_DUALHAMMER_HELL	0	T7_CLOTH	12
T7_2H_DUALHAMMER_HELL	0	T7_ARTEFACT_2H_DUALHAMMER_HELL	1
T7_2H_DUALHAMMER_HELL	1	T7_METALBAR_LEVEL1	20
T7_2H_DUALHAMMER_HELL	1	T7_CLOTH_LEVEL1	12
T7_2H_DUALHAMMER_HELL	1	T7_ARTEFACT_2H_DUALHAMMER_HELL	1
T7_2H_DUALHAMMER_HELL	2	T7_METALBAR_LEVEL2	20
T7_2H_DUALHAMMER_HELL	2	T7_CLOTH_LEVEL2	12
T7_2H_DUALHAMMER_HELL	2	T7_ARTEFACT_2H_DUALHAMMER_HELL	1
T7_2H_DUALHAMMER_HELL	3	T7_METALBAR_LEVEL3	20
T7_2H_DUALHAMMER_HELL	3	T7_CLOTH_LEVEL3	12
T7_2H_DUALHAMMER_HELL	3	T7_ARTEFACT_2H_DUALHAMMER_HELL	1
T7_2H_DUALHAMMER_HELL	4	T7_METALBAR_LEVEL4	20
T7_2H_DUALHAMMER_HELL	4	T7_CLOTH_LEVEL4	12
T7_2H_DUALHAMMER_HELL	4	T7_ARTEFACT_2H_DUALHAMMER_HELL	1
T8_2H_DUALHAMMER_HELL	0	T8_METALBAR	20
T8_2H_DUALHAMMER_HELL	0	T8_CLOTH	12
T8_2H_DUALHAMMER_HELL	0	T8_ARTEFACT_2H_DUALHAMMER_HELL	1
T8_2H_DUALHAMMER_HELL	1	T8_METALBAR_LEVEL1	20
T8_2H_DUALHAMMER_HELL	1	T8_CLOTH_LEVEL1	12
T8_2H_DUALHAMMER_HELL	1	T8_ARTEFACT_2H_DUALHAMMER_HELL	1
T8_2H_DUALHAMMER_HELL	2	T8_METALBAR_LEVEL2	20
T8_2H_DUALHAMMER_HELL	2	T8_CLOTH_LEVEL2	12
T8_2H_DUALHAMMER_HELL	2	T8_ARTEFACT_2H_DUALHAMMER_HELL	1
T8_2H_DUALHAMMER_HELL	3	T8_METALBAR_LEVEL3	20
T8_2H_DUALHAMMER_HELL	3	T8_CLOTH_LEVEL3	12
T8_2H_DUALHAMMER_HELL	3	T8_ARTEFACT_2H_DUALHAMMER_HELL	1
T8_2H_DUALHAMMER_HELL	4	T8_METALBAR_LEVEL4	20
T8_2H_DUALHAMMER_HELL	4	T8_CLOTH_LEVEL4	12
T8_2H_DUALHAMMER_HELL	4	T8_ARTEFACT_2H_DUALHAMMER_HELL	1
T4_2H_RAM_KEEPER	0	T4_METALBAR	20
T4_2H_RAM_KEEPER	0	T4_CLOTH	12
T4_2H_RAM_KEEPER	0	T4_ARTEFACT_2H_RAM_KEEPER	1
T4_2H_RAM_KEEPER	1	T4_METALBAR_LEVEL1	20
T4_2H_RAM_KEEPER	1	T4_CLOTH_LEVEL1	12
T4_2H_RAM_KEEPER	1	T4_ARTEFACT_2H_RAM_KEEPER	1
T4_2H_RAM_KEEPER	2	T4_METALBAR_LEVEL2	20
T4_2H_RAM_KEEPER	2	T4_CLOTH_LEVEL2	12
T4_2H_RAM_KEEPER	2	T4_ARTEFACT_2H_RAM_KEEPER	1
T4_2H_RAM_KEEPER	3	T4_METALBAR_LEVEL3	20
T4_2H_RAM_KEEPER	3	T4_CLOTH_LEVEL3	12
T4_2H_RAM_KEEPER	3	T4_ARTEFACT_2H_RAM_KEEPER	1
T4_2H_RAM_KEEPER	4	T4_METALBAR_LEVEL4	20
T4_2H_RAM_KEEPER	4	T4_CLOTH_LEVEL4	12
T4_2H_RAM_KEEPER	4	T4_ARTEFACT_2H_RAM_KEEPER	1
T5_2H_RAM_KEEPER	0	T5_METALBAR	20
T5_2H_RAM_KEEPER	0	T5_CLOTH	12
T5_2H_RAM_KEEPER	0	T5_ARTEFACT_2H_RAM_KEEPER	1
T5_2H_RAM_KEEPER	1	T5_METALBAR_LEVEL1	20
T5_2H_RAM_KEEPER	1	T5_CLOTH_LEVEL1	12
T5_2H_RAM_KEEPER	1	T5_ARTEFACT_2H_RAM_KEEPER	1
T5_2H_RAM_KEEPER	2	T5_METALBAR_LEVEL2	20
T5_2H_RAM_KEEPER	2	T5_CLOTH_LEVEL2	12
T5_2H_RAM_KEEPER	2	T5_ARTEFACT_2H_RAM_KEEPER	1
T5_2H_RAM_KEEPER	3	T5_METALBAR_LEVEL3	20
T5_2H_RAM_KEEPER	3	T5_CLOTH_LEVEL3	12
T5_2H_RAM_KEEPER	3	T5_ARTEFACT_2H_RAM_KEEPER	1
T5_2H_RAM_KEEPER	4	T5_METALBAR_LEVEL4	20
T5_2H_RAM_KEEPER	4	T5_CLOTH_LEVEL4	12
T5_2H_RAM_KEEPER	4	T5_ARTEFACT_2H_RAM_KEEPER	1
T6_2H_RAM_KEEPER	0	T6_METALBAR	20
T6_2H_RAM_KEEPER	0	T6_CLOTH	12
T6_2H_RAM_KEEPER	0	T6_ARTEFACT_2H_RAM_KEEPER	1
T6_2H_RAM_KEEPER	1	T6_METALBAR_LEVEL1	20
T6_2H_RAM_KEEPER	1	T6_CLOTH_LEVEL1	12
T6_2H_RAM_KEEPER	1	T6_ARTEFACT_2H_RAM_KEEPER	1
T6_2H_RAM_KEEPER	2	T6_METALBAR_LEVEL2	20
T6_2H_RAM_KEEPER	2	T6_CLOTH_LEVEL2	12
T6_2H_RAM_KEEPER	2	T6_ARTEFACT_2H_RAM_KEEPER	1
T6_2H_RAM_KEEPER	3	T6_METALBAR_LEVEL3	20
T6_2H_RAM_KEEPER	3	T6_CLOTH_LEVEL3	12
T6_2H_RAM_KEEPER	3	T6_ARTEFACT_2H_RAM_KEEPER	1
T6_2H_RAM_KEEPER	4	T6_METALBAR_LEVEL4	20
T6_2H_RAM_KEEPER	4	T6_CLOTH_LEVEL4	12
T6_2H_RAM_KEEPER	4	T6_ARTEFACT_2H_RAM_KEEPER	1
T7_2H_RAM_KEEPER	0	T7_METALBAR	20
T7_2H_RAM_KEEPER	0	T7_CLOTH	12
T7_2H_RAM_KEEPER	0	T7_ARTEFACT_2H_RAM_KEEPER	1
T7_2H_RAM_KEEPER	1	T7_METALBAR_LEVEL1	20
T7_2H_RAM_KEEPER	1	T7_CLOTH_LEVEL1	12
T7_2H_RAM_KEEPER	1	T7_ARTEFACT_2H_RAM_KEEPER	1
T7_2H_RAM_KEEPER	2	T7_METALBAR_LEVEL2	20
T7_2H_RAM_KEEPER	2	T7_CLOTH_LEVEL2	12
T7_2H_RAM_KEEPER	2	T7_ARTEFACT_2H_RAM_KEEPER	1
T7_2H_RAM_KEEPER	3	T7_METALBAR_LEVEL3	20
T7_2H_RAM_KEEPER	3	T7_CLOTH_LEVEL3	12
T7_2H_RAM_KEEPER	3	T7_ARTEFACT_2H_RAM_KEEPER	1
T7_2H_RAM_KEEPER	4	T7_METALBAR_LEVEL4	20
T7_2H_RAM_KEEPER	4	T7_CLOTH_LEVEL4	12
T7_2H_RAM_KEEPER	4	T7_ARTEFACT_2H_RAM_KEEPER	1
T8_2H_RAM_KEEPER	0	T8_METALBAR	20
T8_2H_RAM_KEEPER	0	T8_CLOTH	12
T8_2H_RAM_KEEPER	0	T8_ARTEFACT_2H_RAM_KEEPER	1
T8_2H_RAM_KEEPER	1	T8_METALBAR_LEVEL1	20
T8_2H_RAM_KEEPER	1	T8_CLOTH_LEVEL1	12
T8_2H_RAM_KEEPER	1	T8_ARTEFACT_2H_RAM_KEEPER	1
T8_2H_RAM_KEEPER	2	T8_METALBAR_LEVEL2	20
T8_2H_RAM_KEEPER	2	T8_CLOTH_LEVEL2	12
T8_2H_RAM_KEEPER	2	T8_ARTEFACT_2H_RAM_KEEPER	1
T8_2H_RAM_KEEPER	3	T8_METALBAR_LEVEL3	20
T8_2H_RAM_KEEPER	3	T8_CLOTH_LEVEL3	12
T8_2H_RAM_KEEPER	3	T8_ARTEFACT_2H_RAM_KEEPER	1
T8_2H_RAM_KEEPER	4	T8_METALBAR_LEVEL4	20
T8_2H_RAM_KEEPER	4	T8_CLOTH_LEVEL4	12
T8_2H_RAM_KEEPER	4	T8_ARTEFACT_2H_RAM_KEEPER	1
T4_2H_HAMMER_AVALON	0	T4_METALBAR	20
T4_2H_HAMMER_AVALON	0	T4_CLOTH	12
T4_2H_HAMMER_AVALON	0	T4_ARTEFACT_2H_HAMMER_AVALON	1
T4_2H_HAMMER_AVALON	1	T4_METALBAR_LEVEL1	20
T4_2H_HAMMER_AVALON	1	T4_CLOTH_LEVEL1	12
T4_2H_HAMMER_AVALON	1	T4_ARTEFACT_2H_HAMMER_AVALON	1
T4_2H_HAMMER_AVALON	2	T4_METALBAR_LEVEL2	20
T4_2H_HAMMER_AVALON	2	T4_CLOTH_LEVEL2	12
T4_2H_HAMMER_AVALON	2	T4_ARTEFACT_2H_HAMMER_AVALON	1
T4_2H_HAMMER_AVALON	3	T4_METALBAR_LEVEL3	20
T4_2H_HAMMER_AVALON	3	T4_CLOTH_LEVEL3	12
T4_2H_HAMMER_AVALON	3	T4_ARTEFACT_2H_HAMMER_AVALON	1
T4_2H_HAMMER_AVALON	4	T4_METALBAR_LEVEL4	20
T4_2H_HAMMER_AVALON	4	T4_CLOTH_LEVEL4	12
T4_2H_HAMMER_AVALON	4	T4_ARTEFACT_2H_HAMMER_AVALON	1
T5_2H_HAMMER_AVALON	0	T5_METALBAR	20
T5_2H_HAMMER_AVALON	0	T5_CLOTH	12
T5_2H_HAMMER_AVALON	0	T5_ARTEFACT_2H_HAMMER_AVALON	1
T5_2H_HAMMER_AVALON	1	T5_METALBAR_LEVEL1	20
T5_2H_HAMMER_AVALON	1	T5_CLOTH_LEVEL1	12
T5_2H_HAMMER_AVALON	1	T5_ARTEFACT_2H_HAMMER_AVALON	1
T5_2H_HAMMER_AVALON	2	T5_METALBAR_LEVEL2	20
T5_2H_HAMMER_AVALON	2	T5_CLOTH_LEVEL2	12
T5_2H_HAMMER_AVALON	2	T5_ARTEFACT_2H_HAMMER_AVALON	1
T5_2H_HAMMER_AVALON	3	T5_METALBAR_LEVEL3	20
T5_2H_HAMMER_AVALON	3	T5_CLOTH_LEVEL3	12
T5_2H_HAMMER_AVALON	3	T5_ARTEFACT_2H_HAMMER_AVALON	1
T5_2H_HAMMER_AVALON	4	T5_METALBAR_LEVEL4	20
T5_2H_HAMMER_AVALON	4	T5_CLOTH_LEVEL4	12
T5_2H_HAMMER_AVALON	4	T5_ARTEFACT_2H_HAMMER_AVALON	1
T6_2H_HAMMER_AVALON	0	T6_METALBAR	20
T6_2H_HAMMER_AVALON	0	T6_CLOTH	12
T6_2H_HAMMER_AVALON	0	T6_ARTEFACT_2H_HAMMER_AVALON	1
T6_2H_HAMMER_AVALON	1	T6_METALBAR_LEVEL1	20
T6_2H_HAMMER_AVALON	1	T6_CLOTH_LEVEL1	12
T6_2H_HAMMER_AVALON	1	T6_ARTEFACT_2H_HAMMER_AVALON	1
T6_2H_HAMMER_AVALON	2	T6_METALBAR_LEVEL2	20
T6_2H_HAMMER_AVALON	2	T6_CLOTH_LEVEL2	12
T6_2H_HAMMER_AVALON	2	T6_ARTEFACT_2H_HAMMER_AVALON	1
T6_2H_HAMMER_AVALON	3	T6_METALBAR_LEVEL3	20
T6_2H_HAMMER_AVALON	3	T6_CLOTH_LEVEL3	12
T6_2H_HAMMER_AVALON	3	T6_ARTEFACT_2H_HAMMER_AVALON	1
T6_2H_HAMMER_AVALON	4	T6_METALBAR_LEVEL4	20
T6_2H_HAMMER_AVALON	4	T6_CLOTH_LEVEL4	12
T6_2H_HAMMER_AVALON	4	T6_ARTEFACT_2H_HAMMER_AVALON	1
T7_2H_HAMMER_AVALON	0	T7_METALBAR	20
T7_2H_HAMMER_AVALON	0	T7_CLOTH	12
T7_2H_HAMMER_AVALON	0	T7_ARTEFACT_2H_HAMMER_AVALON	1
T7_2H_HAMMER_AVALON	1	T7_METALBAR_LEVEL1	20
T7_2H_HAMMER_AVALON	1	T7_CLOTH_LEVEL1	12
T7_2H_HAMMER_AVALON	1	T7_ARTEFACT_2H_HAMMER_AVALON	1
T7_2H_HAMMER_AVALON	2	T7_METALBAR_LEVEL2	20
T7_2H_HAMMER_AVALON	2	T7_CLOTH_LEVEL2	12
T7_2H_HAMMER_AVALON	2	T7_ARTEFACT_2H_HAMMER_AVALON	1
T7_2H_HAMMER_AVALON	3	T7_METALBAR_LEVEL3	20
T7_2H_HAMMER_AVALON	3	T7_CLOTH_LEVEL3	12
T7_2H_HAMMER_AVALON	3	T7_ARTEFACT_2H_HAMMER_AVALON	1
T7_2H_HAMMER_AVALON	4	T7_METALBAR_LEVEL4	20
T7_2H_HAMMER_AVALON	4	T7_CLOTH_LEVEL4	12
T7_2H_HAMMER_AVALON	4	T7_ARTEFACT_2H_HAMMER_AVALON	1
T8_2H_HAMMER_AVALON	0	T8_METALBAR	20
T8_2H_HAMMER_AVALON	0	T8_CLOTH	12
T8_2H_HAMMER_AVALON	0	T8_ARTEFACT_2H_HAMMER_AVALON	1
T8_2H_HAMMER_AVALON	1	T8_METALBAR_LEVEL1	20
T8_2H_HAMMER_AVALON	1	T8_CLOTH_LEVEL1	12
T8_2H_HAMMER_AVALON	1	T8_ARTEFACT_2H_HAMMER_AVALON	1
T8_2H_HAMMER_AVALON	2	T8_METALBAR_LEVEL2	20
T8_2H_HAMMER_AVALON	2	T8_CLOTH_LEVEL2	12
T8_2H_HAMMER_AVALON	2	T8_ARTEFACT_2H_HAMMER_AVALON	1
T8_2H_HAMMER_AVALON	3	T8_METALBAR_LEVEL3	20
T8_2H_HAMMER_AVALON	3	T8_CLOTH_LEVEL3	12
T8_2H_HAMMER_AVALON	3	T8_ARTEFACT_2H_HAMMER_AVALON	1
T8_2H_HAMMER_AVALON	4	T8_METALBAR_LEVEL4	20
T8_2H_HAMMER_AVALON	4	T8_CLOTH_LEVEL4	12
T8_2H_HAMMER_AVALON	4	T8_ARTEFACT_2H_HAMMER_AVALON	1
T4_2H_HAMMER_CRYSTAL	0	T4_METALBAR	20
T4_2H_HAMMER_CRYSTAL	0	T4_CLOTH	12
T4_2H_HAMMER_CRYSTAL	0	T4_ARTEFACT_2H_HAMMER_CRYSTAL	1
T4_2H_HAMMER_CRYSTAL	1	T4_METALBAR_LEVEL1	20
T4_2H_HAMMER_CRYSTAL	1	T4_CLOTH_LEVEL1	12
T4_2H_HAMMER_CRYSTAL	1	T4_ARTEFACT_2H_HAMMER_CRYSTAL	1
T4_2H_HAMMER_CRYSTAL	2	T4_METALBAR_LEVEL2	20
T4_2H_HAMMER_CRYSTAL	2	T4_CLOTH_LEVEL2	12
T4_2H_HAMMER_CRYSTAL	2	T4_ARTEFACT_2H_HAMMER_CRYSTAL	1
T4_2H_HAMMER_CRYSTAL	3	T4_METALBAR_LEVEL3	20
T4_2H_HAMMER_CRYSTAL	3	T4_CLOTH_LEVEL3	12
T4_2H_HAMMER_CRYSTAL	3	T4_ARTEFACT_2H_HAMMER_CRYSTAL	1
T4_2H_HAMMER_CRYSTAL	4	T4_METALBAR_LEVEL4	20
T4_2H_HAMMER_CRYSTAL	4	T4_CLOTH_LEVEL4	12
T4_2H_HAMMER_CRYSTAL	4	T4_ARTEFACT_2H_HAMMER_CRYSTAL	1
T5_2H_HAMMER_CRYSTAL	0	T5_METALBAR	20
T5_2H_HAMMER_CRYSTAL	0	T5_CLOTH	12
T5_2H_HAMMER_CRYSTAL	0	T5_ARTEFACT_2H_HAMMER_CRYSTAL	1
T5_2H_HAMMER_CRYSTAL	1	T5_METALBAR_LEVEL1	20
T5_2H_HAMMER_CRYSTAL	1	T5_CLOTH_LEVEL1	12
T5_2H_HAMMER_CRYSTAL	1	T5_ARTEFACT_2H_HAMMER_CRYSTAL	1
T5_2H_HAMMER_CRYSTAL	2	T5_METALBAR_LEVEL2	20
T5_2H_HAMMER_CRYSTAL	2	T5_CLOTH_LEVEL2	12
T5_2H_HAMMER_CRYSTAL	2	T5_ARTEFACT_2H_HAMMER_CRYSTAL	1
T5_2H_HAMMER_CRYSTAL	3	T5_METALBAR_LEVEL3	20
T5_2H_HAMMER_CRYSTAL	3	T5_CLOTH_LEVEL3	12
T5_2H_HAMMER_CRYSTAL	3	T5_ARTEFACT_2H_HAMMER_CRYSTAL	1
T5_2H_HAMMER_CRYSTAL	4	T5_METALBAR_LEVEL4	20
T5_2H_HAMMER_CRYSTAL	4	T5_CLOTH_LEVEL4	12
T5_2H_HAMMER_CRYSTAL	4	T5_ARTEFACT_2H_HAMMER_CRYSTAL	1
T6_2H_HAMMER_CRYSTAL	0	T6_METALBAR	20
T6_2H_HAMMER_CRYSTAL	0	T6_CLOTH	12
T6_2H_HAMMER_CRYSTAL	0	T6_ARTEFACT_2H_HAMMER_CRYSTAL	1
T6_2H_HAMMER_CRYSTAL	1	T6_METALBAR_LEVEL1	20
T6_2H_HAMMER_CRYSTAL	1	T6_CLOTH_LEVEL1	12
T6_2H_HAMMER_CRYSTAL	1	T6_ARTEFACT_2H_HAMMER_CRYSTAL	1
T6_2H_HAMMER_CRYSTAL	2	T6_METALBAR_LEVEL2	20
T6_2H_HAMMER_CRYSTAL	2	T6_CLOTH_LEVEL2	12
T6_2H_HAMMER_CRYSTAL	2	T6_ARTEFACT_2H_HAMMER_CRYSTAL	1
T6_2H_HAMMER_CRYSTAL	3	T6_METALBAR_LEVEL3	20
T6_2H_HAMMER_CRYSTAL	3	T6_CLOTH_LEVEL3	12
T6_2H_HAMMER_CRYSTAL	3	T6_ARTEFACT_2H_HAMMER_CRYSTAL	1
T6_2H_HAMMER_CRYSTAL	4	T6_METALBAR_LEVEL4	20
T6_2H_HAMMER_CRYSTAL	4	T6_CLOTH_LEVEL4	12
T6_2H_HAMMER_CRYSTAL	4	T6_ARTEFACT_2H_HAMMER_CRYSTAL	1
T7_2H_HAMMER_CRYSTAL	0	T7_METALBAR	20
T7_2H_HAMMER_CRYSTAL	0	T7_CLOTH	12
T7_2H_HAMMER_CRYSTAL	0	T7_ARTEFACT_2H_HAMMER_CRYSTAL	1
T7_2H_HAMMER_CRYSTAL	1	T7_METALBAR_LEVEL1	20
T7_2H_HAMMER_CRYSTAL	1	T7_CLOTH_LEVEL1	12
T7_2H_HAMMER_CRYSTAL	1	T7_ARTEFACT_2H_HAMMER_CRYSTAL	1
T7_2H_HAMMER_CRYSTAL	2	T7_METALBAR_LEVEL2	20
T7_2H_HAMMER_CRYSTAL	2	T7_CLOTH_LEVEL2	12
T7_2H_HAMMER_CRYSTAL	2	T7_ARTEFACT_2H_HAMMER_CRYSTAL	1
T7_2H_HAMMER_CRYSTAL	3	T7_METALBAR_LEVEL3	20
T7_2H_HAMMER_CRYSTAL	3	T7_CLOTH_LEVEL3	12
T7_2H_HAMMER_CRYSTAL	3	T7_ARTEFACT_2H_HAMMER_CRYSTAL	1
T7_2H_HAMMER_CRYSTAL	4	T7_METALBAR_LEVEL4	20
T7_2H_HAMMER_CRYSTAL	4	T7_CLOTH_LEVEL4	12
T7_2H_HAMMER_CRYSTAL	4	T7_ARTEFACT_2H_HAMMER_CRYSTAL	1
T8_2H_HAMMER_CRYSTAL	0	T8_METALBAR	20
T8_2H_HAMMER_CRYSTAL	0	T8_CLOTH	12
T8_2H_HAMMER_CRYSTAL	0	T8_ARTEFACT_2H_HAMMER_CRYSTAL	1
T8_2H_HAMMER_CRYSTAL	1	T8_METALBAR_LEVEL1	20
T8_2H_HAMMER_CRYSTAL	1	T8_CLOTH_LEVEL1	12
T8_2H_HAMMER_CRYSTAL	1	T8_ARTEFACT_2H_HAMMER_CRYSTAL	1
T8_2H_HAMMER_CRYSTAL	2	T8_METALBAR_LEVEL2	20
T8_2H_HAMMER_CRYSTAL	2	T8_CLOTH_LEVEL2	12
T8_2H_HAMMER_CRYSTAL	2	T8_ARTEFACT_2H_HAMMER_CRYSTAL	1
T8_2H_HAMMER_CRYSTAL	3	T8_METALBAR_LEVEL3	20
T8_2H_HAMMER_CRYSTAL	3	T8_CLOTH_LEVEL3	12
T8_2H_HAMMER_CRYSTAL	3	T8_ARTEFACT_2H_HAMMER_CRYSTAL	1
T8_2H_HAMMER_CRYSTAL	4	T8_METALBAR_LEVEL4	20
T8_2H_HAMMER_CRYSTAL	4	T8_CLOTH_LEVEL4	12
T8_2H_HAMMER_CRYSTAL	4	T8_ARTEFACT_2H_HAMMER_CRYSTAL	1
T3_MAIN_MACE	0	T3_METALBAR	16
T3_MAIN_MACE	0	T3_CLOTH	8
T4_MAIN_MACE	0	T4_METALBAR	16
T4_MAIN_MACE	0	T4_CLOTH	8
T4_MAIN_MACE	1	T4_METALBAR_LEVEL1	16
T4_MAIN_MACE	1	T4_CLOTH_LEVEL1	8
T4_MAIN_MACE	2	T4_METALBAR_LEVEL2	16
T4_MAIN_MACE	2	T4_CLOTH_LEVEL2	8
T4_MAIN_MACE	3	T4_METALBAR_LEVEL3	16
T4_MAIN_MACE	3	T4_CLOTH_LEVEL3	8
T4_MAIN_MACE	4	T4_METALBAR_LEVEL4	16
T4_MAIN_MACE	4	T4_CLOTH_LEVEL4	8
T5_MAIN_MACE	0	T5_METALBAR	16
T5_MAIN_MACE	0	T5_CLOTH	8
T5_MAIN_MACE	1	T5_METALBAR_LEVEL1	16
T5_MAIN_MACE	1	T5_CLOTH_LEVEL1	8
T5_MAIN_MACE	2	T5_METALBAR_LEVEL2	16
T5_MAIN_MACE	2	T5_CLOTH_LEVEL2	8
T5_MAIN_MACE	3	T5_METALBAR_LEVEL3	16
T5_MAIN_MACE	3	T5_CLOTH_LEVEL3	8
T5_MAIN_MACE	4	T5_METALBAR_LEVEL4	16
T5_MAIN_MACE	4	T5_CLOTH_LEVEL4	8
T6_MAIN_MACE	0	T6_METALBAR	16
T6_MAIN_MACE	0	T6_CLOTH	8
T6_MAIN_MACE	1	T6_METALBAR_LEVEL1	16
T6_MAIN_MACE	1	T6_CLOTH_LEVEL1	8
T6_MAIN_MACE	2	T6_METALBAR_LEVEL2	16
T6_MAIN_MACE	2	T6_CLOTH_LEVEL2	8
T6_MAIN_MACE	3	T6_METALBAR_LEVEL3	16
T6_MAIN_MACE	3	T6_CLOTH_LEVEL3	8
T6_MAIN_MACE	4	T6_METALBAR_LEVEL4	16
T6_MAIN_MACE	4	T6_CLOTH_LEVEL4	8
T7_MAIN_MACE	0	T7_METALBAR	16
T7_MAIN_MACE	0	T7_CLOTH	8
T7_MAIN_MACE	1	T7_METALBAR_LEVEL1	16
T7_MAIN_MACE	1	T7_CLOTH_LEVEL1	8
T7_MAIN_MACE	2	T7_METALBAR_LEVEL2	16
T7_MAIN_MACE	2	T7_CLOTH_LEVEL2	8
T7_MAIN_MACE	3	T7_METALBAR_LEVEL3	16
T7_MAIN_MACE	3	T7_CLOTH_LEVEL3	8
T7_MAIN_MACE	4	T7_METALBAR_LEVEL4	16
T7_MAIN_MACE	4	T7_CLOTH_LEVEL4	8
T8_MAIN_MACE	0	T8_METALBAR	16
T8_MAIN_MACE	0	T8_CLOTH	8
T8_MAIN_MACE	1	T8_METALBAR_LEVEL1	16
T8_MAIN_MACE	1	T8_CLOTH_LEVEL1	8
T8_MAIN_MACE	2	T8_METALBAR_LEVEL2	16
T8_MAIN_MACE	2	T8_CLOTH_LEVEL2	8
T8_MAIN_MACE	3	T8_METALBAR_LEVEL3	16
T8_MAIN_MACE	3	T8_CLOTH_LEVEL3	8
T8_MAIN_MACE	4	T8_METALBAR_LEVEL4	16
T8_MAIN_MACE	4	T8_CLOTH_LEVEL4	8
T4_2H_MACE	0	T4_METALBAR	20
T4_2H_MACE	0	T4_CLOTH	12
T4_2H_MACE	1	T4_METALBAR_LEVEL1	20
T4_2H_MACE	1	T4_CLOTH_LEVEL1	12
T4_2H_MACE	2	T4_METALBAR_LEVEL2	20
T4_2H_MACE	2	T4_CLOTH_LEVEL2	12
T4_2H_MACE	3	T4_METALBAR_LEVEL3	20
T4_2H_MACE	3	T4_CLOTH_LEVEL3	12
T4_2H_MACE	4	T4_METALBAR_LEVEL4	20
T4_2H_MACE	4	T4_CLOTH_LEVEL4	12
T5_2H_MACE	0	T5_METALBAR	20
T5_2H_MACE	0	T5_CLOTH	12
T5_2H_MACE	1	T5_METALBAR_LEVEL1	20
T5_2H_MACE	1	T5_CLOTH_LEVEL1	12
T5_2H_MACE	2	T5_METALBAR_LEVEL2	20
T5_2H_MACE	2	T5_CLOTH_LEVEL2	12
T5_2H_MACE	3	T5_METALBAR_LEVEL3	20
T5_2H_MACE	3	T5_CLOTH_LEVEL3	12
T5_2H_MACE	4	T5_METALBAR_LEVEL4	20
T5_2H_MACE	4	T5_CLOTH_LEVEL4	12
T6_2H_MACE	0	T6_METALBAR	20
T6_2H_MACE	0	T6_CLOTH	12
T6_2H_MACE	1	T6_METALBAR_LEVEL1	20
T6_2H_MACE	1	T6_CLOTH_LEVEL1	12
T6_2H_MACE	2	T6_METALBAR_LEVEL2	20
T6_2H_MACE	2	T6_CLOTH_LEVEL2	12
T6_2H_MACE	3	T6_METALBAR_LEVEL3	20
T6_2H_MACE	3	T6_CLOTH_LEVEL3	12
T6_2H_MACE	4	T6_METALBAR_LEVEL4	20
T6_2H_MACE	4	T6_CLOTH_LEVEL4	12
T7_2H_MACE	0	T7_METALBAR	20
T7_2H_MACE	0	T7_CLOTH	12
T7_2H_MACE	1	T7_METALBAR_LEVEL1	20
T7_2H_MACE	1	T7_CLOTH_LEVEL1	12
T7_2H_MACE	2	T7_METALBAR_LEVEL2	20
T7_2H_MACE	2	T7_CLOTH_LEVEL2	12
T7_2H_MACE	3	T7_METALBAR_LEVEL3	20
T7_2H_MACE	3	T7_CLOTH_LEVEL3	12
T7_2H_MACE	4	T7_METALBAR_LEVEL4	20
T7_2H_MACE	4	T7_CLOTH_LEVEL4	12
T8_2H_MACE	0	T8_METALBAR	20
T8_2H_MACE	0	T8_CLOTH	12
T8_2H_MACE	1	T8_METALBAR_LEVEL1	20
T8_2H_MACE	1	T8_CLOTH_LEVEL1	12
T8_2H_MACE	2	T8_METALBAR_LEVEL2	20
T8_2H_MACE	2	T8_CLOTH_LEVEL2	12
T8_2H_MACE	3	T8_METALBAR_LEVEL3	20
T8_2H_MACE	3	T8_CLOTH_LEVEL3	12
T8_2H_MACE	4	T8_METALBAR_LEVEL4	20
T8_2H_MACE	4	T8_CLOTH_LEVEL4	12
T4_2H_FLAIL	0	T4_METALBAR	20
T4_2H_FLAIL	0	T4_CLOTH	12
T4_2H_FLAIL	1	T4_METALBAR_LEVEL1	20
T4_2H_FLAIL	1	T4_CLOTH_LEVEL1	12
T4_2H_FLAIL	2	T4_METALBAR_LEVEL2	20
T4_2H_FLAIL	2	T4_CLOTH_LEVEL2	12
T4_2H_FLAIL	3	T4_METALBAR_LEVEL3	20
T4_2H_FLAIL	3	T4_CLOTH_LEVEL3	12
T4_2H_FLAIL	4	T4_METALBAR_LEVEL4	20
T4_2H_FLAIL	4	T4_CLOTH_LEVEL4	12
T5_2H_FLAIL	0	T5_METALBAR	20
T5_2H_FLAIL	0	T5_CLOTH	12
T5_2H_FLAIL	1	T5_METALBAR_LEVEL1	20
T5_2H_FLAIL	1	T5_CLOTH_LEVEL1	12
T5_2H_FLAIL	2	T5_METALBAR_LEVEL2	20
T5_2H_FLAIL	2	T5_CLOTH_LEVEL2	12
T5_2H_FLAIL	3	T5_METALBAR_LEVEL3	20
T5_2H_FLAIL	3	T5_CLOTH_LEVEL3	12
T5_2H_FLAIL	4	T5_METALBAR_LEVEL4	20
T5_2H_FLAIL	4	T5_CLOTH_LEVEL4	12
T6_2H_FLAIL	0	T6_METALBAR	20
T6_2H_FLAIL	0	T6_CLOTH	12
T6_2H_FLAIL	1	T6_METALBAR_LEVEL1	20
T6_2H_FLAIL	1	T6_CLOTH_LEVEL1	12
T6_2H_FLAIL	2	T6_METALBAR_LEVEL2	20
T6_2H_FLAIL	2	T6_CLOTH_LEVEL2	12
T6_2H_FLAIL	3	T6_METALBAR_LEVEL3	20
T6_2H_FLAIL	3	T6_CLOTH_LEVEL3	12
T6_2H_FLAIL	4	T6_METALBAR_LEVEL4	20
T6_2H_FLAIL	4	T6_CLOTH_LEVEL4	12
T7_2H_FLAIL	0	T7_METALBAR	20
T7_2H_FLAIL	0	T7_CLOTH	12
T7_2H_FLAIL	1	T7_METALBAR_LEVEL1	20
T7_2H_FLAIL	1	T7_CLOTH_LEVEL1	12
T7_2H_FLAIL	2	T7_METALBAR_LEVEL2	20
T7_2H_FLAIL	2	T7_CLOTH_LEVEL2	12
T7_2H_FLAIL	3	T7_METALBAR_LEVEL3	20
T7_2H_FLAIL	3	T7_CLOTH_LEVEL3	12
T7_2H_FLAIL	4	T7_METALBAR_LEVEL4	20
T7_2H_FLAIL	4	T7_CLOTH_LEVEL4	12
T8_2H_FLAIL	0	T8_METALBAR	20
T8_2H_FLAIL	0	T8_CLOTH	12
T8_2H_FLAIL	1	T8_METALBAR_LEVEL1	20
T8_2H_FLAIL	1	T8_CLOTH_LEVEL1	12
T8_2H_FLAIL	2	T8_METALBAR_LEVEL2	20
T8_2H_FLAIL	2	T8_CLOTH_LEVEL2	12
T8_2H_FLAIL	3	T8_METALBAR_LEVEL3	20
T8_2H_FLAIL	3	T8_CLOTH_LEVEL3	12
T8_2H_FLAIL	4	T8_METALBAR_LEVEL4	20
T8_2H_FLAIL	4	T8_CLOTH_LEVEL4	12
T4_MAIN_ROCKMACE_KEEPER	0	T4_METALBAR	16
T4_MAIN_ROCKMACE_KEEPER	0	T4_CLOTH	8
T4_MAIN_ROCKMACE_KEEPER	0	T4_ARTEFACT_MAIN_ROCKMACE_KEEPER	1
T4_MAIN_ROCKMACE_KEEPER	1	T4_METALBAR_LEVEL1	16
T4_MAIN_ROCKMACE_KEEPER	1	T4_CLOTH_LEVEL1	8
T4_MAIN_ROCKMACE_KEEPER	1	T4_ARTEFACT_MAIN_ROCKMACE_KEEPER	1
T4_MAIN_ROCKMACE_KEEPER	2	T4_METALBAR_LEVEL2	16
T4_MAIN_ROCKMACE_KEEPER	2	T4_CLOTH_LEVEL2	8
T4_MAIN_ROCKMACE_KEEPER	2	T4_ARTEFACT_MAIN_ROCKMACE_KEEPER	1
T4_MAIN_ROCKMACE_KEEPER	3	T4_METALBAR_LEVEL3	16
T4_MAIN_ROCKMACE_KEEPER	3	T4_CLOTH_LEVEL3	8
T4_MAIN_ROCKMACE_KEEPER	3	T4_ARTEFACT_MAIN_ROCKMACE_KEEPER	1
T4_MAIN_ROCKMACE_KEEPER	4	T4_METALBAR_LEVEL4	16
T4_MAIN_ROCKMACE_KEEPER	4	T4_CLOTH_LEVEL4	8
T4_MAIN_ROCKMACE_KEEPER	4	T4_ARTEFACT_MAIN_ROCKMACE_KEEPER	1
T5_MAIN_ROCKMACE_KEEPER	0	T5_METALBAR	16
T5_MAIN_ROCKMACE_KEEPER	0	T5_CLOTH	8
T5_MAIN_ROCKMACE_KEEPER	0	T5_ARTEFACT_MAIN_ROCKMACE_KEEPER	1
T5_MAIN_ROCKMACE_KEEPER	1	T5_METALBAR_LEVEL1	16
T5_MAIN_ROCKMACE_KEEPER	1	T5_CLOTH_LEVEL1	8
T5_MAIN_ROCKMACE_KEEPER	1	T5_ARTEFACT_MAIN_ROCKMACE_KEEPER	1
T5_MAIN_ROCKMACE_KEEPER	2	T5_METALBAR_LEVEL2	16
T5_MAIN_ROCKMACE_KEEPER	2	T5_CLOTH_LEVEL2	8
T5_MAIN_ROCKMACE_KEEPER	2	T5_ARTEFACT_MAIN_ROCKMACE_KEEPER	1
T5_MAIN_ROCKMACE_KEEPER	3	T5_METALBAR_LEVEL3	16
T5_MAIN_ROCKMACE_KEEPER	3	T5_CLOTH_LEVEL3	8
T5_MAIN_ROCKMACE_KEEPER	3	T5_ARTEFACT_MAIN_ROCKMACE_KEEPER	1
T5_MAIN_ROCKMACE_KEEPER	4	T5_METALBAR_LEVEL4	16
T5_MAIN_ROCKMACE_KEEPER	4	T5_CLOTH_LEVEL4	8
T5_MAIN_ROCKMACE_KEEPER	4	T5_ARTEFACT_MAIN_ROCKMACE_KEEPER	1
T6_MAIN_ROCKMACE_KEEPER	0	T6_METALBAR	16
T6_MAIN_ROCKMACE_KEEPER	0	T6_CLOTH	8
T6_MAIN_ROCKMACE_KEEPER	0	T6_ARTEFACT_MAIN_ROCKMACE_KEEPER	1
T6_MAIN_ROCKMACE_KEEPER	1	T6_METALBAR_LEVEL1	16
T6_MAIN_ROCKMACE_KEEPER	1	T6_CLOTH_LEVEL1	8
T6_MAIN_ROCKMACE_KEEPER	1	T6_ARTEFACT_MAIN_ROCKMACE_KEEPER	1
T6_MAIN_ROCKMACE_KEEPER	2	T6_METALBAR_LEVEL2	16
T6_MAIN_ROCKMACE_KEEPER	2	T6_CLOTH_LEVEL2	8
T6_MAIN_ROCKMACE_KEEPER	2	T6_ARTEFACT_MAIN_ROCKMACE_KEEPER	1
T6_MAIN_ROCKMACE_KEEPER	3	T6_METALBAR_LEVEL3	16
T6_MAIN_ROCKMACE_KEEPER	3	T6_CLOTH_LEVEL3	8
T6_MAIN_ROCKMACE_KEEPER	3	T6_ARTEFACT_MAIN_ROCKMACE_KEEPER	1
T6_MAIN_ROCKMACE_KEEPER	4	T6_METALBAR_LEVEL4	16
T6_MAIN_ROCKMACE_KEEPER	4	T6_CLOTH_LEVEL4	8
T6_MAIN_ROCKMACE_KEEPER	4	T6_ARTEFACT_MAIN_ROCKMACE_KEEPER	1
T7_MAIN_ROCKMACE_KEEPER	0	T7_METALBAR	16
T7_MAIN_ROCKMACE_KEEPER	0	T7_CLOTH	8
T7_MAIN_ROCKMACE_KEEPER	0	T7_ARTEFACT_MAIN_ROCKMACE_KEEPER	1
T7_MAIN_ROCKMACE_KEEPER	1	T7_METALBAR_LEVEL1	16
T7_MAIN_ROCKMACE_KEEPER	1	T7_CLOTH_LEVEL1	8
T7_MAIN_ROCKMACE_KEEPER	1	T7_ARTEFACT_MAIN_ROCKMACE_KEEPER	1
T7_MAIN_ROCKMACE_KEEPER	2	T7_METALBAR_LEVEL2	16
T7_MAIN_ROCKMACE_KEEPER	2	T7_CLOTH_LEVEL2	8
T7_MAIN_ROCKMACE_KEEPER	2	T7_ARTEFACT_MAIN_ROCKMACE_KEEPER	1
T7_MAIN_ROCKMACE_KEEPER	3	T7_METALBAR_LEVEL3	16
T7_MAIN_ROCKMACE_KEEPER	3	T7_CLOTH_LEVEL3	8
T7_MAIN_ROCKMACE_KEEPER	3	T7_ARTEFACT_MAIN_ROCKMACE_KEEPER	1
T7_MAIN_ROCKMACE_KEEPER	4	T7_METALBAR_LEVEL4	16
T7_MAIN_ROCKMACE_KEEPER	4	T7_CLOTH_LEVEL4	8
T7_MAIN_ROCKMACE_KEEPER	4	T7_ARTEFACT_MAIN_ROCKMACE_KEEPER	1
T8_MAIN_ROCKMACE_KEEPER	0	T8_METALBAR	16
T8_MAIN_ROCKMACE_KEEPER	0	T8_CLOTH	8
T8_MAIN_ROCKMACE_KEEPER	0	T8_ARTEFACT_MAIN_ROCKMACE_KEEPER	1
T8_MAIN_ROCKMACE_KEEPER	1	T8_METALBAR_LEVEL1	16
T8_MAIN_ROCKMACE_KEEPER	1	T8_CLOTH_LEVEL1	8
T8_MAIN_ROCKMACE_KEEPER	1	T8_ARTEFACT_MAIN_ROCKMACE_KEEPER	1
T8_MAIN_ROCKMACE_KEEPER	2	T8_METALBAR_LEVEL2	16
T8_MAIN_ROCKMACE_KEEPER	2	T8_CLOTH_LEVEL2	8
T8_MAIN_ROCKMACE_KEEPER	2	T8_ARTEFACT_MAIN_ROCKMACE_KEEPER	1
T8_MAIN_ROCKMACE_KEEPER	3	T8_METALBAR_LEVEL3	16
T8_MAIN_ROCKMACE_KEEPER	3	T8_CLOTH_LEVEL3	8
T8_MAIN_ROCKMACE_KEEPER	3	T8_ARTEFACT_MAIN_ROCKMACE_KEEPER	1
T8_MAIN_ROCKMACE_KEEPER	4	T8_METALBAR_LEVEL4	16
T8_MAIN_ROCKMACE_KEEPER	4	T8_CLOTH_LEVEL4	8
T8_MAIN_ROCKMACE_KEEPER	4	T8_ARTEFACT_MAIN_ROCKMACE_KEEPER	1
T4_MAIN_MACE_HELL	0	T4_METALBAR	16
T4_MAIN_MACE_HELL	0	T4_CLOTH	8
T4_MAIN_MACE_HELL	0	T4_ARTEFACT_MAIN_MACE_HELL	1
T4_MAIN_MACE_HELL	1	T4_METALBAR_LEVEL1	16
T4_MAIN_MACE_HELL	1	T4_CLOTH_LEVEL1	8
T4_MAIN_MACE_HELL	1	T4_ARTEFACT_MAIN_MACE_HELL	1
T4_MAIN_MACE_HELL	2	T4_METALBAR_LEVEL2	16
T4_MAIN_MACE_HELL	2	T4_CLOTH_LEVEL2	8
T4_MAIN_MACE_HELL	2	T4_ARTEFACT_MAIN_MACE_HELL	1
T4_MAIN_MACE_HELL	3	T4_METALBAR_LEVEL3	16
T4_MAIN_MACE_HELL	3	T4_CLOTH_LEVEL3	8
T4_MAIN_MACE_HELL	3	T4_ARTEFACT_MAIN_MACE_HELL	1
T4_MAIN_MACE_HELL	4	T4_METALBAR_LEVEL4	16
T4_MAIN_MACE_HELL	4	T4_CLOTH_LEVEL4	8
T4_MAIN_MACE_HELL	4	T4_ARTEFACT_MAIN_MACE_HELL	1
T5_MAIN_MACE_HELL	0	T5_METALBAR	16
T5_MAIN_MACE_HELL	0	T5_CLOTH	8
T5_MAIN_MACE_HELL	0	T5_ARTEFACT_MAIN_MACE_HELL	1
T5_MAIN_MACE_HELL	1	T5_METALBAR_LEVEL1	16
T5_MAIN_MACE_HELL	1	T5_CLOTH_LEVEL1	8
T5_MAIN_MACE_HELL	1	T5_ARTEFACT_MAIN_MACE_HELL	1
T5_MAIN_MACE_HELL	2	T5_METALBAR_LEVEL2	16
T5_MAIN_MACE_HELL	2	T5_CLOTH_LEVEL2	8
T5_MAIN_MACE_HELL	2	T5_ARTEFACT_MAIN_MACE_HELL	1
T5_MAIN_MACE_HELL	3	T5_METALBAR_LEVEL3	16
T5_MAIN_MACE_HELL	3	T5_CLOTH_LEVEL3	8
T5_MAIN_MACE_HELL	3	T5_ARTEFACT_MAIN_MACE_HELL	1
T5_MAIN_MACE_HELL	4	T5_METALBAR_LEVEL4	16
T5_MAIN_MACE_HELL	4	T5_CLOTH_LEVEL4	8
T5_MAIN_MACE_HELL	4	T5_ARTEFACT_MAIN_MACE_HELL	1
T6_MAIN_MACE_HELL	0	T6_METALBAR	16
T6_MAIN_MACE_HELL	0	T6_CLOTH	8
T6_MAIN_MACE_HELL	0	T6_ARTEFACT_MAIN_MACE_HELL	1
T6_MAIN_MACE_HELL	1	T6_METALBAR_LEVEL1	16
T6_MAIN_MACE_HELL	1	T6_CLOTH_LEVEL1	8
T6_MAIN_MACE_HELL	1	T6_ARTEFACT_MAIN_MACE_HELL	1
T6_MAIN_MACE_HELL	2	T6_METALBAR_LEVEL2	16
T6_MAIN_MACE_HELL	2	T6_CLOTH_LEVEL2	8
T6_MAIN_MACE_HELL	2	T6_ARTEFACT_MAIN_MACE_HELL	1
T6_MAIN_MACE_HELL	3	T6_METALBAR_LEVEL3	16
T6_MAIN_MACE_HELL	3	T6_CLOTH_LEVEL3	8
T6_MAIN_MACE_HELL	3	T6_ARTEFACT_MAIN_MACE_HELL	1
T6_MAIN_MACE_HELL	4	T6_METALBAR_LEVEL4	16
T6_MAIN_MACE_HELL	4	T6_CLOTH_LEVEL4	8
T6_MAIN_MACE_HELL	4	T6_ARTEFACT_MAIN_MACE_HELL	1
T7_MAIN_MACE_HELL	0	T7_METALBAR	16
T7_MAIN_MACE_HELL	0	T7_CLOTH	8
T7_MAIN_MACE_HELL	0	T7_ARTEFACT_MAIN_MACE_HELL	1
T7_MAIN_MACE_HELL	1	T7_METALBAR_LEVEL1	16
T7_MAIN_MACE_HELL	1	T7_CLOTH_LEVEL1	8
T7_MAIN_MACE_HELL	1	T7_ARTEFACT_MAIN_MACE_HELL	1
T7_MAIN_MACE_HELL	2	T7_METALBAR_LEVEL2	16
T7_MAIN_MACE_HELL	2	T7_CLOTH_LEVEL2	8
T7_MAIN_MACE_HELL	2	T7_ARTEFACT_MAIN_MACE_HELL	1
T7_MAIN_MACE_HELL	3	T7_METALBAR_LEVEL3	16
T7_MAIN_MACE_HELL	3	T7_CLOTH_LEVEL3	8
T7_MAIN_MACE_HELL	3	T7_ARTEFACT_MAIN_MACE_HELL	1
T7_MAIN_MACE_HELL	4	T7_METALBAR_LEVEL4	16
T7_MAIN_MACE_HELL	4	T7_CLOTH_LEVEL4	8
T7_MAIN_MACE_HELL	4	T7_ARTEFACT_MAIN_MACE_HELL	1
T8_MAIN_MACE_HELL	0	T8_METALBAR	16
T8_MAIN_MACE_HELL	0	T8_CLOTH	8
T8_MAIN_MACE_HELL	0	T8_ARTEFACT_MAIN_MACE_HELL	1
T8_MAIN_MACE_HELL	1	T8_METALBAR_LEVEL1	16
T8_MAIN_MACE_HELL	1	T8_CLOTH_LEVEL1	8
T8_MAIN_MACE_HELL	1	T8_ARTEFACT_MAIN_MACE_HELL	1
T8_MAIN_MACE_HELL	2	T8_METALBAR_LEVEL2	16
T8_MAIN_MACE_HELL	2	T8_CLOTH_LEVEL2	8
T8_MAIN_MACE_HELL	2	T8_ARTEFACT_MAIN_MACE_HELL	1
T8_MAIN_MACE_HELL	3	T8_METALBAR_LEVEL3	16
T8_MAIN_MACE_HELL	3	T8_CLOTH_LEVEL3	8
T8_MAIN_MACE_HELL	3	T8_ARTEFACT_MAIN_MACE_HELL	1
T8_MAIN_MACE_HELL	4	T8_METALBAR_LEVEL4	16
T8_MAIN_MACE_HELL	4	T8_CLOTH_LEVEL4	8
T8_MAIN_MACE_HELL	4	T8_ARTEFACT_MAIN_MACE_HELL	1
T4_2H_MACE_MORGANA	0	T4_METALBAR	20
T4_2H_MACE_MORGANA	0	T4_CLOTH	12
T4_2H_MACE_MORGANA	0	T4_ARTEFACT_2H_MACE_MORGANA	1
T4_2H_MACE_MORGANA	1	T4_METALBAR_LEVEL1	20
T4_2H_MACE_MORGANA	1	T4_CLOTH_LEVEL1	12
T4_2H_MACE_MORGANA	1	T4_ARTEFACT_2H_MACE_MORGANA	1
T4_2H_MACE_MORGANA	2	T4_METALBAR_LEVEL2	20
T4_2H_MACE_MORGANA	2	T4_CLOTH_LEVEL2	12
T4_2H_MACE_MORGANA	2	T4_ARTEFACT_2H_MACE_MORGANA	1
T4_2H_MACE_MORGANA	3	T4_METALBAR_LEVEL3	20
T4_2H_MACE_MORGANA	3	T4_CLOTH_LEVEL3	12
T4_2H_MACE_MORGANA	3	T4_ARTEFACT_2H_MACE_MORGANA	1
T4_2H_MACE_MORGANA	4	T4_METALBAR_LEVEL4	20
T4_2H_MACE_MORGANA	4	T4_CLOTH_LEVEL4	12
T4_2H_MACE_MORGANA	4	T4_ARTEFACT_2H_MACE_MORGANA	1
T5_2H_MACE_MORGANA	0	T5_METALBAR	20
T5_2H_MACE_MORGANA	0	T5_CLOTH	12
T5_2H_MACE_MORGANA	0	T5_ARTEFACT_2H_MACE_MORGANA	1
T5_2H_MACE_MORGANA	1	T5_METALBAR_LEVEL1	20
T5_2H_MACE_MORGANA	1	T5_CLOTH_LEVEL1	12
T5_2H_MACE_MORGANA	1	T5_ARTEFACT_2H_MACE_MORGANA	1
T5_2H_MACE_MORGANA	2	T5_METALBAR_LEVEL2	20
T5_2H_MACE_MORGANA	2	T5_CLOTH_LEVEL2	12
T5_2H_MACE_MORGANA	2	T5_ARTEFACT_2H_MACE_MORGANA	1
T5_2H_MACE_MORGANA	3	T5_METALBAR_LEVEL3	20
T5_2H_MACE_MORGANA	3	T5_CLOTH_LEVEL3	12
T5_2H_MACE_MORGANA	3	T5_ARTEFACT_2H_MACE_MORGANA	1
T5_2H_MACE_MORGANA	4	T5_METALBAR_LEVEL4	20
T5_2H_MACE_MORGANA	4	T5_CLOTH_LEVEL4	12
T5_2H_MACE_MORGANA	4	T5_ARTEFACT_2H_MACE_MORGANA	1
T6_2H_MACE_MORGANA	0	T6_METALBAR	20
T6_2H_MACE_MORGANA	0	T6_CLOTH	12
T6_2H_MACE_MORGANA	0	T6_ARTEFACT_2H_MACE_MORGANA	1
T6_2H_MACE_MORGANA	1	T6_METALBAR_LEVEL1	20
T6_2H_MACE_MORGANA	1	T6_CLOTH_LEVEL1	12
T6_2H_MACE_MORGANA	1	T6_ARTEFACT_2H_MACE_MORGANA	1
T6_2H_MACE_MORGANA	2	T6_METALBAR_LEVEL2	20
T6_2H_MACE_MORGANA	2	T6_CLOTH_LEVEL2	12
T6_2H_MACE_MORGANA	2	T6_ARTEFACT_2H_MACE_MORGANA	1
T6_2H_MACE_MORGANA	3	T6_METALBAR_LEVEL3	20
T6_2H_MACE_MORGANA	3	T6_CLOTH_LEVEL3	12
T6_2H_MACE_MORGANA	3	T6_ARTEFACT_2H_MACE_MORGANA	1
T6_2H_MACE_MORGANA	4	T6_METALBAR_LEVEL4	20
T6_2H_MACE_MORGANA	4	T6_CLOTH_LEVEL4	12
T6_2H_MACE_MORGANA	4	T6_ARTEFACT_2H_MACE_MORGANA	1
T7_2H_MACE_MORGANA	0	T7_METALBAR	20
T7_2H_MACE_MORGANA	0	T7_CLOTH	12
T7_2H_MACE_MORGANA	0	T7_ARTEFACT_2H_MACE_MORGANA	1
T7_2H_MACE_MORGANA	1	T7_METALBAR_LEVEL1	20
T7_2H_MACE_MORGANA	1	T7_CLOTH_LEVEL1	12
T7_2H_MACE_MORGANA	1	T7_ARTEFACT_2H_MACE_MORGANA	1
T7_2H_MACE_MORGANA	2	T7_METALBAR_LEVEL2	20
T7_2H_MACE_MORGANA	2	T7_CLOTH_LEVEL2	12
T7_2H_MACE_MORGANA	2	T7_ARTEFACT_2H_MACE_MORGANA	1
T7_2H_MACE_MORGANA	3	T7_METALBAR_LEVEL3	20
T7_2H_MACE_MORGANA	3	T7_CLOTH_LEVEL3	12
T7_2H_MACE_MORGANA	3	T7_ARTEFACT_2H_MACE_MORGANA	1
T7_2H_MACE_MORGANA	4	T7_METALBAR_LEVEL4	20
T7_2H_MACE_MORGANA	4	T7_CLOTH_LEVEL4	12
T7_2H_MACE_MORGANA	4	T7_ARTEFACT_2H_MACE_MORGANA	1
T8_2H_MACE_MORGANA	0	T8_METALBAR	20
T8_2H_MACE_MORGANA	0	T8_CLOTH	12
T8_2H_MACE_MORGANA	0	T8_ARTEFACT_2H_MACE_MORGANA	1
T8_2H_MACE_MORGANA	1	T8_METALBAR_LEVEL1	20
T8_2H_MACE_MORGANA	1	T8_CLOTH_LEVEL1	12
T8_2H_MACE_MORGANA	1	T8_ARTEFACT_2H_MACE_MORGANA	1
T8_2H_MACE_MORGANA	2	T8_METALBAR_LEVEL2	20
T8_2H_MACE_MORGANA	2	T8_CLOTH_LEVEL2	12
T8_2H_MACE_MORGANA	2	T8_ARTEFACT_2H_MACE_MORGANA	1
T8_2H_MACE_MORGANA	3	T8_METALBAR_LEVEL3	20
T8_2H_MACE_MORGANA	3	T8_CLOTH_LEVEL3	12
T8_2H_MACE_MORGANA	3	T8_ARTEFACT_2H_MACE_MORGANA	1
T8_2H_MACE_MORGANA	4	T8_METALBAR_LEVEL4	20
T8_2H_MACE_MORGANA	4	T8_CLOTH_LEVEL4	12
T8_2H_MACE_MORGANA	4	T8_ARTEFACT_2H_MACE_MORGANA	1
T4_2H_DUALMACE_AVALON	0	T4_METALBAR	20
T4_2H_DUALMACE_AVALON	0	T4_CLOTH	12
T4_2H_DUALMACE_AVALON	0	T4_ARTEFACT_2H_DUALMACE_AVALON	1
T4_2H_DUALMACE_AVALON	1	T4_METALBAR_LEVEL1	20
T4_2H_DUALMACE_AVALON	1	T4_CLOTH_LEVEL1	12
T4_2H_DUALMACE_AVALON	1	T4_ARTEFACT_2H_DUALMACE_AVALON	1
T4_2H_DUALMACE_AVALON	2	T4_METALBAR_LEVEL2	20
T4_2H_DUALMACE_AVALON	2	T4_CLOTH_LEVEL2	12
T4_2H_DUALMACE_AVALON	2	T4_ARTEFACT_2H_DUALMACE_AVALON	1
T4_2H_DUALMACE_AVALON	3	T4_METALBAR_LEVEL3	20
T4_2H_DUALMACE_AVALON	3	T4_CLOTH_LEVEL3	12
T4_2H_DUALMACE_AVALON	3	T4_ARTEFACT_2H_DUALMACE_AVALON	1
T4_2H_DUALMACE_AVALON	4	T4_METALBAR_LEVEL4	20
T4_2H_DUALMACE_AVALON	4	T4_CLOTH_LEVEL4	12
T4_2H_DUALMACE_AVALON	4	T4_ARTEFACT_2H_DUALMACE_AVALON	1
T5_2H_DUALMACE_AVALON	0	T5_METALBAR	20
T5_2H_DUALMACE_AVALON	0	T5_CLOTH	12
T5_2H_DUALMACE_AVALON	0	T5_ARTEFACT_2H_DUALMACE_AVALON	1
T5_2H_DUALMACE_AVALON	1	T5_METALBAR_LEVEL1	20
T5_2H_DUALMACE_AVALON	1	T5_CLOTH_LEVEL1	12
T5_2H_DUALMACE_AVALON	1	T5_ARTEFACT_2H_DUALMACE_AVALON	1
T5_2H_DUALMACE_AVALON	2	T5_METALBAR_LEVEL2	20
T5_2H_DUALMACE_AVALON	2	T5_CLOTH_LEVEL2	12
T5_2H_DUALMACE_AVALON	2	T5_ARTEFACT_2H_DUALMACE_AVALON	1
T5_2H_DUALMACE_AVALON	3	T5_METALBAR_LEVEL3	20
T5_2H_DUALMACE_AVALON	3	T5_CLOTH_LEVEL3	12
T5_2H_DUALMACE_AVALON	3	T5_ARTEFACT_2H_DUALMACE_AVALON	1
T5_2H_DUALMACE_AVALON	4	T5_METALBAR_LEVEL4	20
T5_2H_DUALMACE_AVALON	4	T5_CLOTH_LEVEL4	12
T5_2H_DUALMACE_AVALON	4	T5_ARTEFACT_2H_DUALMACE_AVALON	1
T6_2H_DUALMACE_AVALON	0	T6_METALBAR	20
T6_2H_DUALMACE_AVALON	0	T6_CLOTH	12
T6_2H_DUALMACE_AVALON	0	T6_ARTEFACT_2H_DUALMACE_AVALON	1
T6_2H_DUALMACE_AVALON	1	T6_METALBAR_LEVEL1	20
T6_2H_DUALMACE_AVALON	1	T6_CLOTH_LEVEL1	12
T6_2H_DUALMACE_AVALON	1	T6_ARTEFACT_2H_DUALMACE_AVALON	1
T6_2H_DUALMACE_AVALON	2	T6_METALBAR_LEVEL2	20
T6_2H_DUALMACE_AVALON	2	T6_CLOTH_LEVEL2	12
T6_2H_DUALMACE_AVALON	2	T6_ARTEFACT_2H_DUALMACE_AVALON	1
T6_2H_DUALMACE_AVALON	3	T6_METALBAR_LEVEL3	20
T6_2H_DUALMACE_AVALON	3	T6_CLOTH_LEVEL3	12
T6_2H_DUALMACE_AVALON	3	T6_ARTEFACT_2H_DUALMACE_AVALON	1
T6_2H_DUALMACE_AVALON	4	T6_METALBAR_LEVEL4	20
T6_2H_DUALMACE_AVALON	4	T6_CLOTH_LEVEL4	12
T6_2H_DUALMACE_AVALON	4	T6_ARTEFACT_2H_DUALMACE_AVALON	1
T7_2H_DUALMACE_AVALON	0	T7_METALBAR	20
T7_2H_DUALMACE_AVALON	0	T7_CLOTH	12
T7_2H_DUALMACE_AVALON	0	T7_ARTEFACT_2H_DUALMACE_AVALON	1
T7_2H_DUALMACE_AVALON	1	T7_METALBAR_LEVEL1	20
T7_2H_DUALMACE_AVALON	1	T7_CLOTH_LEVEL1	12
T7_2H_DUALMACE_AVALON	1	T7_ARTEFACT_2H_DUALMACE_AVALON	1
T7_2H_DUALMACE_AVALON	2	T7_METALBAR_LEVEL2	20
T7_2H_DUALMACE_AVALON	2	T7_CLOTH_LEVEL2	12
T7_2H_DUALMACE_AVALON	2	T7_ARTEFACT_2H_DUALMACE_AVALON	1
T7_2H_DUALMACE_AVALON	3	T7_METALBAR_LEVEL3	20
T7_2H_DUALMACE_AVALON	3	T7_CLOTH_LEVEL3	12
T7_2H_DUALMACE_AVALON	3	T7_ARTEFACT_2H_DUALMACE_AVALON	1
T7_2H_DUALMACE_AVALON	4	T7_METALBAR_LEVEL4	20
T7_2H_DUALMACE_AVALON	4	T7_CLOTH_LEVEL4	12
T7_2H_DUALMACE_AVALON	4	T7_ARTEFACT_2H_DUALMACE_AVALON	1
T8_2H_DUALMACE_AVALON	0	T8_METALBAR	20
T8_2H_DUALMACE_AVALON	0	T8_CLOTH	12
T8_2H_DUALMACE_AVALON	0	T8_ARTEFACT_2H_DUALMACE_AVALON	1
T8_2H_DUALMACE_AVALON	1	T8_METALBAR_LEVEL1	20
T8_2H_DUALMACE_AVALON	1	T8_CLOTH_LEVEL1	12
T8_2H_DUALMACE_AVALON	1	T8_ARTEFACT_2H_DUALMACE_AVALON	1
T8_2H_DUALMACE_AVALON	2	T8_METALBAR_LEVEL2	20
T8_2H_DUALMACE_AVALON	2	T8_CLOTH_LEVEL2	12
T8_2H_DUALMACE_AVALON	2	T8_ARTEFACT_2H_DUALMACE_AVALON	1
T8_2H_DUALMACE_AVALON	3	T8_METALBAR_LEVEL3	20
T8_2H_DUALMACE_AVALON	3	T8_CLOTH_LEVEL3	12
T8_2H_DUALMACE_AVALON	3	T8_ARTEFACT_2H_DUALMACE_AVALON	1
T8_2H_DUALMACE_AVALON	4	T8_METALBAR_LEVEL4	20
T8_2H_DUALMACE_AVALON	4	T8_CLOTH_LEVEL4	12
T8_2H_DUALMACE_AVALON	4	T8_ARTEFACT_2H_DUALMACE_AVALON	1
T4_MAIN_MACE_CRYSTAL	0	T4_METALBAR	16
T4_MAIN_MACE_CRYSTAL	0	T4_CLOTH	8
T4_MAIN_MACE_CRYSTAL	0	T4_ARTEFACT_MAIN_MACE_CRYSTAL	1
T4_MAIN_MACE_CRYSTAL	1	T4_METALBAR_LEVEL1	16
T4_MAIN_MACE_CRYSTAL	1	T4_CLOTH_LEVEL1	8
T4_MAIN_MACE_CRYSTAL	1	T4_ARTEFACT_MAIN_MACE_CRYSTAL	1
T4_MAIN_MACE_CRYSTAL	2	T4_METALBAR_LEVEL2	16
T4_MAIN_MACE_CRYSTAL	2	T4_CLOTH_LEVEL2	8
T4_MAIN_MACE_CRYSTAL	2	T4_ARTEFACT_MAIN_MACE_CRYSTAL	1
T4_MAIN_MACE_CRYSTAL	3	T4_METALBAR_LEVEL3	16
T4_MAIN_MACE_CRYSTAL	3	T4_CLOTH_LEVEL3	8
T4_MAIN_MACE_CRYSTAL	3	T4_ARTEFACT_MAIN_MACE_CRYSTAL	1
T4_MAIN_MACE_CRYSTAL	4	T4_METALBAR_LEVEL4	16
T4_MAIN_MACE_CRYSTAL	4	T4_CLOTH_LEVEL4	8
T4_MAIN_MACE_CRYSTAL	4	T4_ARTEFACT_MAIN_MACE_CRYSTAL	1
T5_MAIN_MACE_CRYSTAL	0	T5_METALBAR	16
T5_MAIN_MACE_CRYSTAL	0	T5_CLOTH	8
T5_MAIN_MACE_CRYSTAL	0	T5_ARTEFACT_MAIN_MACE_CRYSTAL	1
T5_MAIN_MACE_CRYSTAL	1	T5_METALBAR_LEVEL1	16
T5_MAIN_MACE_CRYSTAL	1	T5_CLOTH_LEVEL1	8
T5_MAIN_MACE_CRYSTAL	1	T5_ARTEFACT_MAIN_MACE_CRYSTAL	1
T5_MAIN_MACE_CRYSTAL	2	T5_METALBAR_LEVEL2	16
T5_MAIN_MACE_CRYSTAL	2	T5_CLOTH_LEVEL2	8
T5_MAIN_MACE_CRYSTAL	2	T5_ARTEFACT_MAIN_MACE_CRYSTAL	1
T5_MAIN_MACE_CRYSTAL	3	T5_METALBAR_LEVEL3	16
T5_MAIN_MACE_CRYSTAL	3	T5_CLOTH_LEVEL3	8
T5_MAIN_MACE_CRYSTAL	3	T5_ARTEFACT_MAIN_MACE_CRYSTAL	1
T5_MAIN_MACE_CRYSTAL	4	T5_METALBAR_LEVEL4	16
T5_MAIN_MACE_CRYSTAL	4	T5_CLOTH_LEVEL4	8
T5_MAIN_MACE_CRYSTAL	4	T5_ARTEFACT_MAIN_MACE_CRYSTAL	1
T6_MAIN_MACE_CRYSTAL	0	T6_METALBAR	16
T6_MAIN_MACE_CRYSTAL	0	T6_CLOTH	8
T6_MAIN_MACE_CRYSTAL	0	T6_ARTEFACT_MAIN_MACE_CRYSTAL	1
T6_MAIN_MACE_CRYSTAL	1	T6_METALBAR_LEVEL1	16
T6_MAIN_MACE_CRYSTAL	1	T6_CLOTH_LEVEL1	8
T6_MAIN_MACE_CRYSTAL	1	T6_ARTEFACT_MAIN_MACE_CRYSTAL	1
T6_MAIN_MACE_CRYSTAL	2	T6_METALBAR_LEVEL2	16
T6_MAIN_MACE_CRYSTAL	2	T6_CLOTH_LEVEL2	8
T6_MAIN_MACE_CRYSTAL	2	T6_ARTEFACT_MAIN_MACE_CRYSTAL	1
T6_MAIN_MACE_CRYSTAL	3	T6_METALBAR_LEVEL3	16
T6_MAIN_MACE_CRYSTAL	3	T6_CLOTH_LEVEL3	8
T6_MAIN_MACE_CRYSTAL	3	T6_ARTEFACT_MAIN_MACE_CRYSTAL	1
T6_MAIN_MACE_CRYSTAL	4	T6_METALBAR_LEVEL4	16
T6_MAIN_MACE_CRYSTAL	4	T6_CLOTH_LEVEL4	8
T6_MAIN_MACE_CRYSTAL	4	T6_ARTEFACT_MAIN_MACE_CRYSTAL	1
T7_MAIN_MACE_CRYSTAL	0	T7_METALBAR	16
T7_MAIN_MACE_CRYSTAL	0	T7_CLOTH	8
T7_MAIN_MACE_CRYSTAL	0	T7_ARTEFACT_MAIN_MACE_CRYSTAL	1
T7_MAIN_MACE_CRYSTAL	1	T7_METALBAR_LEVEL1	16
T7_MAIN_MACE_CRYSTAL	1	T7_CLOTH_LEVEL1	8
T7_MAIN_MACE_CRYSTAL	1	T7_ARTEFACT_MAIN_MACE_CRYSTAL	1
T7_MAIN_MACE_CRYSTAL	2	T7_METALBAR_LEVEL2	16
T7_MAIN_MACE_CRYSTAL	2	T7_CLOTH_LEVEL2	8
T7_MAIN_MACE_CRYSTAL	2	T7_ARTEFACT_MAIN_MACE_CRYSTAL	1
T7_MAIN_MACE_CRYSTAL	3	T7_METALBAR_LEVEL3	16
T7_MAIN_MACE_CRYSTAL	3	T7_CLOTH_LEVEL3	8
T7_MAIN_MACE_CRYSTAL	3	T7_ARTEFACT_MAIN_MACE_CRYSTAL	1
T7_MAIN_MACE_CRYSTAL	4	T7_METALBAR_LEVEL4	16
T7_MAIN_MACE_CRYSTAL	4	T7_CLOTH_LEVEL4	8
T7_MAIN_MACE_CRYSTAL	4	T7_ARTEFACT_MAIN_MACE_CRYSTAL	1
T8_MAIN_MACE_CRYSTAL	0	T8_METALBAR	16
T8_MAIN_MACE_CRYSTAL	0	T8_CLOTH	8
T8_MAIN_MACE_CRYSTAL	0	T8_ARTEFACT_MAIN_MACE_CRYSTAL	1
T8_MAIN_MACE_CRYSTAL	1	T8_METALBAR_LEVEL1	16
T8_MAIN_MACE_CRYSTAL	1	T8_CLOTH_LEVEL1	8
T8_MAIN_MACE_CRYSTAL	1	T8_ARTEFACT_MAIN_MACE_CRYSTAL	1
T8_MAIN_MACE_CRYSTAL	2	T8_METALBAR_LEVEL2	16
T8_MAIN_MACE_CRYSTAL	2	T8_CLOTH_LEVEL2	8
T8_MAIN_MACE_CRYSTAL	2	T8_ARTEFACT_MAIN_MACE_CRYSTAL	1
T8_MAIN_MACE_CRYSTAL	3	T8_METALBAR_LEVEL3	16
T8_MAIN_MACE_CRYSTAL	3	T8_CLOTH_LEVEL3	8
T8_MAIN_MACE_CRYSTAL	3	T8_ARTEFACT_MAIN_MACE_CRYSTAL	1
T8_MAIN_MACE_CRYSTAL	4	T8_METALBAR_LEVEL4	16
T8_MAIN_MACE_CRYSTAL	4	T8_CLOTH_LEVEL4	8
T8_MAIN_MACE_CRYSTAL	4	T8_ARTEFACT_MAIN_MACE_CRYSTAL	1
T3_2H_KNUCKLES_SET1	0	T3_METALBAR	12
T3_2H_KNUCKLES_SET1	0	T3_LEATHER	20
T4_2H_KNUCKLES_SET1	0	T4_METALBAR	12
T4_2H_KNUCKLES_SET1	0	T4_LEATHER	20
T4_2H_KNUCKLES_SET1	1	T4_METALBAR_LEVEL1	12
T4_2H_KNUCKLES_SET1	1	T4_LEATHER_LEVEL1	20
T4_2H_KNUCKLES_SET1	2	T4_METALBAR_LEVEL2	12
T4_2H_KNUCKLES_SET1	2	T4_LEATHER_LEVEL2	20
T4_2H_KNUCKLES_SET1	3	T4_METALBAR_LEVEL3	12
T4_2H_KNUCKLES_SET1	3	T4_LEATHER_LEVEL3	20
T4_2H_KNUCKLES_SET1	4	T4_METALBAR_LEVEL4	12
T4_2H_KNUCKLES_SET1	4	T4_LEATHER_LEVEL4	20
T5_2H_KNUCKLES_SET1	0	T5_METALBAR	12
T5_2H_KNUCKLES_SET1	0	T5_LEATHER	20
T5_2H_KNUCKLES_SET1	1	T5_METALBAR_LEVEL1	12
T5_2H_KNUCKLES_SET1	1	T5_LEATHER_LEVEL1	20
T5_2H_KNUCKLES_SET1	2	T5_METALBAR_LEVEL2	12
T5_2H_KNUCKLES_SET1	2	T5_LEATHER_LEVEL2	20
T5_2H_KNUCKLES_SET1	3	T5_METALBAR_LEVEL3	12
T5_2H_KNUCKLES_SET1	3	T5_LEATHER_LEVEL3	20
T5_2H_KNUCKLES_SET1	4	T5_METALBAR_LEVEL4	12
T5_2H_KNUCKLES_SET1	4	T5_LEATHER_LEVEL4	20
T6_2H_KNUCKLES_SET1	0	T6_METALBAR	12
T6_2H_KNUCKLES_SET1	0	T6_LEATHER	20
T6_2H_KNUCKLES_SET1	1	T6_METALBAR_LEVEL1	12
T6_2H_KNUCKLES_SET1	1	T6_LEATHER_LEVEL1	20
T6_2H_KNUCKLES_SET1	2	T6_METALBAR_LEVEL2	12
T6_2H_KNUCKLES_SET1	2	T6_LEATHER_LEVEL2	20
T6_2H_KNUCKLES_SET1	3	T6_METALBAR_LEVEL3	12
T6_2H_KNUCKLES_SET1	3	T6_LEATHER_LEVEL3	20
T6_2H_KNUCKLES_SET1	4	T6_METALBAR_LEVEL4	12
T6_2H_KNUCKLES_SET1	4	T6_LEATHER_LEVEL4	20
T7_2H_KNUCKLES_SET1	0	T7_METALBAR	12
T7_2H_KNUCKLES_SET1	0	T7_LEATHER	20
T7_2H_KNUCKLES_SET1	1	T7_METALBAR_LEVEL1	12
T7_2H_KNUCKLES_SET1	1	T7_LEATHER_LEVEL1	20
T7_2H_KNUCKLES_SET1	2	T7_METALBAR_LEVEL2	12
T7_2H_KNUCKLES_SET1	2	T7_LEATHER_LEVEL2	20
T7_2H_KNUCKLES_SET1	3	T7_METALBAR_LEVEL3	12
T7_2H_KNUCKLES_SET1	3	T7_LEATHER_LEVEL3	20
T7_2H_KNUCKLES_SET1	4	T7_METALBAR_LEVEL4	12
T7_2H_KNUCKLES_SET1	4	T7_LEATHER_LEVEL4	20
T8_2H_KNUCKLES_SET1	0	T8_METALBAR	12
T8_2H_KNUCKLES_SET1	0	T8_LEATHER	20
T8_2H_KNUCKLES_SET1	1	T8_METALBAR_LEVEL1	12
T8_2H_KNUCKLES_SET1	1	T8_LEATHER_LEVEL1	20
T8_2H_KNUCKLES_SET1	2	T8_METALBAR_LEVEL2	12
T8_2H_KNUCKLES_SET1	2	T8_LEATHER_LEVEL2	20
T8_2H_KNUCKLES_SET1	3	T8_METALBAR_LEVEL3	12
T8_2H_KNUCKLES_SET1	3	T8_LEATHER_LEVEL3	20
T8_2H_KNUCKLES_SET1	4	T8_METALBAR_LEVEL4	12
T8_2H_KNUCKLES_SET1	4	T8_LEATHER_LEVEL4	20
T4_2H_KNUCKLES_SET2	0	T4_METALBAR	12
T4_2H_KNUCKLES_SET2	0	T4_LEATHER	20
T4_2H_KNUCKLES_SET2	1	T4_METALBAR_LEVEL1	12
T4_2H_KNUCKLES_SET2	1	T4_LEATHER_LEVEL1	20
T4_2H_KNUCKLES_SET2	2	T4_METALBAR_LEVEL2	12
T4_2H_KNUCKLES_SET2	2	T4_LEATHER_LEVEL2	20
T4_2H_KNUCKLES_SET2	3	T4_METALBAR_LEVEL3	12
T4_2H_KNUCKLES_SET2	3	T4_LEATHER_LEVEL3	20
T4_2H_KNUCKLES_SET2	4	T4_METALBAR_LEVEL4	12
T4_2H_KNUCKLES_SET2	4	T4_LEATHER_LEVEL4	20
T5_2H_KNUCKLES_SET2	0	T5_METALBAR	12
T5_2H_KNUCKLES_SET2	0	T5_LEATHER	20
T5_2H_KNUCKLES_SET2	1	T5_METALBAR_LEVEL1	12
T5_2H_KNUCKLES_SET2	1	T5_LEATHER_LEVEL1	20
T5_2H_KNUCKLES_SET2	2	T5_METALBAR_LEVEL2	12
T5_2H_KNUCKLES_SET2	2	T5_LEATHER_LEVEL2	20
T5_2H_KNUCKLES_SET2	3	T5_METALBAR_LEVEL3	12
T5_2H_KNUCKLES_SET2	3	T5_LEATHER_LEVEL3	20
T5_2H_KNUCKLES_SET2	4	T5_METALBAR_LEVEL4	12
T5_2H_KNUCKLES_SET2	4	T5_LEATHER_LEVEL4	20
T6_2H_KNUCKLES_SET2	0	T6_METALBAR	12
T6_2H_KNUCKLES_SET2	0	T6_LEATHER	20
T6_2H_KNUCKLES_SET2	1	T6_METALBAR_LEVEL1	12
T6_2H_KNUCKLES_SET2	1	T6_LEATHER_LEVEL1	20
T6_2H_KNUCKLES_SET2	2	T6_METALBAR_LEVEL2	12
T6_2H_KNUCKLES_SET2	2	T6_LEATHER_LEVEL2	20
T6_2H_KNUCKLES_SET2	3	T6_METALBAR_LEVEL3	12
T6_2H_KNUCKLES_SET2	3	T6_LEATHER_LEVEL3	20
T6_2H_KNUCKLES_SET2	4	T6_METALBAR_LEVEL4	12
T6_2H_KNUCKLES_SET2	4	T6_LEATHER_LEVEL4	20
T7_2H_KNUCKLES_SET2	0	T7_METALBAR	12
T7_2H_KNUCKLES_SET2	0	T7_LEATHER	20
T7_2H_KNUCKLES_SET2	1	T7_METALBAR_LEVEL1	12
T7_2H_KNUCKLES_SET2	1	T7_LEATHER_LEVEL1	20
T7_2H_KNUCKLES_SET2	2	T7_METALBAR_LEVEL2	12
T7_2H_KNUCKLES_SET2	2	T7_LEATHER_LEVEL2	20
T7_2H_KNUCKLES_SET2	3	T7_METALBAR_LEVEL3	12
T7_2H_KNUCKLES_SET2	3	T7_LEATHER_LEVEL3	20
T7_2H_KNUCKLES_SET2	4	T7_METALBAR_LEVEL4	12
T7_2H_KNUCKLES_SET2	4	T7_LEATHER_LEVEL4	20
T8_2H_KNUCKLES_SET2	0	T8_METALBAR	12
T8_2H_KNUCKLES_SET2	0	T8_LEATHER	20
T8_2H_KNUCKLES_SET2	1	T8_METALBAR_LEVEL1	12
T8_2H_KNUCKLES_SET2	1	T8_LEATHER_LEVEL1	20
T8_2H_KNUCKLES_SET2	2	T8_METALBAR_LEVEL2	12
T8_2H_KNUCKLES_SET2	2	T8_LEATHER_LEVEL2	20
T8_2H_KNUCKLES_SET2	3	T8_METALBAR_LEVEL3	12
T8_2H_KNUCKLES_SET2	3	T8_LEATHER_LEVEL3	20
T8_2H_KNUCKLES_SET2	4	T8_METALBAR_LEVEL4	12
T8_2H_KNUCKLES_SET2	4	T8_LEATHER_LEVEL4	20
T4_2H_KNUCKLES_SET3	0	T4_METALBAR	12
T4_2H_KNUCKLES_SET3	0	T4_LEATHER	20
T4_2H_KNUCKLES_SET3	1	T4_METALBAR_LEVEL1	12
T4_2H_KNUCKLES_SET3	1	T4_LEATHER_LEVEL1	20
T4_2H_KNUCKLES_SET3	2	T4_METALBAR_LEVEL2	12
T4_2H_KNUCKLES_SET3	2	T4_LEATHER_LEVEL2	20
T4_2H_KNUCKLES_SET3	3	T4_METALBAR_LEVEL3	12
T4_2H_KNUCKLES_SET3	3	T4_LEATHER_LEVEL3	20
T4_2H_KNUCKLES_SET3	4	T4_METALBAR_LEVEL4	12
T4_2H_KNUCKLES_SET3	4	T4_LEATHER_LEVEL4	20
T5_2H_KNUCKLES_SET3	0	T5_METALBAR	12
T5_2H_KNUCKLES_SET3	0	T5_LEATHER	20
T5_2H_KNUCKLES_SET3	1	T5_METALBAR_LEVEL1	12
T5_2H_KNUCKLES_SET3	1	T5_LEATHER_LEVEL1	20
T5_2H_KNUCKLES_SET3	2	T5_METALBAR_LEVEL2	12
T5_2H_KNUCKLES_SET3	2	T5_LEATHER_LEVEL2	20
T5_2H_KNUCKLES_SET3	3	T5_METALBAR_LEVEL3	12
T5_2H_KNUCKLES_SET3	3	T5_LEATHER_LEVEL3	20
T5_2H_KNUCKLES_SET3	4	T5_METALBAR_LEVEL4	12
T5_2H_KNUCKLES_SET3	4	T5_LEATHER_LEVEL4	20
T6_2H_KNUCKLES_SET3	0	T6_METALBAR	12
T6_2H_KNUCKLES_SET3	0	T6_LEATHER	20
T6_2H_KNUCKLES_SET3	1	T6_METALBAR_LEVEL1	12
T6_2H_KNUCKLES_SET3	1	T6_LEATHER_LEVEL1	20
T6_2H_KNUCKLES_SET3	2	T6_METALBAR_LEVEL2	12
T6_2H_KNUCKLES_SET3	2	T6_LEATHER_LEVEL2	20
T6_2H_KNUCKLES_SET3	3	T6_METALBAR_LEVEL3	12
T6_2H_KNUCKLES_SET3	3	T6_LEATHER_LEVEL3	20
T6_2H_KNUCKLES_SET3	4	T6_METALBAR_LEVEL4	12
T6_2H_KNUCKLES_SET3	4	T6_LEATHER_LEVEL4	20
T7_2H_KNUCKLES_SET3	0	T7_METALBAR	12
T7_2H_KNUCKLES_SET3	0	T7_LEATHER	20
T7_2H_KNUCKLES_SET3	1	T7_METALBAR_LEVEL1	12
T7_2H_KNUCKLES_SET3	1	T7_LEATHER_LEVEL1	20
T7_2H_KNUCKLES_SET3	2	T7_METALBAR_LEVEL2	12
T7_2H_KNUCKLES_SET3	2	T7_LEATHER_LEVEL2	20
T7_2H_KNUCKLES_SET3	3	T7_METALBAR_LEVEL3	12
T7_2H_KNUCKLES_SET3	3	T7_LEATHER_LEVEL3	20
T7_2H_KNUCKLES_SET3	4	T7_METALBAR_LEVEL4	12
T7_2H_KNUCKLES_SET3	4	T7_LEATHER_LEVEL4	20
T8_2H_KNUCKLES_SET3	0	T8_METALBAR	12
T8_2H_KNUCKLES_SET3	0	T8_LEATHER	20
T8_2H_KNUCKLES_SET3	1	T8_METALBAR_LEVEL1	12
T8_2H_KNUCKLES_SET3	1	T8_LEATHER_LEVEL1	20
T8_2H_KNUCKLES_SET3	2	T8_METALBAR_LEVEL2	12
T8_2H_KNUCKLES_SET3	2	T8_LEATHER_LEVEL2	20
T8_2H_KNUCKLES_SET3	3	T8_METALBAR_LEVEL3	12
T8_2H_KNUCKLES_SET3	3	T8_LEATHER_LEVEL3	20
T8_2H_KNUCKLES_SET3	4	T8_METALBAR_LEVEL4	12
T8_2H_KNUCKLES_SET3	4	T8_LEATHER_LEVEL4	20
T4_2H_KNUCKLES_KEEPER	0	T4_METALBAR	12
T4_2H_KNUCKLES_KEEPER	0	T4_LEATHER	20
T4_2H_KNUCKLES_KEEPER	0	T4_ARTEFACT_2H_KNUCKLES_KEEPER	1
T4_2H_KNUCKLES_KEEPER	1	T4_METALBAR_LEVEL1	12
T4_2H_KNUCKLES_KEEPER	1	T4_LEATHER_LEVEL1	20
T4_2H_KNUCKLES_KEEPER	1	T4_ARTEFACT_2H_KNUCKLES_KEEPER	1
T4_2H_KNUCKLES_KEEPER	2	T4_METALBAR_LEVEL2	12
T4_2H_KNUCKLES_KEEPER	2	T4_LEATHER_LEVEL2	20
T4_2H_KNUCKLES_KEEPER	2	T4_ARTEFACT_2H_KNUCKLES_KEEPER	1
T4_2H_KNUCKLES_KEEPER	3	T4_METALBAR_LEVEL3	12
T4_2H_KNUCKLES_KEEPER	3	T4_LEATHER_LEVEL3	20
T4_2H_KNUCKLES_KEEPER	3	T4_ARTEFACT_2H_KNUCKLES_KEEPER	1
T4_2H_KNUCKLES_KEEPER	4	T4_METALBAR_LEVEL4	12
T4_2H_KNUCKLES_KEEPER	4	T4_LEATHER_LEVEL4	20
T4_2H_KNUCKLES_KEEPER	4	T4_ARTEFACT_2H_KNUCKLES_KEEPER	1
T5_2H_KNUCKLES_KEEPER	0	T5_METALBAR	12
T5_2H_KNUCKLES_KEEPER	0	T5_LEATHER	20
T5_2H_KNUCKLES_KEEPER	0	T5_ARTEFACT_2H_KNUCKLES_KEEPER	1
T5_2H_KNUCKLES_KEEPER	1	T5_METALBAR_LEVEL1	12
T5_2H_KNUCKLES_KEEPER	1	T5_LEATHER_LEVEL1	20
T5_2H_KNUCKLES_KEEPER	1	T5_ARTEFACT_2H_KNUCKLES_KEEPER	1
T5_2H_KNUCKLES_KEEPER	2	T5_METALBAR_LEVEL2	12
T5_2H_KNUCKLES_KEEPER	2	T5_LEATHER_LEVEL2	20
T5_2H_KNUCKLES_KEEPER	2	T5_ARTEFACT_2H_KNUCKLES_KEEPER	1
T5_2H_KNUCKLES_KEEPER	3	T5_METALBAR_LEVEL3	12
T5_2H_KNUCKLES_KEEPER	3	T5_LEATHER_LEVEL3	20
T5_2H_KNUCKLES_KEEPER	3	T5_ARTEFACT_2H_KNUCKLES_KEEPER	1
T5_2H_KNUCKLES_KEEPER	4	T5_METALBAR_LEVEL4	12
T5_2H_KNUCKLES_KEEPER	4	T5_LEATHER_LEVEL4	20
T5_2H_KNUCKLES_KEEPER	4	T5_ARTEFACT_2H_KNUCKLES_KEEPER	1
T6_2H_KNUCKLES_KEEPER	0	T6_METALBAR	12
T6_2H_KNUCKLES_KEEPER	0	T6_LEATHER	20
T6_2H_KNUCKLES_KEEPER	0	T6_ARTEFACT_2H_KNUCKLES_KEEPER	1
T6_2H_KNUCKLES_KEEPER	1	T6_METALBAR_LEVEL1	12
T6_2H_KNUCKLES_KEEPER	1	T6_LEATHER_LEVEL1	20
T6_2H_KNUCKLES_KEEPER	1	T6_ARTEFACT_2H_KNUCKLES_KEEPER	1
T6_2H_KNUCKLES_KEEPER	2	T6_METALBAR_LEVEL2	12
T6_2H_KNUCKLES_KEEPER	2	T6_LEATHER_LEVEL2	20
T6_2H_KNUCKLES_KEEPER	2	T6_ARTEFACT_2H_KNUCKLES_KEEPER	1
T6_2H_KNUCKLES_KEEPER	3	T6_METALBAR_LEVEL3	12
T6_2H_KNUCKLES_KEEPER	3	T6_LEATHER_LEVEL3	20
T6_2H_KNUCKLES_KEEPER	3	T6_ARTEFACT_2H_KNUCKLES_KEEPER	1
T6_2H_KNUCKLES_KEEPER	4	T6_METALBAR_LEVEL4	12
T6_2H_KNUCKLES_KEEPER	4	T6_LEATHER_LEVEL4	20
T6_2H_KNUCKLES_KEEPER	4	T6_ARTEFACT_2H_KNUCKLES_KEEPER	1
T7_2H_KNUCKLES_KEEPER	0	T7_METALBAR	12
T7_2H_KNUCKLES_KEEPER	0	T7_LEATHER	20
T7_2H_KNUCKLES_KEEPER	0	T7_ARTEFACT_2H_KNUCKLES_KEEPER	1
T7_2H_KNUCKLES_KEEPER	1	T7_METALBAR_LEVEL1	12
T7_2H_KNUCKLES_KEEPER	1	T7_LEATHER_LEVEL1	20
T7_2H_KNUCKLES_KEEPER	1	T7_ARTEFACT_2H_KNUCKLES_KEEPER	1
T7_2H_KNUCKLES_KEEPER	2	T7_METALBAR_LEVEL2	12
T7_2H_KNUCKLES_KEEPER	2	T7_LEATHER_LEVEL2	20
T7_2H_KNUCKLES_KEEPER	2	T7_ARTEFACT_2H_KNUCKLES_KEEPER	1
T7_2H_KNUCKLES_KEEPER	3	T7_METALBAR_LEVEL3	12
T7_2H_KNUCKLES_KEEPER	3	T7_LEATHER_LEVEL3	20
T7_2H_KNUCKLES_KEEPER	3	T7_ARTEFACT_2H_KNUCKLES_KEEPER	1
T7_2H_KNUCKLES_KEEPER	4	T7_METALBAR_LEVEL4	12
T7_2H_KNUCKLES_KEEPER	4	T7_LEATHER_LEVEL4	20
T7_2H_KNUCKLES_KEEPER	4	T7_ARTEFACT_2H_KNUCKLES_KEEPER	1
T8_2H_KNUCKLES_KEEPER	0	T8_METALBAR	12
T8_2H_KNUCKLES_KEEPER	0	T8_LEATHER	20
T8_2H_KNUCKLES_KEEPER	0	T8_ARTEFACT_2H_KNUCKLES_KEEPER	1
T8_2H_KNUCKLES_KEEPER	1	T8_METALBAR_LEVEL1	12
T8_2H_KNUCKLES_KEEPER	1	T8_LEATHER_LEVEL1	20
T8_2H_KNUCKLES_KEEPER	1	T8_ARTEFACT_2H_KNUCKLES_KEEPER	1
T8_2H_KNUCKLES_KEEPER	2	T8_METALBAR_LEVEL2	12
T8_2H_KNUCKLES_KEEPER	2	T8_LEATHER_LEVEL2	20
T8_2H_KNUCKLES_KEEPER	2	T8_ARTEFACT_2H_KNUCKLES_KEEPER	1
T8_2H_KNUCKLES_KEEPER	3	T8_METALBAR_LEVEL3	12
T8_2H_KNUCKLES_KEEPER	3	T8_LEATHER_LEVEL3	20
T8_2H_KNUCKLES_KEEPER	3	T8_ARTEFACT_2H_KNUCKLES_KEEPER	1
T8_2H_KNUCKLES_KEEPER	4	T8_METALBAR_LEVEL4	12
T8_2H_KNUCKLES_KEEPER	4	T8_LEATHER_LEVEL4	20
T8_2H_KNUCKLES_KEEPER	4	T8_ARTEFACT_2H_KNUCKLES_KEEPER	1
T4_2H_KNUCKLES_HELL	0	T4_METALBAR	12
T4_2H_KNUCKLES_HELL	0	T4_LEATHER	20
T4_2H_KNUCKLES_HELL	0	T4_ARTEFACT_2H_KNUCKLES_HELL	1
T4_2H_KNUCKLES_HELL	1	T4_METALBAR_LEVEL1	12
T4_2H_KNUCKLES_HELL	1	T4_LEATHER_LEVEL1	20
T4_2H_KNUCKLES_HELL	1	T4_ARTEFACT_2H_KNUCKLES_HELL	1
T4_2H_KNUCKLES_HELL	2	T4_METALBAR_LEVEL2	12
T4_2H_KNUCKLES_HELL	2	T4_LEATHER_LEVEL2	20
T4_2H_KNUCKLES_HELL	2	T4_ARTEFACT_2H_KNUCKLES_HELL	1
T4_2H_KNUCKLES_HELL	3	T4_METALBAR_LEVEL3	12
T4_2H_KNUCKLES_HELL	3	T4_LEATHER_LEVEL3	20
T4_2H_KNUCKLES_HELL	3	T4_ARTEFACT_2H_KNUCKLES_HELL	1
T4_2H_KNUCKLES_HELL	4	T4_METALBAR_LEVEL4	12
T4_2H_KNUCKLES_HELL	4	T4_LEATHER_LEVEL4	20
T4_2H_KNUCKLES_HELL	4	T4_ARTEFACT_2H_KNUCKLES_HELL	1
T5_2H_KNUCKLES_HELL	0	T5_METALBAR	12
T5_2H_KNUCKLES_HELL	0	T5_LEATHER	20
T5_2H_KNUCKLES_HELL	0	T5_ARTEFACT_2H_KNUCKLES_HELL	1
T5_2H_KNUCKLES_HELL	1	T5_METALBAR_LEVEL1	12
T5_2H_KNUCKLES_HELL	1	T5_LEATHER_LEVEL1	20
T5_2H_KNUCKLES_HELL	1	T5_ARTEFACT_2H_KNUCKLES_HELL	1
T5_2H_KNUCKLES_HELL	2	T5_METALBAR_LEVEL2	12
T5_2H_KNUCKLES_HELL	2	T5_LEATHER_LEVEL2	20
T5_2H_KNUCKLES_HELL	2	T5_ARTEFACT_2H_KNUCKLES_HELL	1
T5_2H_KNUCKLES_HELL	3	T5_METALBAR_LEVEL3	12
T5_2H_KNUCKLES_HELL	3	T5_LEATHER_LEVEL3	20
T5_2H_KNUCKLES_HELL	3	T5_ARTEFACT_2H_KNUCKLES_HELL	1
T5_2H_KNUCKLES_HELL	4	T5_METALBAR_LEVEL4	12
T5_2H_KNUCKLES_HELL	4	T5_LEATHER_LEVEL4	20
T5_2H_KNUCKLES_HELL	4	T5_ARTEFACT_2H_KNUCKLES_HELL	1
T6_2H_KNUCKLES_HELL	0	T6_METALBAR	12
T6_2H_KNUCKLES_HELL	0	T6_LEATHER	20
T6_2H_KNUCKLES_HELL	0	T6_ARTEFACT_2H_KNUCKLES_HELL	1
T6_2H_KNUCKLES_HELL	1	T6_METALBAR_LEVEL1	12
T6_2H_KNUCKLES_HELL	1	T6_LEATHER_LEVEL1	20
T6_2H_KNUCKLES_HELL	1	T6_ARTEFACT_2H_KNUCKLES_HELL	1
T6_2H_KNUCKLES_HELL	2	T6_METALBAR_LEVEL2	12
T6_2H_KNUCKLES_HELL	2	T6_LEATHER_LEVEL2	20
T6_2H_KNUCKLES_HELL	2	T6_ARTEFACT_2H_KNUCKLES_HELL	1
T6_2H_KNUCKLES_HELL	3	T6_METALBAR_LEVEL3	12
T6_2H_KNUCKLES_HELL	3	T6_LEATHER_LEVEL3	20
T6_2H_KNUCKLES_HELL	3	T6_ARTEFACT_2H_KNUCKLES_HELL	1
T6_2H_KNUCKLES_HELL	4	T6_METALBAR_LEVEL4	12
T6_2H_KNUCKLES_HELL	4	T6_LEATHER_LEVEL4	20
T6_2H_KNUCKLES_HELL	4	T6_ARTEFACT_2H_KNUCKLES_HELL	1
T7_2H_KNUCKLES_HELL	0	T7_METALBAR	12
T7_2H_KNUCKLES_HELL	0	T7_LEATHER	20
T7_2H_KNUCKLES_HELL	0	T7_ARTEFACT_2H_KNUCKLES_HELL	1
T7_2H_KNUCKLES_HELL	1	T7_METALBAR_LEVEL1	12
T7_2H_KNUCKLES_HELL	1	T7_LEATHER_LEVEL1	20
T7_2H_KNUCKLES_HELL	1	T7_ARTEFACT_2H_KNUCKLES_HELL	1
T7_2H_KNUCKLES_HELL	2	T7_METALBAR_LEVEL2	12
T7_2H_KNUCKLES_HELL	2	T7_LEATHER_LEVEL2	20
T7_2H_KNUCKLES_HELL	2	T7_ARTEFACT_2H_KNUCKLES_HELL	1
T7_2H_KNUCKLES_HELL	3	T7_METALBAR_LEVEL3	12
T7_2H_KNUCKLES_HELL	3	T7_LEATHER_LEVEL3	20
T7_2H_KNUCKLES_HELL	3	T7_ARTEFACT_2H_KNUCKLES_HELL	1
T7_2H_KNUCKLES_HELL	4	T7_METALBAR_LEVEL4	12
T7_2H_KNUCKLES_HELL	4	T7_LEATHER_LEVEL4	20
T7_2H_KNUCKLES_HELL	4	T7_ARTEFACT_2H_KNUCKLES_HELL	1
T8_2H_KNUCKLES_HELL	0	T8_METALBAR	12
T8_2H_KNUCKLES_HELL	0	T8_LEATHER	20
T8_2H_KNUCKLES_HELL	0	T8_ARTEFACT_2H_KNUCKLES_HELL	1
T8_2H_KNUCKLES_HELL	1	T8_METALBAR_LEVEL1	12
T8_2H_KNUCKLES_HELL	1	T8_LEATHER_LEVEL1	20
T8_2H_KNUCKLES_HELL	1	T8_ARTEFACT_2H_KNUCKLES_HELL	1
T8_2H_KNUCKLES_HELL	2	T8_METALBAR_LEVEL2	12
T8_2H_KNUCKLES_HELL	2	T8_LEATHER_LEVEL2	20
T8_2H_KNUCKLES_HELL	2	T8_ARTEFACT_2H_KNUCKLES_HELL	1
T8_2H_KNUCKLES_HELL	3	T8_METALBAR_LEVEL3	12
T8_2H_KNUCKLES_HELL	3	T8_LEATHER_LEVEL3	20
T8_2H_KNUCKLES_HELL	3	T8_ARTEFACT_2H_KNUCKLES_HELL	1
T8_2H_KNUCKLES_HELL	4	T8_METALBAR_LEVEL4	12
T8_2H_KNUCKLES_HELL	4	T8_LEATHER_LEVEL4	20
T8_2H_KNUCKLES_HELL	4	T8_ARTEFACT_2H_KNUCKLES_HELL	1
T4_2H_KNUCKLES_MORGANA	0	T4_METALBAR	12
T4_2H_KNUCKLES_MORGANA	0	T4_LEATHER	20
T4_2H_KNUCKLES_MORGANA	0	T4_ARTEFACT_2H_KNUCKLES_MORGANA	1
T4_2H_KNUCKLES_MORGANA	1	T4_METALBAR_LEVEL1	12
T4_2H_KNUCKLES_MORGANA	1	T4_LEATHER_LEVEL1	20
T4_2H_KNUCKLES_MORGANA	1	T4_ARTEFACT_2H_KNUCKLES_MORGANA	1
T4_2H_KNUCKLES_MORGANA	2	T4_METALBAR_LEVEL2	12
T4_2H_KNUCKLES_MORGANA	2	T4_LEATHER_LEVEL2	20
T4_2H_KNUCKLES_MORGANA	2	T4_ARTEFACT_2H_KNUCKLES_MORGANA	1
T4_2H_KNUCKLES_MORGANA	3	T4_METALBAR_LEVEL3	12
T4_2H_KNUCKLES_MORGANA	3	T4_LEATHER_LEVEL3	20
T4_2H_KNUCKLES_MORGANA	3	T4_ARTEFACT_2H_KNUCKLES_MORGANA	1
T4_2H_KNUCKLES_MORGANA	4	T4_METALBAR_LEVEL4	12
T4_2H_KNUCKLES_MORGANA	4	T4_LEATHER_LEVEL4	20
T4_2H_KNUCKLES_MORGANA	4	T4_ARTEFACT_2H_KNUCKLES_MORGANA	1
T5_2H_KNUCKLES_MORGANA	0	T5_METALBAR	12
T5_2H_KNUCKLES_MORGANA	0	T5_LEATHER	20
T5_2H_KNUCKLES_MORGANA	0	T5_ARTEFACT_2H_KNUCKLES_MORGANA	1
T5_2H_KNUCKLES_MORGANA	1	T5_METALBAR_LEVEL1	12
T5_2H_KNUCKLES_MORGANA	1	T5_LEATHER_LEVEL1	20
T5_2H_KNUCKLES_MORGANA	1	T5_ARTEFACT_2H_KNUCKLES_MORGANA	1
T5_2H_KNUCKLES_MORGANA	2	T5_METALBAR_LEVEL2	12
T5_2H_KNUCKLES_MORGANA	2	T5_LEATHER_LEVEL2	20
T5_2H_KNUCKLES_MORGANA	2	T5_ARTEFACT_2H_KNUCKLES_MORGANA	1
T5_2H_KNUCKLES_MORGANA	3	T5_METALBAR_LEVEL3	12
T5_2H_KNUCKLES_MORGANA	3	T5_LEATHER_LEVEL3	20
T5_2H_KNUCKLES_MORGANA	3	T5_ARTEFACT_2H_KNUCKLES_MORGANA	1
T5_2H_KNUCKLES_MORGANA	4	T5_METALBAR_LEVEL4	12
T5_2H_KNUCKLES_MORGANA	4	T5_LEATHER_LEVEL4	20
T5_2H_KNUCKLES_MORGANA	4	T5_ARTEFACT_2H_KNUCKLES_MORGANA	1
T6_2H_KNUCKLES_MORGANA	0	T6_METALBAR	12
T6_2H_KNUCKLES_MORGANA	0	T6_LEATHER	20
T6_2H_KNUCKLES_MORGANA	0	T6_ARTEFACT_2H_KNUCKLES_MORGANA	1
T6_2H_KNUCKLES_MORGANA	1	T6_METALBAR_LEVEL1	12
T6_2H_KNUCKLES_MORGANA	1	T6_LEATHER_LEVEL1	20
T6_2H_KNUCKLES_MORGANA	1	T6_ARTEFACT_2H_KNUCKLES_MORGANA	1
T6_2H_KNUCKLES_MORGANA	2	T6_METALBAR_LEVEL2	12
T6_2H_KNUCKLES_MORGANA	2	T6_LEATHER_LEVEL2	20
T6_2H_KNUCKLES_MORGANA	2	T6_ARTEFACT_2H_KNUCKLES_MORGANA	1
T6_2H_KNUCKLES_MORGANA	3	T6_METALBAR_LEVEL3	12
T6_2H_KNUCKLES_MORGANA	3	T6_LEATHER_LEVEL3	20
T6_2H_KNUCKLES_MORGANA	3	T6_ARTEFACT_2H_KNUCKLES_MORGANA	1
T6_2H_KNUCKLES_MORGANA	4	T6_METALBAR_LEVEL4	12
T6_2H_KNUCKLES_MORGANA	4	T6_LEATHER_LEVEL4	20
T6_2H_KNUCKLES_MORGANA	4	T6_ARTEFACT_2H_KNUCKLES_MORGANA	1
T7_2H_KNUCKLES_MORGANA	0	T7_METALBAR	12
T7_2H_KNUCKLES_MORGANA	0	T7_LEATHER	20
T7_2H_KNUCKLES_MORGANA	0	T7_ARTEFACT_2H_KNUCKLES_MORGANA	1
T7_2H_KNUCKLES_MORGANA	1	T7_METALBAR_LEVEL1	12
T7_2H_KNUCKLES_MORGANA	1	T7_LEATHER_LEVEL1	20
T7_2H_KNUCKLES_MORGANA	1	T7_ARTEFACT_2H_KNUCKLES_MORGANA	1
T7_2H_KNUCKLES_MORGANA	2	T7_METALBAR_LEVEL2	12
T7_2H_KNUCKLES_MORGANA	2	T7_LEATHER_LEVEL2	20
T7_2H_KNUCKLES_MORGANA	2	T7_ARTEFACT_2H_KNUCKLES_MORGANA	1
T7_2H_KNUCKLES_MORGANA	3	T7_METALBAR_LEVEL3	12
T7_2H_KNUCKLES_MORGANA	3	T7_LEATHER_LEVEL3	20
T7_2H_KNUCKLES_MORGANA	3	T7_ARTEFACT_2H_KNUCKLES_MORGANA	1
T7_2H_KNUCKLES_MORGANA	4	T7_METALBAR_LEVEL4	12
T7_2H_KNUCKLES_MORGANA	4	T7_LEATHER_LEVEL4	20
T7_2H_KNUCKLES_MORGANA	4	T7_ARTEFACT_2H_KNUCKLES_MORGANA	1
T8_2H_KNUCKLES_MORGANA	0	T8_METALBAR	12
T8_2H_KNUCKLES_MORGANA	0	T8_LEATHER	20
T8_2H_KNUCKLES_MORGANA	0	T8_ARTEFACT_2H_KNUCKLES_MORGANA	1
T8_2H_KNUCKLES_MORGANA	1	T8_METALBAR_LEVEL1	12
T8_2H_KNUCKLES_MORGANA	1	T8_LEATHER_LEVEL1	20
T8_2H_KNUCKLES_MORGANA	1	T8_ARTEFACT_2H_KNUCKLES_MORGANA	1
T8_2H_KNUCKLES_MORGANA	2	T8_METALBAR_LEVEL2	12
T8_2H_KNUCKLES_MORGANA	2	T8_LEATHER_LEVEL2	20
T8_2H_KNUCKLES_MORGANA	2	T8_ARTEFACT_2H_KNUCKLES_MORGANA	1
T8_2H_KNUCKLES_MORGANA	3	T8_METALBAR_LEVEL3	12
T8_2H_KNUCKLES_MORGANA	3	T8_LEATHER_LEVEL3	20
T8_2H_KNUCKLES_MORGANA	3	T8_ARTEFACT_2H_KNUCKLES_MORGANA	1
T8_2H_KNUCKLES_MORGANA	4	T8_METALBAR_LEVEL4	12
T8_2H_KNUCKLES_MORGANA	4	T8_LEATHER_LEVEL4	20
T8_2H_KNUCKLES_MORGANA	4	T8_ARTEFACT_2H_KNUCKLES_MORGANA	1
T4_2H_KNUCKLES_AVALON	0	T4_METALBAR	12
T4_2H_KNUCKLES_AVALON	0	T4_LEATHER	20
T4_2H_KNUCKLES_AVALON	0	T4_ARTEFACT_2H_KNUCKLES_AVALON	1
T4_2H_KNUCKLES_AVALON	1	T4_METALBAR_LEVEL1	12
T4_2H_KNUCKLES_AVALON	1	T4_LEATHER_LEVEL1	20
T4_2H_KNUCKLES_AVALON	1	T4_ARTEFACT_2H_KNUCKLES_AVALON	1
T4_2H_KNUCKLES_AVALON	2	T4_METALBAR_LEVEL2	12
T4_2H_KNUCKLES_AVALON	2	T4_LEATHER_LEVEL2	20
T4_2H_KNUCKLES_AVALON	2	T4_ARTEFACT_2H_KNUCKLES_AVALON	1
T4_2H_KNUCKLES_AVALON	3	T4_METALBAR_LEVEL3	12
T4_2H_KNUCKLES_AVALON	3	T4_LEATHER_LEVEL3	20
T4_2H_KNUCKLES_AVALON	3	T4_ARTEFACT_2H_KNUCKLES_AVALON	1
T4_2H_KNUCKLES_AVALON	4	T4_METALBAR_LEVEL4	12
T4_2H_KNUCKLES_AVALON	4	T4_LEATHER_LEVEL4	20
T4_2H_KNUCKLES_AVALON	4	T4_ARTEFACT_2H_KNUCKLES_AVALON	1
T5_2H_KNUCKLES_AVALON	0	T5_METALBAR	12
T5_2H_KNUCKLES_AVALON	0	T5_LEATHER	20
T5_2H_KNUCKLES_AVALON	0	T5_ARTEFACT_2H_KNUCKLES_AVALON	1
T5_2H_KNUCKLES_AVALON	1	T5_METALBAR_LEVEL1	12
T5_2H_KNUCKLES_AVALON	1	T5_LEATHER_LEVEL1	20
T5_2H_KNUCKLES_AVALON	1	T5_ARTEFACT_2H_KNUCKLES_AVALON	1
T5_2H_KNUCKLES_AVALON	2	T5_METALBAR_LEVEL2	12
T5_2H_KNUCKLES_AVALON	2	T5_LEATHER_LEVEL2	20
T5_2H_KNUCKLES_AVALON	2	T5_ARTEFACT_2H_KNUCKLES_AVALON	1
T5_2H_KNUCKLES_AVALON	3	T5_METALBAR_LEVEL3	12
T5_2H_KNUCKLES_AVALON	3	T5_LEATHER_LEVEL3	20
T5_2H_KNUCKLES_AVALON	3	T5_ARTEFACT_2H_KNUCKLES_AVALON	1
T5_2H_KNUCKLES_AVALON	4	T5_METALBAR_LEVEL4	12
T5_2H_KNUCKLES_AVALON	4	T5_LEATHER_LEVEL4	20
T5_2H_KNUCKLES_AVALON	4	T5_ARTEFACT_2H_KNUCKLES_AVALON	1
T6_2H_KNUCKLES_AVALON	0	T6_METALBAR	12
T6_2H_KNUCKLES_AVALON	0	T6_LEATHER	20
T6_2H_KNUCKLES_AVALON	0	T6_ARTEFACT_2H_KNUCKLES_AVALON	1
T6_2H_KNUCKLES_AVALON	1	T6_METALBAR_LEVEL1	12
T6_2H_KNUCKLES_AVALON	1	T6_LEATHER_LEVEL1	20
T6_2H_KNUCKLES_AVALON	1	T6_ARTEFACT_2H_KNUCKLES_AVALON	1
T6_2H_KNUCKLES_AVALON	2	T6_METALBAR_LEVEL2	12
T6_2H_KNUCKLES_AVALON	2	T6_LEATHER_LEVEL2	20
T6_2H_KNUCKLES_AVALON	2	T6_ARTEFACT_2H_KNUCKLES_AVALON	1
T6_2H_KNUCKLES_AVALON	3	T6_METALBAR_LEVEL3	12
T6_2H_KNUCKLES_AVALON	3	T6_LEATHER_LEVEL3	20
T6_2H_KNUCKLES_AVALON	3	T6_ARTEFACT_2H_KNUCKLES_AVALON	1
T6_2H_KNUCKLES_AVALON	4	T6_METALBAR_LEVEL4	12
T6_2H_KNUCKLES_AVALON	4	T6_LEATHER_LEVEL4	20
T6_2H_KNUCKLES_AVALON	4	T6_ARTEFACT_2H_KNUCKLES_AVALON	1
T7_2H_KNUCKLES_AVALON	0	T7_METALBAR	12
T7_2H_KNUCKLES_AVALON	0	T7_LEATHER	20
T7_2H_KNUCKLES_AVALON	0	T7_ARTEFACT_2H_KNUCKLES_AVALON	1
T7_2H_KNUCKLES_AVALON	1	T7_METALBAR_LEVEL1	12
T7_2H_KNUCKLES_AVALON	1	T7_LEATHER_LEVEL1	20
T7_2H_KNUCKLES_AVALON	1	T7_ARTEFACT_2H_KNUCKLES_AVALON	1
T7_2H_KNUCKLES_AVALON	2	T7_METALBAR_LEVEL2	12
T7_2H_KNUCKLES_AVALON	2	T7_LEATHER_LEVEL2	20
T7_2H_KNUCKLES_AVALON	2	T7_ARTEFACT_2H_KNUCKLES_AVALON	1
T7_2H_KNUCKLES_AVALON	3	T7_METALBAR_LEVEL3	12
T7_2H_KNUCKLES_AVALON	3	T7_LEATHER_LEVEL3	20
T7_2H_KNUCKLES_AVALON	3	T7_ARTEFACT_2H_KNUCKLES_AVALON	1
T7_2H_KNUCKLES_AVALON	4	T7_METALBAR_LEVEL4	12
T7_2H_KNUCKLES_AVALON	4	T7_LEATHER_LEVEL4	20
T7_2H_KNUCKLES_AVALON	4	T7_ARTEFACT_2H_KNUCKLES_AVALON	1
T8_2H_KNUCKLES_AVALON	0	T8_METALBAR	12
T8_2H_KNUCKLES_AVALON	0	T8_LEATHER	20
T8_2H_KNUCKLES_AVALON	0	T8_ARTEFACT_2H_KNUCKLES_AVALON	1
T8_2H_KNUCKLES_AVALON	1	T8_METALBAR_LEVEL1	12
T8_2H_KNUCKLES_AVALON	1	T8_LEATHER_LEVEL1	20
T8_2H_KNUCKLES_AVALON	1	T8_ARTEFACT_2H_KNUCKLES_AVALON	1
T8_2H_KNUCKLES_AVALON	2	T8_METALBAR_LEVEL2	12
T8_2H_KNUCKLES_AVALON	2	T8_LEATHER_LEVEL2	20
T8_2H_KNUCKLES_AVALON	2	T8_ARTEFACT_2H_KNUCKLES_AVALON	1
T8_2H_KNUCKLES_AVALON	3	T8_METALBAR_LEVEL3	12
T8_2H_KNUCKLES_AVALON	3	T8_LEATHER_LEVEL3	20
T8_2H_KNUCKLES_AVALON	3	T8_ARTEFACT_2H_KNUCKLES_AVALON	1
T8_2H_KNUCKLES_AVALON	4	T8_METALBAR_LEVEL4	12
T8_2H_KNUCKLES_AVALON	4	T8_LEATHER_LEVEL4	20
T8_2H_KNUCKLES_AVALON	4	T8_ARTEFACT_2H_KNUCKLES_AVALON	1
T4_2H_KNUCKLES_CRYSTAL	0	T4_METALBAR	12
T4_2H_KNUCKLES_CRYSTAL	0	T4_LEATHER	20
T4_2H_KNUCKLES_CRYSTAL	0	T4_ARTEFACT_2H_KNUCKLES_CRYSTAL	1
T4_2H_KNUCKLES_CRYSTAL	1	T4_METALBAR_LEVEL1	12
T4_2H_KNUCKLES_CRYSTAL	1	T4_LEATHER_LEVEL1	20
T4_2H_KNUCKLES_CRYSTAL	1	T4_ARTEFACT_2H_KNUCKLES_CRYSTAL	1
T4_2H_KNUCKLES_CRYSTAL	2	T4_METALBAR_LEVEL2	12
T4_2H_KNUCKLES_CRYSTAL	2	T4_LEATHER_LEVEL2	20
T4_2H_KNUCKLES_CRYSTAL	2	T4_ARTEFACT_2H_KNUCKLES_CRYSTAL	1
T4_2H_KNUCKLES_CRYSTAL	3	T4_METALBAR_LEVEL3	12
T4_2H_KNUCKLES_CRYSTAL	3	T4_LEATHER_LEVEL3	20
T4_2H_KNUCKLES_CRYSTAL	3	T4_ARTEFACT_2H_KNUCKLES_CRYSTAL	1
T4_2H_KNUCKLES_CRYSTAL	4	T4_METALBAR_LEVEL4	12
T4_2H_KNUCKLES_CRYSTAL	4	T4_LEATHER_LEVEL4	20
T4_2H_KNUCKLES_CRYSTAL	4	T4_ARTEFACT_2H_KNUCKLES_CRYSTAL	1
T5_2H_KNUCKLES_CRYSTAL	0	T5_METALBAR	12
T5_2H_KNUCKLES_CRYSTAL	0	T5_LEATHER	20
T5_2H_KNUCKLES_CRYSTAL	0	T5_ARTEFACT_2H_KNUCKLES_CRYSTAL	1
T5_2H_KNUCKLES_CRYSTAL	1	T5_METALBAR_LEVEL1	12
T5_2H_KNUCKLES_CRYSTAL	1	T5_LEATHER_LEVEL1	20
T5_2H_KNUCKLES_CRYSTAL	1	T5_ARTEFACT_2H_KNUCKLES_CRYSTAL	1
T5_2H_KNUCKLES_CRYSTAL	2	T5_METALBAR_LEVEL2	12
T5_2H_KNUCKLES_CRYSTAL	2	T5_LEATHER_LEVEL2	20
T5_2H_KNUCKLES_CRYSTAL	2	T5_ARTEFACT_2H_KNUCKLES_CRYSTAL	1
T5_2H_KNUCKLES_CRYSTAL	3	T5_METALBAR_LEVEL3	12
T5_2H_KNUCKLES_CRYSTAL	3	T5_LEATHER_LEVEL3	20
T5_2H_KNUCKLES_CRYSTAL	3	T5_ARTEFACT_2H_KNUCKLES_CRYSTAL	1
T5_2H_KNUCKLES_CRYSTAL	4	T5_METALBAR_LEVEL4	12
T5_2H_KNUCKLES_CRYSTAL	4	T5_LEATHER_LEVEL4	20
T5_2H_KNUCKLES_CRYSTAL	4	T5_ARTEFACT_2H_KNUCKLES_CRYSTAL	1
T6_2H_KNUCKLES_CRYSTAL	0	T6_METALBAR	12
T6_2H_KNUCKLES_CRYSTAL	0	T6_LEATHER	20
T6_2H_KNUCKLES_CRYSTAL	0	T6_ARTEFACT_2H_KNUCKLES_CRYSTAL	1
T6_2H_KNUCKLES_CRYSTAL	1	T6_METALBAR_LEVEL1	12
T6_2H_KNUCKLES_CRYSTAL	1	T6_LEATHER_LEVEL1	20
T6_2H_KNUCKLES_CRYSTAL	1	T6_ARTEFACT_2H_KNUCKLES_CRYSTAL	1
T6_2H_KNUCKLES_CRYSTAL	2	T6_METALBAR_LEVEL2	12
T6_2H_KNUCKLES_CRYSTAL	2	T6_LEATHER_LEVEL2	20
T6_2H_KNUCKLES_CRYSTAL	2	T6_ARTEFACT_2H_KNUCKLES_CRYSTAL	1
T6_2H_KNUCKLES_CRYSTAL	3	T6_METALBAR_LEVEL3	12
T6_2H_KNUCKLES_CRYSTAL	3	T6_LEATHER_LEVEL3	20
T6_2H_KNUCKLES_CRYSTAL	3	T6_ARTEFACT_2H_KNUCKLES_CRYSTAL	1
T6_2H_KNUCKLES_CRYSTAL	4	T6_METALBAR_LEVEL4	12
T6_2H_KNUCKLES_CRYSTAL	4	T6_LEATHER_LEVEL4	20
T6_2H_KNUCKLES_CRYSTAL	4	T6_ARTEFACT_2H_KNUCKLES_CRYSTAL	1
T7_2H_KNUCKLES_CRYSTAL	0	T7_METALBAR	12
T7_2H_KNUCKLES_CRYSTAL	0	T7_LEATHER	20
T7_2H_KNUCKLES_CRYSTAL	0	T7_ARTEFACT_2H_KNUCKLES_CRYSTAL	1
T7_2H_KNUCKLES_CRYSTAL	1	T7_METALBAR_LEVEL1	12
T7_2H_KNUCKLES_CRYSTAL	1	T7_LEATHER_LEVEL1	20
T7_2H_KNUCKLES_CRYSTAL	1	T7_ARTEFACT_2H_KNUCKLES_CRYSTAL	1
T7_2H_KNUCKLES_CRYSTAL	2	T7_METALBAR_LEVEL2	12
T7_2H_KNUCKLES_CRYSTAL	2	T7_LEATHER_LEVEL2	20
T7_2H_KNUCKLES_CRYSTAL	2	T7_ARTEFACT_2H_KNUCKLES_CRYSTAL	1
T7_2H_KNUCKLES_CRYSTAL	3	T7_METALBAR_LEVEL3	12
T7_2H_KNUCKLES_CRYSTAL	3	T7_LEATHER_LEVEL3	20
T7_2H_KNUCKLES_CRYSTAL	3	T7_ARTEFACT_2H_KNUCKLES_CRYSTAL	1
T7_2H_KNUCKLES_CRYSTAL	4	T7_METALBAR_LEVEL4	12
T7_2H_KNUCKLES_CRYSTAL	4	T7_LEATHER_LEVEL4	20
T7_2H_KNUCKLES_CRYSTAL	4	T7_ARTEFACT_2H_KNUCKLES_CRYSTAL	1
T8_2H_KNUCKLES_CRYSTAL	0	T8_METALBAR	12
T8_2H_KNUCKLES_CRYSTAL	0	T8_LEATHER	20
T8_2H_KNUCKLES_CRYSTAL	0	T8_ARTEFACT_2H_KNUCKLES_CRYSTAL	1
T8_2H_KNUCKLES_CRYSTAL	1	T8_METALBAR_LEVEL1	12
T8_2H_KNUCKLES_CRYSTAL	1	T8_LEATHER_LEVEL1	20
T8_2H_KNUCKLES_CRYSTAL	1	T8_ARTEFACT_2H_KNUCKLES_CRYSTAL	1
T8_2H_KNUCKLES_CRYSTAL	2	T8_METALBAR_LEVEL2	12
T8_2H_KNUCKLES_CRYSTAL	2	T8_LEATHER_LEVEL2	20
T8_2H_KNUCKLES_CRYSTAL	2	T8_ARTEFACT_2H_KNUCKLES_CRYSTAL	1
T8_2H_KNUCKLES_CRYSTAL	3	T8_METALBAR_LEVEL3	12
T8_2H_KNUCKLES_CRYSTAL	3	T8_LEATHER_LEVEL3	20
T8_2H_KNUCKLES_CRYSTAL	3	T8_ARTEFACT_2H_KNUCKLES_CRYSTAL	1
T8_2H_KNUCKLES_CRYSTAL	4	T8_METALBAR_LEVEL4	12
T8_2H_KNUCKLES_CRYSTAL	4	T8_LEATHER_LEVEL4	20
T8_2H_KNUCKLES_CRYSTAL	4	T8_ARTEFACT_2H_KNUCKLES_CRYSTAL	1
UNIQUE_VANITY_2H_PORTALGUN_TELLAFRIEND	0	T4_PLANKS	20
UNIQUE_VANITY_2H_PORTALGUN_TELLAFRIEND	0	T4_METALBAR	12
UNIQUE_MOUNT_ARMORED_HORSE_KNIGHT_01_TEST	0	T3_FARM_HORSE_GROWN	1
UNIQUE_MOUNT_ARMORED_HORSE_KNIGHT_01_TEST	0	T3_LEATHER	20
T3_MOUNT_HORSE	0	T3_FARM_HORSE_GROWN	1
T3_MOUNT_HORSE	0	T3_LEATHER	20
T4_MOUNT_HORSE	0	T4_FARM_HORSE_GROWN	1
T4_MOUNT_HORSE	0	T4_LEATHER	20
T5_MOUNT_HORSE	0	T5_FARM_HORSE_GROWN	1
T5_MOUNT_HORSE	0	T5_LEATHER	20
T6_MOUNT_HORSE	0	T6_FARM_HORSE_GROWN	1
T6_MOUNT_HORSE	0	T6_LEATHER	20
T7_MOUNT_HORSE	0	T7_FARM_HORSE_GROWN	1
T7_MOUNT_HORSE	0	T7_LEATHER	20
T8_MOUNT_HORSE	0	T8_FARM_HORSE_GROWN	1
T8_MOUNT_HORSE	0	T8_LEATHER	20
T5_MOUNT_ARMORED_HORSE	0	T5_FARM_HORSE_GROWN	1
T5_MOUNT_ARMORED_HORSE	0	T5_CLOTH	10
T5_MOUNT_ARMORED_HORSE	0	T5_METALBAR	20
T6_MOUNT_ARMORED_HORSE	0	T6_FARM_HORSE_GROWN	1
T6_MOUNT_ARMORED_HORSE	0	T6_CLOTH	10
T6_MOUNT_ARMORED_HORSE	0	T6_METALBAR	20
T7_MOUNT_ARMORED_HORSE	0	T7_FARM_HORSE_GROWN	1
T7_MOUNT_ARMORED_HORSE	0	T7_CLOTH	10
T7_MOUNT_ARMORED_HORSE	0	T7_METALBAR	20
T8_MOUNT_ARMORED_HORSE	0	T8_FARM_HORSE_GROWN	1
T8_MOUNT_ARMORED_HORSE	0	T8_CLOTH	10
T8_MOUNT_ARMORED_HORSE	0	T8_METALBAR	20
T3_MOUNT_OX	0	T3_FARM_OX_GROWN	1
T3_MOUNT_OX	0	T3_PLANKS	30
T4_MOUNT_OX	0	T4_FARM_OX_GROWN	1
T4_MOUNT_OX	0	T4_PLANKS	30
T5_MOUNT_OX	0	T5_FARM_OX_GROWN	1
T5_MOUNT_OX	0	T5_PLANKS	30
T6_MOUNT_OX	0	T6_FARM_OX_GROWN	1
T6_MOUNT_OX	0	T6_PLANKS	30
T7_MOUNT_OX	0	T7_FARM_OX_GROWN	1
T7_MOUNT_OX	0	T7_PLANKS	30
T8_MOUNT_OX	0	T8_FARM_OX_GROWN	1
T8_MOUNT_OX	0	T8_PLANKS	30
T4_MOUNT_GIANTSTAG	0	T4_FARM_GIANTSTAG_GROWN	1
T4_MOUNT_GIANTSTAG	0	T4_LEATHER	20
T6_MOUNT_GIANTSTAG_MOOSE	0	T6_FARM_GIANTSTAG_MOOSE_GROWN	1
T6_MOUNT_GIANTSTAG_MOOSE	0	T6_LEATHER	20
T6_MOUNT_DIREWOLF	0	T6_FARM_DIREWOLF_GROWN	1
T6_MOUNT_DIREWOLF	0	T6_LEATHER	20
T7_MOUNT_DIREBOAR	0	T7_FARM_DIREBOAR_GROWN	1
T7_MOUNT_DIREBOAR	0	T7_LEATHER	20
T7_MOUNT_SWAMPDRAGON	0	T7_FARM_SWAMPDRAGON_GROWN	1
T7_MOUNT_SWAMPDRAGON	0	T7_LEATHER	20
T8_MOUNT_DIREBEAR	0	T8_FARM_DIREBEAR_GROWN	1
T8_MOUNT_DIREBEAR	0	T8_LEATHER	20
T8_MOUNT_MAMMOTH_TRANSPORT	0	T8_FARM_MAMMOTH_GROWN	1
T8_MOUNT_MAMMOTH_TRANSPORT	0	T8_LEATHER	20
T5_MOUNT_MOABIRD_FW_BRIDGEWATCH	0	T5_FARM_MOABIRD_FW_BRIDGEWATCH_GROWN	1
T5_MOUNT_MOABIRD_FW_BRIDGEWATCH	0	T5_LEATHER	20
T5_MOUNT_MOABIRD_FW_BRIDGEWATCH	0	T1_FACTION_STEPPE_TOKEN_1	5
T5_MOUNT_DIREBEAR_FW_FORTSTERLING	0	T5_FARM_DIREBEAR_FW_FORTSTERLING_GROWN	1
T5_MOUNT_DIREBEAR_FW_FORTSTERLING	0	T5_LEATHER	20
T5_MOUNT_DIREBEAR_FW_FORTSTERLING	0	T1_FACTION_MOUNTAIN_TOKEN_1	5
T5_MOUNT_DIREBOAR_FW_LYMHURST	0	T5_FARM_DIREBOAR_FW_LYMHURST_GROWN	1
T5_MOUNT_DIREBOAR_FW_LYMHURST	0	T5_LEATHER	20
T5_MOUNT_DIREBOAR_FW_LYMHURST	0	T1_FACTION_FOREST_TOKEN_1	5
T5_MOUNT_RAM_FW_MARTLOCK	0	T5_FARM_RAM_FW_MARTLOCK_GROWN	1
T5_MOUNT_RAM_FW_MARTLOCK	0	T5_LEATHER	20
T5_MOUNT_RAM_FW_MARTLOCK	0	T1_FACTION_HIGHLAND_TOKEN_1	5
T5_MOUNT_SWAMPDRAGON_FW_THETFORD	0	T5_FARM_SWAMPDRAGON_FW_THETFORD_GROWN	1
T5_MOUNT_SWAMPDRAGON_FW_THETFORD	0	T5_LEATHER	20
T5_MOUNT_SWAMPDRAGON_FW_THETFORD	0	T1_FACTION_SWAMP_TOKEN_1	5
T5_MOUNT_GREYWOLF_FW_CAERLEON	0	T5_FARM_GREYWOLF_FW_CAERLEON_GROWN	1
T5_MOUNT_GREYWOLF_FW_CAERLEON	0	T5_LEATHER	20
T5_MOUNT_GREYWOLF_FW_CAERLEON	0	T1_FACTION_CAERLEON_TOKEN_1	5
T5_MOUNT_OWL_FW_BRECILIEN	0	T5_FARM_OWL_FW_BRECILIEN_GROWN	1
T5_MOUNT_OWL_FW_BRECILIEN	0	T5_LEATHER	20
T5_MOUNT_OWL_FW_BRECILIEN	0	QUESTITEM_TOKEN_MISTS	5
T8_MOUNT_MOABIRD_FW_BRIDGEWATCH_ELITE	0	T8_FARM_MOABIRD_FW_BRIDGEWATCH_GROWN	1
T8_MOUNT_MOABIRD_FW_BRIDGEWATCH_ELITE	0	T8_LEATHER	20
T8_MOUNT_MOABIRD_FW_BRIDGEWATCH_ELITE	0	T1_FACTION_STEPPE_TOKEN_1	20
T8_MOUNT_DIREBEAR_FW_FORTSTERLING_ELITE	0	T8_FARM_DIREBEAR_FW_FORTSTERLING_GROWN	1
T8_MOUNT_DIREBEAR_FW_FORTSTERLING_ELITE	0	T8_LEATHER	20
T8_MOUNT_DIREBEAR_FW_FORTSTERLING_ELITE	0	T1_FACTION_MOUNTAIN_TOKEN_1	20
T8_MOUNT_DIREBOAR_FW_LYMHURST_ELITE	0	T8_FARM_DIREBOAR_FW_LYMHURST_GROWN	1
T8_MOUNT_DIREBOAR_FW_LYMHURST_ELITE	0	T8_LEATHER	20
T8_MOUNT_DIREBOAR_FW_LYMHURST_ELITE	0	T1_FACTION_FOREST_TOKEN_1	20
T8_MOUNT_RAM_FW_MARTLOCK_ELITE	0	T8_FARM_RAM_FW_MARTLOCK_GROWN	1
T8_MOUNT_RAM_FW_MARTLOCK_ELITE	0	T8_LEATHER	20
T8_MOUNT_RAM_FW_MARTLOCK_ELITE	0	T1_FACTION_HIGHLAND_TOKEN_1	20
T8_MOUNT_SWAMPDRAGON_FW_THETFORD_ELITE	0	T8_FARM_SWAMPDRAGON_FW_THETFORD_GROWN	1
T8_MOUNT_SWAMPDRAGON_FW_THETFORD_ELITE	0	T8_LEATHER	20
T8_MOUNT_SWAMPDRAGON_FW_THETFORD_ELITE	0	T1_FACTION_SWAMP_TOKEN_1	20
T8_MOUNT_GREYWOLF_FW_CAERLEON_ELITE	0	T8_FARM_GREYWOLF_FW_CAERLEON_GROWN	1
T8_MOUNT_GREYWOLF_FW_CAERLEON_ELITE	0	T8_LEATHER	20
T8_MOUNT_GREYWOLF_FW_CAERLEON_ELITE	0	T1_FACTION_CAERLEON_TOKEN_1	20
T8_MOUNT_OWL_FW_BRECILIEN_ELITE	0	T8_FARM_OWL_FW_BRECILIEN_GROWN	1
T8_MOUNT_OWL_FW_BRECILIEN_ELITE	0	T8_LEATHER	20
T8_MOUNT_OWL_FW_BRECILIEN_ELITE	0	QUESTITEM_TOKEN_MISTS	20
T5_MOUNT_SPIDER_HELL	0	T5_FARM_SPIDER_HELL_GROWN	1
T5_MOUNT_SPIDER_HELL	0	T5_LEATHER	20
T5_MOUNT_SPIDER_HELL	0	T1_FACTION_CAERLEON_TOKEN_1	5
T8_MOUNT_SPIDER_HELL	0	T8_FARM_SPIDER_HELL_GROWN	1
T8_MOUNT_SPIDER_HELL	0	T8_LEATHER	20
T8_MOUNT_SPIDER_HELL	0	T1_FACTION_CAERLEON_TOKEN_1	20
T8_MOUNT_MAMMOTH_BATTLE	0	T8_MOUNT_MAMMOTH_TRANSPORT	1
T8_MOUNT_MAMMOTH_BATTLE	0	T8_LEATHER	20
T8_MOUNT_MAMMOTH_BATTLE	0	UNIQUE_GVGTOKEN_GENERIC	10000
T7_MOUNT_SWAMPDRAGON_BATTLE	0	T7_MOUNT_SWAMPDRAGON	1
T7_MOUNT_SWAMPDRAGON_BATTLE	0	T7_CLOTH	20
T7_MOUNT_SWAMPDRAGON_BATTLE	0	UNIQUE_GVGTOKEN_GENERIC	5000
T7_MOUNT_ARMORED_SWAMPDRAGON_BATTLE	0	T7_MOUNT_SWAMPDRAGON	1
T7_MOUNT_ARMORED_SWAMPDRAGON_BATTLE	0	T7_METALBAR	20
T7_MOUNT_ARMORED_SWAMPDRAGON_BATTLE	0	UNIQUE_GVGTOKEN_GENERIC	5000
T6_MOUNT_SIEGE_BALLISTA	0	UNIQUE_GVGTOKEN_GENERIC	500
T6_MOUNT_SIEGE_BALLISTA	0	T6_MOUNT_OX	1
T6_MOUNT_SIEGE_BALLISTA	0	T6_METALBAR	20
T6_MOUNT_SIEGE_BALLISTA	0	T6_LEATHER	20
T6_MOUNT_SIEGE_BALLISTA	0	T6_PLANKS	20
T8_MOUNT_HORSE_UNDEAD	0	T8_MOUNT_HORSE	1
T8_MOUNT_HORSE_UNDEAD	0	T8_MOUNTUPGRADE_HORSE_CURSE	1
T5_MOUNT_COUGAR_KEEPER	0	T5_FARM_COUGAR_GROWN	1
T5_MOUNT_COUGAR_KEEPER	0	T5_LEATHER	20
T8_MOUNT_COUGAR_KEEPER	0	T5_MOUNT_COUGAR_KEEPER	1
T8_MOUNT_COUGAR_KEEPER	0	T8_MOUNTUPGRADE_COUGAR_KEEPER	1
T8_MOUNT_ARMORED_HORSE_MORGANA	0	T8_MOUNT_ARMORED_HORSE	1
T8_MOUNT_ARMORED_HORSE_MORGANA	0	T8_MOUNTUPGRADE_HORSE_MORGANA	1
T8_MOUNT_RABBIT_EASTER	0	T8_FARM_RABBIT_EASTER_GROWN	1
T8_MOUNT_RABBIT_EASTER	0	T8_LEATHER	20
T8_MOUNT_RABBIT_EASTER_DARK	0	T8_FARM_RABBIT_EASTER_GROWN_DARK	1
T8_MOUNT_RABBIT_EASTER_DARK	0	T8_LEATHER	20
UNIQUE_MOUNT_RAM_XMAS	0	UNIQUE_CONSUMABLE_EVENT_WINTER_2017	1100
UNIQUE_MOUNT_RAM_XMAS	0	UNIQUE_MOUNTUPGRADE_RAM_XMAS	1
T7_MOUNT_SWAMPDRAGON_AVALON_BASILISK	0	T7_MOUNT_SWAMPDRAGON	1
T7_MOUNT_SWAMPDRAGON_AVALON_BASILISK	0	QUESTITEM_TOKEN_AVALON	5000
T5_MOUNT_ARMORED_HORSE_SKIN_01	0	T5_MOUNT_ARMORED_HORSE	1
T6_MOUNT_ARMORED_HORSE_SKIN_01	0	T6_MOUNT_ARMORED_HORSE	1
T7_MOUNT_ARMORED_HORSE_SKIN_01	0	T7_MOUNT_ARMORED_HORSE	1
T8_MOUNT_ARMORED_HORSE_SKIN_01	0	T8_MOUNT_ARMORED_HORSE	1
UNIQUE_MOUNT_RHINO_TELLAFRIEND	0	T3_FARM_OX_GROWN	1
UNIQUE_MOUNT_RHINO_TELLAFRIEND	0	T3_PLANKS	30
T4_FURNITUREITEM_REPAIRKIT	0	T4_PLANKS	8
T4_FURNITUREITEM_REPAIRKIT	0	T4_METALBAR	8
T5_FURNITUREITEM_REPAIRKIT	0	T5_PLANKS	8
T5_FURNITUREITEM_REPAIRKIT	0	T5_METALBAR	8
T6_FURNITUREITEM_REPAIRKIT	0	T6_PLANKS	8
T6_FURNITUREITEM_REPAIRKIT	0	T6_METALBAR	8
T7_FURNITUREITEM_REPAIRKIT	0	T7_PLANKS	8
T7_FURNITUREITEM_REPAIRKIT	0	T7_METALBAR	8
T8_FURNITUREITEM_REPAIRKIT	0	T8_PLANKS	8
T8_FURNITUREITEM_REPAIRKIT	0	T8_METALBAR	8
T2_FURNITUREITEM_BED	0	T2_PLANKS	10
T2_FURNITUREITEM_BED	0	T2_CLOTH	20
T3_FURNITUREITEM_BED	0	T3_PLANKS	10
T3_FURNITUREITEM_BED	0	T3_CLOTH	20
T4_FURNITUREITEM_BED	0	T4_PLANKS	10
T4_FURNITUREITEM_BED	0	T4_CLOTH	20
T5_FURNITUREITEM_BED	0	T5_PLANKS	10
T5_FURNITUREITEM_BED	0	T5_CLOTH	20
T6_FURNITUREITEM_BED	0	T6_PLANKS	10
T6_FURNITUREITEM_BED	0	T6_CLOTH	20
T7_FURNITUREITEM_BED	0	T7_PLANKS	10
T7_FURNITUREITEM_BED	0	T7_CLOTH	20
T8_FURNITUREITEM_BED	0	T8_PLANKS	10
T8_FURNITUREITEM_BED	0	T8_CLOTH	20
T2_FURNITUREITEM_CHEST	0	T2_PLANKS	20
T2_FURNITUREITEM_CHEST	0	T2_METALBAR	10
T3_FURNITUREITEM_CHEST	0	T3_PLANKS	20
T3_FURNITUREITEM_CHEST	0	T3_METALBAR	10
T4_FURNITUREITEM_CHEST	0	T4_PLANKS	20
T4_FURNITUREITEM_CHEST	0	T4_METALBAR	10
T5_FURNITUREITEM_CHEST	0	T5_PLANKS	20
T5_FURNITUREITEM_CHEST	0	T5_METALBAR	10
T2_FURNITUREITEM_TABLE	0	T2_PLANKS	30
T2_FURNITUREITEM_TABLE	0	T2_CLOTH	30
T3_FURNITUREITEM_TABLE	0	T3_PLANKS	30
T3_FURNITUREITEM_TABLE	0	T3_CLOTH	30
T4_FURNITUREITEM_TABLE	0	T4_PLANKS	30
T4_FURNITUREITEM_TABLE	0	T4_CLOTH	30
T5_FURNITUREITEM_TABLE	0	T5_PLANKS	30
T5_FURNITUREITEM_TABLE	0	T5_CLOTH	30
T6_FURNITUREITEM_TABLE	0	T6_PLANKS	30
T6_FURNITUREITEM_TABLE	0	T6_CLOTH	30
T7_FURNITUREITEM_TABLE	0	T7_PLANKS	30
T7_FURNITUREITEM_TABLE	0	T7_CLOTH	30
T8_FURNITUREITEM_TABLE	0	T8_PLANKS	30
T8_FURNITUREITEM_TABLE	0	T8_CLOTH	30
UNIQUE_FURNITUREITEM_EASTER_CHEST	0	QUESTITEM_TOKEN_EVENT_EASTER_2018	7500
UNIQUE_FURNITUREITEM_VANITY_ARENA_BANNER_04	0	QUESTITEM_TOKEN_ARENA_CRYSTAL	100
UNIQUE_FURNITUREITEM_VANITY_ARENA_BANNER_05	0	QUESTITEM_TOKEN_ARENA_CRYSTAL	120
UNIQUE_FURNITUREITEM_VANITY_ARENA_BANNER_06	0	QUESTITEM_TOKEN_ARENA_CRYSTAL	220
UNIQUE_FURNITUREITEM_VANITY_ARENA_BANNER_01	0	QUESTITEM_TOKEN_ARENA_UNRANKED	50
UNIQUE_FURNITUREITEM_VANITY_ARENA_BANNER_02	0	QUESTITEM_TOKEN_ARENA_UNRANKED	200
UNIQUE_FURNITUREITEM_VANITY_ARENA_BANNER_02	0	UNIQUE_FURNITUREITEM_VANITY_ARENA_BANNER_01	1
UNIQUE_FURNITUREITEM_VANITY_ARENA_BANNER_03	0	QUESTITEM_TOKEN_ARENA_UNRANKED	1000
UNIQUE_FURNITUREITEM_VANITY_ARENA_BANNER_03	0	UNIQUE_FURNITUREITEM_VANITY_ARENA_BANNER_02	1
UNIQUE_FURNITUREITEM_XMAS_PRESENT	0	UNIQUE_CONSUMABLE_EVENT_WINTER_2017	150
UNIQUE_FURNITUREITEM_XMAS_FILL_CITY_TREE_B	0	UNIQUE_CONSUMABLE_EVENT_WINTER_2017	50
UNIQUE_FURNITUREITEM_XMAS_FILL_CITY_TREE_A	0	UNIQUE_CONSUMABLE_EVENT_WINTER_2017	250
T8_FURNITUREITEM_TROPHY_FISHING_BOSS	0	T8_FISH_SALTWATER_ALL_BOSS_SHARK	1
T8_FURNITUREITEM_TROPHY_FISHING_BOSS	0	T8_PLANKS	4
T8_FURNITUREITEM_TROPHY_FISHING_BOSS	0	T8_METALBAR	2
T3_2H_SHAPESHIFTER_SET1	0	T3_PLANKS	20
T3_2H_SHAPESHIFTER_SET1	0	T3_LEATHER	12
T3_2H_SHAPESHIFTER_SET1	0	T1_ALCHEMY_COMMON	5
T4_2H_SHAPESHIFTER_SET1	0	T4_PLANKS	20
T4_2H_SHAPESHIFTER_SET1	0	T4_LEATHER	12
T4_2H_SHAPESHIFTER_SET1	0	T3_ALCHEMY_RARE_PANTHER	2
T4_2H_SHAPESHIFTER_SET1	1	T4_PLANKS_LEVEL1	20
T4_2H_SHAPESHIFTER_SET1	1	T4_LEATHER_LEVEL1	12
T4_2H_SHAPESHIFTER_SET1	1	T3_ALCHEMY_RARE_PANTHER	2
T4_2H_SHAPESHIFTER_SET1	2	T4_PLANKS_LEVEL2	20
T4_2H_SHAPESHIFTER_SET1	2	T4_LEATHER_LEVEL2	12
T4_2H_SHAPESHIFTER_SET1	2	T3_ALCHEMY_RARE_PANTHER	2
T4_2H_SHAPESHIFTER_SET1	3	T4_PLANKS_LEVEL3	20
T4_2H_SHAPESHIFTER_SET1	3	T4_LEATHER_LEVEL3	12
T4_2H_SHAPESHIFTER_SET1	3	T3_ALCHEMY_RARE_PANTHER	2
T4_2H_SHAPESHIFTER_SET1	4	T4_PLANKS_LEVEL4	20
T4_2H_SHAPESHIFTER_SET1	4	T4_LEATHER_LEVEL4	12
T4_2H_SHAPESHIFTER_SET1	4	T3_ALCHEMY_RARE_PANTHER	2
T5_2H_SHAPESHIFTER_SET1	0	T5_PLANKS	20
T5_2H_SHAPESHIFTER_SET1	0	T5_LEATHER	12
T5_2H_SHAPESHIFTER_SET1	0	T5_ALCHEMY_RARE_PANTHER	1
T5_2H_SHAPESHIFTER_SET1	1	T5_PLANKS_LEVEL1	20
T5_2H_SHAPESHIFTER_SET1	1	T5_LEATHER_LEVEL1	12
T5_2H_SHAPESHIFTER_SET1	1	T5_ALCHEMY_RARE_PANTHER	1
T5_2H_SHAPESHIFTER_SET1	2	T5_PLANKS_LEVEL2	20
T5_2H_SHAPESHIFTER_SET1	2	T5_LEATHER_LEVEL2	12
T5_2H_SHAPESHIFTER_SET1	2	T5_ALCHEMY_RARE_PANTHER	1
T5_2H_SHAPESHIFTER_SET1	3	T5_PLANKS_LEVEL3	20
T5_2H_SHAPESHIFTER_SET1	3	T5_LEATHER_LEVEL3	12
T5_2H_SHAPESHIFTER_SET1	3	T5_ALCHEMY_RARE_PANTHER	1
T5_2H_SHAPESHIFTER_SET1	4	T5_PLANKS_LEVEL4	20
T5_2H_SHAPESHIFTER_SET1	4	T5_LEATHER_LEVEL4	12
T5_2H_SHAPESHIFTER_SET1	4	T5_ALCHEMY_RARE_PANTHER	1
T6_2H_SHAPESHIFTER_SET1	0	T6_PLANKS	20
T6_2H_SHAPESHIFTER_SET1	0	T6_LEATHER	12
T6_2H_SHAPESHIFTER_SET1	0	T5_ALCHEMY_RARE_PANTHER	2
T6_2H_SHAPESHIFTER_SET1	1	T6_PLANKS_LEVEL1	20
T6_2H_SHAPESHIFTER_SET1	1	T6_LEATHER_LEVEL1	12
T6_2H_SHAPESHIFTER_SET1	1	T5_ALCHEMY_RARE_PANTHER	2
T6_2H_SHAPESHIFTER_SET1	2	T6_PLANKS_LEVEL2	20
T6_2H_SHAPESHIFTER_SET1	2	T6_LEATHER_LEVEL2	12
T6_2H_SHAPESHIFTER_SET1	2	T5_ALCHEMY_RARE_PANTHER	2
T6_2H_SHAPESHIFTER_SET1	3	T6_PLANKS_LEVEL3	20
T6_2H_SHAPESHIFTER_SET1	3	T6_LEATHER_LEVEL3	12
T6_2H_SHAPESHIFTER_SET1	3	T5_ALCHEMY_RARE_PANTHER	2
T6_2H_SHAPESHIFTER_SET1	4	T6_PLANKS_LEVEL4	20
T6_2H_SHAPESHIFTER_SET1	4	T6_LEATHER_LEVEL4	12
T6_2H_SHAPESHIFTER_SET1	4	T5_ALCHEMY_RARE_PANTHER	2
T7_2H_SHAPESHIFTER_SET1	0	T7_PLANKS	20
T7_2H_SHAPESHIFTER_SET1	0	T7_LEATHER	12
T7_2H_SHAPESHIFTER_SET1	0	T7_ALCHEMY_RARE_PANTHER	1
T7_2H_SHAPESHIFTER_SET1	1	T7_PLANKS_LEVEL1	20
T7_2H_SHAPESHIFTER_SET1	1	T7_LEATHER_LEVEL1	12
T7_2H_SHAPESHIFTER_SET1	1	T7_ALCHEMY_RARE_PANTHER	1
T7_2H_SHAPESHIFTER_SET1	2	T7_PLANKS_LEVEL2	20
T7_2H_SHAPESHIFTER_SET1	2	T7_LEATHER_LEVEL2	12
T7_2H_SHAPESHIFTER_SET1	2	T7_ALCHEMY_RARE_PANTHER	1
T7_2H_SHAPESHIFTER_SET1	3	T7_PLANKS_LEVEL3	20
T7_2H_SHAPESHIFTER_SET1	3	T7_LEATHER_LEVEL3	12
T7_2H_SHAPESHIFTER_SET1	3	T7_ALCHEMY_RARE_PANTHER	1
T7_2H_SHAPESHIFTER_SET1	4	T7_PLANKS_LEVEL4	20
T7_2H_SHAPESHIFTER_SET1	4	T7_LEATHER_LEVEL4	12
T7_2H_SHAPESHIFTER_SET1	4	T7_ALCHEMY_RARE_PANTHER	1
T8_2H_SHAPESHIFTER_SET1	0	T8_PLANKS	20
T8_2H_SHAPESHIFTER_SET1	0	T8_LEATHER	12
T8_2H_SHAPESHIFTER_SET1	0	T7_ALCHEMY_RARE_PANTHER	2
T8_2H_SHAPESHIFTER_SET1	1	T8_PLANKS_LEVEL1	20
T8_2H_SHAPESHIFTER_SET1	1	T8_LEATHER_LEVEL1	12
T8_2H_SHAPESHIFTER_SET1	1	T7_ALCHEMY_RARE_PANTHER	2
T8_2H_SHAPESHIFTER_SET1	2	T8_PLANKS_LEVEL2	20
T8_2H_SHAPESHIFTER_SET1	2	T8_LEATHER_LEVEL2	12
T8_2H_SHAPESHIFTER_SET1	2	T7_ALCHEMY_RARE_PANTHER	2
T8_2H_SHAPESHIFTER_SET1	3	T8_PLANKS_LEVEL3	20
T8_2H_SHAPESHIFTER_SET1	3	T8_LEATHER_LEVEL3	12
T8_2H_SHAPESHIFTER_SET1	3	T7_ALCHEMY_RARE_PANTHER	2
T8_2H_SHAPESHIFTER_SET1	4	T8_PLANKS_LEVEL4	20
T8_2H_SHAPESHIFTER_SET1	4	T8_LEATHER_LEVEL4	12
T8_2H_SHAPESHIFTER_SET1	4	T7_ALCHEMY_RARE_PANTHER	2
T4_2H_SHAPESHIFTER_SET2	0	T4_PLANKS	20
T4_2H_SHAPESHIFTER_SET2	0	T4_LEATHER	12
T4_2H_SHAPESHIFTER_SET2	0	T3_ALCHEMY_RARE_ENT	2
T4_2H_SHAPESHIFTER_SET2	1	T4_PLANKS_LEVEL1	20
T4_2H_SHAPESHIFTER_SET2	1	T4_LEATHER_LEVEL1	12
T4_2H_SHAPESHIFTER_SET2	1	T3_ALCHEMY_RARE_ENT	2
T4_2H_SHAPESHIFTER_SET2	2	T4_PLANKS_LEVEL2	20
T4_2H_SHAPESHIFTER_SET2	2	T4_LEATHER_LEVEL2	12
T4_2H_SHAPESHIFTER_SET2	2	T3_ALCHEMY_RARE_ENT	2
T4_2H_SHAPESHIFTER_SET2	3	T4_PLANKS_LEVEL3	20
T4_2H_SHAPESHIFTER_SET2	3	T4_LEATHER_LEVEL3	12
T4_2H_SHAPESHIFTER_SET2	3	T3_ALCHEMY_RARE_ENT	2
T4_2H_SHAPESHIFTER_SET2	4	T4_PLANKS_LEVEL4	20
T4_2H_SHAPESHIFTER_SET2	4	T4_LEATHER_LEVEL4	12
T4_2H_SHAPESHIFTER_SET2	4	T3_ALCHEMY_RARE_ENT	2
T5_2H_SHAPESHIFTER_SET2	0	T5_PLANKS	20
T5_2H_SHAPESHIFTER_SET2	0	T5_LEATHER	12
T5_2H_SHAPESHIFTER_SET2	0	T5_ALCHEMY_RARE_ENT	1
T5_2H_SHAPESHIFTER_SET2	1	T5_PLANKS_LEVEL1	20
T5_2H_SHAPESHIFTER_SET2	1	T5_LEATHER_LEVEL1	12
T5_2H_SHAPESHIFTER_SET2	1	T5_ALCHEMY_RARE_ENT	1
T5_2H_SHAPESHIFTER_SET2	2	T5_PLANKS_LEVEL2	20
T5_2H_SHAPESHIFTER_SET2	2	T5_LEATHER_LEVEL2	12
T5_2H_SHAPESHIFTER_SET2	2	T5_ALCHEMY_RARE_ENT	1
T5_2H_SHAPESHIFTER_SET2	3	T5_PLANKS_LEVEL3	20
T5_2H_SHAPESHIFTER_SET2	3	T5_LEATHER_LEVEL3	12
T5_2H_SHAPESHIFTER_SET2	3	T5_ALCHEMY_RARE_ENT	1
T5_2H_SHAPESHIFTER_SET2	4	T5_PLANKS_LEVEL4	20
T5_2H_SHAPESHIFTER_SET2	4	T5_LEATHER_LEVEL4	12
T5_2H_SHAPESHIFTER_SET2	4	T5_ALCHEMY_RARE_ENT	1
T6_2H_SHAPESHIFTER_SET2	0	T6_PLANKS	20
T6_2H_SHAPESHIFTER_SET2	0	T6_LEATHER	12
T6_2H_SHAPESHIFTER_SET2	0	T5_ALCHEMY_RARE_ENT	2
T6_2H_SHAPESHIFTER_SET2	1	T6_PLANKS_LEVEL1	20
T6_2H_SHAPESHIFTER_SET2	1	T6_LEATHER_LEVEL1	12
T6_2H_SHAPESHIFTER_SET2	1	T5_ALCHEMY_RARE_ENT	2
T6_2H_SHAPESHIFTER_SET2	2	T6_PLANKS_LEVEL2	20
T6_2H_SHAPESHIFTER_SET2	2	T6_LEATHER_LEVEL2	12
T6_2H_SHAPESHIFTER_SET2	2	T5_ALCHEMY_RARE_ENT	2
T6_2H_SHAPESHIFTER_SET2	3	T6_PLANKS_LEVEL3	20
T6_2H_SHAPESHIFTER_SET2	3	T6_LEATHER_LEVEL3	12
T6_2H_SHAPESHIFTER_SET2	3	T5_ALCHEMY_RARE_ENT	2
T6_2H_SHAPESHIFTER_SET2	4	T6_PLANKS_LEVEL4	20
T6_2H_SHAPESHIFTER_SET2	4	T6_LEATHER_LEVEL4	12
T6_2H_SHAPESHIFTER_SET2	4	T5_ALCHEMY_RARE_ENT	2
T7_2H_SHAPESHIFTER_SET2	0	T7_PLANKS	20
T7_2H_SHAPESHIFTER_SET2	0	T7_LEATHER	12
T7_2H_SHAPESHIFTER_SET2	0	T7_ALCHEMY_RARE_ENT	1
T7_2H_SHAPESHIFTER_SET2	1	T7_PLANKS_LEVEL1	20
T7_2H_SHAPESHIFTER_SET2	1	T7_LEATHER_LEVEL1	12
T7_2H_SHAPESHIFTER_SET2	1	T7_ALCHEMY_RARE_ENT	1
T7_2H_SHAPESHIFTER_SET2	2	T7_PLANKS_LEVEL2	20
T7_2H_SHAPESHIFTER_SET2	2	T7_LEATHER_LEVEL2	12
T7_2H_SHAPESHIFTER_SET2	2	T7_ALCHEMY_RARE_ENT	1
T7_2H_SHAPESHIFTER_SET2	3	T7_PLANKS_LEVEL3	20
T7_2H_SHAPESHIFTER_SET2	3	T7_LEATHER_LEVEL3	12
T7_2H_SHAPESHIFTER_SET2	3	T7_ALCHEMY_RARE_ENT	1
T7_2H_SHAPESHIFTER_SET2	4	T7_PLANKS_LEVEL4	20
T7_2H_SHAPESHIFTER_SET2	4	T7_LEATHER_LEVEL4	12
T7_2H_SHAPESHIFTER_SET2	4	T7_ALCHEMY_RARE_ENT	1
T8_2H_SHAPESHIFTER_SET2	0	T8_PLANKS	20
T8_2H_SHAPESHIFTER_SET2	0	T8_LEATHER	12
T8_2H_SHAPESHIFTER_SET2	0	T7_ALCHEMY_RARE_ENT	2
T8_2H_SHAPESHIFTER_SET2	1	T8_PLANKS_LEVEL1	20
T8_2H_SHAPESHIFTER_SET2	1	T8_LEATHER_LEVEL1	12
T8_2H_SHAPESHIFTER_SET2	1	T7_ALCHEMY_RARE_ENT	2
T8_2H_SHAPESHIFTER_SET2	2	T8_PLANKS_LEVEL2	20
T8_2H_SHAPESHIFTER_SET2	2	T8_LEATHER_LEVEL2	12
T8_2H_SHAPESHIFTER_SET2	2	T7_ALCHEMY_RARE_ENT	2
T8_2H_SHAPESHIFTER_SET2	3	T8_PLANKS_LEVEL3	20
T8_2H_SHAPESHIFTER_SET2	3	T8_LEATHER_LEVEL3	12
T8_2H_SHAPESHIFTER_SET2	3	T7_ALCHEMY_RARE_ENT	2
T8_2H_SHAPESHIFTER_SET2	4	T8_PLANKS_LEVEL4	20
T8_2H_SHAPESHIFTER_SET2	4	T8_LEATHER_LEVEL4	12
T8_2H_SHAPESHIFTER_SET2	4	T7_ALCHEMY_RARE_ENT	2
T4_2H_SHAPESHIFTER_SET3	0	T4_PLANKS	20
T4_2H_SHAPESHIFTER_SET3	0	T4_LEATHER	12
T4_2H_SHAPESHIFTER_SET3	0	T3_ALCHEMY_RARE_DIREBEAR	2
T4_2H_SHAPESHIFTER_SET3	1	T4_PLANKS_LEVEL1	20
T4_2H_SHAPESHIFTER_SET3	1	T4_LEATHER_LEVEL1	12
T4_2H_SHAPESHIFTER_SET3	1	T3_ALCHEMY_RARE_DIREBEAR	2
T4_2H_SHAPESHIFTER_SET3	2	T4_PLANKS_LEVEL2	20
T4_2H_SHAPESHIFTER_SET3	2	T4_LEATHER_LEVEL2	12
T4_2H_SHAPESHIFTER_SET3	2	T3_ALCHEMY_RARE_DIREBEAR	2
T4_2H_SHAPESHIFTER_SET3	3	T4_PLANKS_LEVEL3	20
T4_2H_SHAPESHIFTER_SET3	3	T4_LEATHER_LEVEL3	12
T4_2H_SHAPESHIFTER_SET3	3	T3_ALCHEMY_RARE_DIREBEAR	2
T4_2H_SHAPESHIFTER_SET3	4	T4_PLANKS_LEVEL4	20
T4_2H_SHAPESHIFTER_SET3	4	T4_LEATHER_LEVEL4	12
T4_2H_SHAPESHIFTER_SET3	4	T3_ALCHEMY_RARE_DIREBEAR	2
T5_2H_SHAPESHIFTER_SET3	0	T5_PLANKS	20
T5_2H_SHAPESHIFTER_SET3	0	T5_LEATHER	12
T5_2H_SHAPESHIFTER_SET3	0	T5_ALCHEMY_RARE_DIREBEAR	1
T5_2H_SHAPESHIFTER_SET3	1	T5_PLANKS_LEVEL1	20
T5_2H_SHAPESHIFTER_SET3	1	T5_LEATHER_LEVEL1	12
T5_2H_SHAPESHIFTER_SET3	1	T5_ALCHEMY_RARE_DIREBEAR	1
T5_2H_SHAPESHIFTER_SET3	2	T5_PLANKS_LEVEL2	20
T5_2H_SHAPESHIFTER_SET3	2	T5_LEATHER_LEVEL2	12
T5_2H_SHAPESHIFTER_SET3	2	T5_ALCHEMY_RARE_DIREBEAR	1
T5_2H_SHAPESHIFTER_SET3	3	T5_PLANKS_LEVEL3	20
T5_2H_SHAPESHIFTER_SET3	3	T5_LEATHER_LEVEL3	12
T5_2H_SHAPESHIFTER_SET3	3	T5_ALCHEMY_RARE_DIREBEAR	1
T5_2H_SHAPESHIFTER_SET3	4	T5_PLANKS_LEVEL4	20
T5_2H_SHAPESHIFTER_SET3	4	T5_LEATHER_LEVEL4	12
T5_2H_SHAPESHIFTER_SET3	4	T5_ALCHEMY_RARE_DIREBEAR	1
T6_2H_SHAPESHIFTER_SET3	0	T6_PLANKS	20
T6_2H_SHAPESHIFTER_SET3	0	T6_LEATHER	12
T6_2H_SHAPESHIFTER_SET3	0	T5_ALCHEMY_RARE_DIREBEAR	2
T6_2H_SHAPESHIFTER_SET3	1	T6_PLANKS_LEVEL1	20
T6_2H_SHAPESHIFTER_SET3	1	T6_LEATHER_LEVEL1	12
T6_2H_SHAPESHIFTER_SET3	1	T5_ALCHEMY_RARE_DIREBEAR	2
T6_2H_SHAPESHIFTER_SET3	2	T6_PLANKS_LEVEL2	20
T6_2H_SHAPESHIFTER_SET3	2	T6_LEATHER_LEVEL2	12
T6_2H_SHAPESHIFTER_SET3	2	T5_ALCHEMY_RARE_DIREBEAR	2
T6_2H_SHAPESHIFTER_SET3	3	T6_PLANKS_LEVEL3	20
T6_2H_SHAPESHIFTER_SET3	3	T6_LEATHER_LEVEL3	12
T6_2H_SHAPESHIFTER_SET3	3	T5_ALCHEMY_RARE_DIREBEAR	2
T6_2H_SHAPESHIFTER_SET3	4	T6_PLANKS_LEVEL4	20
T6_2H_SHAPESHIFTER_SET3	4	T6_LEATHER_LEVEL4	12
T6_2H_SHAPESHIFTER_SET3	4	T5_ALCHEMY_RARE_DIREBEAR	2
T7_2H_SHAPESHIFTER_SET3	0	T7_PLANKS	20
T7_2H_SHAPESHIFTER_SET3	0	T7_LEATHER	12
T7_2H_SHAPESHIFTER_SET3	0	T7_ALCHEMY_RARE_DIREBEAR	1
T7_2H_SHAPESHIFTER_SET3	1	T7_PLANKS_LEVEL1	20
T7_2H_SHAPESHIFTER_SET3	1	T7_LEATHER_LEVEL1	12
T7_2H_SHAPESHIFTER_SET3	1	T7_ALCHEMY_RARE_DIREBEAR	1
T7_2H_SHAPESHIFTER_SET3	2	T7_PLANKS_LEVEL2	20
T7_2H_SHAPESHIFTER_SET3	2	T7_LEATHER_LEVEL2	12
T7_2H_SHAPESHIFTER_SET3	2	T7_ALCHEMY_RARE_DIREBEAR	1
T7_2H_SHAPESHIFTER_SET3	3	T7_PLANKS_LEVEL3	20
T7_2H_SHAPESHIFTER_SET3	3	T7_LEATHER_LEVEL3	12
T7_2H_SHAPESHIFTER_SET3	3	T7_ALCHEMY_RARE_DIREBEAR	1
T7_2H_SHAPESHIFTER_SET3	4	T7_PLANKS_LEVEL4	20
T7_2H_SHAPESHIFTER_SET3	4	T7_LEATHER_LEVEL4	12
T7_2H_SHAPESHIFTER_SET3	4	T7_ALCHEMY_RARE_DIREBEAR	1
T8_2H_SHAPESHIFTER_SET3	0	T8_PLANKS	20
T8_2H_SHAPESHIFTER_SET3	0	T8_LEATHER	12
T8_2H_SHAPESHIFTER_SET3	0	T7_ALCHEMY_RARE_DIREBEAR	2
T8_2H_SHAPESHIFTER_SET3	1	T8_PLANKS_LEVEL1	20
T8_2H_SHAPESHIFTER_SET3	1	T8_LEATHER_LEVEL1	12
T8_2H_SHAPESHIFTER_SET3	1	T7_ALCHEMY_RARE_DIREBEAR	2
T8_2H_SHAPESHIFTER_SET3	2	T8_PLANKS_LEVEL2	20
T8_2H_SHAPESHIFTER_SET3	2	T8_LEATHER_LEVEL2	12
T8_2H_SHAPESHIFTER_SET3	2	T7_ALCHEMY_RARE_DIREBEAR	2
T8_2H_SHAPESHIFTER_SET3	3	T8_PLANKS_LEVEL3	20
T8_2H_SHAPESHIFTER_SET3	3	T8_LEATHER_LEVEL3	12
T8_2H_SHAPESHIFTER_SET3	3	T7_ALCHEMY_RARE_DIREBEAR	2
T8_2H_SHAPESHIFTER_SET3	4	T8_PLANKS_LEVEL4	20
T8_2H_SHAPESHIFTER_SET3	4	T8_LEATHER_LEVEL4	12
T8_2H_SHAPESHIFTER_SET3	4	T7_ALCHEMY_RARE_DIREBEAR	2
T4_2H_SHAPESHIFTER_MORGANA	0	T4_PLANKS	20
T4_2H_SHAPESHIFTER_MORGANA	0	T4_LEATHER	12
T4_2H_SHAPESHIFTER_MORGANA	0	T4_ARTEFACT_2H_SHAPESHIFTER_MORGANA	1
T4_2H_SHAPESHIFTER_MORGANA	0	T3_ALCHEMY_RARE_WEREWOLF	2
T4_2H_SHAPESHIFTER_MORGANA	1	T4_PLANKS_LEVEL1	20
T4_2H_SHAPESHIFTER_MORGANA	1	T4_LEATHER_LEVEL1	12
T4_2H_SHAPESHIFTER_MORGANA	1	T4_ARTEFACT_2H_SHAPESHIFTER_MORGANA	1
T4_2H_SHAPESHIFTER_MORGANA	1	T3_ALCHEMY_RARE_WEREWOLF	2
T4_2H_SHAPESHIFTER_MORGANA	2	T4_PLANKS_LEVEL2	20
T4_2H_SHAPESHIFTER_MORGANA	2	T4_LEATHER_LEVEL2	12
T4_2H_SHAPESHIFTER_MORGANA	2	T4_ARTEFACT_2H_SHAPESHIFTER_MORGANA	1
T4_2H_SHAPESHIFTER_MORGANA	2	T3_ALCHEMY_RARE_WEREWOLF	2
T4_2H_SHAPESHIFTER_MORGANA	3	T4_PLANKS_LEVEL3	20
T4_2H_SHAPESHIFTER_MORGANA	3	T4_LEATHER_LEVEL3	12
T4_2H_SHAPESHIFTER_MORGANA	3	T4_ARTEFACT_2H_SHAPESHIFTER_MORGANA	1
T4_2H_SHAPESHIFTER_MORGANA	3	T3_ALCHEMY_RARE_WEREWOLF	2
T4_2H_SHAPESHIFTER_MORGANA	4	T4_PLANKS_LEVEL4	20
T4_2H_SHAPESHIFTER_MORGANA	4	T4_LEATHER_LEVEL4	12
T4_2H_SHAPESHIFTER_MORGANA	4	T4_ARTEFACT_2H_SHAPESHIFTER_MORGANA	1
T4_2H_SHAPESHIFTER_MORGANA	4	T3_ALCHEMY_RARE_WEREWOLF	2
T5_2H_SHAPESHIFTER_MORGANA	0	T5_PLANKS	20
T5_2H_SHAPESHIFTER_MORGANA	0	T5_LEATHER	12
T5_2H_SHAPESHIFTER_MORGANA	0	T5_ARTEFACT_2H_SHAPESHIFTER_MORGANA	1
T5_2H_SHAPESHIFTER_MORGANA	0	T5_ALCHEMY_RARE_WEREWOLF	1
T5_2H_SHAPESHIFTER_MORGANA	1	T5_PLANKS_LEVEL1	20
T5_2H_SHAPESHIFTER_MORGANA	1	T5_LEATHER_LEVEL1	12
T5_2H_SHAPESHIFTER_MORGANA	1	T5_ARTEFACT_2H_SHAPESHIFTER_MORGANA	1
T5_2H_SHAPESHIFTER_MORGANA	1	T5_ALCHEMY_RARE_WEREWOLF	1
T5_2H_SHAPESHIFTER_MORGANA	2	T5_PLANKS_LEVEL2	20
T5_2H_SHAPESHIFTER_MORGANA	2	T5_LEATHER_LEVEL2	12
T5_2H_SHAPESHIFTER_MORGANA	2	T5_ARTEFACT_2H_SHAPESHIFTER_MORGANA	1
T5_2H_SHAPESHIFTER_MORGANA	2	T5_ALCHEMY_RARE_WEREWOLF	1
T5_2H_SHAPESHIFTER_MORGANA	3	T5_PLANKS_LEVEL3	20
T5_2H_SHAPESHIFTER_MORGANA	3	T5_LEATHER_LEVEL3	12
T5_2H_SHAPESHIFTER_MORGANA	3	T5_ARTEFACT_2H_SHAPESHIFTER_MORGANA	1
T5_2H_SHAPESHIFTER_MORGANA	3	T5_ALCHEMY_RARE_WEREWOLF	1
T5_2H_SHAPESHIFTER_MORGANA	4	T5_PLANKS_LEVEL4	20
T5_2H_SHAPESHIFTER_MORGANA	4	T5_LEATHER_LEVEL4	12
T5_2H_SHAPESHIFTER_MORGANA	4	T5_ARTEFACT_2H_SHAPESHIFTER_MORGANA	1
T5_2H_SHAPESHIFTER_MORGANA	4	T5_ALCHEMY_RARE_WEREWOLF	1
T6_2H_SHAPESHIFTER_MORGANA	0	T6_PLANKS	20
T6_2H_SHAPESHIFTER_MORGANA	0	T6_LEATHER	12
T6_2H_SHAPESHIFTER_MORGANA	0	T6_ARTEFACT_2H_SHAPESHIFTER_MORGANA	1
T6_2H_SHAPESHIFTER_MORGANA	0	T5_ALCHEMY_RARE_WEREWOLF	2
T6_2H_SHAPESHIFTER_MORGANA	1	T6_PLANKS_LEVEL1	20
T6_2H_SHAPESHIFTER_MORGANA	1	T6_LEATHER_LEVEL1	12
T6_2H_SHAPESHIFTER_MORGANA	1	T6_ARTEFACT_2H_SHAPESHIFTER_MORGANA	1
T6_2H_SHAPESHIFTER_MORGANA	1	T5_ALCHEMY_RARE_WEREWOLF	2
T6_2H_SHAPESHIFTER_MORGANA	2	T6_PLANKS_LEVEL2	20
T6_2H_SHAPESHIFTER_MORGANA	2	T6_LEATHER_LEVEL2	12
T6_2H_SHAPESHIFTER_MORGANA	2	T6_ARTEFACT_2H_SHAPESHIFTER_MORGANA	1
T6_2H_SHAPESHIFTER_MORGANA	2	T5_ALCHEMY_RARE_WEREWOLF	2
T6_2H_SHAPESHIFTER_MORGANA	3	T6_PLANKS_LEVEL3	20
T6_2H_SHAPESHIFTER_MORGANA	3	T6_LEATHER_LEVEL3	12
T6_2H_SHAPESHIFTER_MORGANA	3	T6_ARTEFACT_2H_SHAPESHIFTER_MORGANA	1
T6_2H_SHAPESHIFTER_MORGANA	3	T5_ALCHEMY_RARE_WEREWOLF	2
T6_2H_SHAPESHIFTER_MORGANA	4	T6_PLANKS_LEVEL4	20
T6_2H_SHAPESHIFTER_MORGANA	4	T6_LEATHER_LEVEL4	12
T6_2H_SHAPESHIFTER_MORGANA	4	T6_ARTEFACT_2H_SHAPESHIFTER_MORGANA	1
T6_2H_SHAPESHIFTER_MORGANA	4	T5_ALCHEMY_RARE_WEREWOLF	2
T7_2H_SHAPESHIFTER_MORGANA	0	T7_PLANKS	20
T7_2H_SHAPESHIFTER_MORGANA	0	T7_LEATHER	12
T7_2H_SHAPESHIFTER_MORGANA	0	T7_ARTEFACT_2H_SHAPESHIFTER_MORGANA	1
T7_2H_SHAPESHIFTER_MORGANA	0	T7_ALCHEMY_RARE_WEREWOLF	1
T7_2H_SHAPESHIFTER_MORGANA	1	T7_PLANKS_LEVEL1	20
T7_2H_SHAPESHIFTER_MORGANA	1	T7_LEATHER_LEVEL1	12
T7_2H_SHAPESHIFTER_MORGANA	1	T7_ARTEFACT_2H_SHAPESHIFTER_MORGANA	1
T7_2H_SHAPESHIFTER_MORGANA	1	T7_ALCHEMY_RARE_WEREWOLF	1
T7_2H_SHAPESHIFTER_MORGANA	2	T7_PLANKS_LEVEL2	20
T7_2H_SHAPESHIFTER_MORGANA	2	T7_LEATHER_LEVEL2	12
T7_2H_SHAPESHIFTER_MORGANA	2	T7_ARTEFACT_2H_SHAPESHIFTER_MORGANA	1
T7_2H_SHAPESHIFTER_MORGANA	2	T7_ALCHEMY_RARE_WEREWOLF	1
T7_2H_SHAPESHIFTER_MORGANA	3	T7_PLANKS_LEVEL3	20
T7_2H_SHAPESHIFTER_MORGANA	3	T7_LEATHER_LEVEL3	12
T7_2H_SHAPESHIFTER_MORGANA	3	T7_ARTEFACT_2H_SHAPESHIFTER_MORGANA	1
T7_2H_SHAPESHIFTER_MORGANA	3	T7_ALCHEMY_RARE_WEREWOLF	1
T7_2H_SHAPESHIFTER_MORGANA	4	T7_PLANKS_LEVEL4	20
T7_2H_SHAPESHIFTER_MORGANA	4	T7_LEATHER_LEVEL4	12
T7_2H_SHAPESHIFTER_MORGANA	4	T7_ARTEFACT_2H_SHAPESHIFTER_MORGANA	1
T7_2H_SHAPESHIFTER_MORGANA	4	T7_ALCHEMY_RARE_WEREWOLF	1
T8_2H_SHAPESHIFTER_MORGANA	0	T8_PLANKS	20
T8_2H_SHAPESHIFTER_MORGANA	0	T8_LEATHER	12
T8_2H_SHAPESHIFTER_MORGANA	0	T8_ARTEFACT_2H_SHAPESHIFTER_MORGANA	1
T8_2H_SHAPESHIFTER_MORGANA	0	T7_ALCHEMY_RARE_WEREWOLF	2
T8_2H_SHAPESHIFTER_MORGANA	1	T8_PLANKS_LEVEL1	20
T8_2H_SHAPESHIFTER_MORGANA	1	T8_LEATHER_LEVEL1	12
T8_2H_SHAPESHIFTER_MORGANA	1	T8_ARTEFACT_2H_SHAPESHIFTER_MORGANA	1
T8_2H_SHAPESHIFTER_MORGANA	1	T7_ALCHEMY_RARE_WEREWOLF	2
T8_2H_SHAPESHIFTER_MORGANA	2	T8_PLANKS_LEVEL2	20
T8_2H_SHAPESHIFTER_MORGANA	2	T8_LEATHER_LEVEL2	12
T8_2H_SHAPESHIFTER_MORGANA	2	T8_ARTEFACT_2H_SHAPESHIFTER_MORGANA	1
T8_2H_SHAPESHIFTER_MORGANA	2	T7_ALCHEMY_RARE_WEREWOLF	2
T8_2H_SHAPESHIFTER_MORGANA	3	T8_PLANKS_LEVEL3	20
T8_2H_SHAPESHIFTER_MORGANA	3	T8_LEATHER_LEVEL3	12
T8_2H_SHAPESHIFTER_MORGANA	3	T8_ARTEFACT_2H_SHAPESHIFTER_MORGANA	1
T8_2H_SHAPESHIFTER_MORGANA	3	T7_ALCHEMY_RARE_WEREWOLF	2
T8_2H_SHAPESHIFTER_MORGANA	4	T8_PLANKS_LEVEL4	20
T8_2H_SHAPESHIFTER_MORGANA	4	T8_LEATHER_LEVEL4	12
T8_2H_SHAPESHIFTER_MORGANA	4	T8_ARTEFACT_2H_SHAPESHIFTER_MORGANA	1
T8_2H_SHAPESHIFTER_MORGANA	4	T7_ALCHEMY_RARE_WEREWOLF	2
T4_2H_SHAPESHIFTER_HELL	0	T4_PLANKS	20
T4_2H_SHAPESHIFTER_HELL	0	T4_LEATHER	12
T4_2H_SHAPESHIFTER_HELL	0	T4_ARTEFACT_2H_SHAPESHIFTER_HELL	1
T4_2H_SHAPESHIFTER_HELL	0	T3_ALCHEMY_RARE_IMP	2
T4_2H_SHAPESHIFTER_HELL	1	T4_PLANKS_LEVEL1	20
T4_2H_SHAPESHIFTER_HELL	1	T4_LEATHER_LEVEL1	12
T4_2H_SHAPESHIFTER_HELL	1	T4_ARTEFACT_2H_SHAPESHIFTER_HELL	1
T4_2H_SHAPESHIFTER_HELL	1	T3_ALCHEMY_RARE_IMP	2
T4_2H_SHAPESHIFTER_HELL	2	T4_PLANKS_LEVEL2	20
T4_2H_SHAPESHIFTER_HELL	2	T4_LEATHER_LEVEL2	12
T4_2H_SHAPESHIFTER_HELL	2	T4_ARTEFACT_2H_SHAPESHIFTER_HELL	1
T4_2H_SHAPESHIFTER_HELL	2	T3_ALCHEMY_RARE_IMP	2
T4_2H_SHAPESHIFTER_HELL	3	T4_PLANKS_LEVEL3	20
T4_2H_SHAPESHIFTER_HELL	3	T4_LEATHER_LEVEL3	12
T4_2H_SHAPESHIFTER_HELL	3	T4_ARTEFACT_2H_SHAPESHIFTER_HELL	1
T4_2H_SHAPESHIFTER_HELL	3	T3_ALCHEMY_RARE_IMP	2
T4_2H_SHAPESHIFTER_HELL	4	T4_PLANKS_LEVEL4	20
T4_2H_SHAPESHIFTER_HELL	4	T4_LEATHER_LEVEL4	12
T4_2H_SHAPESHIFTER_HELL	4	T4_ARTEFACT_2H_SHAPESHIFTER_HELL	1
T4_2H_SHAPESHIFTER_HELL	4	T3_ALCHEMY_RARE_IMP	2
T5_2H_SHAPESHIFTER_HELL	0	T5_PLANKS	20
T5_2H_SHAPESHIFTER_HELL	0	T5_LEATHER	12
T5_2H_SHAPESHIFTER_HELL	0	T5_ARTEFACT_2H_SHAPESHIFTER_HELL	1
T5_2H_SHAPESHIFTER_HELL	0	T5_ALCHEMY_RARE_IMP	1
T5_2H_SHAPESHIFTER_HELL	1	T5_PLANKS_LEVEL1	20
T5_2H_SHAPESHIFTER_HELL	1	T5_LEATHER_LEVEL1	12
T5_2H_SHAPESHIFTER_HELL	1	T5_ARTEFACT_2H_SHAPESHIFTER_HELL	1
T5_2H_SHAPESHIFTER_HELL	1	T5_ALCHEMY_RARE_IMP	1
T5_2H_SHAPESHIFTER_HELL	2	T5_PLANKS_LEVEL2	20
T5_2H_SHAPESHIFTER_HELL	2	T5_LEATHER_LEVEL2	12
T5_2H_SHAPESHIFTER_HELL	2	T5_ARTEFACT_2H_SHAPESHIFTER_HELL	1
T5_2H_SHAPESHIFTER_HELL	2	T5_ALCHEMY_RARE_IMP	1
T5_2H_SHAPESHIFTER_HELL	3	T5_PLANKS_LEVEL3	20
T5_2H_SHAPESHIFTER_HELL	3	T5_LEATHER_LEVEL3	12
T5_2H_SHAPESHIFTER_HELL	3	T5_ARTEFACT_2H_SHAPESHIFTER_HELL	1
T5_2H_SHAPESHIFTER_HELL	3	T5_ALCHEMY_RARE_IMP	1
T5_2H_SHAPESHIFTER_HELL	4	T5_PLANKS_LEVEL4	20
T5_2H_SHAPESHIFTER_HELL	4	T5_LEATHER_LEVEL4	12
T5_2H_SHAPESHIFTER_HELL	4	T5_ARTEFACT_2H_SHAPESHIFTER_HELL	1
T5_2H_SHAPESHIFTER_HELL	4	T5_ALCHEMY_RARE_IMP	1
T6_2H_SHAPESHIFTER_HELL	0	T6_PLANKS	20
T6_2H_SHAPESHIFTER_HELL	0	T6_LEATHER	12
T6_2H_SHAPESHIFTER_HELL	0	T6_ARTEFACT_2H_SHAPESHIFTER_HELL	1
T6_2H_SHAPESHIFTER_HELL	0	T5_ALCHEMY_RARE_IMP	2
T6_2H_SHAPESHIFTER_HELL	1	T6_PLANKS_LEVEL1	20
T6_2H_SHAPESHIFTER_HELL	1	T6_LEATHER_LEVEL1	12
T6_2H_SHAPESHIFTER_HELL	1	T6_ARTEFACT_2H_SHAPESHIFTER_HELL	1
T6_2H_SHAPESHIFTER_HELL	1	T5_ALCHEMY_RARE_IMP	2
T6_2H_SHAPESHIFTER_HELL	2	T6_PLANKS_LEVEL2	20
T6_2H_SHAPESHIFTER_HELL	2	T6_LEATHER_LEVEL2	12
T6_2H_SHAPESHIFTER_HELL	2	T6_ARTEFACT_2H_SHAPESHIFTER_HELL	1
T6_2H_SHAPESHIFTER_HELL	2	T5_ALCHEMY_RARE_IMP	2
T6_2H_SHAPESHIFTER_HELL	3	T6_PLANKS_LEVEL3	20
T6_2H_SHAPESHIFTER_HELL	3	T6_LEATHER_LEVEL3	12
T6_2H_SHAPESHIFTER_HELL	3	T6_ARTEFACT_2H_SHAPESHIFTER_HELL	1
T6_2H_SHAPESHIFTER_HELL	3	T5_ALCHEMY_RARE_IMP	2
T6_2H_SHAPESHIFTER_HELL	4	T6_PLANKS_LEVEL4	20
T6_2H_SHAPESHIFTER_HELL	4	T6_LEATHER_LEVEL4	12
T6_2H_SHAPESHIFTER_HELL	4	T6_ARTEFACT_2H_SHAPESHIFTER_HELL	1
T6_2H_SHAPESHIFTER_HELL	4	T5_ALCHEMY_RARE_IMP	2
T7_2H_SHAPESHIFTER_HELL	0	T7_PLANKS	20
T7_2H_SHAPESHIFTER_HELL	0	T7_LEATHER	12
T7_2H_SHAPESHIFTER_HELL	0	T7_ARTEFACT_2H_SHAPESHIFTER_HELL	1
T7_2H_SHAPESHIFTER_HELL	0	T7_ALCHEMY_RARE_IMP	1
T7_2H_SHAPESHIFTER_HELL	1	T7_PLANKS_LEVEL1	20
T7_2H_SHAPESHIFTER_HELL	1	T7_LEATHER_LEVEL1	12
T7_2H_SHAPESHIFTER_HELL	1	T7_ARTEFACT_2H_SHAPESHIFTER_HELL	1
T7_2H_SHAPESHIFTER_HELL	1	T7_ALCHEMY_RARE_IMP	1
T7_2H_SHAPESHIFTER_HELL	2	T7_PLANKS_LEVEL2	20
T7_2H_SHAPESHIFTER_HELL	2	T7_LEATHER_LEVEL2	12
T7_2H_SHAPESHIFTER_HELL	2	T7_ARTEFACT_2H_SHAPESHIFTER_HELL	1
T7_2H_SHAPESHIFTER_HELL	2	T7_ALCHEMY_RARE_IMP	1
T7_2H_SHAPESHIFTER_HELL	3	T7_PLANKS_LEVEL3	20
T7_2H_SHAPESHIFTER_HELL	3	T7_LEATHER_LEVEL3	12
T7_2H_SHAPESHIFTER_HELL	3	T7_ARTEFACT_2H_SHAPESHIFTER_HELL	1
T7_2H_SHAPESHIFTER_HELL	3	T7_ALCHEMY_RARE_IMP	1
T7_2H_SHAPESHIFTER_HELL	4	T7_PLANKS_LEVEL4	20
T7_2H_SHAPESHIFTER_HELL	4	T7_LEATHER_LEVEL4	12
T7_2H_SHAPESHIFTER_HELL	4	T7_ARTEFACT_2H_SHAPESHIFTER_HELL	1
T7_2H_SHAPESHIFTER_HELL	4	T7_ALCHEMY_RARE_IMP	1
T8_2H_SHAPESHIFTER_HELL	0	T8_PLANKS	20
T8_2H_SHAPESHIFTER_HELL	0	T8_LEATHER	12
T8_2H_SHAPESHIFTER_HELL	0	T8_ARTEFACT_2H_SHAPESHIFTER_HELL	1
T8_2H_SHAPESHIFTER_HELL	0	T7_ALCHEMY_RARE_IMP	2
T8_2H_SHAPESHIFTER_HELL	1	T8_PLANKS_LEVEL1	20
T8_2H_SHAPESHIFTER_HELL	1	T8_LEATHER_LEVEL1	12
T8_2H_SHAPESHIFTER_HELL	1	T8_ARTEFACT_2H_SHAPESHIFTER_HELL	1
T8_2H_SHAPESHIFTER_HELL	1	T7_ALCHEMY_RARE_IMP	2
T8_2H_SHAPESHIFTER_HELL	2	T8_PLANKS_LEVEL2	20
T8_2H_SHAPESHIFTER_HELL	2	T8_LEATHER_LEVEL2	12
T8_2H_SHAPESHIFTER_HELL	2	T8_ARTEFACT_2H_SHAPESHIFTER_HELL	1
T8_2H_SHAPESHIFTER_HELL	2	T7_ALCHEMY_RARE_IMP	2
T8_2H_SHAPESHIFTER_HELL	3	T8_PLANKS_LEVEL3	20
T8_2H_SHAPESHIFTER_HELL	3	T8_LEATHER_LEVEL3	12
T8_2H_SHAPESHIFTER_HELL	3	T8_ARTEFACT_2H_SHAPESHIFTER_HELL	1
T8_2H_SHAPESHIFTER_HELL	3	T7_ALCHEMY_RARE_IMP	2
T8_2H_SHAPESHIFTER_HELL	4	T8_PLANKS_LEVEL4	20
T8_2H_SHAPESHIFTER_HELL	4	T8_LEATHER_LEVEL4	12
T8_2H_SHAPESHIFTER_HELL	4	T8_ARTEFACT_2H_SHAPESHIFTER_HELL	1
T8_2H_SHAPESHIFTER_HELL	4	T7_ALCHEMY_RARE_IMP	2
T4_2H_SHAPESHIFTER_KEEPER	0	T4_PLANKS	20
T4_2H_SHAPESHIFTER_KEEPER	0	T4_LEATHER	12
T4_2H_SHAPESHIFTER_KEEPER	0	T4_ARTEFACT_2H_SHAPESHIFTER_KEEPER	1
T4_2H_SHAPESHIFTER_KEEPER	0	T3_ALCHEMY_RARE_ELEMENTAL	2
T4_2H_SHAPESHIFTER_KEEPER	1	T4_PLANKS_LEVEL1	20
T4_2H_SHAPESHIFTER_KEEPER	1	T4_LEATHER_LEVEL1	12
T4_2H_SHAPESHIFTER_KEEPER	1	T4_ARTEFACT_2H_SHAPESHIFTER_KEEPER	1
T4_2H_SHAPESHIFTER_KEEPER	1	T3_ALCHEMY_RARE_ELEMENTAL	2
T4_2H_SHAPESHIFTER_KEEPER	2	T4_PLANKS_LEVEL2	20
T4_2H_SHAPESHIFTER_KEEPER	2	T4_LEATHER_LEVEL2	12
T4_2H_SHAPESHIFTER_KEEPER	2	T4_ARTEFACT_2H_SHAPESHIFTER_KEEPER	1
T4_2H_SHAPESHIFTER_KEEPER	2	T3_ALCHEMY_RARE_ELEMENTAL	2
T4_2H_SHAPESHIFTER_KEEPER	3	T4_PLANKS_LEVEL3	20
T4_2H_SHAPESHIFTER_KEEPER	3	T4_LEATHER_LEVEL3	12
T4_2H_SHAPESHIFTER_KEEPER	3	T4_ARTEFACT_2H_SHAPESHIFTER_KEEPER	1
T4_2H_SHAPESHIFTER_KEEPER	3	T3_ALCHEMY_RARE_ELEMENTAL	2
T4_2H_SHAPESHIFTER_KEEPER	4	T4_PLANKS_LEVEL4	20
T4_2H_SHAPESHIFTER_KEEPER	4	T4_LEATHER_LEVEL4	12
T4_2H_SHAPESHIFTER_KEEPER	4	T4_ARTEFACT_2H_SHAPESHIFTER_KEEPER	1
T4_2H_SHAPESHIFTER_KEEPER	4	T3_ALCHEMY_RARE_ELEMENTAL	2
T5_2H_SHAPESHIFTER_KEEPER	0	T5_PLANKS	20
T5_2H_SHAPESHIFTER_KEEPER	0	T5_LEATHER	12
T5_2H_SHAPESHIFTER_KEEPER	0	T5_ARTEFACT_2H_SHAPESHIFTER_KEEPER	1
T5_2H_SHAPESHIFTER_KEEPER	0	T5_ALCHEMY_RARE_ELEMENTAL	1
T5_2H_SHAPESHIFTER_KEEPER	1	T5_PLANKS_LEVEL1	20
T5_2H_SHAPESHIFTER_KEEPER	1	T5_LEATHER_LEVEL1	12
T5_2H_SHAPESHIFTER_KEEPER	1	T5_ARTEFACT_2H_SHAPESHIFTER_KEEPER	1
T5_2H_SHAPESHIFTER_KEEPER	1	T5_ALCHEMY_RARE_ELEMENTAL	1
T5_2H_SHAPESHIFTER_KEEPER	2	T5_PLANKS_LEVEL2	20
T5_2H_SHAPESHIFTER_KEEPER	2	T5_LEATHER_LEVEL2	12
T5_2H_SHAPESHIFTER_KEEPER	2	T5_ARTEFACT_2H_SHAPESHIFTER_KEEPER	1
T5_2H_SHAPESHIFTER_KEEPER	2	T5_ALCHEMY_RARE_ELEMENTAL	1
T5_2H_SHAPESHIFTER_KEEPER	3	T5_PLANKS_LEVEL3	20
T5_2H_SHAPESHIFTER_KEEPER	3	T5_LEATHER_LEVEL3	12
T5_2H_SHAPESHIFTER_KEEPER	3	T5_ARTEFACT_2H_SHAPESHIFTER_KEEPER	1
T5_2H_SHAPESHIFTER_KEEPER	3	T5_ALCHEMY_RARE_ELEMENTAL	1
T5_2H_SHAPESHIFTER_KEEPER	4	T5_PLANKS_LEVEL4	20
T5_2H_SHAPESHIFTER_KEEPER	4	T5_LEATHER_LEVEL4	12
T5_2H_SHAPESHIFTER_KEEPER	4	T5_ARTEFACT_2H_SHAPESHIFTER_KEEPER	1
T5_2H_SHAPESHIFTER_KEEPER	4	T5_ALCHEMY_RARE_ELEMENTAL	1
T6_2H_SHAPESHIFTER_KEEPER	0	T6_PLANKS	20
T6_2H_SHAPESHIFTER_KEEPER	0	T6_LEATHER	12
T6_2H_SHAPESHIFTER_KEEPER	0	T6_ARTEFACT_2H_SHAPESHIFTER_KEEPER	1
T6_2H_SHAPESHIFTER_KEEPER	0	T5_ALCHEMY_RARE_ELEMENTAL	2
T6_2H_SHAPESHIFTER_KEEPER	1	T6_PLANKS_LEVEL1	20
T6_2H_SHAPESHIFTER_KEEPER	1	T6_LEATHER_LEVEL1	12
T6_2H_SHAPESHIFTER_KEEPER	1	T6_ARTEFACT_2H_SHAPESHIFTER_KEEPER	1
T6_2H_SHAPESHIFTER_KEEPER	1	T5_ALCHEMY_RARE_ELEMENTAL	2
T6_2H_SHAPESHIFTER_KEEPER	2	T6_PLANKS_LEVEL2	20
T6_2H_SHAPESHIFTER_KEEPER	2	T6_LEATHER_LEVEL2	12
T6_2H_SHAPESHIFTER_KEEPER	2	T6_ARTEFACT_2H_SHAPESHIFTER_KEEPER	1
T6_2H_SHAPESHIFTER_KEEPER	2	T5_ALCHEMY_RARE_ELEMENTAL	2
T6_2H_SHAPESHIFTER_KEEPER	3	T6_PLANKS_LEVEL3	20
T6_2H_SHAPESHIFTER_KEEPER	3	T6_LEATHER_LEVEL3	12
T6_2H_SHAPESHIFTER_KEEPER	3	T6_ARTEFACT_2H_SHAPESHIFTER_KEEPER	1
T6_2H_SHAPESHIFTER_KEEPER	3	T5_ALCHEMY_RARE_ELEMENTAL	2
T6_2H_SHAPESHIFTER_KEEPER	4	T6_PLANKS_LEVEL4	20
T6_2H_SHAPESHIFTER_KEEPER	4	T6_LEATHER_LEVEL4	12
T6_2H_SHAPESHIFTER_KEEPER	4	T6_ARTEFACT_2H_SHAPESHIFTER_KEEPER	1
T6_2H_SHAPESHIFTER_KEEPER	4	T5_ALCHEMY_RARE_ELEMENTAL	2
T7_2H_SHAPESHIFTER_KEEPER	0	T7_PLANKS	20
T7_2H_SHAPESHIFTER_KEEPER	0	T7_LEATHER	12
T7_2H_SHAPESHIFTER_KEEPER	0	T7_ARTEFACT_2H_SHAPESHIFTER_KEEPER	1
T7_2H_SHAPESHIFTER_KEEPER	0	T7_ALCHEMY_RARE_ELEMENTAL	1
T7_2H_SHAPESHIFTER_KEEPER	1	T7_PLANKS_LEVEL1	20
T7_2H_SHAPESHIFTER_KEEPER	1	T7_LEATHER_LEVEL1	12
T7_2H_SHAPESHIFTER_KEEPER	1	T7_ARTEFACT_2H_SHAPESHIFTER_KEEPER	1
T7_2H_SHAPESHIFTER_KEEPER	1	T7_ALCHEMY_RARE_ELEMENTAL	1
T7_2H_SHAPESHIFTER_KEEPER	2	T7_PLANKS_LEVEL2	20
T7_2H_SHAPESHIFTER_KEEPER	2	T7_LEATHER_LEVEL2	12
T7_2H_SHAPESHIFTER_KEEPER	2	T7_ARTEFACT_2H_SHAPESHIFTER_KEEPER	1
T7_2H_SHAPESHIFTER_KEEPER	2	T7_ALCHEMY_RARE_ELEMENTAL	1
T7_2H_SHAPESHIFTER_KEEPER	3	T7_PLANKS_LEVEL3	20
T7_2H_SHAPESHIFTER_KEEPER	3	T7_LEATHER_LEVEL3	12
T7_2H_SHAPESHIFTER_KEEPER	3	T7_ARTEFACT_2H_SHAPESHIFTER_KEEPER	1
T7_2H_SHAPESHIFTER_KEEPER	3	T7_ALCHEMY_RARE_ELEMENTAL	1
T7_2H_SHAPESHIFTER_KEEPER	4	T7_PLANKS_LEVEL4	20
T7_2H_SHAPESHIFTER_KEEPER	4	T7_LEATHER_LEVEL4	12
T7_2H_SHAPESHIFTER_KEEPER	4	T7_ARTEFACT_2H_SHAPESHIFTER_KEEPER	1
T7_2H_SHAPESHIFTER_KEEPER	4	T7_ALCHEMY_RARE_ELEMENTAL	1
T8_2H_SHAPESHIFTER_KEEPER	0	T8_PLANKS	20
T8_2H_SHAPESHIFTER_KEEPER	0	T8_LEATHER	12
T8_2H_SHAPESHIFTER_KEEPER	0	T8_ARTEFACT_2H_SHAPESHIFTER_KEEPER	1
T8_2H_SHAPESHIFTER_KEEPER	0	T7_ALCHEMY_RARE_ELEMENTAL	2
T8_2H_SHAPESHIFTER_KEEPER	1	T8_PLANKS_LEVEL1	20
T8_2H_SHAPESHIFTER_KEEPER	1	T8_LEATHER_LEVEL1	12
T8_2H_SHAPESHIFTER_KEEPER	1	T8_ARTEFACT_2H_SHAPESHIFTER_KEEPER	1
T8_2H_SHAPESHIFTER_KEEPER	1	T7_ALCHEMY_RARE_ELEMENTAL	2
T8_2H_SHAPESHIFTER_KEEPER	2	T8_PLANKS_LEVEL2	20
T8_2H_SHAPESHIFTER_KEEPER	2	T8_LEATHER_LEVEL2	12
T8_2H_SHAPESHIFTER_KEEPER	2	T8_ARTEFACT_2H_SHAPESHIFTER_KEEPER	1
T8_2H_SHAPESHIFTER_KEEPER	2	T7_ALCHEMY_RARE_ELEMENTAL	2
T8_2H_SHAPESHIFTER_KEEPER	3	T8_PLANKS_LEVEL3	20
T8_2H_SHAPESHIFTER_KEEPER	3	T8_LEATHER_LEVEL3	12
T8_2H_SHAPESHIFTER_KEEPER	3	T8_ARTEFACT_2H_SHAPESHIFTER_KEEPER	1
T8_2H_SHAPESHIFTER_KEEPER	3	T7_ALCHEMY_RARE_ELEMENTAL	2
T8_2H_SHAPESHIFTER_KEEPER	4	T8_PLANKS_LEVEL4	20
T8_2H_SHAPESHIFTER_KEEPER	4	T8_LEATHER_LEVEL4	12
T8_2H_SHAPESHIFTER_KEEPER	4	T8_ARTEFACT_2H_SHAPESHIFTER_KEEPER	1
T8_2H_SHAPESHIFTER_KEEPER	4	T7_ALCHEMY_RARE_ELEMENTAL	2
T4_2H_SHAPESHIFTER_AVALON	0	T4_PLANKS	20
T4_2H_SHAPESHIFTER_AVALON	0	T4_LEATHER	12
T4_2H_SHAPESHIFTER_AVALON	0	T4_ARTEFACT_2H_SHAPESHIFTER_AVALON	1
T4_2H_SHAPESHIFTER_AVALON	0	T3_ALCHEMY_RARE_EAGLE	2
T4_2H_SHAPESHIFTER_AVALON	1	T4_PLANKS_LEVEL1	20
T4_2H_SHAPESHIFTER_AVALON	1	T4_LEATHER_LEVEL1	12
T4_2H_SHAPESHIFTER_AVALON	1	T4_ARTEFACT_2H_SHAPESHIFTER_AVALON	1
T4_2H_SHAPESHIFTER_AVALON	1	T3_ALCHEMY_RARE_EAGLE	2
T4_2H_SHAPESHIFTER_AVALON	2	T4_PLANKS_LEVEL2	20
T4_2H_SHAPESHIFTER_AVALON	2	T4_LEATHER_LEVEL2	12
T4_2H_SHAPESHIFTER_AVALON	2	T4_ARTEFACT_2H_SHAPESHIFTER_AVALON	1
T4_2H_SHAPESHIFTER_AVALON	2	T3_ALCHEMY_RARE_EAGLE	2
T4_2H_SHAPESHIFTER_AVALON	3	T4_PLANKS_LEVEL3	20
T4_2H_SHAPESHIFTER_AVALON	3	T4_LEATHER_LEVEL3	12
T4_2H_SHAPESHIFTER_AVALON	3	T4_ARTEFACT_2H_SHAPESHIFTER_AVALON	1
T4_2H_SHAPESHIFTER_AVALON	3	T3_ALCHEMY_RARE_EAGLE	2
T4_2H_SHAPESHIFTER_AVALON	4	T4_PLANKS_LEVEL4	20
T4_2H_SHAPESHIFTER_AVALON	4	T4_LEATHER_LEVEL4	12
T4_2H_SHAPESHIFTER_AVALON	4	T4_ARTEFACT_2H_SHAPESHIFTER_AVALON	1
T4_2H_SHAPESHIFTER_AVALON	4	T3_ALCHEMY_RARE_EAGLE	2
T5_2H_SHAPESHIFTER_AVALON	0	T5_PLANKS	20
T5_2H_SHAPESHIFTER_AVALON	0	T5_LEATHER	12
T5_2H_SHAPESHIFTER_AVALON	0	T5_ARTEFACT_2H_SHAPESHIFTER_AVALON	1
T5_2H_SHAPESHIFTER_AVALON	0	T5_ALCHEMY_RARE_EAGLE	1
T5_2H_SHAPESHIFTER_AVALON	1	T5_PLANKS_LEVEL1	20
T5_2H_SHAPESHIFTER_AVALON	1	T5_LEATHER_LEVEL1	12
T5_2H_SHAPESHIFTER_AVALON	1	T5_ARTEFACT_2H_SHAPESHIFTER_AVALON	1
T5_2H_SHAPESHIFTER_AVALON	1	T5_ALCHEMY_RARE_EAGLE	1
T5_2H_SHAPESHIFTER_AVALON	2	T5_PLANKS_LEVEL2	20
T5_2H_SHAPESHIFTER_AVALON	2	T5_LEATHER_LEVEL2	12
T5_2H_SHAPESHIFTER_AVALON	2	T5_ARTEFACT_2H_SHAPESHIFTER_AVALON	1
T5_2H_SHAPESHIFTER_AVALON	2	T5_ALCHEMY_RARE_EAGLE	1
T5_2H_SHAPESHIFTER_AVALON	3	T5_PLANKS_LEVEL3	20
T5_2H_SHAPESHIFTER_AVALON	3	T5_LEATHER_LEVEL3	12
T5_2H_SHAPESHIFTER_AVALON	3	T5_ARTEFACT_2H_SHAPESHIFTER_AVALON	1
T5_2H_SHAPESHIFTER_AVALON	3	T5_ALCHEMY_RARE_EAGLE	1
T5_2H_SHAPESHIFTER_AVALON	4	T5_PLANKS_LEVEL4	20
T5_2H_SHAPESHIFTER_AVALON	4	T5_LEATHER_LEVEL4	12
T5_2H_SHAPESHIFTER_AVALON	4	T5_ARTEFACT_2H_SHAPESHIFTER_AVALON	1
T5_2H_SHAPESHIFTER_AVALON	4	T5_ALCHEMY_RARE_EAGLE	1
T6_2H_SHAPESHIFTER_AVALON	0	T6_PLANKS	20
T6_2H_SHAPESHIFTER_AVALON	0	T6_LEATHER	12
T6_2H_SHAPESHIFTER_AVALON	0	T6_ARTEFACT_2H_SHAPESHIFTER_AVALON	1
T6_2H_SHAPESHIFTER_AVALON	0	T5_ALCHEMY_RARE_EAGLE	2
T6_2H_SHAPESHIFTER_AVALON	1	T6_PLANKS_LEVEL1	20
T6_2H_SHAPESHIFTER_AVALON	1	T6_LEATHER_LEVEL1	12
T6_2H_SHAPESHIFTER_AVALON	1	T6_ARTEFACT_2H_SHAPESHIFTER_AVALON	1
T6_2H_SHAPESHIFTER_AVALON	1	T5_ALCHEMY_RARE_EAGLE	2
T6_2H_SHAPESHIFTER_AVALON	2	T6_PLANKS_LEVEL2	20
T6_2H_SHAPESHIFTER_AVALON	2	T6_LEATHER_LEVEL2	12
T6_2H_SHAPESHIFTER_AVALON	2	T6_ARTEFACT_2H_SHAPESHIFTER_AVALON	1
T6_2H_SHAPESHIFTER_AVALON	2	T5_ALCHEMY_RARE_EAGLE	2
T6_2H_SHAPESHIFTER_AVALON	3	T6_PLANKS_LEVEL3	20
T6_2H_SHAPESHIFTER_AVALON	3	T6_LEATHER_LEVEL3	12
T6_2H_SHAPESHIFTER_AVALON	3	T6_ARTEFACT_2H_SHAPESHIFTER_AVALON	1
T6_2H_SHAPESHIFTER_AVALON	3	T5_ALCHEMY_RARE_EAGLE	2
T6_2H_SHAPESHIFTER_AVALON	4	T6_PLANKS_LEVEL4	20
T6_2H_SHAPESHIFTER_AVALON	4	T6_LEATHER_LEVEL4	12
T6_2H_SHAPESHIFTER_AVALON	4	T6_ARTEFACT_2H_SHAPESHIFTER_AVALON	1
T6_2H_SHAPESHIFTER_AVALON	4	T5_ALCHEMY_RARE_EAGLE	2
T7_2H_SHAPESHIFTER_AVALON	0	T7_PLANKS	20
T7_2H_SHAPESHIFTER_AVALON	0	T7_LEATHER	12
T7_2H_SHAPESHIFTER_AVALON	0	T7_ARTEFACT_2H_SHAPESHIFTER_AVALON	1
T7_2H_SHAPESHIFTER_AVALON	0	T7_ALCHEMY_RARE_EAGLE	1
T7_2H_SHAPESHIFTER_AVALON	1	T7_PLANKS_LEVEL1	20
T7_2H_SHAPESHIFTER_AVALON	1	T7_LEATHER_LEVEL1	12
T7_2H_SHAPESHIFTER_AVALON	1	T7_ARTEFACT_2H_SHAPESHIFTER_AVALON	1
T7_2H_SHAPESHIFTER_AVALON	1	T7_ALCHEMY_RARE_EAGLE	1
T7_2H_SHAPESHIFTER_AVALON	2	T7_PLANKS_LEVEL2	20
T7_2H_SHAPESHIFTER_AVALON	2	T7_LEATHER_LEVEL2	12
T7_2H_SHAPESHIFTER_AVALON	2	T7_ARTEFACT_2H_SHAPESHIFTER_AVALON	1
T7_2H_SHAPESHIFTER_AVALON	2	T7_ALCHEMY_RARE_EAGLE	1
T7_2H_SHAPESHIFTER_AVALON	3	T7_PLANKS_LEVEL3	20
T7_2H_SHAPESHIFTER_AVALON	3	T7_LEATHER_LEVEL3	12
T7_2H_SHAPESHIFTER_AVALON	3	T7_ARTEFACT_2H_SHAPESHIFTER_AVALON	1
T7_2H_SHAPESHIFTER_AVALON	3	T7_ALCHEMY_RARE_EAGLE	1
T7_2H_SHAPESHIFTER_AVALON	4	T7_PLANKS_LEVEL4	20
T7_2H_SHAPESHIFTER_AVALON	4	T7_LEATHER_LEVEL4	12
T7_2H_SHAPESHIFTER_AVALON	4	T7_ARTEFACT_2H_SHAPESHIFTER_AVALON	1
T7_2H_SHAPESHIFTER_AVALON	4	T7_ALCHEMY_RARE_EAGLE	1
T8_2H_SHAPESHIFTER_AVALON	0	T8_PLANKS	20
T8_2H_SHAPESHIFTER_AVALON	0	T8_LEATHER	12
T8_2H_SHAPESHIFTER_AVALON	0	T8_ARTEFACT_2H_SHAPESHIFTER_AVALON	1
T8_2H_SHAPESHIFTER_AVALON	0	T7_ALCHEMY_RARE_EAGLE	2
T8_2H_SHAPESHIFTER_AVALON	1	T8_PLANKS_LEVEL1	20
T8_2H_SHAPESHIFTER_AVALON	1	T8_LEATHER_LEVEL1	12
T8_2H_SHAPESHIFTER_AVALON	1	T8_ARTEFACT_2H_SHAPESHIFTER_AVALON	1
T8_2H_SHAPESHIFTER_AVALON	1	T7_ALCHEMY_RARE_EAGLE	2
T8_2H_SHAPESHIFTER_AVALON	2	T8_PLANKS_LEVEL2	20
T8_2H_SHAPESHIFTER_AVALON	2	T8_LEATHER_LEVEL2	12
T8_2H_SHAPESHIFTER_AVALON	2	T8_ARTEFACT_2H_SHAPESHIFTER_AVALON	1
T8_2H_SHAPESHIFTER_AVALON	2	T7_ALCHEMY_RARE_EAGLE	2
T8_2H_SHAPESHIFTER_AVALON	3	T8_PLANKS_LEVEL3	20
T8_2H_SHAPESHIFTER_AVALON	3	T8_LEATHER_LEVEL3	12
T8_2H_SHAPESHIFTER_AVALON	3	T8_ARTEFACT_2H_SHAPESHIFTER_AVALON	1
T8_2H_SHAPESHIFTER_AVALON	3	T7_ALCHEMY_RARE_EAGLE	2
T8_2H_SHAPESHIFTER_AVALON	4	T8_PLANKS_LEVEL4	20
T8_2H_SHAPESHIFTER_AVALON	4	T8_LEATHER_LEVEL4	12
T8_2H_SHAPESHIFTER_AVALON	4	T8_ARTEFACT_2H_SHAPESHIFTER_AVALON	1
T8_2H_SHAPESHIFTER_AVALON	4	T7_ALCHEMY_RARE_EAGLE	2
T4_2H_SHAPESHIFTER_CRYSTAL	0	T4_PLANKS	20
T4_2H_SHAPESHIFTER_CRYSTAL	0	T4_LEATHER	12
T4_2H_SHAPESHIFTER_CRYSTAL	0	T4_ARTEFACT_2H_SHAPESHIFTER_CRYSTAL	1
T4_2H_SHAPESHIFTER_CRYSTAL	1	T4_PLANKS_LEVEL1	20
T4_2H_SHAPESHIFTER_CRYSTAL	1	T4_LEATHER_LEVEL1	12
T4_2H_SHAPESHIFTER_CRYSTAL	1	T4_ARTEFACT_2H_SHAPESHIFTER_CRYSTAL	1
T4_2H_SHAPESHIFTER_CRYSTAL	2	T4_PLANKS_LEVEL2	20
T4_2H_SHAPESHIFTER_CRYSTAL	2	T4_LEATHER_LEVEL2	12
T4_2H_SHAPESHIFTER_CRYSTAL	2	T4_ARTEFACT_2H_SHAPESHIFTER_CRYSTAL	1
T4_2H_SHAPESHIFTER_CRYSTAL	3	T4_PLANKS_LEVEL3	20
T4_2H_SHAPESHIFTER_CRYSTAL	3	T4_LEATHER_LEVEL3	12
T4_2H_SHAPESHIFTER_CRYSTAL	3	T4_ARTEFACT_2H_SHAPESHIFTER_CRYSTAL	1
T4_2H_SHAPESHIFTER_CRYSTAL	4	T4_PLANKS_LEVEL4	20
T4_2H_SHAPESHIFTER_CRYSTAL	4	T4_LEATHER_LEVEL4	12
T4_2H_SHAPESHIFTER_CRYSTAL	4	T4_ARTEFACT_2H_SHAPESHIFTER_CRYSTAL	1
T5_2H_SHAPESHIFTER_CRYSTAL	0	T5_PLANKS	20
T5_2H_SHAPESHIFTER_CRYSTAL	0	T5_LEATHER	12
T5_2H_SHAPESHIFTER_CRYSTAL	0	T5_ARTEFACT_2H_SHAPESHIFTER_CRYSTAL	1
T5_2H_SHAPESHIFTER_CRYSTAL	1	T5_PLANKS_LEVEL1	20
T5_2H_SHAPESHIFTER_CRYSTAL	1	T5_LEATHER_LEVEL1	12
T5_2H_SHAPESHIFTER_CRYSTAL	1	T5_ARTEFACT_2H_SHAPESHIFTER_CRYSTAL	1
T5_2H_SHAPESHIFTER_CRYSTAL	2	T5_PLANKS_LEVEL2	20
T5_2H_SHAPESHIFTER_CRYSTAL	2	T5_LEATHER_LEVEL2	12
T5_2H_SHAPESHIFTER_CRYSTAL	2	T5_ARTEFACT_2H_SHAPESHIFTER_CRYSTAL	1
T5_2H_SHAPESHIFTER_CRYSTAL	3	T5_PLANKS_LEVEL3	20
T5_2H_SHAPESHIFTER_CRYSTAL	3	T5_LEATHER_LEVEL3	12
T5_2H_SHAPESHIFTER_CRYSTAL	3	T5_ARTEFACT_2H_SHAPESHIFTER_CRYSTAL	1
T5_2H_SHAPESHIFTER_CRYSTAL	4	T5_PLANKS_LEVEL4	20
T5_2H_SHAPESHIFTER_CRYSTAL	4	T5_LEATHER_LEVEL4	12
T5_2H_SHAPESHIFTER_CRYSTAL	4	T5_ARTEFACT_2H_SHAPESHIFTER_CRYSTAL	1
T6_2H_SHAPESHIFTER_CRYSTAL	0	T6_PLANKS	20
T6_2H_SHAPESHIFTER_CRYSTAL	0	T6_LEATHER	12
T6_2H_SHAPESHIFTER_CRYSTAL	0	T6_ARTEFACT_2H_SHAPESHIFTER_CRYSTAL	1
T6_2H_SHAPESHIFTER_CRYSTAL	1	T6_PLANKS_LEVEL1	20
T6_2H_SHAPESHIFTER_CRYSTAL	1	T6_LEATHER_LEVEL1	12
T6_2H_SHAPESHIFTER_CRYSTAL	1	T6_ARTEFACT_2H_SHAPESHIFTER_CRYSTAL	1
T6_2H_SHAPESHIFTER_CRYSTAL	2	T6_PLANKS_LEVEL2	20
T6_2H_SHAPESHIFTER_CRYSTAL	2	T6_LEATHER_LEVEL2	12
T6_2H_SHAPESHIFTER_CRYSTAL	2	T6_ARTEFACT_2H_SHAPESHIFTER_CRYSTAL	1
T6_2H_SHAPESHIFTER_CRYSTAL	3	T6_PLANKS_LEVEL3	20
T6_2H_SHAPESHIFTER_CRYSTAL	3	T6_LEATHER_LEVEL3	12
T6_2H_SHAPESHIFTER_CRYSTAL	3	T6_ARTEFACT_2H_SHAPESHIFTER_CRYSTAL	1
T6_2H_SHAPESHIFTER_CRYSTAL	4	T6_PLANKS_LEVEL4	20
T6_2H_SHAPESHIFTER_CRYSTAL	4	T6_LEATHER_LEVEL4	12
T6_2H_SHAPESHIFTER_CRYSTAL	4	T6_ARTEFACT_2H_SHAPESHIFTER_CRYSTAL	1
T7_2H_SHAPESHIFTER_CRYSTAL	0	T7_PLANKS	20
T7_2H_SHAPESHIFTER_CRYSTAL	0	T7_LEATHER	12
T7_2H_SHAPESHIFTER_CRYSTAL	0	T7_ARTEFACT_2H_SHAPESHIFTER_CRYSTAL	1
T7_2H_SHAPESHIFTER_CRYSTAL	1	T7_PLANKS_LEVEL1	20
T7_2H_SHAPESHIFTER_CRYSTAL	1	T7_LEATHER_LEVEL1	12
T7_2H_SHAPESHIFTER_CRYSTAL	1	T7_ARTEFACT_2H_SHAPESHIFTER_CRYSTAL	1
T7_2H_SHAPESHIFTER_CRYSTAL	2	T7_PLANKS_LEVEL2	20
T7_2H_SHAPESHIFTER_CRYSTAL	2	T7_LEATHER_LEVEL2	12
T7_2H_SHAPESHIFTER_CRYSTAL	2	T7_ARTEFACT_2H_SHAPESHIFTER_CRYSTAL	1
T7_2H_SHAPESHIFTER_CRYSTAL	3	T7_PLANKS_LEVEL3	20
T7_2H_SHAPESHIFTER_CRYSTAL	3	T7_LEATHER_LEVEL3	12
T7_2H_SHAPESHIFTER_CRYSTAL	3	T7_ARTEFACT_2H_SHAPESHIFTER_CRYSTAL	1
T7_2H_SHAPESHIFTER_CRYSTAL	4	T7_PLANKS_LEVEL4	20
T7_2H_SHAPESHIFTER_CRYSTAL	4	T7_LEATHER_LEVEL4	12
T7_2H_SHAPESHIFTER_CRYSTAL	4	T7_ARTEFACT_2H_SHAPESHIFTER_CRYSTAL	1
T8_2H_SHAPESHIFTER_CRYSTAL	0	T8_PLANKS	20
T8_2H_SHAPESHIFTER_CRYSTAL	0	T8_LEATHER	12
T8_2H_SHAPESHIFTER_CRYSTAL	0	T8_ARTEFACT_2H_SHAPESHIFTER_CRYSTAL	1
T8_2H_SHAPESHIFTER_CRYSTAL	1	T8_PLANKS_LEVEL1	20
T8_2H_SHAPESHIFTER_CRYSTAL	1	T8_LEATHER_LEVEL1	12
T8_2H_SHAPESHIFTER_CRYSTAL	1	T8_ARTEFACT_2H_SHAPESHIFTER_CRYSTAL	1
T8_2H_SHAPESHIFTER_CRYSTAL	2	T8_PLANKS_LEVEL2	20
T8_2H_SHAPESHIFTER_CRYSTAL	2	T8_LEATHER_LEVEL2	12
T8_2H_SHAPESHIFTER_CRYSTAL	2	T8_ARTEFACT_2H_SHAPESHIFTER_CRYSTAL	1
T8_2H_SHAPESHIFTER_CRYSTAL	3	T8_PLANKS_LEVEL3	20
T8_2H_SHAPESHIFTER_CRYSTAL	3	T8_LEATHER_LEVEL3	12
T8_2H_SHAPESHIFTER_CRYSTAL	3	T8_ARTEFACT_2H_SHAPESHIFTER_CRYSTAL	1
T8_2H_SHAPESHIFTER_CRYSTAL	4	T8_PLANKS_LEVEL4	20
T8_2H_SHAPESHIFTER_CRYSTAL	4	T8_LEATHER_LEVEL4	12
T8_2H_SHAPESHIFTER_CRYSTAL	4	T8_ARTEFACT_2H_SHAPESHIFTER_CRYSTAL	1
T4_SIEGE_BANNER	0	T4_PLANKS	4
T4_SIEGE_BANNER	0	T4_CLOTH	12
T5_SIEGE_BANNER	0	T5_PLANKS	4
T5_SIEGE_BANNER	0	T5_CLOTH	12
T6_SIEGE_BANNER	0	T6_PLANKS	4
T6_SIEGE_BANNER	0	T6_CLOTH	12
T7_SIEGE_BANNER	0	T7_PLANKS	4
T7_SIEGE_BANNER	0	T7_CLOTH	12
T8_SIEGE_BANNER	0	T8_PLANKS	4
T8_SIEGE_BANNER	0	T8_CLOTH	12
T3_2H_TOOL_TRACKING	0	T3_PLANKS	2
T3_2H_TOOL_TRACKING	0	T3_LEATHER	6
T4_2H_TOOL_TRACKING	0	T4_PLANKS	2
T4_2H_TOOL_TRACKING	0	T4_LEATHER	6
T5_2H_TOOL_TRACKING	0	T5_PLANKS	2
T5_2H_TOOL_TRACKING	0	T5_LEATHER	6
T6_2H_TOOL_TRACKING	0	T6_PLANKS	2
T6_2H_TOOL_TRACKING	0	T6_LEATHER	6
T7_2H_TOOL_TRACKING	0	T7_PLANKS	2
T7_2H_TOOL_TRACKING	0	T7_LEATHER	6
T8_2H_TOOL_TRACKING	0	T8_PLANKS	2
T8_2H_TOOL_TRACKING	0	T8_LEATHER	6
T2_SKILLBOOK_NONTRADABLE	0	T1_SKILLBOOK_NONTRADABLE	2
T3_SKILLBOOK_NONTRADABLE	0	T2_SKILLBOOK_NONTRADABLE	5
T4_SKILLBOOK_NONTRADABLE	0	T3_SKILLBOOK_NONTRADABLE	2
T5_SKILLBOOK_NONTRADABLE	0	T4_SKILLBOOK_NONTRADABLE	2
T6_SKILLBOOK_NONTRADABLE	0	T5_SKILLBOOK_NONTRADABLE	5
T7_SKILLBOOK_NONTRADABLE	0	T6_SKILLBOOK_NONTRADABLE	2
T1_FISHINGBAIT	0	T1_WORM	1
T3_FISHINGBAIT	0	T1_WORM	5
T5_FISHINGBAIT	0	T1_WORM	25
UNIQUE_AVATARRING_ADC_NOV2018	0	UNIQUE_TOKEN_COMMUNITY	200
UNIQUE_AVATARRING_ADC_DEC2018	0	UNIQUE_TOKEN_COMMUNITY	200
UNIQUE_AVATARRING_ADC_JAN2019	0	UNIQUE_TOKEN_COMMUNITY	200
UNIQUE_AVATARRING_ADC_FEB2019	0	UNIQUE_TOKEN_COMMUNITY	200
UNIQUE_AVATARRING_ADC_MAR2019	0	UNIQUE_TOKEN_COMMUNITY	200
UNIQUE_AVATARRING_ADC_APR2019	0	UNIQUE_TOKEN_COMMUNITY	200
UNIQUE_AVATARRING_ADC_MAY2019	0	UNIQUE_TOKEN_COMMUNITY	200
UNIQUE_AVATARRING_ADC_JUN2019	0	UNIQUE_TOKEN_COMMUNITY	200
UNIQUE_AVATARRING_ADC_JUL2019	0	UNIQUE_TOKEN_COMMUNITY	200
UNIQUE_AVATARRING_ADC_AUG2019	0	UNIQUE_TOKEN_COMMUNITY	200
UNIQUE_AVATARRING_ADC_SEP2019	0	UNIQUE_TOKEN_COMMUNITY	200
UNIQUE_AVATARRING_ADC_OCT2019	0	UNIQUE_TOKEN_COMMUNITY	200
UNIQUE_AVATARRING_CHARITY_MARCH2020	0	UNIQUE_TOKEN_COMMUNITY	200
UNIQUE_AVATARRING_ADC_TOKENLOCKED_01	0	UNIQUE_TOKEN_COMMUNITY	200
UNIQUE_AVATARRING_ADC_TOKENLOCKED_NATURE	0	UNIQUE_TOKEN_COMMUNITY	200
UNIQUE_AVATARRING_ADC_TOKENLOCKED_FIRE	0	UNIQUE_TOKEN_COMMUNITY	200
UNIQUE_AVATARRING_ADC_TOKENLOCKED_ARCANE	0	UNIQUE_TOKEN_COMMUNITY	200
UNIQUE_AVATARRING_ADC_TOKENLOCKED_SWORDS	0	UNIQUE_TOKEN_COMMUNITY	200
UNIQUE_AVATARRING_ADC_TOKENLOCKED_FARMING	0	UNIQUE_TOKEN_COMMUNITY	200
UNIQUE_AVATARRING_ADC_TOKENLOCKED_AXES	0	UNIQUE_TOKEN_COMMUNITY	200
UNIQUE_AVATARRING_ADC_TOKENLOCKED_FISHING	0	UNIQUE_TOKEN_COMMUNITY	200
UNIQUE_AVATARRING_ADC_TOKENLOCKED_NECROMANCER	0	UNIQUE_TOKEN_COMMUNITY	200
UNIQUE_AVATAR_ADC_TOKENLOCKED_01	0	UNIQUE_TOKEN_COMMUNITY	300
UNIQUE_AVATARRING_GVGSEASONREWARD_1ST	0	UNIQUE_TOKEN_COMMUNITY	300
UNIQUE_AVATARRING_GVGSEASONREWARD_2ND	0	UNIQUE_TOKEN_COMMUNITY	300
UNIQUE_AVATARRING_GVGSEASONREWARD_3RD	0	UNIQUE_TOKEN_COMMUNITY	300
UNIQUE_AVATARRING_GVGSEASONREWARD_CRYSTAL	0	UNIQUE_TOKEN_COMMUNITY	300
UNIQUE_AVATARRING_GVGSEASONREWARD_GOLD	0	UNIQUE_TOKEN_COMMUNITY	200
UNIQUE_AVATARRING_GVGSEASONREWARD_SILVER	0	UNIQUE_TOKEN_COMMUNITY	200
UNIQUE_AVATARRING_GVGSEASONREWARD_BRONZE	0	UNIQUE_TOKEN_COMMUNITY	200
UNIQUE_AVATARRING_GVGSEASONREWARD_IRON	0	UNIQUE_TOKEN_COMMUNITY	200
UNIQUE_AVATARRING_ARENA_CRYSTAL	0	QUESTITEM_TOKEN_ARENA_CRYSTAL	300
UNIQUE_AVATARRING_ARENA_GOLD1	0	QUESTITEM_TOKEN_ARENA_CRYSTAL	200
UNIQUE_AVATARRING_ARENA_SILVER1	0	QUESTITEM_TOKEN_ARENA_CRYSTAL	100
UNIQUE_AVATARRING_BRECILIEN	0	QUESTITEM_TOKEN_MISTS	10
UNIQUE_AVATAR_BRECILIEN	0	QUESTITEM_TOKEN_MISTS	10
UNIQUE_AVATAR_GVGSEASON_14_CRYSTAL_SINGLE	0	UNIQUE_TOKEN_COMMUNITY	300
UNIQUE_AVATAR_GVGSEASON_14_GOLD_SINGLE	0	UNIQUE_TOKEN_COMMUNITY	250
UNIQUE_AVATAR_GVGSEASON_14_SILVER_SINGLE	0	UNIQUE_TOKEN_COMMUNITY	200
UNIQUE_AVATAR_GVGSEASON_14_BRONZE_SINGLE	0	UNIQUE_TOKEN_COMMUNITY	150
UNIQUE_AVATAR_GVGSEASON_15_CRYSTAL_SINGLE	0	UNIQUE_TOKEN_COMMUNITY	300
UNIQUE_AVATAR_GVGSEASON_15_GOLD_SINGLE	0	UNIQUE_TOKEN_COMMUNITY	250
UNIQUE_AVATAR_GVGSEASON_15_SILVER_SINGLE	0	UNIQUE_TOKEN_COMMUNITY	200
UNIQUE_AVATAR_GVGSEASON_15_BRONZE_SINGLE	0	UNIQUE_TOKEN_COMMUNITY	150
UNIQUE_AVATAR_GVGSEASON_16_CRYSTAL_SINGLE	0	UNIQUE_TOKEN_COMMUNITY	300
UNIQUE_AVATAR_GVGSEASON_16_GOLD_SINGLE	0	UNIQUE_TOKEN_COMMUNITY	250
UNIQUE_AVATAR_GVGSEASON_16_SILVER_SINGLE	0	UNIQUE_TOKEN_COMMUNITY	200
UNIQUE_AVATAR_GVGSEASON_16_BRONZE_SINGLE	0	UNIQUE_TOKEN_COMMUNITY	150
UNIQUE_AVATAR_GVGSEASON_17_CRYSTAL_SINGLE	0	UNIQUE_TOKEN_COMMUNITY	300
UNIQUE_AVATAR_GVGSEASON_17_GOLD_SINGLE	0	UNIQUE_TOKEN_COMMUNITY	250
UNIQUE_AVATAR_GVGSEASON_17_SILVER_SINGLE	0	UNIQUE_TOKEN_COMMUNITY	200
UNIQUE_AVATAR_GVGSEASON_17_BRONZE_SINGLE	0	UNIQUE_TOKEN_COMMUNITY	150
UNIQUE_AVATAR_GVGSEASON_18_CRYSTAL_SINGLE	0	UNIQUE_TOKEN_COMMUNITY	300
UNIQUE_AVATAR_GVGSEASON_18_GOLD_SINGLE	0	UNIQUE_TOKEN_COMMUNITY	250
UNIQUE_AVATAR_GVGSEASON_18_SILVER_SINGLE	0	UNIQUE_TOKEN_COMMUNITY	200
UNIQUE_AVATAR_GVGSEASON_18_BRONZE_SINGLE	0	UNIQUE_TOKEN_COMMUNITY	150
UNIQUE_AVATAR_GVGSEASON_19_CRYSTAL_SINGLE	0	UNIQUE_TOKEN_COMMUNITY	300
UNIQUE_AVATAR_GVGSEASON_19_GOLD_SINGLE	0	UNIQUE_TOKEN_COMMUNITY	250
UNIQUE_AVATAR_GVGSEASON_19_SILVER_SINGLE	0	UNIQUE_TOKEN_COMMUNITY	200
UNIQUE_AVATAR_GVGSEASON_19_BRONZE_SINGLE	0	UNIQUE_TOKEN_COMMUNITY	150
UNIQUE_AVATAR_GVGSEASON_20_CRYSTAL_SINGLE	0	UNIQUE_TOKEN_COMMUNITY	300
UNIQUE_AVATAR_GVGSEASON_20_GOLD_SINGLE	0	UNIQUE_TOKEN_COMMUNITY	250
UNIQUE_AVATAR_GVGSEASON_20_SILVER_SINGLE	0	UNIQUE_TOKEN_COMMUNITY	200
UNIQUE_AVATAR_GVGSEASON_20_BRONZE_SINGLE	0	UNIQUE_TOKEN_COMMUNITY	150
UNIQUE_AVATAR_GVGSEASON_21_CRYSTAL_SINGLE	0	UNIQUE_TOKEN_COMMUNITY	300
UNIQUE_AVATAR_GVGSEASON_21_GOLD_SINGLE	0	UNIQUE_TOKEN_COMMUNITY	250
UNIQUE_AVATAR_GVGSEASON_21_SILVER_SINGLE	0	UNIQUE_TOKEN_COMMUNITY	200
UNIQUE_AVATAR_GVGSEASON_21_BRONZE_SINGLE	0	UNIQUE_TOKEN_COMMUNITY	150
UNIQUE_AVATAR_GVGSEASON_22_CRYSTAL_SINGLE	0	UNIQUE_TOKEN_COMMUNITY	300
UNIQUE_AVATAR_GVGSEASON_22_GOLD_SINGLE	0	UNIQUE_TOKEN_COMMUNITY	250
UNIQUE_AVATAR_GVGSEASON_22_SILVER_SINGLE	0	UNIQUE_TOKEN_COMMUNITY	200
UNIQUE_AVATAR_GVGSEASON_22_BRONZE_SINGLE	0	UNIQUE_TOKEN_COMMUNITY	150
UNIQUE_AVATAR_GVGSEASON_23_CRYSTAL_SINGLE	0	UNIQUE_TOKEN_COMMUNITY	300
UNIQUE_AVATAR_GVGSEASON_23_GOLD_SINGLE	0	UNIQUE_TOKEN_COMMUNITY	250
UNIQUE_AVATAR_GVGSEASON_23_SILVER_SINGLE	0	UNIQUE_TOKEN_COMMUNITY	200
UNIQUE_AVATAR_GVGSEASON_23_BRONZE_SINGLE	0	UNIQUE_TOKEN_COMMUNITY	150
UNIQUE_AVATAR_GVGSEASON_24_CRYSTAL_SINGLE	0	UNIQUE_TOKEN_COMMUNITY	300
UNIQUE_AVATAR_GVGSEASON_24_GOLD_SINGLE	0	UNIQUE_TOKEN_COMMUNITY	250
UNIQUE_AVATAR_GVGSEASON_24_SILVER_SINGLE	0	UNIQUE_TOKEN_COMMUNITY	200
UNIQUE_AVATAR_GVGSEASON_24_BRONZE_SINGLE	0	UNIQUE_TOKEN_COMMUNITY	150
UNIQUE_AVATAR_GVGSEASON_25_CRYSTAL_SINGLE	0	UNIQUE_TOKEN_COMMUNITY	300
UNIQUE_AVATAR_GVGSEASON_25_GOLD_SINGLE	0	UNIQUE_TOKEN_COMMUNITY	250
UNIQUE_AVATAR_GVGSEASON_25_SILVER_SINGLE	0	UNIQUE_TOKEN_COMMUNITY	200
UNIQUE_AVATAR_GVGSEASON_25_BRONZE_SINGLE	0	UNIQUE_TOKEN_COMMUNITY	150
UNIQUE_AVATAR_GVGSEASON_26_CRYSTAL_SINGLE	0	UNIQUE_TOKEN_COMMUNITY	300
UNIQUE_AVATAR_GVGSEASON_26_GOLD_SINGLE	0	UNIQUE_TOKEN_COMMUNITY	250
UNIQUE_AVATAR_GVGSEASON_26_SILVER_SINGLE	0	UNIQUE_TOKEN_COMMUNITY	200
UNIQUE_AVATAR_GVGSEASON_26_BRONZE_SINGLE	0	UNIQUE_TOKEN_COMMUNITY	150
UNIQUE_AVATAR_GVGSEASON_27_CRYSTAL_SINGLE	0	UNIQUE_TOKEN_COMMUNITY	300
UNIQUE_AVATAR_GVGSEASON_27_GOLD_SINGLE	0	UNIQUE_TOKEN_COMMUNITY	250
UNIQUE_AVATAR_GVGSEASON_27_SILVER_SINGLE	0	UNIQUE_TOKEN_COMMUNITY	200
UNIQUE_AVATAR_GVGSEASON_27_BRONZE_SINGLE	0	UNIQUE_TOKEN_COMMUNITY	150
UNIQUE_AVATAR_GVGSEASON_28_CRYSTAL_SINGLE	0	UNIQUE_TOKEN_COMMUNITY	300
UNIQUE_AVATAR_GVGSEASON_28_GOLD_SINGLE	0	UNIQUE_TOKEN_COMMUNITY	250
UNIQUE_AVATAR_GVGSEASON_28_SILVER_SINGLE	0	UNIQUE_TOKEN_COMMUNITY	200
UNIQUE_AVATAR_GVGSEASON_28_BRONZE_SINGLE	0	UNIQUE_TOKEN_COMMUNITY	150
UNIQUE_AVATAR_GVGSEASON_29_CRYSTAL_SINGLE	0	UNIQUE_TOKEN_COMMUNITY	300
UNIQUE_AVATAR_GVGSEASON_29_GOLD_SINGLE	0	UNIQUE_TOKEN_COMMUNITY	250
UNIQUE_AVATAR_GVGSEASON_29_SILVER_SINGLE	0	UNIQUE_TOKEN_COMMUNITY	200
UNIQUE_AVATAR_GVGSEASON_29_BRONZE_SINGLE	0	UNIQUE_TOKEN_COMMUNITY	150
UNIQUE_AVATAR_GVGSEASON_30_CRYSTAL_SINGLE	0	UNIQUE_TOKEN_COMMUNITY	300
UNIQUE_AVATAR_GVGSEASON_30_SILVER_SINGLE	0	UNIQUE_TOKEN_COMMUNITY	200
UNIQUE_AVATAR_GVGSEASON_31_CRYSTAL_SINGLE	0	UNIQUE_TOKEN_COMMUNITY	300
UNIQUE_AVATAR_GVGSEASON_31_SILVER_SINGLE	0	UNIQUE_TOKEN_COMMUNITY	200
T5_CORRUPTED_NONLETHAL_MAP	0	T5_SOUL	1
T6_CORRUPTED_LETHAL_MAP	0	T6_SOUL	1
T6_RANDOM_DUNGEON_ELITE_TOKEN_D1	0	T6_RANDOM_DUNGEON_TOKEN_D1	5
T7_RANDOM_DUNGEON_ELITE_TOKEN_D1	0	T7_RANDOM_DUNGEON_TOKEN_D1	5
T8_RANDOM_DUNGEON_ELITE_TOKEN_D1	0	T8_RANDOM_DUNGEON_TOKEN_D1	5
T6_RANDOM_DUNGEON_ELITE_TOKEN_D2	0	T6_RANDOM_DUNGEON_TOKEN_D2	5
T7_RANDOM_DUNGEON_ELITE_TOKEN_D2	0	T7_RANDOM_DUNGEON_TOKEN_D2	5
T8_RANDOM_DUNGEON_ELITE_TOKEN_D2	0	T8_RANDOM_DUNGEON_TOKEN_D2	5
T6_RANDOM_DUNGEON_ELITE_TOKEN_D3	0	T6_RANDOM_DUNGEON_TOKEN_D3	5
T7_RANDOM_DUNGEON_ELITE_TOKEN_D3	0	T7_RANDOM_DUNGEON_TOKEN_D3	5
T8_RANDOM_DUNGEON_ELITE_TOKEN_D3	0	T8_RANDOM_DUNGEON_TOKEN_D3	5
T6_RANDOM_DUNGEON_ELITE_TOKEN_D4	0	T6_RANDOM_DUNGEON_TOKEN_D4	5
T7_RANDOM_DUNGEON_ELITE_TOKEN_D4	0	T7_RANDOM_DUNGEON_TOKEN_D4	5
T8_RANDOM_DUNGEON_ELITE_TOKEN_D4	0	T8_RANDOM_DUNGEON_TOKEN_D4	5
T4_RANDOM_DUNGEON_TOKEN_D1	0	T4_RANDOM_DUNGEON_SOLO_TOKEN_D1	5
T5_RANDOM_DUNGEON_TOKEN_D1	0	T5_RANDOM_DUNGEON_SOLO_TOKEN_D1	5
T6_RANDOM_DUNGEON_TOKEN_D1	0	T6_RANDOM_DUNGEON_SOLO_TOKEN_D1	5
T7_RANDOM_DUNGEON_TOKEN_D1	0	T7_RANDOM_DUNGEON_SOLO_TOKEN_D1	5
T8_RANDOM_DUNGEON_TOKEN_D1	0	T8_RANDOM_DUNGEON_SOLO_TOKEN_D1	5
T4_RANDOM_DUNGEON_TOKEN_D2	0	T4_RANDOM_DUNGEON_SOLO_TOKEN_D2	5
T5_RANDOM_DUNGEON_TOKEN_D2	0	T5_RANDOM_DUNGEON_SOLO_TOKEN_D2	5
T6_RANDOM_DUNGEON_TOKEN_D2	0	T6_RANDOM_DUNGEON_SOLO_TOKEN_D2	5
T7_RANDOM_DUNGEON_TOKEN_D2	0	T7_RANDOM_DUNGEON_SOLO_TOKEN_D2	5
T8_RANDOM_DUNGEON_TOKEN_D2	0	T8_RANDOM_DUNGEON_SOLO_TOKEN_D2	5
T4_RANDOM_DUNGEON_TOKEN_D3	0	T4_RANDOM_DUNGEON_SOLO_TOKEN_D3	5
T5_RANDOM_DUNGEON_TOKEN_D3	0	T5_RANDOM_DUNGEON_SOLO_TOKEN_D3	5
T6_RANDOM_DUNGEON_TOKEN_D3	0	T6_RANDOM_DUNGEON_SOLO_TOKEN_D3	5
T7_RANDOM_DUNGEON_TOKEN_D3	0	T7_RANDOM_DUNGEON_SOLO_TOKEN_D3	5
T8_RANDOM_DUNGEON_TOKEN_D3	0	T8_RANDOM_DUNGEON_SOLO_TOKEN_D3	5
T4_RANDOM_DUNGEON_TOKEN_D4	0	T4_RANDOM_DUNGEON_SOLO_TOKEN_D4	5
T5_RANDOM_DUNGEON_TOKEN_D4	0	T5_RANDOM_DUNGEON_SOLO_TOKEN_D4	5
T6_RANDOM_DUNGEON_TOKEN_D4	0	T6_RANDOM_DUNGEON_SOLO_TOKEN_D4	5
T7_RANDOM_DUNGEON_TOKEN_D4	0	T7_RANDOM_DUNGEON_SOLO_TOKEN_D4	5
T8_RANDOM_DUNGEON_TOKEN_D4	0	T8_RANDOM_DUNGEON_SOLO_TOKEN_D4	5
UNIQUE_UNLOCK_SKIN_HORSE_UNDEAD	0	T5_MOUNTUPGRADE_HORSE_CURSE	1
UNIQUE_UNLOCK_SKIN_ARMORED_HORSE_ARENA_COPY	0	QUESTITEM_TOKEN_ARENA_CRYSTAL	460
UNIQUE_UNLOCK_SKIN_ARMORED_HORSE_ARENA	0	QUESTITEM_TOKEN_ARENA_UNRANKED	300
UNIQUE_UNLOCK_SKIN_ARMORED_HORSE_MORGANA	0	T5_MOUNTUPGRADE_HORSE_MORGANA	1
UNIQUE_UNLOCK_SKIN_DIREWOLF_GVGSEASON_1ST_03	0	UNIQUE_UNLOCK_SKIN_DIREWOLF_GVGSEASON_1ST_01	1
UNIQUE_UNLOCK_SKIN_DIREWOLF_GVGSEASON_1ST_02	0	UNIQUE_UNLOCK_SKIN_DIREWOLF_GVGSEASON_1ST_01	1
UNIQUE_UNLOCK_SKIN_COUGAR_ARENA_COPY	0	QUESTITEM_TOKEN_ARENA_CRYSTAL	1000
UNIQUE_UNLOCK_SKIN_COUGAR_ARENA	0	QUESTITEM_TOKEN_ARENA_UNRANKED	2000
UNIQUE_UNLOCK_VANITY_2H_FW_BRIDGEWATCH_BANNER	0	T1_FACTION_STEPPE_TOKEN_1	10
UNIQUE_UNLOCK_VANITY_2H_FW_THETFORD_BANNER	0	T1_FACTION_SWAMP_TOKEN_1	10
UNIQUE_UNLOCK_VANITY_2H_FW_FORTSTERLING_BANNER	0	T1_FACTION_MOUNTAIN_TOKEN_1	10
UNIQUE_UNLOCK_VANITY_2H_FW_MARTLOCK_BANNER	0	T1_FACTION_HIGHLAND_TOKEN_1	10
UNIQUE_UNLOCK_VANITY_2H_FW_LYMHURST_BANNER	0	T1_FACTION_FOREST_TOKEN_1	10
UNIQUE_UNLOCK_VANITY_2H_FW_CAERLEON_BANNER	0	T1_FACTION_CAERLEON_TOKEN_1	10
UNIQUE_UNLOCK_HEAD_VANITY_ARENA_SET_01_COPY	0	QUESTITEM_TOKEN_ARENA_CRYSTAL	80
UNIQUE_UNLOCK_HEAD_VANITY_ARENA_SET_01	0	QUESTITEM_TOKEN_ARENA_UNRANKED	40
UNIQUE_UNLOCK_ARMOR_VANITY_ARENA_SET_01_COPY	0	QUESTITEM_TOKEN_ARENA_CRYSTAL	260
UNIQUE_UNLOCK_ARMOR_VANITY_ARENA_SET_01	0	QUESTITEM_TOKEN_ARENA_UNRANKED	80
UNIQUE_UNLOCK_SHOES_VANITY_ARENA_SET_01_COPY	0	QUESTITEM_TOKEN_ARENA_CRYSTAL	70
UNIQUE_UNLOCK_SHOES_VANITY_ARENA_SET_01	0	QUESTITEM_TOKEN_ARENA_UNRANKED	40
UNIQUE_UNLOCK_CAPE_VANITY_ARENA_SET_01_COPY	0	QUESTITEM_TOKEN_ARENA_CRYSTAL	90
UNIQUE_UNLOCK_CAPE_VANITY_ARENA_SET_01	0	QUESTITEM_TOKEN_ARENA_UNRANKED	40
UNIQUE_UNLOCK_HEAD_VANITY_ARENA_EYEPATCH_COPY	0	QUESTITEM_TOKEN_ARENA_CRYSTAL	100
UNIQUE_UNLOCK_HEAD_VANITY_ARENA_EYEPATCH	0	QUESTITEM_TOKEN_ARENA_UNRANKED	30
UNIQUE_UNLOCK_T4_CAPE_ARENA_BANNER_COPY	0	QUESTITEM_TOKEN_ARENA_CRYSTAL	120
UNIQUE_UNLOCK_T4_CAPE_ARENA_BANNER	0	T4_CAPE	1
UNIQUE_UNLOCK_T4_CAPE_ARENA_BANNER	0	QUESTITEM_TOKEN_ARENA_UNRANKED	60
UNIQUE_UNLOCK_T6_CAPE_ARENA_BANNER_COPY	0	QUESTITEM_TOKEN_ARENA_CRYSTAL	240
UNIQUE_UNLOCK_T6_CAPE_ARENA_BANNER	0	T6_CAPE	1
UNIQUE_UNLOCK_T6_CAPE_ARENA_BANNER	0	QUESTITEM_TOKEN_ARENA_UNRANKED	300
UNIQUE_UNLOCK_T8_CAPE_ARENA_BANNER_COPY	0	QUESTITEM_TOKEN_ARENA_CRYSTAL	800
UNIQUE_UNLOCK_T8_CAPE_ARENA_BANNER	0	T8_CAPE	1
UNIQUE_UNLOCK_T8_CAPE_ARENA_BANNER	0	QUESTITEM_TOKEN_ARENA_UNRANKED	1500
UNIQUE_UNLOCK_HEAD_VANITY_GLADIATOR_ARENA	0	QUESTITEM_TOKEN_ARENA_CRYSTAL	500
UNIQUE_UNLOCK_ARMOR_VANITY_GLADIATOR_ARENA	0	QUESTITEM_TOKEN_ARENA_CRYSTAL	800
UNIQUE_UNLOCK_SHOES_VANITY_GLADIATOR_ARENA	0	QUESTITEM_TOKEN_ARENA_CRYSTAL	110
UNIQUE_UNLOCK_CAPE_VANITY_GLADIATOR_ARENA	0	QUESTITEM_TOKEN_ARENA_CRYSTAL	130
UNIQUE_UNLOCK_HEAD_VANITY_GLADIATOR_CRYSTAL	0	UNIQUE_GVGTOKEN_GENERIC	300
UNIQUE_UNLOCK_ARMOR_VANITY_GLADIATOR_CRYSTAL	0	UNIQUE_GVGTOKEN_GENERIC	220
UNIQUE_UNLOCK_SHOES_VANITY_GLADIATOR_CRYSTAL	0	UNIQUE_GVGTOKEN_GENERIC	130
UNIQUE_UNLOCK_CAPE_VANITY_GLADIATOR_CRYSTAL	0	UNIQUE_GVGTOKEN_GENERIC	150
UNIQUE_UNLOCK_HEAD_VANITY_EASTER_WHITE	0	QUESTITEM_TOKEN_EVENT_EASTER_2018	40000
UNIQUE_UNLOCK_HEAD_VANITY_EASTER_BROWN	0	QUESTITEM_TOKEN_EVENT_EASTER_2018	7500
UNIQUE_UNLOCK_ARMOR_VANITY_EASTER	0	QUESTITEM_TOKEN_EVENT_EASTER_2018	4500
UNIQUE_UNLOCK_SHOES_VANITY_EASTER	0	QUESTITEM_TOKEN_EVENT_EASTER_2018	1500
UNIQUE_UNLOCK_BACKPACK_VANITY_EASTER	0	QUESTITEM_TOKEN_EVENT_EASTER_2018	4500
UNIQUE_UNLOCK_UNIQUE_VANITY_2H_CHICKENGUN_EASTER	0	UNIQUE_CONSUMABLE_EVENT_EASTER_2020_EGG	6000
UNIQUE_UNLOCK_HEAD_VANITY_KNIGHT_AOCP_NON_TRADABLE	0	UNIQUE_TOKEN_AOCP	40
UNIQUE_UNLOCK_ARMOR_VANITY_KNIGHT_AOCP_NON_TRADABLE	0	UNIQUE_TOKEN_AOCP	40
UNIQUE_UNLOCK_SHOES_VANITY_KNIGHT_AOCP_NON_TRADABLE	0	UNIQUE_TOKEN_AOCP	40
UNIQUE_UNLOCK_CAPE_VANITY_KNIGHT_AOCP_NON_TRADABLE	0	UNIQUE_TOKEN_AOCP	40
UNIQUE_UNLOCK_DIREBOAR_FIBER_GATHERER	0	UNIQUE_TOKEN_AOCP	80
UNIQUE_UNLOCK_OFF_VANITY_PUMPKIN_HAPPY_NON_TRADABLE	0	UNIQUE_TOKEN_AOCP	25
UNIQUE_UNLOCK_OFF_VANITY_PUMPKIN_SAD_NON_TRADABLE	0	UNIQUE_TOKEN_AOCP	25
UNIQUE_UNLOCK_OFF_VANITY_PUMPKIN_ANGRY_NON_TRADABLE	0	UNIQUE_TOKEN_AOCP	25
UNIQUE_UNLOCK_AVATAR_FW_SOLDIER	0	T1_FACTION_SWAMP_TOKEN_1	10
UNIQUE_UNLOCK_AVATARRING_FW_SOLDIER	0	T1_FACTION_SWAMP_TOKEN_1	10
UNIQUE_UNLOCK_HEAD_VANITY_DRESS_BLUE_NON_TRADABLE	0	UNIQUE_TOKEN_COMMUNITY	50
UNIQUE_UNLOCK_HEAD_VANITY_DRESS_BLACK_NON_TRADABLE	0	UNIQUE_TOKEN_COMMUNITY	50
UNIQUE_UNLOCK_HEAD_VANITY_PRIEST_NON_TRADABLE	0	UNIQUE_TOKEN_COMMUNITY	50
UNIQUE_UNLOCK_HEAD_VANITY_WEDDING_DRESS_NON_TRADABLE	0	UNIQUE_TOKEN_COMMUNITY	50
UNIQUE_UNLOCK_HEAD_VANITY_WEDDING_TUXEDO_NON_TRADABLE	0	UNIQUE_TOKEN_COMMUNITY	50
UNIQUE_UNLOCK_HEAD_VANITY_BARD_NON_TRADABLE	0	UNIQUE_TOKEN_COMMUNITY	50
UNIQUE_UNLOCK_HEAD_VANITY_INNKEEPER_NON_TRADABLE	0	UNIQUE_TOKEN_COMMUNITY	50
UNIQUE_UNLOCK_HEAD_VANITY_PIRATE_NON_TRADABLE	0	UNIQUE_TOKEN_COMMUNITY	50
UNIQUE_UNLOCK_ARMOR_VANITY_DRESS_BLUE_NON_TRADABLE	0	UNIQUE_TOKEN_COMMUNITY	100
UNIQUE_UNLOCK_ARMOR_VANITY_DRESS_BLACK_NON_TRADABLE	0	UNIQUE_TOKEN_COMMUNITY	100
UNIQUE_UNLOCK_ARMOR_VANITY_PRIEST_NON_TRADABLE	0	UNIQUE_TOKEN_COMMUNITY	100
UNIQUE_UNLOCK_ARMOR_VANITY_WEDDING_DRESS_NON_TRADABLE	0	UNIQUE_TOKEN_COMMUNITY	100
UNIQUE_UNLOCK_ARMOR_VANITY_WEDDING_TUXEDO_NON_TRADABLE	0	UNIQUE_TOKEN_COMMUNITY	100
UNIQUE_UNLOCK_ARMOR_VANITY_BARD_NON_TRADABLE	0	UNIQUE_TOKEN_COMMUNITY	100
UNIQUE_UNLOCK_ARMOR_VANITY_INNKEEPER_NON_TRADABLE	0	UNIQUE_TOKEN_COMMUNITY	200
UNIQUE_UNLOCK_ARMOR_VANITY_PIRATE_NON_TRADABLE	0	UNIQUE_TOKEN_COMMUNITY	200
UNIQUE_UNLOCK_SHOES_VANITY_DRESS_BLUE_NON_TRADABLE	0	UNIQUE_TOKEN_COMMUNITY	50
UNIQUE_UNLOCK_SHOES_VANITY_DRESS_BLACK_NON_TRADABLE	0	UNIQUE_TOKEN_COMMUNITY	50
UNIQUE_UNLOCK_SHOES_VANITY_PRIEST_NON_TRADABLE	0	UNIQUE_TOKEN_COMMUNITY	50
UNIQUE_UNLOCK_SHOES_VANITY_WEDDING_DRESS_NON_TRADABLE	0	UNIQUE_TOKEN_COMMUNITY	50
UNIQUE_UNLOCK_SHOES_VANITY_WEDDING_TUXEDO_NON_TRADABLE	0	UNIQUE_TOKEN_COMMUNITY	50
UNIQUE_UNLOCK_SHOES_VANITY_BARD_NON_TRADABLE	0	UNIQUE_TOKEN_COMMUNITY	50
UNIQUE_UNLOCK_SHOES_VANITY_INNKEEPER_NON_TRADABLE	0	UNIQUE_TOKEN_COMMUNITY	50
UNIQUE_UNLOCK_SHOES_VANITY_PIRATE_NON_TRADABLE	0	UNIQUE_TOKEN_COMMUNITY	50
UNIQUE_UNLOCK_CAPE_VANITY_WEDDING_TUXEDO_NON_TRADABLE	0	UNIQUE_TOKEN_COMMUNITY	50
UNIQUE_UNLOCK_VANITY_2H_CHICKENGUN_EASTER_NON_TRADABLE	0	UNIQUE_TOKEN_COMMUNITY	800
UNIQUE_UNLOCK_OFF_VANITY_PRIEST_NON_TRADABLE	0	UNIQUE_TOKEN_COMMUNITY	50
UNIQUE_UNLOCK_OFF_VANITY_WEDDING_DRESS_NON_TRADABLE	0	UNIQUE_TOKEN_COMMUNITY	50
UNIQUE_UNLOCK_OFF_VANITY_WEDDING_TUXEDO_NON_TRADABLE	0	UNIQUE_TOKEN_COMMUNITY	50
UNIQUE_UNLOCK_OFF_VANITY_INNKEEPER_NON_TRADABLE	0	UNIQUE_TOKEN_COMMUNITY	100
UNIQUE_UNLOCK_OFF_VANITY_PIRATE_NON_TRADABLE	0	UNIQUE_TOKEN_COMMUNITY	100
UNIQUE_UNLOCK_SKIN_HORSE_BROWN_NON_TRADABLE	0	UNIQUE_TOKEN_COMMUNITY	100
UNIQUE_UNLOCK_SKIN_HORSE_KEEPER_NON_TRADABLE	0	UNIQUE_TOKEN_COMMUNITY	200
UNIQUE_UNLOCK_SKIN_HORSE_UNICORN_NON_TRADABLE	0	UNIQUE_TOKEN_COMMUNITY	800
UNIQUE_UNLOCK_SKIN_ARMORED_HORSE_T5_GUILD_NON_TRADABLE	0	UNIQUE_TOKEN_COMMUNITY	100
UNIQUE_UNLOCK_SKIN_ARMORED_HORSE_T6_GUILD_NON_TRADABLE	0	UNIQUE_TOKEN_COMMUNITY	200
UNIQUE_UNLOCK_SKIN_ARMORED_HORSE_T7_GUILD_NON_TRADABLE	0	UNIQUE_TOKEN_COMMUNITY	200
UNIQUE_UNLOCK_SKIN_ARMORED_HORSE_T8_GUILD_NON_TRADABLE	0	UNIQUE_TOKEN_COMMUNITY	800
UNIQUE_UNLOCK_SKIN_OX_BISON_AH_NON_TRADABLE	0	UNIQUE_TOKEN_COMMUNITY	200
UNIQUE_UNLOCK_SKIN_OX_BISON_ROYAL_NON_TRADABLE	0	UNIQUE_TOKEN_COMMUNITY	800
UNIQUE_UNLOCK_SKIN_OX_BLACKMARKET_NON_TRADABLE	0	UNIQUE_TOKEN_COMMUNITY	100
UNIQUE_UNLOCK_HEAD_VANITY_DRESS_GREEN_NON_TRADABLE	0	UNIQUE_TOKEN_COMMUNITY	50
UNIQUE_UNLOCK_ARMOR_VANITY_DRESS_GREEN_NON_TRADABLE	0	UNIQUE_TOKEN_COMMUNITY	100
UNIQUE_UNLOCK_SHOES_VANITY_DRESS_GREEN_NON_TRADABLE	0	UNIQUE_TOKEN_COMMUNITY	50
UNIQUE_UNLOCK_HEAD_VANITY_ENTERTAINER_NON_TRADABLE	0	UNIQUE_TOKEN_COMMUNITY	200
UNIQUE_UNLOCK_ARMOR_VANITY_ENTERTAINER_NON_TRADABLE	0	UNIQUE_TOKEN_COMMUNITY	200
UNIQUE_UNLOCK_SHOES_VANITY_ENTERTAINER_NON_TRADABLE	0	UNIQUE_TOKEN_COMMUNITY	200
UNIQUE_UNLOCK_HEAD_VANITY_NIGHTGOWN_NON_TRADABLE	0	UNIQUE_TOKEN_COMMUNITY	50
UNIQUE_UNLOCK_CAPE_VANITY_HYENA_NON_TRADABLE	0	UNIQUE_TOKEN_COMMUNITY	800
UNIQUE_UNLOCK_SKIN_COUGAR_AMETHYST	0	UNIQUE_TOKEN_COMMUNITY	1600
UNIQUE_UNLOCK_SKIN_GIANTSTAG_ALPACA_BROWN	0	UNIQUE_TOKEN_COMMUNITY	1600
UNIQUE_UNLOCK_SKIN_HORSE_UNICORN_AMETHYST	0	UNIQUE_TOKEN_COMMUNITY	1600
UNIQUE_UNLOCK_HEAD_VANITY_PIRATE_GREEN_NON_TRADABLE	0	UNIQUE_TOKEN_COMMUNITY	50
UNIQUE_UNLOCK_ARMOR_VANITY_PIRATE_GREEN_NON_TRADABLE	0	UNIQUE_TOKEN_COMMUNITY	200
UNIQUE_UNLOCK_SHOES_VANITY_PIRATE_GREEN_NON_TRADABLE	0	UNIQUE_TOKEN_COMMUNITY	50
UNIQUE_UNLOCK_OFF_VANITY_PIRATE_RED_NON_TRADABLE	0	UNIQUE_TOKEN_COMMUNITY	100
UNIQUE_UNLOCK_OFF_VANITY_PIRATE_GREEN_NON_TRADABLE	0	UNIQUE_TOKEN_COMMUNITY	100
UNIQUE_UNLOCK_OFF_VANITY_PIRATE_COCKATOO_NON_TRADABLE	0	UNIQUE_TOKEN_COMMUNITY	100
UNIQUE_UNLOCK_HEAD_VANITY_PRIEST_RED_NON_TRADABLE	0	UNIQUE_TOKEN_COMMUNITY	50
UNIQUE_UNLOCK_ARMOR_VANITY_PRIEST_RED_NON_TRADABLE	0	UNIQUE_TOKEN_COMMUNITY	200
UNIQUE_UNLOCK_SHOES_VANITY_PRIEST_RED_NON_TRADABLE	0	UNIQUE_TOKEN_COMMUNITY	50
UNIQUE_UNLOCK_OFF_VANITY_PRIEST_RED_NON_TRADABLE	0	UNIQUE_TOKEN_COMMUNITY	100
UNIQUE_UNLOCK_CAPE_VANITY_SNOWLEOPARD_NON_TRADABLE	0	UNIQUE_TOKEN_COMMUNITY	800
UNIQUE_UNLOCK_HEAD_VANITY_RICH_NOBLE_PURPLE_NON_TRADABLE	0	UNIQUE_TOKEN_COMMUNITY	50
UNIQUE_UNLOCK_ARMOR_VANITY_RICH_NOBLE_PURPLE_NON_TRADABLE	0	UNIQUE_TOKEN_COMMUNITY	200
UNIQUE_UNLOCK_SHOES_VANITY_RICH_NOBLE_PURPLE_NON_TRADABLE	0	UNIQUE_TOKEN_COMMUNITY	50
UNIQUE_UNLOCK_HEAD_VANITY_NIGHTGOWN_BLACK_NON_TRADABLE	0	UNIQUE_TOKEN_COMMUNITY	50
UNIQUE_UNLOCK_HEAD_VANITY_NIGHTGOWN_BELL_NON_TRADABLE	0	UNIQUE_TOKEN_COMMUNITY	50
UNIQUE_UNLOCK_HEAD_VANITY_BARD_BLUE_NON_TRADABLE	0	UNIQUE_TOKEN_COMMUNITY	50
UNIQUE_UNLOCK_ARMOR_VANITY_BARD_BLUE_NON_TRADABLE	0	UNIQUE_TOKEN_COMMUNITY	200
UNIQUE_UNLOCK_SHOES_VANITY_BARD_BLUE_NON_TRADABLE	0	UNIQUE_TOKEN_COMMUNITY	50
UNIQUE_UNLOCK_SKIN_DIREWOLF_FENNEK	0	UNIQUE_TOKEN_COMMUNITY	1600
UNIQUE_UNLOCK_SKIN_HORSE_QUESTING_BEAST_GREEN	0	UNIQUE_TOKEN_COMMUNITY	1600
T1_KILL_EMOTE_TOMBSTONE_CHARGES_NONTRADABLE	0	UNIQUE_TOKEN_COMMUNITY	10
T1_KILL_EMOTE_FLAG_CHARGES_NONTRADABLE	0	UNIQUE_TOKEN_COMMUNITY	2
T1_KILL_EMOTE_GHOST_CHARGES_NONTRADABLE	0	UNIQUE_TOKEN_COMMUNITY	10
T1_KILL_EMOTE_OVERGROWN_CHARGES_NONTRADABLE	0	UNIQUE_TOKEN_COMMUNITY	2
T1_KILL_EMOTE_HELLGATE_CHARGES_NONTRADABLE	0	UNIQUE_TOKEN_COMMUNITY	50
T1_KILL_EMOTE_SWORD_CHARGES_NONTRADABLE	0	UNIQUE_TOKEN_COMMUNITY	10
T1_KILL_EMOTE_HAMMER_CHARGES_NONTRADABLE	0	UNIQUE_TOKEN_COMMUNITY	10
T1_KILL_EMOTE_FLAG_MOBILE_CHARGES_NONTRADABLE	0	UNIQUE_TOKEN_COMMUNITY	2
T1_KILL_EMOTE_FLAG_DESKTOP_CHARGES_NONTRADABLE	0	UNIQUE_TOKEN_COMMUNITY	2
T1_KILL_EMOTE_FLAG_CONTROLLER_CHARGES_NONTRADABLE	0	UNIQUE_TOKEN_COMMUNITY	2
UNIQUE_UNLOCK_LORE_KEEPER_01	0	T1_ROCK	5
UNIQUE_UNLOCK_LORE_KEEPER_02	0	T1_ROCK	5
UNIQUE_UNLOCK_LORE_KEEPER_03	0	T1_ROCK	5
UNIQUE_UNLOCK_LORE_KEEPER_04	0	T1_ROCK	5
UNIQUE_UNLOCK_LORE_KEEPER_05	0	T1_ROCK	5
UNIQUE_UNLOCK_LORE_KEEPER_06	0	T1_ROCK	5
UNIQUE_UNLOCK_LORE_KEEPER_07	0	T1_ROCK	5
UNIQUE_UNLOCK_LORE_KEEPER_13	0	T1_ROCK	5
