T1_OFF_SHIELD	0	0.167	0	0
T2_OFF_SHIELD	0	0.167	0	140
T3_OFF_SHIELD	0	0.25	0	245
T4_OFF_SHIELD	0	0.333	0	429
T4_OFF_SHIELD	1	0.5	0	750
T4_OFF_SHIELD	2	0.667	0	1313
T4_OFF_SHIELD	3	0.833	0	2298
T4_OFF_SHIELD	4	1.25	0	4021
T5_OFF_SHIELD	0	0.5	0	750
T5_OFF_SHIELD	1	0.667	0	1313
T5_OFF_SHIELD	2	0.833	0	2298
T5_OFF_SHIELD	3	1.25	0	4021
T5_OFF_SHIELD	4	1.5	0	7037
T6_OFF_SHIELD	0	0.667	0	1313
T6_OFF_SHIELD	1	0.833	0	2298
T6_OFF_SHIELD	2	1.25	0	4021
T6_OFF_SHIELD	3	1.5	0	7037
T6_OFF_SHIELD	4	1.8	0	12315
T7_OFF_SHIELD	0	0.833	0	2298
T7_OFF_SHIELD	1	1.25	0	4021
T7_OFF_SHIELD	2	1.5	0	7037
T7_OFF_SHIELD	3	1.8	0	12315
T7_OFF_SHIELD	4	2.16	0	21551
T8_OFF_SHIELD	0	1.25	0	4021
T8_OFF_SHIELD	1	1.5	0	7037
T8_OFF_SHIELD	2	1.8	0	12315
T8_OFF_SHIELD	3	2.16	0	21551
T8_OFF_SHIELD	4	2.52	0	37715
T4_OFF_TOWERSHIELD_UNDEAD	0	0.333	0	429
T4_OFF_TOWERSHIELD_UNDEAD	1	0.5	0	750
T4_OFF_TOWERSHIELD_UNDEAD	2	0.667	0	1313
T4_OFF_TOWERSHIELD_UNDEAD	3	0.833	0	2298
T4_OFF_TOWERSHIELD_UNDEAD	4	1.25	0	4021
T5_OFF_TOWERSHIELD_UNDEAD	0	0.5	0	750
T5_OFF_TOWERSHIELD_UNDEAD	1	0.667	0	1313
T5_OFF_TOWERSHIELD_UNDEAD	2	0.833	0	2298
T5_OFF_TOWERSHIELD_UNDEAD	3	1.25	0	4021
T5_OFF_TOWERSHIELD_UNDEAD	4	1.5	0	7037
T6_OFF_TOWERSHIELD_UNDEAD	0	0.667	0	1313
T6_OFF_TOWERSHIELD_UNDEAD	1	0.833	0	2298
T6_OFF_TOWERSHIELD_UNDEAD	2	1.25	0	4021
T6_OFF_TOWERSHIELD_UNDEAD	3	1.5	0	7037
T6_OFF_TOWERSHIELD_UNDEAD	4	1.8	0	12315
T7_OFF_TOWERSHIELD_UNDEAD	0	0.833	0	2298
T7_OFF_TOWERSHIELD_UNDEAD	1	1.25	0	4021
T7_OFF_TOWERSHIELD_UNDEAD	2	1.5	0	7037
T7_OFF_TOWERSHIELD_UNDEAD	3	1.8	0	12315
T7_OFF_TOWERSHIELD_UNDEAD	4	2.16	0	21551
T8_OFF_TOWERSHIELD_UNDEAD	0	1.25	0	4021
T8_OFF_TOWERSHIELD_UNDEAD	1	1.5	0	7037
T8_OFF_TOWERSHIELD_UNDEAD	2	1.8	0	12315
T8_OFF_TOWERSHIELD_UNDEAD	3	2.16	0	21551
T8_OFF_TOWERSHIELD_UNDEAD	4	2.52	0	37715
T4_OFF_SHIELD_HELL	0	0.333	0	429
T4_OFF_SHIELD_HELL	1	0.5	0	750
T4_OFF_SHIELD_HELL	2	0.667	0	1313
T4_OFF_SHIELD_HELL	3	0.833	0	2298
T4_OFF_SHIELD_HELL	4	1.25	0	4021
T5_OFF_SHIELD_HELL	0	0.5	0	750
T5_OFF_SHIELD_HELL	1	0.667	0	1313
T5_OFF_SHIELD_HELL	2	0.833	0	2298
T5_OFF_SHIELD_HELL	3	1.25	0	4021
T5_OFF_SHIELD_HELL	4	1.5	0	7037
T6_OFF_SHIELD_HELL	0	0.667	0	1313
T6_OFF_SHIELD_HELL	1	0.833	0	2298
T6_OFF_SHIELD_HELL	2	1.25	0	4021
T6_OFF_SHIELD_HELL	3	1.5	0	7037
T6_OFF_SHIELD_HELL	4	1.8	0	12315
T7_OFF_SHIELD_HELL	0	0.833	0	2298
T7_OFF_SHIELD_HELL	1	1.25	0	4021
T7_OFF_SHIELD_HELL	2	1.5	0	7037
T7_OFF_SHIELD_HELL	3	1.8	0	12315
T7_OFF_SHIELD_HELL	4	2.16	0	21551
T8_OFF_SHIELD_HELL	0	1.25	0	4021
T8_OFF_SHIELD_HELL	1	1.5	0	7037
T8_OFF_SHIELD_HELL	2	1.8	0	12315
T8_OFF_SHIELD_HELL	3	2.16	0	21551
T8_OFF_SHIELD_HELL	4	2.52	0	37715
T4_OFF_SPIKEDSHIELD_MORGANA	0	0.333	0	429
T4_OFF_SPIKEDSHIELD_MORGANA	1	0.5	0	750
T4_OFF_SPIKEDSHIELD_MORGANA	2	0.667	0	1313
T4_OFF_SPIKEDSHIELD_MORGANA	3	0.833	0	2298
T4_OFF_SPIKEDSHIELD_MORGANA	4	1.25	0	4021
T5_OFF_SPIKEDSHIELD_MORGANA	0	0.5	0	750
T5_OFF_SPIKEDSHIELD_MORGANA	1	0.667	0	1313
T5_OFF_SPIKEDSHIELD_MORGANA	2	0.833	0	2298
T5_OFF_SPIKEDSHIELD_MORGANA	3	1.25	0	4021
T5_OFF_SPIKEDSHIELD_MORGANA	4	1.5	0	7037
T6_OFF_SPIKEDSHIELD_MORGANA	0	0.667	0	1313
T6_OFF_SPIKEDSHIELD_MORGANA	1	0.833	0	2298
T6_OFF_SPIKEDSHIELD_MORGANA	2	1.25	0	4021
T6_OFF_SPIKEDSHIELD_MORGANA	3	1.5	0	7037
T6_OFF_SPIKEDSHIELD_MORGANA	4	1.8	0	12315
T7_OFF_SPIKEDSHIELD_MORGANA	0	0.833	0	2298
T7_OFF_SPIKEDSHIELD_MORGANA	1	1.25	0	4021
T7_OFF_SPIKEDSHIELD_MORGANA	2	1.5	0	7037
T7_OFF_SPIKEDSHIELD_MORGANA	3	1.8	0	12315
T7_OFF_SPIKEDSHIELD_MORGANA	4	2.16	0	21551
T8_OFF_SPIKEDSHIELD_MORGANA	0	1.25	0	4021
T8_OFF_SPIKEDSHIELD_MORGANA	1	1.5	0	7037
T8_OFF_SPIKEDSHIELD_MORGANA	2	1.8	0	12315
T8_OFF_SPIKEDSHIELD_MORGANA	3	2.16	0	21551
T8_OFF_SPIKEDSHIELD_MORGANA	4	2.52	0	37715
T4_OFF_SHIELD_AVALON	0	0.333	0	429
T4_OFF_SHIELD_AVALON	1	0.5	0	750
T4_OFF_SHIELD_AVALON	2	0.667	0	1313
T4_OFF_SHIELD_AVALON	3	0.833	0	2298
T4_OFF_SHIELD_AVALON	4	1.25	0	4021
T5_OFF_SHIELD_AVALON	0	0.5	0	750
T5_OFF_SHIELD_AVALON	1	0.667	0	1313
T5_OFF_SHIELD_AVALON	2	0.833	0	2298
T5_OFF_SHIELD_AVALON	3	1.25	0	4021
T5_OFF_SHIELD_AVALON	4	1.5	0	7037
T6_OFF_SHIELD_AVALON	0	0.667	0	1313
T6_OFF_SHIELD_AVALON	1	0.833	0	2298
T6_OFF_SHIELD_AVALON	2	1.25	0	4021
T6_OFF_SHIELD_AVALON	3	1.5	0	7037
T6_OFF_SHIELD_AVALON	4	1.8	0	12315
T7_OFF_SHIELD_AVALON	0	0.833	0	2298
T7_OFF_SHIELD_AVALON	1	1.25	0	4021
T7_OFF_SHIELD_AVALON	2	1.5	0	7037
T7_OFF_SHIELD_AVALON	3	1.8	0	12315
T7_OFF_SHIELD_AVALON	4	2.16	0	21551
T8_OFF_SHIELD_AVALON	0	1.25	0	4021
T8_OFF_SHIELD_AVALON	1	1.5	0	7037
T8_OFF_SHIELD_AVALON	2	1.8	0	12315
T8_OFF_SHIELD_AVALON	3	2.16	0	21551
T8_OFF_SHIELD_AVALON	4	2.52	0	37715
T4_OFF_SHIELD_CRYSTAL	0	0.333	0	429
T4_OFF_SHIELD_CRYSTAL	1	0.5	0	750
T4_OFF_SHIELD_CRYSTAL	2	0.667	0	1313
T4_OFF_SHIELD_CRYSTAL	3	0.833	0	2298
T4_OFF_SHIELD_CRYSTAL	4	1.25	0	4021
T5_OFF_SHIELD_CRYSTAL	0	0.5	0	750
T5_OFF_SHIELD_CRYSTAL	1	0.667	0	1313
T5_OFF_SHIELD_CRYSTAL	2	0.833	0	2298
T5_OFF_SHIELD_CRYSTAL	3	1.25	0	4021
T5_OFF_SHIELD_CRYSTAL	4	1.5	0	7037
T6_OFF_SHIELD_CRYSTAL	0	0.667	0	1313
T6_OFF_SHIELD_CRYSTAL	1	0.833	0	2298
T6_OFF_SHIELD_CRYSTAL	2	1.25	0	4021
T6_OFF_SHIELD_CRYSTAL	3	1.5	0	7037
T6_OFF_SHIELD_CRYSTAL	4	1.8	0	12315
T7_OFF_SHIELD_CRYSTAL	0	0.833	0	2298
T7_OFF_SHIELD_CRYSTAL	1	1.25	0	4021
T7_OFF_SHIELD_CRYSTAL	2	1.5	0	7037
T7_OFF_SHIELD_CRYSTAL	3	1.8	0	12315
T7_OFF_SHIELD_CRYSTAL	4	2.16	0	21551
T8_OFF_SHIELD_CRYSTAL	0	1.25	0	4021
T8_OFF_SHIELD_CRYSTAL	1	1.5	0	7037
T8_OFF_SHIELD_CRYSTAL	2	1.8	0	12315
T8_OFF_SHIELD_CRYSTAL	3	2.16	0	21551
T8_OFF_SHIELD_CRYSTAL	4	2.52	0	37715
T2_OFF_BOOK	0	0.167	0	140
T3_OFF_BOOK	0	0.25	0	245
T4_OFF_BOOK	0	0.333	0	429
T4_OFF_BOOK	1	0.5	0	750
T4_OFF_BOOK	2	0.667	0	1313
T4_OFF_BOOK	3	0.833	0	2298
T4_OFF_BOOK	4	1.25	0	4021
T5_OFF_BOOK	0	0.5	0	750
T5_OFF_BOOK	1	0.667	0	1313
T5_OFF_BOOK	2	0.833	0	2298
T5_OFF_BOOK	3	1.25	0	4021
T5_OFF_BOOK	4	1.5	0	7037
T6_OFF_BOOK	0	0.667	0	1313
T6_OFF_BOOK	1	0.833	0	2298
T6_OFF_BOOK	2	1.25	0	4021
T6_OFF_BOOK	3	1.5	0	7037
T6_OFF_BOOK	4	1.8	0	12315
T7_OFF_BOOK	0	0.833	0	2298
T7_OFF_BOOK	1	1.25	0	4021
T7_OFF_BOOK	2	1.5	0	7037
T7_OFF_BOOK	3	1.8	0	12315
T7_OFF_BOOK	4	2.16	0	21551
T8_OFF_BOOK	0	1.25	0	4021
T8_OFF_BOOK	1	1.5	0	7037
T8_OFF_BOOK	2	1.8	0	12315
T8_OFF_BOOK	3	2.16	0	21551
T8_OFF_BOOK	4	2.52	0	37715
T4_OFF_ORB_MORGANA	0	0.333	0	429
T4_OFF_ORB_MORGANA	1	0.5	0	750
T4_OFF_ORB_MORGANA	2	0.667	0	1313
T4_OFF_ORB_MORGANA	3	0.833	0	2298
T4_OFF_ORB_MORGANA	4	1.25	0	4021
T5_OFF_ORB_MORGANA	0	0.5	0	750
T5_OFF_ORB_MORGANA	1	0.667	0	1313
T5_OFF_ORB_MORGANA	2	0.833	0	2298
T5_OFF_ORB_MORGANA	3	1.25	0	4021
T5_OFF_ORB_MORGANA	4	1.5	0	7037
T6_OFF_ORB_MORGANA	0	0.667	0	1313
T6_OFF_ORB_MORGANA	1	0.833	0	2298
T6_OFF_ORB_MORGANA	2	1.25	0	4021
T6_OFF_ORB_MORGANA	3	1.5	0	7037
T6_OFF_ORB_MORGANA	4	1.8	0	12315
T7_OFF_ORB_MORGANA	0	0.833	0	2298
T7_OFF_ORB_MORGANA	1	1.25	0	4021
T7_OFF_ORB_MORGANA	2	1.5	0	7037
T7_OFF_ORB_MORGANA	3	1.8	0	12315
T7_OFF_ORB_MORGANA	4	2.16	0	21551
T8_OFF_ORB_MORGANA	0	1.25	0	4021
T8_OFF_ORB_MORGANA	1	1.5	0	7037
T8_OFF_ORB_MORGANA	2	1.8	0	12315
T8_OFF_ORB_MORGANA	3	2.16	0	21551
T8_OFF_ORB_MORGANA	4	2.52	0	37715
T4_OFF_DEMONSKULL_HELL	0	0.333	0	429
T4_OFF_DEMONSKULL_HELL	1	0.5	0	750
T4_OFF_DEMONSKULL_HELL	2	0.667	0	1313
T4_OFF_DEMONSKULL_HELL	3	0.833	0	2298
T4_OFF_DEMONSKULL_HELL	4	1.25	0	4021
T5_OFF_DEMONSKULL_HELL	0	0.5	0	750
T5_OFF_DEMONSKULL_HELL	1	0.667	0	1313
T5_OFF_DEMONSKULL_HELL	2	0.833	0	2298
T5_OFF_DEMONSKULL_HELL	3	1.25	0	4021
T5_OFF_DEMONSKULL_HELL	4	1.5	0	7037
T6_OFF_DEMONSKULL_HELL	0	0.667	0	1313
T6_OFF_DEMONSKULL_HELL	1	0.833	0	2298
T6_OFF_DEMONSKULL_HELL	2	1.25	0	4021
T6_OFF_DEMONSKULL_HELL	3	1.5	0	7037
T6_OFF_DEMONSKULL_HELL	4	1.8	0	12315
T7_OFF_DEMONSKULL_HELL	0	0.833	0	2298
T7_OFF_DEMONSKULL_HELL	1	1.25	0	4021
T7_OFF_DEMONSKULL_HELL	2	1.5	0	7037
T7_OFF_DEMONSKULL_HELL	3	1.8	0	12315
T7_OFF_DEMONSKULL_HELL	4	2.16	0	21551
T8_OFF_DEMONSKULL_HELL	0	1.25	0	4021
T8_OFF_DEMONSKULL_HELL	1	1.5	0	7037
T8_OFF_DEMONSKULL_HELL	2	1.8	0	12315
T8_OFF_DEMONSKULL_HELL	3	2.16	0	21551
T8_OFF_DEMONSKULL_HELL	4	2.52	0	37715
T4_OFF_TOTEM_KEEPER	0	0.333	0	429
T4_OFF_TOTEM_KEEPER	1	0.5	0	750
T4_OFF_TOTEM_KEEPER	2	0.667	0	1313
T4_OFF_TOTEM_KEEPER	3	0.833	0	2298
T4_OFF_TOTEM_KEEPER	4	1.25	0	4021
T5_OFF_TOTEM_KEEPER	0	0.5	0	750
T5_OFF_TOTEM_KEEPER	1	0.667	0	1313
T5_OFF_TOTEM_KEEPER	2	0.833	0	2298
T5_OFF_TOTEM_KEEPER	3	1.25	0	4021
T5_OFF_TOTEM_KEEPER	4	1.5	0	7037
T6_OFF_TOTEM_KEEPER	0	0.667	0	1313
T6_OFF_TOTEM_KEEPER	1	0.833	0	2298
T6_OFF_TOTEM_KEEPER	2	1.25	0	4021
T6_OFF_TOTEM_KEEPER	3	1.5	0	7037
T6_OFF_TOTEM_KEEPER	4	1.8	0	12315
T7_OFF_TOTEM_KEEPER	0	0.833	0	2298
T7_OFF_TOTEM_KEEPER	1	1.25	0	4021
T7_OFF_TOTEM_KEEPER	2	1.5	0	7037
T7_OFF_TOTEM_KEEPER	3	1.8	0	12315
T7_OFF_TOTEM_KEEPER	4	2.16	0	21551
T8_OFF_TOTEM_KEEPER	0	1.25	0	4021
T8_OFF_TOTEM_KEEPER	1	1.5	0	7037
T8_OFF_TOTEM_KEEPER	2	1.8	0	12315
T8_OFF_TOTEM_KEEPER	3	2.16	0	21551
T8_OFF_TOTEM_KEEPER	4	2.52	0	37715
T4_OFF_CENSER_AVALON	0	0.333	0	429
T4_OFF_CENSER_AVALON	1	0.5	0	750
T4_OFF_CENSER_AVALON	2	0.667	0	1313
T4_OFF_CENSER_AVALON	3	0.833	0	2298
T4_OFF_CENSER_AVALON	4	1.25	0	4021
T5_OFF_CENSER_AVALON	0	0.5	0	750
T5_OFF_CENSER_AVALON	1	0.667	0	1313
T5_OFF_CENSER_AVALON	2	0.833	0	2298
T5_OFF_CENSER_AVALON	3	1.25	0	4021
T5_OFF_CENSER_AVALON	4	1.5	0	7037
T6_OFF_CENSER_AVALON	0	0.667	0	1313
T6_OFF_CENSER_AVALON	1	0.833	0	2298
T6_OFF_CENSER_AVALON	2	1.25	0	4021
T6_OFF_CENSER_AVALON	3	1.5	0	7037
T6_OFF_CENSER_AVALON	4	1.8	0	12315
T7_OFF_CENSER_AVALON	0	0.833	0	2298
T7_OFF_CENSER_AVALON	1	1.25	0	4021
T7_OFF_CENSER_AVALON	2	1.5	0	7037
T7_OFF_CENSER_AVALON	3	1.8	0	12315
T7_OFF_CENSER_AVALON	4	2.16	0	21551
T8_OFF_CENSER_AVALON	0	1.25	0	4021
T8_OFF_CENSER_AVALON	1	1.5	0	7037
T8_OFF_CENSER_AVALON	2	1.8	0	12315
T8_OFF_CENSER_AVALON	3	2.16	0	21551
T8_OFF_CENSER_AVALON	4	2.52	0	37715
T4_OFF_TOME_CRYSTAL	0	0.333	0	429
T4_OFF_TOME_CRYSTAL	1	0.5	0	750
T4_OFF_TOME_CRYSTAL	2	0.667	0	1313
T4_OFF_TOME_CRYSTAL	3	0.833	0	2298
T4_OFF_TOME_CRYSTAL	4	1.25	0	4021
T5_OFF_TOME_CRYSTAL	0	0.5	0	750
T5_OFF_TOME_CRYSTAL	1	0.667	0	1313
T5_OFF_TOME_CRYSTAL	2	0.833	0	2298
T5_OFF_TOME_CRYSTAL	3	1.25	0	4021
T5_OFF_TOME_CRYSTAL	4	1.5	0	7037
T6_OFF_TOME_CRYSTAL	0	0.667	0	1313
T6_OFF_TOME_CRYSTAL	1	0.833	0	2298
T6_OFF_TOME_CRYSTAL	2	1.25	0	4021
T6_OFF_TOME_CRYSTAL	3	1.5	0	7037
T6_OFF_TOME_CRYSTAL	4	1.8	0	12315
T7_OFF_TOME_CRYSTAL	0	0.833	0	2298
T7_OFF_TOME_CRYSTAL	1	1.25	0	4021
T7_OFF_TOME_CRYSTAL	2	1.5	0	7037
T7_OFF_TOME_CRYSTAL	3	1.8	0	12315
T7_OFF_TOME_CRYSTAL	4	2.16	0	21551
T8_OFF_TOME_CRYSTAL	0	1.25	0	4021
T8_OFF_TOME_CRYSTAL	1	1.5	0	7037
T8_OFF_TOME_CRYSTAL	2	1.8	0	12315
T8_OFF_TOME_CRYSTAL	3	2.16	0	21551
T8_OFF_TOME_CRYSTAL	4	2.52	0	37715
T3_OFF_TORCH	0	0.25	0	245
T4_OFF_TORCH	0	0.333	0	429
T4_OFF_TORCH	1	0.5	0	750
T4_OFF_TORCH	2	0.667	0	1313
T4_OFF_TORCH	3	0.833	0	2298
T4_OFF_TORCH	4	1.25	0	4021
T5_OFF_TORCH	0	0.5	0	750
T5_OFF_TORCH	1	0.667	0	1313
T5_OFF_TORCH	2	0.833	0	2298
T5_OFF_TORCH	3	1.25	0	4021
T5_OFF_TORCH	4	1.5	0	7037
T6_OFF_TORCH	0	0.667	0	1313
T6_OFF_TORCH	1	0.833	0	2298
T6_OFF_TORCH	2	1.25	0	4021
T6_OFF_TORCH	3	1.5	0	7037
T6_OFF_TORCH	4	1.8	0	12315
T7_OFF_TORCH	0	0.833	0	2298
T7_OFF_TORCH	1	1.25	0	4021
T7_OFF_TORCH	2	1.5	0	7037
T7_OFF_TORCH	3	1.8	0	12315
T7_OFF_TORCH	4	2.16	0	21551
T8_OFF_TORCH	0	1.25	0	4021
T8_OFF_TORCH	1	1.5	0	7037
T8_OFF_TORCH	2	1.8	0	12315
T8_OFF_TORCH	3	2.16	0	21551
T8_OFF_TORCH	4	2.52	0	37715
T4_OFF_HORN_KEEPER	0	0.333	0	429
T4_OFF_HORN_KEEPER	1	0.5	0	750
T4_OFF_HORN_KEEPER	2	0.667	0	1313
T4_OFF_HORN_KEEPER	3	0.833	0	2298
T4_OFF_HORN_KEEPER	4	1.25	0	4021
T5_OFF_HORN_KEEPER	0	0.5	0	750
T5_OFF_HORN_KEEPER	1	0.667	0	1313
T5_OFF_HORN_KEEPER	2	0.833	0	2298
T5_OFF_HORN_KEEPER	3	1.25	0	4021
T5_OFF_HORN_KEEPER	4	1.5	0	7037
T6_OFF_HORN_KEEPER	0	0.667	0	1313
T6_OFF_HORN_KEEPER	1	0.833	0	2298
T6_OFF_HORN_KEEPER	2	1.25	0	4021
T6_OFF_HORN_KEEPER	3	1.5	0	7037
T6_OFF_HORN_KEEPER	4	1.8	0	12315
T7_OFF_HORN_KEEPER	0	0.833	0	2298
T7_OFF_HORN_KEEPER	1	1.25	0	4021
T7_OFF_HORN_KEEPER	2	1.5	0	7037
T7_OFF_HORN_KEEPER	3	1.8	0	12315
T7_OFF_HORN_KEEPER	4	2.16	0	21551
T8_OFF_HORN_KEEPER	0	1.25	0	4021
T8_OFF_HORN_KEEPER	1	1.5	0	7037
T8_OFF_HORN_KEEPER	2	1.8	0	12315
T8_OFF_HORN_KEEPER	3	2.16	0	21551
T8_OFF_HORN_KEEPER	4	2.52	0	37715
T4_OFF_TALISMAN_AVALON	0	0.333	0	429
T4_OFF_TALISMAN_AVALON	1	0.5	0	750
T4_OFF_TALISMAN_AVALON	2	0.667	0	1313
T4_OFF_TALISMAN_AVALON	3	0.833	0	2298
T4_OFF_TALISMAN_AVALON	4	1.25	0	4021
T5_OFF_TALISMAN_AVALON	0	0.5	0	750
T5_OFF_TALISMAN_AVALON	1	0.667	0	1313
T5_OFF_TALISMAN_AVALON	2	0.833	0	2298
T5_OFF_TALISMAN_AVALON	3	1.25	0	4021
T5_OFF_TALISMAN_AVALON	4	1.5	0	7037
T6_OFF_TALISMAN_AVALON	0	0.667	0	1313
T6_OFF_TALISMAN_AVALON	1	0.833	0	2298
T6_OFF_TALISMAN_AVALON	2	1.25	0	4021
T6_OFF_TALISMAN_AVALON	3	1.5	0	7037
T6_OFF_TALISMAN_AVALON	4	1.8	0	12315
T7_OFF_TALISMAN_AVALON	0	0.833	0	2298
T7_OFF_TALISMAN_AVALON	1	1.25	0	4021
T7_OFF_TALISMAN_AVALON	2	1.5	0	7037
T7_OFF_TALISMAN_AVALON	3	1.8	0	12315
T7_OFF_TALISMAN_AVALON	4	2.16	0	21551
T8_OFF_TALISMAN_AVALON	0	1.25	0	4021
T8_OFF_TALISMAN_AVALON	1	1.5	0	7037
T8_OFF_TALISMAN_AVALON	2	1.8	0	12315
T8_OFF_TALISMAN_AVALON	3	2.16	0	21551
T8_OFF_TALISMAN_AVALON	4	2.52	0	37715
T4_OFF_LAMP_UNDEAD	0	0.333	0	429
T4_OFF_LAMP_UNDEAD	1	0.5	0	750
T4_OFF_LAMP_UNDEAD	2	0.667	0	1313
T4_OFF_LAMP_UNDEAD	3	0.833	0	2298
T4_OFF_LAMP_UNDEAD	4	1.25	0	4021
T5_OFF_LAMP_UNDEAD	0	0.5	0	750
T5_OFF_LAMP_UNDEAD	1	0.667	0	1313
T5_OFF_LAMP_UNDEAD	2	0.833	0	2298
T5_OFF_LAMP_UNDEAD	3	1.25	0	4021
T5_OFF_LAMP_UNDEAD	4	1.5	0	7037
T6_OFF_LAMP_UNDEAD	0	0.667	0	1313
T6_OFF_LAMP_UNDEAD	1	0.833	0	2298
T6_OFF_LAMP_UNDEAD	2	1.25	0	4021
T6_OFF_LAMP_UNDEAD	3	1.5	0	7037
T6_OFF_LAMP_UNDEAD	4	1.8	0	12315
T7_OFF_LAMP_UNDEAD	0	0.833	0	2298
T7_OFF_LAMP_UNDEAD	1	1.25	0	4021
T7_OFF_LAMP_UNDEAD	2	1.5	0	7037
T7_OFF_LAMP_UNDEAD	3	1.8	0	12315
T7_OFF_LAMP_UNDEAD	4	2.16	0	21551
T8_OFF_LAMP_UNDEAD	0	1.25	0	4021
T8_OFF_LAMP_UNDEAD	1	1.5	0	7037
T8_OFF_LAMP_UNDEAD	2	1.8	0	12315
T8_OFF_LAMP_UNDEAD	3	2.16	0	21551
T8_OFF_LAMP_UNDEAD	4	2.52	0	37715
T4_OFF_JESTERCANE_HELL	0	0.333	0	429
T4_OFF_JESTERCANE_HELL	1	0.5	0	750
T4_OFF_JESTERCANE_HELL	2	0.667	0	1313
T4_OFF_JESTERCANE_HELL	3	0.833	0	2298
T4_OFF_JESTERCANE_HELL	4	1.25	0	4021
T5_OFF_JESTERCANE_HELL	0	0.5	0	750
T5_OFF_JESTERCANE_HELL	1	0.667	0	1313
T5_OFF_JESTERCANE_HELL	2	0.833	0	2298
T5_OFF_JESTERCANE_HELL	3	1.25	0	4021
T5_OFF_JESTERCANE_HELL	4	1.5	0	7037
T6_OFF_JESTERCANE_HELL	0	0.667	0	1313
T6_OFF_JESTERCANE_HELL	1	0.833	0	2298
T6_OFF_JESTERCANE_HELL	2	1.25	0	4021
T6_OFF_JESTERCANE_HELL	3	1.5	0	7037
T6_OFF_JESTERCANE_HELL	4	1.8	0	12315
T7_OFF_JESTERCANE_HELL	0	0.833	0	2298
T7_OFF_JESTERCANE_HELL	1	1.25	0	4021
T7_OFF_JESTERCANE_HELL	2	1.5	0	7037
T7_OFF_JESTERCANE_HELL	3	1.8	0	12315
T7_OFF_JESTERCANE_HELL	4	2.16	0	21551
T8_OFF_JESTERCANE_HELL	0	1.25	0	4021
T8_OFF_JESTERCANE_HELL	1	1.5	0	7037
T8_OFF_JESTERCANE_HELL	2	1.8	0	12315
T8_OFF_JESTERCANE_HELL	3	2.16	0	21551
T8_OFF_JESTERCANE_HELL	4	2.52	0	37715
T4_OFF_TORCH_CRYSTAL	0	0.333	0	429
T4_OFF_TORCH_CRYSTAL	1	0.5	0	750
T4_OFF_TORCH_CRYSTAL	2	0.667	0	1313
T4_OFF_TORCH_CRYSTAL	3	0.833	0	2298
T4_OFF_TORCH_CRYSTAL	4	1.25	0	4021
T5_OFF_TORCH_CRYSTAL	0	0.5	0	750
T5_OFF_TORCH_CRYSTAL	1	0.667	0	1313
T5_OFF_TORCH_CRYSTAL	2	0.833	0	2298
T5_OFF_TORCH_CRYSTAL	3	1.25	0	4021
T5_OFF_TORCH_CRYSTAL	4	1.5	0	7037
T6_OFF_TORCH_CRYSTAL	0	0.667	0	1313
T6_OFF_TORCH_CRYSTAL	1	0.833	0	2298
T6_OFF_TORCH_CRYSTAL	2	1.25	0	4021
T6_OFF_TORCH_CRYSTAL	3	1.5	0	7037
T6_OFF_TORCH_CRYSTAL	4	1.8	0	12315
T7_OFF_TORCH_CRYSTAL	0	0.833	0	2298
T7_OFF_TORCH_CRYSTAL	1	1.25	0	4021
T7_OFF_TORCH_CRYSTAL	2	1.5	0	7037
T7_OFF_TORCH_CRYSTAL	3	1.8	0	12315
T7_OFF_TORCH_CRYSTAL	4	2.16	0	21551
T8_OFF_TORCH_CRYSTAL	0	1.25	0	4021
T8_OFF_TORCH_CRYSTAL	1	1.5	0	7037
T8_OFF_TORCH_CRYSTAL	2	1.8	0	12315
T8_OFF_TORCH_CRYSTAL	3	2.16	0	21551
T8_OFF_TORCH_CRYSTAL	4	2.52	0	37715
T2_CAPE	0	0.167	0	140
T3_CAPE	0	0.25	0	245
T4_CAPE	0	0.333	0	429
T4_CAPE	1	0.5	0	750
T4_CAPE	2	0.667	0	1313
T4_CAPE	3	0.833	0	2298
T4_CAPE	4	1.25	0	4021
T5_CAPE	0	0.5	0	750
T5_CAPE	1	0.667	0	1313
T5_CAPE	2	0.833	0	2298
T5_CAPE	3	1.25	0	4021
T5_CAPE	4	1.5	0	7037
T6_CAPE	0	0.667	0	1313
T6_CAPE	1	0.833	0	2298
T6_CAPE	2	1.25	0	4021
T6_CAPE	3	1.5	0	7037
T6_CAPE	4	1.8	0	12315
T7_CAPE	0	0.833	0	2298
T7_CAPE	1	1.25	0	4021
T7_CAPE	2	1.5	0	7037
T7_CAPE	3	1.8	0	12315
T7_CAPE	4	2.16	0	21551
T8_CAPE	0	1.25	0	4021
T8_CAPE	1	1.5	0	7037
T8_CAPE	2	1.8	0	12315
T8_CAPE	3	2.16	0	21551
T8_CAPE	4	2.52	0	37715
T4_CAPEITEM_FW_BRIDGEWATCH	0	0.333	0	0
T4_CAPEITEM_FW_BRIDGEWATCH	1	0.5	0	0
T4_CAPEITEM_FW_BRIDGEWATCH	2	0.667	0	0
T4_CAPEITEM_FW_BRIDGEWATCH	3	0.833	0	0
T4_CAPEITEM_FW_BRIDGEWATCH	4	1.25	0	0
T5_CAPEITEM_FW_BRIDGEWATCH	0	0.5	0	0
T5_CAPEITEM_FW_BRIDGEWATCH	1	0.667	0	0
T5_CAPEITEM_FW_BRIDGEWATCH	2	0.833	0	0
T5_CAPEITEM_FW_BRIDGEWATCH	3	1.25	0	0
T5_CAPEITEM_FW_BRIDGEWATCH	4	1.5	0	0
T6_CAPEITEM_FW_BRIDGEWATCH	0	0.667	0	0
T6_CAPEITEM_FW_BRIDGEWATCH	1	0.833	0	0
T6_CAPEITEM_FW_BRIDGEWATCH	2	1.25	0	0
T6_CAPEITEM_FW_BRIDGEWATCH	3	1.5	0	0
T6_CAPEITEM_FW_BRIDGEWATCH	4	1.8	0	0
T7_CAPEITEM_FW_BRIDGEWATCH	0	0.833	0	0
T7_CAPEITEM_FW_BRIDGEWATCH	1	1.25	0	0
T7_CAPEITEM_FW_BRIDGEWATCH	2	1.5	0	0
T7_CAPEITEM_FW_BRIDGEWATCH	3	1.8	0	0
T7_CAPEITEM_FW_BRIDGEWATCH	4	2.16	0	0
T8_CAPEITEM_FW_BRIDGEWATCH	0	1.25	0	0
T8_CAPEITEM_FW_BRIDGEWATCH	1	1.5	0	0
T8_CAPEITEM_FW_BRIDGEWATCH	2	1.8	0	0
T8_CAPEITEM_FW_BRIDGEWATCH	3	2.16	0	0
T8_CAPEITEM_FW_BRIDGEWATCH	4	2.52	0	0
T4_CAPEITEM_FW_FORTSTERLING	0	0.333	0	0
T4_CAPEITEM_FW_FORTSTERLING	1	0.5	0	0
T4_CAPEITEM_FW_FORTSTERLING	2	0.667	0	0
T4_CAPEITEM_FW_FORTSTERLING	3	0.833	0	0
T4_CAPEITEM_FW_FORTSTERLING	4	1.25	0	0
T5_CAPEITEM_FW_FORTSTERLING	0	0.5	0	0
T5_CAPEITEM_FW_FORTSTERLING	1	0.667	0	0
T5_CAPEITEM_FW_FORTSTERLING	2	0.833	0	0
T5_CAPEITEM_FW_FORTSTERLING	3	1.25	0	0
T5_CAPEITEM_FW_FORTSTERLING	4	1.5	0	0
T6_CAPEITEM_FW_FORTSTERLING	0	0.667	0	0
T6_CAPEITEM_FW_FORTSTERLING	1	0.833	0	0
T6_CAPEITEM_FW_FORTSTERLING	2	1.25	0	0
T6_CAPEITEM_FW_FORTSTERLING	3	1.5	0	0
T6_CAPEITEM_FW_FORTSTERLING	4	1.8	0	0
T7_CAPEITEM_FW_FORTSTERLING	0	0.833	0	0
T7_CAPEITEM_FW_FORTSTERLING	1	1.25	0	0
T7_CAPEITEM_FW_FORTSTERLING	2	1.5	0	0
T7_CAPEITEM_FW_FORTSTERLING	3	1.8	0	0
T7_CAPEITEM_FW_FORTSTERLING	4	2.16	0	0
T8_CAPEITEM_FW_FORTSTERLING	0	1.25	0	0
T8_CAPEITEM_FW_FORTSTERLING	1	1.5	0	0
T8_CAPEITEM_FW_FORTSTERLING	2	1.8	0	0
T8_CAPEITEM_FW_FORTSTERLING	3	2.16	0	0
T8_CAPEITEM_FW_FORTSTERLING	4	2.52	0	0
T4_CAPEITEM_FW_LYMHURST	0	0.333	0	0
T4_CAPEITEM_FW_LYMHURST	1	0.5	0	0
T4_CAPEITEM_FW_LYMHURST	2	0.667	0	0
T4_CAPEITEM_FW_LYMHURST	3	0.833	0	0
T4_CAPEITEM_FW_LYMHURST	4	1.25	0	0
T5_CAPEITEM_FW_LYMHURST	0	0.5	0	0
T5_CAPEITEM_FW_LYMHURST	1	0.667	0	0
T5_CAPEITEM_FW_LYMHURST	2	0.833	0	0
T5_CAPEITEM_FW_LYMHURST	3	1.25	0	0
T5_CAPEITEM_FW_LYMHURST	4	1.5	0	0
T6_CAPEITEM_FW_LYMHURST	0	0.667	0	0
T6_CAPEITEM_FW_LYMHURST	1	0.833	0	0
T6_CAPEITEM_FW_LYMHURST	2	1.25	0	0
T6_CAPEITEM_FW_LYMHURST	3	1.5	0	0
T6_CAPEITEM_FW_LYMHURST	4	1.8	0	0
T7_CAPEITEM_FW_LYMHURST	0	0.833	0	0
T7_CAPEITEM_FW_LYMHURST	1	1.25	0	0
T7_CAPEITEM_FW_LYMHURST	2	1.5	0	0
T7_CAPEITEM_FW_LYMHURST	3	1.8	0	0
T7_CAPEITEM_FW_LYMHURST	4	2.16	0	0
T8_CAPEITEM_FW_LYMHURST	0	1.25	0	0
T8_CAPEITEM_FW_LYMHURST	1	1.5	0	0
T8_CAPEITEM_FW_LYMHURST	2	1.8	0	0
T8_CAPEITEM_FW_LYMHURST	3	2.16	0	0
T8_CAPEITEM_FW_LYMHURST	4	2.52	0	0
T4_CAPEITEM_FW_MARTLOCK	0	0.333	0	0
T4_CAPEITEM_FW_MARTLOCK	1	0.5	0	0
T4_CAPEITEM_FW_MARTLOCK	2	0.667	0	0
T4_CAPEITEM_FW_MARTLOCK	3	0.833	0	0
T4_CAPEITEM_FW_MARTLOCK	4	1.25	0	0
T5_CAPEITEM_FW_MARTLOCK	0	0.5	0	0
T5_CAPEITEM_FW_MARTLOCK	1	0.667	0	0
T5_CAPEITEM_FW_MARTLOCK	2	0.833	0	0
T5_CAPEITEM_FW_MARTLOCK	3	1.25	0	0
T5_CAPEITEM_FW_MARTLOCK	4	1.5	0	0
T6_CAPEITEM_FW_MARTLOCK	0	0.667	0	0
T6_CAPEITEM_FW_MARTLOCK	1	0.833	0	0
T6_CAPEITEM_FW_MARTLOCK	2	1.25	0	0
T6_CAPEITEM_FW_MARTLOCK	3	1.5	0	0
T6_CAPEITEM_FW_MARTLOCK	4	1.8	0	0
T7_CAPEITEM_FW_MARTLOCK	0	0.833	0	0
T7_CAPEITEM_FW_MARTLOCK	1	1.25	0	0
T7_CAPEITEM_FW_MARTLOCK	2	1.5	0	0
T7_CAPEITEM_FW_MARTLOCK	3	1.8	0	0
T7_CAPEITEM_FW_MARTLOCK	4	2.16	0	0
T8_CAPEITEM_FW_MARTLOCK	0	1.25	0	0
T8_CAPEITEM_FW_MARTLOCK	1	1.5	0	0
T8_CAPEITEM_FW_MARTLOCK	2	1.8	0	0
T8_CAPEITEM_FW_MARTLOCK	3	2.16	0	0
T8_CAPEITEM_FW_MARTLOCK	4	2.52	0	0
T4_CAPEITEM_FW_THETFORD	0	0.333	0	0
T4_CAPEITEM_FW_THETFORD	1	0.5	0	0
T4_CAPEITEM_FW_THETFORD	2	0.667	0	0
T4_CAPEITEM_FW_THETFORD	3	0.833	0	0
T4_CAPEITEM_FW_THETFORD	4	1.25	0	0
T5_CAPEITEM_FW_THETFORD	0	0.5	0	0
T5_CAPEITEM_FW_THETFORD	1	0.667	0	0
T5_CAPEITEM_FW_THETFORD	2	0.833	0	0
T5_CAPEITEM_FW_THETFORD	3	1.25	0	0
T5_CAPEITEM_FW_THETFORD	4	1.5	0	0
T6_CAPEITEM_FW_THETFORD	0	0.667	0	0
T6_CAPEITEM_FW_THETFORD	1	0.833	0	0
T6_CAPEITEM_FW_THETFORD	2	1.25	0	0
T6_CAPEITEM_FW_THETFORD	3	1.5	0	0
T6_CAPEITEM_FW_THETFORD	4	1.8	0	0
T7_CAPEITEM_FW_THETFORD	0	0.833	0	0
T7_CAPEITEM_FW_THETFORD	1	1.25	0	0
T7_CAPEITEM_FW_THETFORD	2	1.5	0	0
T7_CAPEITEM_FW_THETFORD	3	1.8	0	0
T7_CAPEITEM_FW_THETFORD	4	2.16	0	0
T8_CAPEITEM_FW_THETFORD	0	1.25	0	0
T8_CAPEITEM_FW_THETFORD	1	1.5	0	0
T8_CAPEITEM_FW_THETFORD	2	1.8	0	0
T8_CAPEITEM_FW_THETFORD	3	2.16	0	0
T8_CAPEITEM_FW_THETFORD	4	2.52	0	0
T4_CAPEITEM_FW_CAERLEON	0	0.333	0	0
T4_CAPEITEM_FW_CAERLEON	1	0.5	0	0
T4_CAPEITEM_FW_CAERLEON	2	0.667	0	0
T4_CAPEITEM_FW_CAERLEON	3	0.833	0	0
T4_CAPEITEM_FW_CAERLEON	4	1.25	0	0
T5_CAPEITEM_FW_CAERLEON	0	0.5	0	0
T5_CAPEITEM_FW_CAERLEON	1	0.667	0	0
T5_CAPEITEM_FW_CAERLEON	2	0.833	0	0
T5_CAPEITEM_FW_CAERLEON	3	1.25	0	0
T5_CAPEITEM_FW_CAERLEON	4	1.5	0	0
T6_CAPEITEM_FW_CAERLEON	0	0.667	0	0
T6_CAPEITEM_FW_CAERLEON	1	0.833	0	0
T6_CAPEITEM_FW_CAERLEON	2	1.25	0	0
T6_CAPEITEM_FW_CAERLEON	3	1.5	0	0
T6_CAPEITEM_FW_CAERLEON	4	1.8	0	0
T7_CAPEITEM_FW_CAERLEON	0	0.833	0	0
T7_CAPEITEM_FW_CAERLEON	1	1.25	0	0
T7_CAPEITEM_FW_CAERLEON	2	1.5	0	0
T7_CAPEITEM_FW_CAERLEON	3	1.8	0	0
T7_CAPEITEM_FW_CAERLEON	4	2.16	0	0
T8_CAPEITEM_FW_CAERLEON	0	1.25	0	0
T8_CAPEITEM_FW_CAERLEON	1	1.5	0	0
T8_CAPEITEM_FW_CAERLEON	2	1.8	0	0
T8_CAPEITEM_FW_CAERLEON	3	2.16	0	0
T8_CAPEITEM_FW_CAERLEON	4	2.52	0	0
T4_CAPEITEM_FW_BRECILIEN	0	0.333	0	0
T4_CAPEITEM_FW_BRECILIEN	1	0.5	0	0
T4_CAPEITEM_FW_BRECILIEN	2	0.667	0	0
T4_CAPEITEM_FW_BRECILIEN	3	0.833	0	0
T4_CAPEITEM_FW_BRECILIEN	4	1.25	0	0
T5_CAPEITEM_FW_BRECILIEN	0	0.5	0	0
T5_CAPEITEM_FW_BRECILIEN	1	0.667	0	0
T5_CAPEITEM_FW_BRECILIEN	2	0.833	0	0
T5_CAPEITEM_FW_BRECILIEN	3	1.25	0	0
T5_CAPEITEM_FW_BRECILIEN	4	1.5	0	0
T6_CAPEITEM_FW_BRECILIEN	0	0.667	0	0
T6_CAPEITEM_FW_BRECILIEN	1	0.833	0	0
T6_CAPEITEM_FW_BRECILIEN	2	1.25	0	0
T6_CAPEITEM_FW_BRECILIEN	3	1.5	0	0
T6_CAPEITEM_FW_BRECILIEN	4	1.8	0	0
T7_CAPEITEM_FW_BRECILIEN	0	0.833	0	0
T7_CAPEITEM_FW_BRECILIEN	1	1.25	0	0
T7_CAPEITEM_FW_BRECILIEN	2	1.5	0	0
T7_CAPEITEM_FW_BRECILIEN	3	1.8	0	0
T7_CAPEITEM_FW_BRECILIEN	4	2.16	0	0
T8_CAPEITEM_FW_BRECILIEN	0	1.25	0	0
T8_CAPEITEM_FW_BRECILIEN	1	1.5	0	0
T8_CAPEITEM_FW_BRECILIEN	2	1.8	0	0
T8_CAPEITEM_FW_BRECILIEN	3	2.16	0	0
T8_CAPEITEM_FW_BRECILIEN	4	2.52	0	0
T4_CAPEITEM_AVALON	0	0.333	0	0
T4_CAPEITEM_AVALON	1	0.5	0	0
T4_CAPEITEM_AVALON	2	0.667	0	0
T4_CAPEITEM_AVALON	3	0.833	0	0
T4_CAPEITEM_AVALON	4	1.25	0	0
T5_CAPEITEM_AVALON	0	0.5	0	0
T5_CAPEITEM_AVALON	1	0.667	0	0
T5_CAPEITEM_AVALON	2	0.833	0	0
T5_CAPEITEM_AVALON	3	1.25	0	0
T5_CAPEITEM_AVALON	4	1.5	0	0
T6_CAPEITEM_AVALON	0	0.667	0	0
T6_CAPEITEM_AVALON	1	0.833	0	0
T6_CAPEITEM_AVALON	2	1.25	0	0
T6_CAPEITEM_AVALON	3	1.5	0	0
T6_CAPEITEM_AVALON	4	1.8	0	0
T7_CAPEITEM_AVALON	0	0.833	0	0
T7_CAPEITEM_AVALON	1	1.25	0	0
T7_CAPEITEM_AVALON	2	1.5	0	0
T7_CAPEITEM_AVALON	3	1.8	0	0
T7_CAPEITEM_AVALON	4	2.16	0	0
T8_CAPEITEM_AVALON	0	1.25	0	0
T8_CAPEITEM_AVALON	1	1.5	0	0
T8_CAPEITEM_AVALON	2	1.8	0	0
T8_CAPEITEM_AVALON	3	2.16	0	0
T8_CAPEITEM_AVALON	4	2.52	0	0
T4_CAPEITEM_SMUGGLER	0	0.333	0	0
T4_CAPEITEM_SMUGGLER	1	0.5	0	0
T4_CAPEITEM_SMUGGLER	2	0.667	0	0
T4_CAPEITEM_SMUGGLER	3	0.833	0	0
T4_CAPEITEM_SMUGGLER	4	1.25	0	0
T5_CAPEITEM_SMUGGLER	0	0.5	0	0
T5_CAPEITEM_SMUGGLER	1	0.667	0	0
T5_CAPEITEM_SMUGGLER	2	0.833	0	0
T5_CAPEITEM_SMUGGLER	3	1.25	0	0
T5_CAPEITEM_SMUGGLER	4	1.5	0	0
T6_CAPEITEM_SMUGGLER	0	0.667	0	0
T6_CAPEITEM_SMUGGLER	1	0.833	0	0
T6_CAPEITEM_SMUGGLER	2	1.25	0	0
T6_CAPEITEM_SMUGGLER	3	1.5	0	0
T6_CAPEITEM_SMUGGLER	4	1.8	0	0
T7_CAPEITEM_SMUGGLER	0	0.833	0	0
T7_CAPEITEM_SMUGGLER	1	1.25	0	0
T7_CAPEITEM_SMUGGLER	2	1.5	0	0
T7_CAPEITEM_SMUGGLER	3	1.8	0	0
T7_CAPEITEM_SMUGGLER	4	2.16	0	0
T8_CAPEITEM_SMUGGLER	0	1.25	0	0
T8_CAPEITEM_SMUGGLER	1	1.5	0	0
T8_CAPEITEM_SMUGGLER	2	1.8	0	0
T8_CAPEITEM_SMUGGLER	3	2.16	0	0
T8_CAPEITEM_SMUGGLER	4	2.52	0	0
T4_CAPEITEM_HERETIC	0	0.333	0	0
T4_CAPEITEM_HERETIC	1	0.5	0	0
T4_CAPEITEM_HERETIC	2	0.667	0	0
T4_CAPEITEM_HERETIC	3	0.833	0	0
T4_CAPEITEM_HERETIC	4	1.25	0	0
T5_CAPEITEM_HERETIC	0	0.5	0	0
T5_CAPEITEM_HERETIC	1	0.667	0	0
T5_CAPEITEM_HERETIC	2	0.833	0	0
T5_CAPEITEM_HERETIC	3	1.25	0	0
T5_CAPEITEM_HERETIC	4	1.5	0	0
T6_CAPEITEM_HERETIC	0	0.667	0	0
T6_CAPEITEM_HERETIC	1	0.833	0	0
T6_CAPEITEM_HERETIC	2	1.25	0	0
T6_CAPEITEM_HERETIC	3	1.5	0	0
T6_CAPEITEM_HERETIC	4	1.8	0	0
T7_CAPEITEM_HERETIC	0	0.833	0	0
T7_CAPEITEM_HERETIC	1	1.25	0	0
T7_CAPEITEM_HERETIC	2	1.5	0	0
T7_CAPEITEM_HERETIC	3	1.8	0	0
T7_CAPEITEM_HERETIC	4	2.16	0	0
T8_CAPEITEM_HERETIC	0	1.25	0	0
T8_CAPEITEM_HERETIC	1	1.5	0	0
T8_CAPEITEM_HERETIC	2	1.8	0	0
T8_CAPEITEM_HERETIC	3	2.16	0	0
T8_CAPEITEM_HERETIC	4	2.52	0	0
T4_CAPEITEM_UNDEAD	0	0.333	0	0
T4_CAPEITEM_UNDEAD	1	0.5	0	0
T4_CAPEITEM_UNDEAD	2	0.667	0	0
T4_CAPEITEM_UNDEAD	3	0.833	0	0
T4_CAPEITEM_UNDEAD	4	1.25	0	0
T5_CAPEITEM_UNDEAD	0	0.5	0	0
T5_CAPEITEM_UNDEAD	1	0.667	0	0
T5_CAPEITEM_UNDEAD	2	0.833	0	0
T5_CAPEITEM_UNDEAD	3	1.25	0	0
T5_CAPEITEM_UNDEAD	4	1.5	0	0
T6_CAPEITEM_UNDEAD	0	0.667	0	0
T6_CAPEITEM_UNDEAD	1	0.833	0	0
T6_CAPEITEM_UNDEAD	2	1.25	0	0
T6_CAPEITEM_UNDEAD	3	1.5	0	0
T6_CAPEITEM_UNDEAD	4	1.8	0	0
T7_CAPEITEM_UNDEAD	0	0.833	0	0
T7_CAPEITEM_UNDEAD	1	1.25	0	0
T7_CAPEITEM_UNDEAD	2	1.5	0	0
T7_CAPEITEM_UNDEAD	3	1.8	0	0
T7_CAPEITEM_UNDEAD	4	2.16	0	0
T8_CAPEITEM_UNDEAD	0	1.25	0	0
T8_CAPEITEM_UNDEAD	1	1.5	0	0
T8_CAPEITEM_UNDEAD	2	1.8	0	0
T8_CAPEITEM_UNDEAD	3	2.16	0	0
T8_CAPEITEM_UNDEAD	4	2.52	0	0
T4_CAPEITEM_KEEPER	0	0.333	0	0
T4_CAPEITEM_KEEPER	1	0.5	0	0
T4_CAPEITEM_KEEPER	2	0.667	0	0
T4_CAPEITEM_KEEPER	3	0.833	0	0
T4_CAPEITEM_KEEPER	4	1.25	0	0
T5_CAPEITEM_KEEPER	0	0.5	0	0
T5_CAPEITEM_KEEPER	1	0.667	0	0
T5_CAPEITEM_KEEPER	2	0.833	0	0
T5_CAPEITEM_KEEPER	3	1.25	0	0
T5_CAPEITEM_KEEPER	4	1.5	0	0
T6_CAPEITEM_KEEPER	0	0.667	0	0
T6_CAPEITEM_KEEPER	1	0.833	0	0
T6_CAPEITEM_KEEPER	2	1.25	0	0
T6_CAPEITEM_KEEPER	3	1.5	0	0
T6_CAPEITEM_KEEPER	4	1.8	0	0
T7_CAPEITEM_KEEPER	0	0.833	0	0
T7_CAPEITEM_KEEPER	1	1.25	0	0
T7_CAPEITEM_KEEPER	2	1.5	0	0
T7_CAPEITEM_KEEPER	3	1.8	0	0
T7_CAPEITEM_KEEPER	4	2.16	0	0
T8_CAPEITEM_KEEPER	0	1.25	0	0
T8_CAPEITEM_KEEPER	1	1.5	0	0
T8_CAPEITEM_KEEPER	2	1.8	0	0
T8_CAPEITEM_KEEPER	3	2.16	0	0
T8_CAPEITEM_KEEPER	4	2.52	0	0
T4_CAPEITEM_MORGANA	0	0.333	0	0
T4_CAPEITEM_MORGANA	1	0.5	0	0
T4_CAPEITEM_MORGANA	2	0.667	0	0
T4_CAPEITEM_MORGANA	3	0.833	0	0
T4_CAPEITEM_MORGANA	4	1.25	0	0
T5_CAPEITEM_MORGANA	0	0.5	0	0
T5_CAPEITEM_MORGANA	1	0.667	0	0
T5_CAPEITEM_MORGANA	2	0.833	0	0
T5_CAPEITEM_MORGANA	3	1.25	0	0
T5_CAPEITEM_MORGANA	4	1.5	0	0
T6_CAPEITEM_MORGANA	0	0.667	0	0
T6_CAPEITEM_MORGANA	1	0.833	0	0
T6_CAPEITEM_MORGANA	2	1.25	0	0
T6_CAPEITEM_MORGANA	3	1.5	0	0
T6_CAPEITEM_MORGANA	4	1.8	0	0
T7_CAPEITEM_MORGANA	0	0.833	0	0
T7_CAPEITEM_MORGANA	1	1.25	0	0
T7_CAPEITEM_MORGANA	2	1.5	0	0
T7_CAPEITEM_MORGANA	3	1.8	0	0
T7_CAPEITEM_MORGANA	4	2.16	0	0
T8_CAPEITEM_MORGANA	0	1.25	0	0
T8_CAPEITEM_MORGANA	1	1.5	0	0
T8_CAPEITEM_MORGANA	2	1.8	0	0
T8_CAPEITEM_MORGANA	3	2.16	0	0
T8_CAPEITEM_MORGANA	4	2.52	0	0
T4_CAPEITEM_DEMON	0	0.333	0	0
T4_CAPEITEM_DEMON	1	0.5	0	0
T4_CAPEITEM_DEMON	2	0.667	0	0
T4_CAPEITEM_DEMON	3	0.833	0	0
T4_CAPEITEM_DEMON	4	1.25	0	0
T5_CAPEITEM_DEMON	0	0.5	0	0
T5_CAPEITEM_DEMON	1	0.667	0	0
T5_CAPEITEM_DEMON	2	0.833	0	0
T5_CAPEITEM_DEMON	3	1.25	0	0
T5_CAPEITEM_DEMON	4	1.5	0	0
T6_CAPEITEM_DEMON	0	0.667	0	0
T6_CAPEITEM_DEMON	1	0.833	0	0
T6_CAPEITEM_DEMON	2	1.25	0	0
T6_CAPEITEM_DEMON	3	1.5	0	0
T6_CAPEITEM_DEMON	4	1.8	0	0
T7_CAPEITEM_DEMON	0	0.833	0	0
T7_CAPEITEM_DEMON	1	1.25	0	0
T7_CAPEITEM_DEMON	2	1.5	0	0
T7_CAPEITEM_DEMON	3	1.8	0	0
T7_CAPEITEM_DEMON	4	2.16	0	0
T8_CAPEITEM_DEMON	0	1.25	0	0
T8_CAPEITEM_DEMON	1	1.5	0	0
T8_CAPEITEM_DEMON	2	1.8	0	0
T8_CAPEITEM_DEMON	3	2.16	0	0
T8_CAPEITEM_DEMON	4	2.52	0	0
T2_BAG	0	0.333	0	280
T3_BAG	0	0.5	0	490
T4_BAG	0	0.667	0	858
T4_BAG	1	1.0	0	1501
T4_BAG	2	1.333	0	2626
T4_BAG	3	1.667	0	4596
T4_BAG	4	2.5	0	8042
T5_BAG	0	1.0	0	1501
T5_BAG	1	1.333	0	2626
T5_BAG	2	1.667	0	4596
T5_BAG	3	2.5	0	8042
T5_BAG	4	3.0	0	14074
T6_BAG	0	1.333	0	2626
T6_BAG	1	1.667	0	4596
T6_BAG	2	2.5	0	8042
T6_BAG	3	3.0	0	14074
T6_BAG	4	3.6	0	24630
T7_BAG	0	1.667	0	4596
T7_BAG	1	2.5	0	8042
T7_BAG	2	3.0	0	14074
T7_BAG	3	3.6	0	24630
T7_BAG	4	4.32	0	43102
T8_BAG	0	2.5	0	8042
T8_BAG	1	3.0	0	14074
T8_BAG	2	3.6	0	24630
T8_BAG	3	4.32	0	43102
T8_BAG	4	5.04	0	75429
T4_BAG_INSIGHT	0	0.667	0	858
T4_BAG_INSIGHT	1	1.0	0	1501
T4_BAG_INSIGHT	2	1.333	0	2626
T4_BAG_INSIGHT	3	1.667	0	4596
T4_BAG_INSIGHT	4	2.5	0	8042
T5_BAG_INSIGHT	0	1.0	0	1501
T5_BAG_INSIGHT	1	1.333	0	2626
T5_BAG_INSIGHT	2	1.667	0	4596
T5_BAG_INSIGHT	3	2.5	0	8042
T5_BAG_INSIGHT	4	3.0	0	14074
T6_BAG_INSIGHT	0	1.333	0	2626
T6_BAG_INSIGHT	1	1.667	0	4596
T6_BAG_INSIGHT	2	2.5	0	8042
T6_BAG_INSIGHT	3	3.0	0	14074
T6_BAG_INSIGHT	4	3.6	0	24630
T7_BAG_INSIGHT	0	1.667	0	4596
T7_BAG_INSIGHT	1	2.5	0	8042
T7_BAG_INSIGHT	2	3.0	0	14074
T7_BAG_INSIGHT	3	3.6	0	24630
T7_BAG_INSIGHT	4	4.32	0	43102
T8_BAG_INSIGHT	0	2.5	0	8042
T8_BAG_INSIGHT	1	3.0	0	14074
T8_BAG_INSIGHT	2	3.6	0	24630
T8_BAG_INSIGHT	3	4.32	0	43102
T8_BAG_INSIGHT	4	5.04	0	75429
UNIQUE_SHOES_RUBBERBANDING	0	0.5	0	0
UNIQUE_CAPE_VANITY_FOUNDER_ASIA_CRYSTAL	0	0.0	0	0
UNIQUE_CAPE_VANITY_FOUNDER_ASIA_GOLD	0	0.0	0	0
UNIQUE_CAPE_VANITY_WARRIOR_KING	0	0.0	0	0
UNIQUE_CAPE_VANITY_WARRIOR_KNIGHT	0	0.0	0	0
UNIQUE_CAPE_VANITY_DARK_SORCERER	0	0.0	0	0
UNIQUE_CAPE_VANITY_DARK_NOVICE	0	0.0	0	0
UNIQUE_INTERNAL_HEAD_GAMEMASTER	0	1.5	0	194
UNIQUE_INTERNAL_ARMOR_GAMEMASTER	0	1.5	0	388
UNIQUE_INTERNAL_SHOES_GAMEMASTER	0	1.5	0	194
UNIQUE_INTERNAL_OFF_SCROLL_GAMEMASTER	0	2.5	0	712
T2_HEAD_PLATE_SET1	0	0.167	0	140
T3_HEAD_PLATE_SET1	0	0.25	0	245
T4_HEAD_PLATE_SET1	0	0.333	0	429
T4_HEAD_PLATE_SET1	1	0.5	0	750
T4_HEAD_PLATE_SET1	2	0.667	0	1313
T4_HEAD_PLATE_SET1	3	0.833	0	2298
T4_HEAD_PLATE_SET1	4	1.25	0	4021
T5_HEAD_PLATE_SET1	0	0.5	0	750
T5_HEAD_PLATE_SET1	1	0.667	0	1313
T5_HEAD_PLATE_SET1	2	0.833	0	2298
T5_HEAD_PLATE_SET1	3	1.25	0	4021
T5_HEAD_PLATE_SET1	4	1.5	0	7037
T6_HEAD_PLATE_SET1	0	0.667	0	1313
T6_HEAD_PLATE_SET1	1	0.833	0	2298
T6_HEAD_PLATE_SET1	2	1.25	0	4021
T6_HEAD_PLATE_SET1	3	1.5	0	7037
T6_HEAD_PLATE_SET1	4	1.8	0	12315
T7_HEAD_PLATE_SET1	0	0.833	0	2298
T7_HEAD_PLATE_SET1	1	1.25	0	4021
T7_HEAD_PLATE_SET1	2	1.5	0	7037
T7_HEAD_PLATE_SET1	3	1.8	0	12315
T7_HEAD_PLATE_SET1	4	2.16	0	21551
T8_HEAD_PLATE_SET1	0	1.25	0	4021
T8_HEAD_PLATE_SET1	1	1.5	0	7037
T8_HEAD_PLATE_SET1	2	1.8	0	12315
T8_HEAD_PLATE_SET1	3	2.16	0	21551
T8_HEAD_PLATE_SET1	4	2.52	0	37715
T2_ARMOR_PLATE_SET1	0	0.333	0	280
T3_ARMOR_PLATE_SET1	0	0.5	0	490
T4_ARMOR_PLATE_SET1	0	0.667	0	858
T4_ARMOR_PLATE_SET1	1	1.0	0	1501
T4_ARMOR_PLATE_SET1	2	1.333	0	2626
T4_ARMOR_PLATE_SET1	3	1.667	0	4596
T4_ARMOR_PLATE_SET1	4	2.5	0	8042
T5_ARMOR_PLATE_SET1	0	1.0	0	1501
T5_ARMOR_PLATE_SET1	1	1.333	0	2626
T5_ARMOR_PLATE_SET1	2	1.667	0	4596
T5_ARMOR_PLATE_SET1	3	2.5	0	8042
T5_ARMOR_PLATE_SET1	4	3.0	0	14074
T6_ARMOR_PLATE_SET1	0	1.333	0	2626
T6_ARMOR_PLATE_SET1	1	1.667	0	4596
T6_ARMOR_PLATE_SET1	2	2.5	0	8042
T6_ARMOR_PLATE_SET1	3	3.0	0	14074
T6_ARMOR_PLATE_SET1	4	3.6	0	24630
T7_ARMOR_PLATE_SET1	0	1.667	0	4596
T7_ARMOR_PLATE_SET1	1	2.5	0	8042
T7_ARMOR_PLATE_SET1	2	3.0	0	14074
T7_ARMOR_PLATE_SET1	3	3.6	0	24630
T7_ARMOR_PLATE_SET1	4	4.32	0	43102
T8_ARMOR_PLATE_SET1	0	2.5	0	8042
T8_ARMOR_PLATE_SET1	1	3.0	0	14074
T8_ARMOR_PLATE_SET1	2	3.6	0	24630
T8_ARMOR_PLATE_SET1	3	4.32	0	43102
T8_ARMOR_PLATE_SET1	4	5.04	0	75429
T2_SHOES_PLATE_SET1	0	0.167	0	140
T3_SHOES_PLATE_SET1	0	0.25	0	245
T4_SHOES_PLATE_SET1	0	0.333	0	429
T4_SHOES_PLATE_SET1	1	0.5	0	750
T4_SHOES_PLATE_SET1	2	0.667	0	1313
T4_SHOES_PLATE_SET1	3	0.833	0	2298
T4_SHOES_PLATE_SET1	4	1.25	0	4021
T5_SHOES_PLATE_SET1	0	0.5	0	750
T5_SHOES_PLATE_SET1	1	0.667	0	1313
T5_SHOES_PLATE_SET1	2	0.833	0	2298
T5_SHOES_PLATE_SET1	3	1.25	0	4021
T5_SHOES_PLATE_SET1	4	1.5	0	7037
T6_SHOES_PLATE_SET1	0	0.667	0	1313
T6_SHOES_PLATE_SET1	1	0.833	0	2298
T6_SHOES_PLATE_SET1	2	1.25	0	4021
T6_SHOES_PLATE_SET1	3	1.5	0	7037
T6_SHOES_PLATE_SET1	4	1.8	0	12315
T7_SHOES_PLATE_SET1	0	0.833	0	2298
T7_SHOES_PLATE_SET1	1	1.25	0	4021
T7_SHOES_PLATE_SET1	2	1.5	0	7037
T7_SHOES_PLATE_SET1	3	1.8	0	12315
T7_SHOES_PLATE_SET1	4	2.16	0	21551
T8_SHOES_PLATE_SET1	0	1.25	0	4021
T8_SHOES_PLATE_SET1	1	1.5	0	7037
T8_SHOES_PLATE_SET1	2	1.8	0	12315
T8_SHOES_PLATE_SET1	3	2.16	0	21551
T8_SHOES_PLATE_SET1	4	2.52	0	37715
T4_HEAD_PLATE_SET2	0	0.333	0	429
T4_HEAD_PLATE_SET2	1	0.5	0	750
T4_HEAD_PLATE_SET2	2	0.667	0	1313
T4_HEAD_PLATE_SET2	3	0.833	0	2298
T4_HEAD_PLATE_SET2	4	1.25	0	4021
T5_HEAD_PLATE_SET2	0	0.5	0	750
T5_HEAD_PLATE_SET2	1	0.667	0	1313
T5_HEAD_PLATE_SET2	2	0.833	0	2298
T5_HEAD_PLATE_SET2	3	1.25	0	4021
T5_HEAD_PLATE_SET2	4	1.5	0	7037
T6_HEAD_PLATE_SET2	0	0.667	0	1313
T6_HEAD_PLATE_SET2	1	0.833	0	2298
T6_HEAD_PLATE_SET2	2	1.25	0	4021
T6_HEAD_PLATE_SET2	3	1.5	0	7037
T6_HEAD_PLATE_SET2	4	1.8	0	12315
T7_HEAD_PLATE_SET2	0	0.833	0	2298
T7_HEAD_PLATE_SET2	1	1.25	0	4021
T7_HEAD_PLATE_SET2	2	1.5	0	7037
T7_HEAD_PLATE_SET2	3	1.8	0	12315
T7_HEAD_PLATE_SET2	4	2.16	0	21551
T8_HEAD_PLATE_SET2	0	1.25	0	4021
T8_HEAD_PLATE_SET2	1	1.5	0	7037
T8_HEAD_PLATE_SET2	2	1.8	0	12315
T8_HEAD_PLATE_SET2	3	2.16	0	21551
T8_HEAD_PLATE_SET2	4	2.52	0	37715
T4_ARMOR_PLATE_SET2	0	0.667	0	858
T4_ARMOR_PLATE_SET2	1	1.0	0	1501
T4_ARMOR_PLATE_SET2	2	1.333	0	2626
T4_ARMOR_PLATE_SET2	3	1.667	0	4596
T4_ARMOR_PLATE_SET2	4	2.5	0	8042
T5_ARMOR_PLATE_SET2	0	1.0	0	1501
T5_ARMOR_PLATE_SET2	1	1.333	0	2626
T5_ARMOR_PLATE_SET2	2	1.667	0	4596
T5_ARMOR_PLATE_SET2	3	2.5	0	8042
T5_ARMOR_PLATE_SET2	4	3.0	0	14074
T6_ARMOR_PLATE_SET2	0	1.333	0	2626
T6_ARMOR_PLATE_SET2	1	1.667	0	4596
T6_ARMOR_PLATE_SET2	2	2.5	0	8042
T6_ARMOR_PLATE_SET2	3	3.0	0	14074
T6_ARMOR_PLATE_SET2	4	3.6	0	24630
T7_ARMOR_PLATE_SET2	0	1.667	0	4596
T7_ARMOR_PLATE_SET2	1	2.5	0	8042
T7_ARMOR_PLATE_SET2	2	3.0	0	14074
T7_ARMOR_PLATE_SET2	3	3.6	0	24630
T7_ARMOR_PLATE_SET2	4	4.32	0	43102
T8_ARMOR_PLATE_SET2	0	2.5	0	8042
T8_ARMOR_PLATE_SET2	1	3.0	0	14074
T8_ARMOR_PLATE_SET2	2	3.6	0	24630
T8_ARMOR_PLATE_SET2	3	4.32	0	43102
T8_ARMOR_PLATE_SET2	4	5.04	0	75429
T4_SHOES_PLATE_SET2	0	0.333	0	429
T4_SHOES_PLATE_SET2	1	0.5	0	750
T4_SHOES_PLATE_SET2	2	0.667	0	1313
T4_SHOES_PLATE_SET2	3	0.833	0	2298
T4_SHOES_PLATE_SET2	4	1.25	0	4021
T5_SHOES_PLATE_SET2	0	0.5	0	750
T5_SHOES_PLATE_SET2	1	0.667	0	1313
T5_SHOES_PLATE_SET2	2	0.833	0	2298
T5_SHOES_PLATE_SET2	3	1.25	0	4021
T5_SHOES_PLATE_SET2	4	1.5	0	7037
T6_SHOES_PLATE_SET2	0	0.667	0	1313
T6_SHOES_PLATE_SET2	1	0.833	0	2298
T6_SHOES_PLATE_SET2	2	1.25	0	4021
T6_SHOES_PLATE_SET2	3	1.5	0	7037
T6_SHOES_PLATE_SET2	4	1.8	0	12315
T7_SHOES_PLATE_SET2	0	0.833	0	2298
T7_SHOES_PLATE_SET2	1	1.25	0	4021
T7_SHOES_PLATE_SET2	2	1.5	0	7037
T7_SHOES_PLATE_SET2	3	1.8	0	12315
T7_SHOES_PLATE_SET2	4	2.16	0	21551
T8_SHOES_PLATE_SET2	0	1.25	0	4021
T8_SHOES_PLATE_SET2	1	1.5	0	7037
T8_SHOES_PLATE_SET2	2	1.8	0	12315
T8_SHOES_PLATE_SET2	3	2.16	0	21551
T8_SHOES_PLATE_SET2	4	2.52	0	37715
T4_HEAD_PLATE_SET3	0	0.333	0	429
T4_HEAD_PLATE_SET3	1	0.5	0	750
T4_HEAD_PLATE_SET3	2	0.667	0	1313
T4_HEAD_PLATE_SET3	3	0.833	0	2298
T4_HEAD_PLATE_SET3	4	1.25	0	4021
T5_HEAD_PLATE_SET3	0	0.5	0	750
T5_HEAD_PLATE_SET3	1	0.667	0	1313
T5_HEAD_PLATE_SET3	2	0.833	0	2298
T5_HEAD_PLATE_SET3	3	1.25	0	4021
T5_HEAD_PLATE_SET3	4	1.5	0	7037
T6_HEAD_PLATE_SET3	0	0.667	0	1313
T6_HEAD_PLATE_SET3	1	0.833	0	2298
T6_HEAD_PLATE_SET3	2	1.25	0	4021
T6_HEAD_PLATE_SET3	3	1.5	0	7037
T6_HEAD_PLATE_SET3	4	1.8	0	12315
T7_HEAD_PLATE_SET3	0	0.833	0	2298
T7_HEAD_PLATE_SET3	1	1.25	0	4021
T7_HEAD_PLATE_SET3	2	1.5	0	7037
T7_HEAD_PLATE_SET3	3	1.8	0	12315
T7_HEAD_PLATE_SET3	4	2.16	0	21551
T8_HEAD_PLATE_SET3	0	1.25	0	4021
T8_HEAD_PLATE_SET3	1	1.5	0	7037
T8_HEAD_PLATE_SET3	2	1.8	0	12315
T8_HEAD_PLATE_SET3	3	2.16	0	21551
T8_HEAD_PLATE_SET3	4	2.52	0	37715
T4_ARMOR_PLATE_SET3	0	0.667	0	858
T4_ARMOR_PLATE_SET3	1	1.0	0	1501
T4_ARMOR_PLATE_SET3	2	1.333	0	2626
T4_ARMOR_PLATE_SET3	3	1.667	0	4596
T4_ARMOR_PLATE_SET3	4	2.5	0	8042
T5_ARMOR_PLATE_SET3	0	1.0	0	1501
T5_ARMOR_PLATE_SET3	1	1.333	0	2626
T5_ARMOR_PLATE_SET3	2	1.667	0	4596
T5_ARMOR_PLATE_SET3	3	2.5	0	8042
T5_ARMOR_PLATE_SET3	4	3.0	0	14074
T6_ARMOR_PLATE_SET3	0	1.333	0	2626
T6_ARMOR_PLATE_SET3	1	1.667	0	4596
T6_ARMOR_PLATE_SET3	2	2.5	0	8042
T6_ARMOR_PLATE_SET3	3	3.0	0	14074
T6_ARMOR_PLATE_SET3	4	3.6	0	24630
T7_ARMOR_PLATE_SET3	0	1.667	0	4596
T7_ARMOR_PLATE_SET3	1	2.5	0	8042
T7_ARMOR_PLATE_SET3	2	3.0	0	14074
T7_ARMOR_PLATE_SET3	3	3.6	0	24630
T7_ARMOR_PLATE_SET3	4	4.32	0	43102
T8_ARMOR_PLATE_SET3	0	2.5	0	8042
T8_ARMOR_PLATE_SET3	1	3.0	0	14074
T8_ARMOR_PLATE_SET3	2	3.6	0	24630
T8_ARMOR_PLATE_SET3	3	4.32	0	43102
T8_ARMOR_PLATE_SET3	4	5.04	0	75429
T4_SHOES_PLATE_SET3	0	0.333	0	429
T4_SHOES_PLATE_SET3	1	0.5	0	750
T4_SHOES_PLATE_SET3	2	0.667	0	1313
T4_SHOES_PLATE_SET3	3	0.833	0	2298
T4_SHOES_PLATE_SET3	4	1.25	0	4021
T5_SHOES_PLATE_SET3	0	0.5	0	750
T5_SHOES_PLATE_SET3	1	0.667	0	1313
T5_SHOES_PLATE_SET3	2	0.833	0	2298
T5_SHOES_PLATE_SET3	3	1.25	0	4021
T5_SHOES_PLATE_SET3	4	1.5	0	7037
T6_SHOES_PLATE_SET3	0	0.667	0	1313
T6_SHOES_PLATE_SET3	1	0.833	0	2298
T6_SHOES_PLATE_SET3	2	1.25	0	4021
T6_SHOES_PLATE_SET3	3	1.5	0	7037
T6_SHOES_PLATE_SET3	4	1.8	0	12315
T7_SHOES_PLATE_SET3	0	0.833	0	2298
T7_SHOES_PLATE_SET3	1	1.25	0	4021
T7_SHOES_PLATE_SET3	2	1.5	0	7037
T7_SHOES_PLATE_SET3	3	1.8	0	12315
T7_SHOES_PLATE_SET3	4	2.16	0	21551
T8_SHOES_PLATE_SET3	0	1.25	0	4021
T8_SHOES_PLATE_SET3	1	1.5	0	7037
T8_SHOES_PLATE_SET3	2	1.8	0	12315
T8_SHOES_PLATE_SET3	3	2.16	0	21551
T8_SHOES_PLATE_SET3	4	2.52	0	37715
T4_HEAD_PLATE_UNDEAD	0	0.333	0	429
T4_HEAD_PLATE_UNDEAD	1	0.5	0	750
T4_HEAD_PLATE_UNDEAD	2	0.667	0	1313
T4_HEAD_PLATE_UNDEAD	3	0.833	0	2298
T4_HEAD_PLATE_UNDEAD	4	1.25	0	4021
T5_HEAD_PLATE_UNDEAD	0	0.5	0	750
T5_HEAD_PLATE_UNDEAD	1	0.667	0	1313
T5_HEAD_PLATE_UNDEAD	2	0.833	0	2298
T5_HEAD_PLATE_UNDEAD	3	1.25	0	4021
T5_HEAD_PLATE_UNDEAD	4	1.5	0	7037
T6_HEAD_PLATE_UNDEAD	0	0.667	0	1313
T6_HEAD_PLATE_UNDEAD	1	0.833	0	2298
T6_HEAD_PLATE_UNDEAD	2	1.25	0	4021
T6_HEAD_PLATE_UNDEAD	3	1.5	0	7037
T6_HEAD_PLATE_UNDEAD	4	1.8	0	12315
T7_HEAD_PLATE_UNDEAD	0	0.833	0	2298
T7_HEAD_PLATE_UNDEAD	1	1.25	0	4021
T7_HEAD_PLATE_UNDEAD	2	1.5	0	7037
T7_HEAD_PLATE_UNDEAD	3	1.8	0	12315
T7_HEAD_PLATE_UNDEAD	4	2.16	0	21551
T8_HEAD_PLATE_UNDEAD	0	1.25	0	4021
T8_HEAD_PLATE_UNDEAD	1	1.5	0	7037
T8_HEAD_PLATE_UNDEAD	2	1.8	0	12315
T8_HEAD_PLATE_UNDEAD	3	2.16	0	21551
T8_HEAD_PLATE_UNDEAD	4	2.52	0	37715
T4_ARMOR_PLATE_UNDEAD	0	0.667	0	858
T4_ARMOR_PLATE_UNDEAD	1	1.0	0	1501
T4_ARMOR_PLATE_UNDEAD	2	1.333	0	2626
T4_ARMOR_PLATE_UNDEAD	3	1.667	0	4596
T4_ARMOR_PLATE_UNDEAD	4	2.5	0	8042
T5_ARMOR_PLATE_UNDEAD	0	1.0	0	1501
T5_ARMOR_PLATE_UNDEAD	1	1.333	0	2626
T5_ARMOR_PLATE_UNDEAD	2	1.667	0	4596
T5_ARMOR_PLATE_UNDEAD	3	2.5	0	8042
T5_ARMOR_PLATE_UNDEAD	4	3.0	0	14074
T6_ARMOR_PLATE_UNDEAD	0	1.333	0	2626
T6_ARMOR_PLATE_UNDEAD	1	1.667	0	4596
T6_ARMOR_PLATE_UNDEAD	2	2.5	0	8042
T6_ARMOR_PLATE_UNDEAD	3	3.0	0	14074
T6_ARMOR_PLATE_UNDEAD	4	3.6	0	24630
T7_ARMOR_PLATE_UNDEAD	0	1.667	0	4596
T7_ARMOR_PLATE_UNDEAD	1	2.5	0	8042
T7_ARMOR_PLATE_UNDEAD	2	3.0	0	14074
T7_ARMOR_PLATE_UNDEAD	3	3.6	0	24630
T7_ARMOR_PLATE_UNDEAD	4	4.32	0	43102
T8_ARMOR_PLATE_UNDEAD	0	2.5	0	8042
T8_ARMOR_PLATE_UNDEAD	1	3.0	0	14074
T8_ARMOR_PLATE_UNDEAD	2	3.6	0	24630
T8_ARMOR_PLATE_UNDEAD	3	4.32	0	43102
T8_ARMOR_PLATE_UNDEAD	4	5.04	0	75429
T4_SHOES_PLATE_UNDEAD	0	0.333	0	429
T4_SHOES_PLATE_UNDEAD	1	0.5	0	750
T4_SHOES_PLATE_UNDEAD	2	0.667	0	1313
T4_SHOES_PLATE_UNDEAD	3	0.833	0	2298
T4_SHOES_PLATE_UNDEAD	4	1.25	0	4021
T5_SHOES_PLATE_UNDEAD	0	0.5	0	750
T5_SHOES_PLATE_UNDEAD	1	0.667	0	1313
T5_SHOES_PLATE_UNDEAD	2	0.833	0	2298
T5_SHOES_PLATE_UNDEAD	3	1.25	0	4021
T5_SHOES_PLATE_UNDEAD	4	1.5	0	7037
T6_SHOES_PLATE_UNDEAD	0	0.667	0	1313
T6_SHOES_PLATE_UNDEAD	1	0.833	0	2298
T6_SHOES_PLATE_UNDEAD	2	1.25	0	4021
T6_SHOES_PLATE_UNDEAD	3	1.5	0	7037
T6_SHOES_PLATE_UNDEAD	4	1.8	0	12315
T7_SHOES_PLATE_UNDEAD	0	0.833	0	2298
T7_SHOES_PLATE_UNDEAD	1	1.25	0	4021
T7_SHOES_PLATE_UNDEAD	2	1.5	0	7037
T7_SHOES_PLATE_UNDEAD	3	1.8	0	12315
T7_SHOES_PLATE_UNDEAD	4	2.16	0	21551
T8_SHOES_PLATE_UNDEAD	0	1.25	0	4021
T8_SHOES_PLATE_UNDEAD	1	1.5	0	7037
T8_SHOES_PLATE_UNDEAD	2	1.8	0	12315
T8_SHOES_PLATE_UNDEAD	3	2.16	0	21551
T8_SHOES_PLATE_UNDEAD	4	2.52	0	37715
T4_HEAD_PLATE_HELL	0	0.333	0	429
T4_HEAD_PLATE_HELL	1	0.5	0	750
T4_HEAD_PLATE_HELL	2	0.667	0	1313
T4_HEAD_PLATE_HELL	3	0.833	0	2298
T4_HEAD_PLATE_HELL	4	1.25	0	4021
T5_HEAD_PLATE_HELL	0	0.5	0	750
T5_HEAD_PLATE_HELL	1	0.667	0	1313
T5_HEAD_PLATE_HELL	2	0.833	0	2298
T5_HEAD_PLATE_HELL	3	1.25	0	4021
T5_HEAD_PLATE_HELL	4	1.5	0	7037
T6_HEAD_PLATE_HELL	0	0.667	0	1313
T6_HEAD_PLATE_HELL	1	0.833	0	2298
T6_HEAD_PLATE_HELL	2	1.25	0	4021
T6_HEAD_PLATE_HELL	3	1.5	0	7037
T6_HEAD_PLATE_HELL	4	1.8	0	12315
T7_HEAD_PLATE_HELL	0	0.833	0	2298
T7_HEAD_PLATE_HELL	1	1.25	0	4021
T7_HEAD_PLATE_HELL	2	1.5	0	7037
T7_HEAD_PLATE_HELL	3	1.8	0	12315
T7_HEAD_PLATE_HELL	4	2.16	0	21551
T8_HEAD_PLATE_HELL	0	1.25	0	4021
T8_HEAD_PLATE_HELL	1	1.5	0	7037
T8_HEAD_PLATE_HELL	2	1.8	0	12315
T8_HEAD_PLATE_HELL	3	2.16	0	21551
T8_HEAD_PLATE_HELL	4	2.52	0	37715
T4_ARMOR_PLATE_HELL	0	0.667	0	858
T4_ARMOR_PLATE_HELL	1	1.0	0	1501
T4_ARMOR_PLATE_HELL	2	1.333	0	2626
T4_ARMOR_PLATE_HELL	3	1.667	0	4596
T4_ARMOR_PLATE_HELL	4	2.5	0	8042
T5_ARMOR_PLATE_HELL	0	1.0	0	1501
T5_ARMOR_PLATE_HELL	1	1.333	0	2626
T5_ARMOR_PLATE_HELL	2	1.667	0	4596
T5_ARMOR_PLATE_HELL	3	2.5	0	8042
T5_ARMOR_PLATE_HELL	4	3.0	0	14074
T6_ARMOR_PLATE_HELL	0	1.333	0	2626
T6_ARMOR_PLATE_HELL	1	1.667	0	4596
T6_ARMOR_PLATE_HELL	2	2.5	0	8042
T6_ARMOR_PLATE_HELL	3	3.0	0	14074
T6_ARMOR_PLATE_HELL	4	3.6	0	24630
T7_ARMOR_PLATE_HELL	0	1.667	0	4596
T7_ARMOR_PLATE_HELL	1	2.5	0	8042
T7_ARMOR_PLATE_HELL	2	3.0	0	14074
T7_ARMOR_PLATE_HELL	3	3.6	0	24630
T7_ARMOR_PLATE_HELL	4	4.32	0	43102
T8_ARMOR_PLATE_HELL	0	2.5	0	8042
T8_ARMOR_PLATE_HELL	1	3.0	0	14074
T8_ARMOR_PLATE_HELL	2	3.6	0	24630
T8_ARMOR_PLATE_HELL	3	4.32	0	43102
T8_ARMOR_PLATE_HELL	4	5.04	0	75429
T4_SHOES_PLATE_HELL	0	0.333	0	429
T4_SHOES_PLATE_HELL	1	0.5	0	750
T4_SHOES_PLATE_HELL	2	0.667	0	1313
T4_SHOES_PLATE_HELL	3	0.833	0	2298
T4_SHOES_PLATE_HELL	4	1.25	0	4021
T5_SHOES_PLATE_HELL	0	0.5	0	750
T5_SHOES_PLATE_HELL	1	0.667	0	1313
T5_SHOES_PLATE_HELL	2	0.833	0	2298
T5_SHOES_PLATE_HELL	3	1.25	0	4021
T5_SHOES_PLATE_HELL	4	1.5	0	7037
T6_SHOES_PLATE_HELL	0	0.667	0	1313
T6_SHOES_PLATE_HELL	1	0.833	0	2298
T6_SHOES_PLATE_HELL	2	1.25	0	4021
T6_SHOES_PLATE_HELL	3	1.5	0	7037
T6_SHOES_PLATE_HELL	4	1.8	0	12315
T7_SHOES_PLATE_HELL	0	0.833	0	2298
T7_SHOES_PLATE_HELL	1	1.25	0	4021
T7_SHOES_PLATE_HELL	2	1.5	0	7037
T7_SHOES_PLATE_HELL	3	1.8	0	12315
T7_SHOES_PLATE_HELL	4	2.16	0	21551
T8_SHOES_PLATE_HELL	0	1.25	0	4021
T8_SHOES_PLATE_HELL	1	1.5	0	7037
T8_SHOES_PLATE_HELL	2	1.8	0	12315
T8_SHOES_PLATE_HELL	3	2.16	0	21551
T8_SHOES_PLATE_HELL	4	2.52	0	37715
T4_HEAD_PLATE_KEEPER	0	0.333	0	429
T4_HEAD_PLATE_KEEPER	1	0.5	0	750
T4_HEAD_PLATE_KEEPER	2	0.667	0	1313
T4_HEAD_PLATE_KEEPER	3	0.833	0	2298
T4_HEAD_PLATE_KEEPER	4	1.25	0	4021
T5_HEAD_PLATE_KEEPER	0	0.5	0	750
T5_HEAD_PLATE_KEEPER	1	0.667	0	1313
T5_HEAD_PLATE_KEEPER	2	0.833	0	2298
T5_HEAD_PLATE_KEEPER	3	1.25	0	4021
T5_HEAD_PLATE_KEEPER	4	1.5	0	7037
T6_HEAD_PLATE_KEEPER	0	0.667	0	1313
T6_HEAD_PLATE_KEEPER	1	0.833	0	2298
T6_HEAD_PLATE_KEEPER	2	1.25	0	4021
T6_HEAD_PLATE_KEEPER	3	1.5	0	7037
T6_HEAD_PLATE_KEEPER	4	1.8	0	12315
T7_HEAD_PLATE_KEEPER	0	0.833	0	2298
T7_HEAD_PLATE_KEEPER	1	1.25	0	4021
T7_HEAD_PLATE_KEEPER	2	1.5	0	7037
T7_HEAD_PLATE_KEEPER	3	1.8	0	12315
T7_HEAD_PLATE_KEEPER	4	2.16	0	21551
T8_HEAD_PLATE_KEEPER	0	1.25	0	4021
T8_HEAD_PLATE_KEEPER	1	1.5	0	7037
T8_HEAD_PLATE_KEEPER	2	1.8	0	12315
T8_HEAD_PLATE_KEEPER	3	2.16	0	21551
T8_HEAD_PLATE_KEEPER	4	2.52	0	37715
T4_ARMOR_PLATE_KEEPER	0	0.667	0	858
T4_ARMOR_PLATE_KEEPER	1	1.0	0	1501
T4_ARMOR_PLATE_KEEPER	2	1.333	0	2626
T4_ARMOR_PLATE_KEEPER	3	1.667	0	4596
T4_ARMOR_PLATE_KEEPER	4	2.5	0	8042
T5_ARMOR_PLATE_KEEPER	0	1.0	0	1501
T5_ARMOR_PLATE_KEEPER	1	1.333	0	2626
T5_ARMOR_PLATE_KEEPER	2	1.667	0	4596
T5_ARMOR_PLATE_KEEPER	3	2.5	0	8042
T5_ARMOR_PLATE_KEEPER	4	3.0	0	14074
T6_ARMOR_PLATE_KEEPER	0	1.333	0	2626
T6_ARMOR_PLATE_KEEPER	1	1.667	0	4596
T6_ARMOR_PLATE_KEEPER	2	2.5	0	8042
T6_ARMOR_PLATE_KEEPER	3	3.0	0	14074
T6_ARMOR_PLATE_KEEPER	4	3.6	0	24630
T7_ARMOR_PLATE_KEEPER	0	1.667	0	4596
T7_ARMOR_PLATE_KEEPER	1	2.5	0	8042
T7_ARMOR_PLATE_KEEPER	2	3.0	0	14074
T7_ARMOR_PLATE_KEEPER	3	3.6	0	24630
T7_ARMOR_PLATE_KEEPER	4	4.32	0	43102
T8_ARMOR_PLATE_KEEPER	0	2.5	0	8042
T8_ARMOR_PLATE_KEEPER	1	3.0	0	14074
T8_ARMOR_PLATE_KEEPER	2	3.6	0	24630
T8_ARMOR_PLATE_KEEPER	3	4.32	0	43102
T8_ARMOR_PLATE_KEEPER	4	5.04	0	75429
T4_SHOES_PLATE_KEEPER	0	0.333	0	429
T4_SHOES_PLATE_KEEPER	1	0.5	0	750
T4_SHOES_PLATE_KEEPER	2	0.667	0	1313
T4_SHOES_PLATE_KEEPER	3	0.833	0	2298
T4_SHOES_PLATE_KEEPER	4	1.25	0	4021
T5_SHOES_PLATE_KEEPER	0	0.5	0	750
T5_SHOES_PLATE_KEEPER	1	0.667	0	1313
T5_SHOES_PLATE_KEEPER	2	0.833	0	2298
T5_SHOES_PLATE_KEEPER	3	1.25	0	4021
T5_SHOES_PLATE_KEEPER	4	1.5	0	7037
T6_SHOES_PLATE_KEEPER	0	0.667	0	1313
T6_SHOES_PLATE_KEEPER	1	0.833	0	2298
T6_SHOES_PLATE_KEEPER	2	1.25	0	4021
T6_SHOES_PLATE_KEEPER	3	1.5	0	7037
T6_SHOES_PLATE_KEEPER	4	1.8	0	12315
T7_SHOES_PLATE_KEEPER	0	0.833	0	2298
T7_SHOES_PLATE_KEEPER	1	1.25	0	4021
T7_SHOES_PLATE_KEEPER	2	1.5	0	7037
T7_SHOES_PLATE_KEEPER	3	1.8	0	12315
T7_SHOES_PLATE_KEEPER	4	2.16	0	21551
T8_SHOES_PLATE_KEEPER	0	1.25	0	4021
T8_SHOES_PLATE_KEEPER	1	1.5	0	7037
T8_SHOES_PLATE_KEEPER	2	1.8	0	12315
T8_SHOES_PLATE_KEEPER	3	2.16	0	21551
T8_SHOES_PLATE_KEEPER	4	2.52	0	37715
T4_HEAD_PLATE_FEY	0	0.333	0	429
T4_HEAD_PLATE_FEY	1	0.5	0	750
T4_HEAD_PLATE_FEY	2	0.667	0	1313
T4_HEAD_PLATE_FEY	3	0.833	0	2298
T4_HEAD_PLATE_FEY	4	1.25	0	4021
T5_HEAD_PLATE_FEY	0	0.5	0	750
T5_HEAD_PLATE_FEY	1	0.667	0	1313
T5_HEAD_PLATE_FEY	2	0.833	0	2298
T5_HEAD_PLATE_FEY	3	1.25	0	4021
T5_HEAD_PLATE_FEY	4	1.5	0	7037
T6_HEAD_PLATE_FEY	0	0.667	0	1313
T6_HEAD_PLATE_FEY	1	0.833	0	2298
T6_HEAD_PLATE_FEY	2	1.25	0	4021
T6_HEAD_PLATE_FEY	3	1.5	0	7037
T6_HEAD_PLATE_FEY	4	1.8	0	12315
T7_HEAD_PLATE_FEY	0	0.833	0	2298
T7_HEAD_PLATE_FEY	1	1.25	0	4021
T7_HEAD_PLATE_FEY	2	1.5	0	7037
T7_HEAD_PLATE_FEY	3	1.8	0	12315
T7_HEAD_PLATE_FEY	4	2.16	0	21551
T8_HEAD_PLATE_FEY	0	1.25	0	4021
T8_HEAD_PLATE_FEY	1	1.5	0	7037
T8_HEAD_PLATE_FEY	2	1.8	0	12315
T8_HEAD_PLATE_FEY	3	2.16	0	21551
T8_HEAD_PLATE_FEY	4	2.52	0	37715
T4_ARMOR_PLATE_FEY	0	0.667	0	858
T4_ARMOR_PLATE_FEY	1	1.0	0	1501
T4_ARMOR_PLATE_FEY	2	1.333	0	2626
T4_ARMOR_PLATE_FEY	3	1.667	0	4596
T4_ARMOR_PLATE_FEY	4	2.5	0	8042
T5_ARMOR_PLATE_FEY	0	1.0	0	1501
T5_ARMOR_PLATE_FEY	1	1.333	0	2626
T5_ARMOR_PLATE_FEY	2	1.667	0	4596
T5_ARMOR_PLATE_FEY	3	2.5	0	8042
T5_ARMOR_PLATE_FEY	4	3.0	0	14074
T6_ARMOR_PLATE_FEY	0	1.333	0	2626
T6_ARMOR_PLATE_FEY	1	1.667	0	4596
T6_ARMOR_PLATE_FEY	2	2.5	0	8042
T6_ARMOR_PLATE_FEY	3	3.0	0	14074
T6_ARMOR_PLATE_FEY	4	3.6	0	24630
T7_ARMOR_PLATE_FEY	0	1.667	0	4596
T7_ARMOR_PLATE_FEY	1	2.5	0	8042
T7_ARMOR_PLATE_FEY	2	3.0	0	14074
T7_ARMOR_PLATE_FEY	3	3.6	0	24630
T7_ARMOR_PLATE_FEY	4	4.32	0	43102
T8_ARMOR_PLATE_FEY	0	2.5	0	8042
T8_ARMOR_PLATE_FEY	1	3.0	0	14074
T8_ARMOR_PLATE_FEY	2	3.6	0	24630
T8_ARMOR_PLATE_FEY	3	4.32	0	43102
T8_ARMOR_PLATE_FEY	4	5.04	0	75429
T4_SHOES_PLATE_FEY	0	0.333	0	429
T4_SHOES_PLATE_FEY	1	0.5	0	750
T4_SHOES_PLATE_FEY	2	0.667	0	1313
T4_SHOES_PLATE_FEY	3	0.833	0	2298
T4_SHOES_PLATE_FEY	4	1.25	0	4021
T5_SHOES_PLATE_FEY	0	0.5	0	750
T5_SHOES_PLATE_FEY	1	0.667	0	1313
T5_SHOES_PLATE_FEY	2	0.833	0	2298
T5_SHOES_PLATE_FEY	3	1.25	0	4021
T5_SHOES_PLATE_FEY	4	1.5	0	7037
T6_SHOES_PLATE_FEY	0	0.667	0	1313
T6_SHOES_PLATE_FEY	1	0.833	0	2298
T6_SHOES_PLATE_FEY	2	1.25	0	4021
T6_SHOES_PLATE_FEY	3	1.5	0	7037
T6_SHOES_PLATE_FEY	4	1.8	0	12315
T7_SHOES_PLATE_FEY	0	0.833	0	2298
T7_SHOES_PLATE_FEY	1	1.25	0	4021
T7_SHOES_PLATE_FEY	2	1.5	0	7037
T7_SHOES_PLATE_FEY	3	1.8	0	12315
T7_SHOES_PLATE_FEY	4	2.16	0	21551
T8_SHOES_PLATE_FEY	0	1.25	0	4021
T8_SHOES_PLATE_FEY	1	1.5	0	7037
T8_SHOES_PLATE_FEY	2	1.8	0	12315
T8_SHOES_PLATE_FEY	3	2.16	0	21551
T8_SHOES_PLATE_FEY	4	2.52	0	37715
T4_HEAD_PLATE_AVALON	0	0.333	0	429
T4_HEAD_PLATE_AVALON	1	0.5	0	750
T4_HEAD_PLATE_AVALON	2	0.667	0	1313
T4_HEAD_PLATE_AVALON	3	0.833	0	2298
T4_HEAD_PLATE_AVALON	4	1.25	0	4021
T5_HEAD_PLATE_AVALON	0	0.5	0	750
T5_HEAD_PLATE_AVALON	1	0.667	0	1313
T5_HEAD_PLATE_AVALON	2	0.833	0	2298
T5_HEAD_PLATE_AVALON	3	1.25	0	4021
T5_HEAD_PLATE_AVALON	4	1.5	0	7037
T6_HEAD_PLATE_AVALON	0	0.667	0	1313
T6_HEAD_PLATE_AVALON	1	0.833	0	2298
T6_HEAD_PLATE_AVALON	2	1.25	0	4021
T6_HEAD_PLATE_AVALON	3	1.5	0	7037
T6_HEAD_PLATE_AVALON	4	1.8	0	12315
T7_HEAD_PLATE_AVALON	0	0.833	0	2298
T7_HEAD_PLATE_AVALON	1	1.25	0	4021
T7_HEAD_PLATE_AVALON	2	1.5	0	7037
T7_HEAD_PLATE_AVALON	3	1.8	0	12315
T7_HEAD_PLATE_AVALON	4	2.16	0	21551
T8_HEAD_PLATE_AVALON	0	1.25	0	4021
T8_HEAD_PLATE_AVALON	1	1.5	0	7037
T8_HEAD_PLATE_AVALON	2	1.8	0	12315
T8_HEAD_PLATE_AVALON	3	2.16	0	21551
T8_HEAD_PLATE_AVALON	4	2.52	0	37715
T4_ARMOR_PLATE_AVALON	0	0.667	0	858
T4_ARMOR_PLATE_AVALON	1	1.0	0	1501
T4_ARMOR_PLATE_AVALON	2	1.333	0	2626
T4_ARMOR_PLATE_AVALON	3	1.667	0	4596
T4_ARMOR_PLATE_AVALON	4	2.5	0	8042
T5_ARMOR_PLATE_AVALON	0	1.0	0	1501
T5_ARMOR_PLATE_AVALON	1	1.333	0	2626
T5_ARMOR_PLATE_AVALON	2	1.667	0	4596
T5_ARMOR_PLATE_AVALON	3	2.5	0	8042
T5_ARMOR_PLATE_AVALON	4	3.0	0	14074
T6_ARMOR_PLATE_AVALON	0	1.333	0	2626
T6_ARMOR_PLATE_AVALON	1	1.667	0	4596
T6_ARMOR_PLATE_AVALON	2	2.5	0	8042
T6_ARMOR_PLATE_AVALON	3	3.0	0	14074
T6_ARMOR_PLATE_AVALON	4	3.6	0	24630
T7_ARMOR_PLATE_AVALON	0	1.667	0	4596
T7_ARMOR_PLATE_AVALON	1	2.5	0	8042
T7_ARMOR_PLATE_AVALON	2	3.0	0	14074
T7_ARMOR_PLATE_AVALON	3	3.6	0	24630
T7_ARMOR_PLATE_AVALON	4	4.32	0	43102
T8_ARMOR_PLATE_AVALON	0	2.5	0	8042
T8_ARMOR_PLATE_AVALON	1	3.0	0	14074
T8_ARMOR_PLATE_AVALON	2	3.6	0	24630
T8_ARMOR_PLATE_AVALON	3	4.32	0	43102
T8_ARMOR_PLATE_AVALON	4	5.04	0	75429
T4_SHOES_PLATE_AVALON	0	0.333	0	429
T4_SHOES_PLATE_AVALON	1	0.5	0	750
T4_SHOES_PLATE_AVALON	2	0.667	0	1313
T4_SHOES_PLATE_AVALON	3	0.833	0	2298
T4_SHOES_PLATE_AVALON	4	1.25	0	4021
T5_SHOES_PLATE_AVALON	0	0.5	0	750
T5_SHOES_PLATE_AVALON	1	0.667	0	1313
T5_SHOES_PLATE_AVALON	2	0.833	0	2298
T5_SHOES_PLATE_AVALON	3	1.25	0	4021
T5_SHOES_PLATE_AVALON	4	1.5	0	7037
T6_SHOES_PLATE_AVALON	0	0.667	0	1313
T6_SHOES_PLATE_AVALON	1	0.833	0	2298
T6_SHOES_PLATE_AVALON	2	1.25	0	4021
T6_SHOES_PLATE_AVALON	3	1.5	0	7037
T6_SHOES_PLATE_AVALON	4	1.8	0	12315
T7_SHOES_PLATE_AVALON	0	0.833	0	2298
T7_SHOES_PLATE_AVALON	1	1.25	0	4021
T7_SHOES_PLATE_AVALON	2	1.5	0	7037
T7_SHOES_PLATE_AVALON	3	1.8	0	12315
T7_SHOES_PLATE_AVALON	4	2.16	0	21551
T8_SHOES_PLATE_AVALON	0	1.25	0	4021
T8_SHOES_PLATE_AVALON	1	1.5	0	7037
T8_SHOES_PLATE_AVALON	2	1.8	0	12315
T8_SHOES_PLATE_AVALON	3	2.16	0	21551
T8_SHOES_PLATE_AVALON	4	2.52	0	37715
T1_HEAD_LEATHER_SET1	0	0.167	0	0
T2_HEAD_LEATHER_SET1	0	0.167	0	140
T3_HEAD_LEATHER_SET1	0	0.25	0	245
T4_HEAD_LEATHER_SET1	0	0.333	0	429
T4_HEAD_LEATHER_SET1	1	0.5	0	750
T4_HEAD_LEATHER_SET1	2	0.667	0	1313
T4_HEAD_LEATHER_SET1	3	0.833	0	2298
T4_HEAD_LEATHER_SET1	4	1.25	0	4021
T5_HEAD_LEATHER_SET1	0	0.5	0	750
T5_HEAD_LEATHER_SET1	1	0.667	0	1313
T5_HEAD_LEATHER_SET1	2	0.833	0	2298
T5_HEAD_LEATHER_SET1	3	1.25	0	4021
T5_HEAD_LEATHER_SET1	4	1.5	0	7037
T6_HEAD_LEATHER_SET1	0	0.667	0	1313
T6_HEAD_LEATHER_SET1	1	0.833	0	2298
T6_HEAD_LEATHER_SET1	2	1.25	0	4021
T6_HEAD_LEATHER_SET1	3	1.5	0	7037
T6_HEAD_LEATHER_SET1	4	1.8	0	12315
T7_HEAD_LEATHER_SET1	0	0.833	0	2298
T7_HEAD_LEATHER_SET1	1	1.25	0	4021
T7_HEAD_LEATHER_SET1	2	1.5	0	7037
T7_HEAD_LEATHER_SET1	3	1.8	0	12315
T7_HEAD_LEATHER_SET1	4	2.16	0	21551
T8_HEAD_LEATHER_SET1	0	1.25	0	4021
T8_HEAD_LEATHER_SET1	1	1.5	0	7037
T8_HEAD_LEATHER_SET1	2	1.8	0	12315
T8_HEAD_LEATHER_SET1	3	2.16	0	21551
T8_HEAD_LEATHER_SET1	4	2.52	0	37715
T1_ARMOR_LEATHER_SET1	0	0.333	0	0
T2_ARMOR_LEATHER_SET1	0	0.333	0	280
T3_ARMOR_LEATHER_SET1	0	0.5	0	490
T4_ARMOR_LEATHER_SET1	0	0.667	0	858
T4_ARMOR_LEATHER_SET1	1	1.0	0	1501
T4_ARMOR_LEATHER_SET1	2	1.333	0	2626
T4_ARMOR_LEATHER_SET1	3	1.667	0	4596
T4_ARMOR_LEATHER_SET1	4	2.5	0	8042
T5_ARMOR_LEATHER_SET1	0	1.0	0	1501
T5_ARMOR_LEATHER_SET1	1	1.333	0	2626
T5_ARMOR_LEATHER_SET1	2	1.667	0	4596
T5_ARMOR_LEATHER_SET1	3	2.5	0	8042
T5_ARMOR_LEATHER_SET1	4	3.0	0	14074
T6_ARMOR_LEATHER_SET1	0	1.333	0	2626
T6_ARMOR_LEATHER_SET1	1	1.667	0	4596
T6_ARMOR_LEATHER_SET1	2	2.5	0	8042
T6_ARMOR_LEATHER_SET1	3	3.0	0	14074
T6_ARMOR_LEATHER_SET1	4	3.6	0	24630
T7_ARMOR_LEATHER_SET1	0	1.667	0	4596
T7_ARMOR_LEATHER_SET1	1	2.5	0	8042
T7_ARMOR_LEATHER_SET1	2	3.0	0	14074
T7_ARMOR_LEATHER_SET1	3	3.6	0	24630
T7_ARMOR_LEATHER_SET1	4	4.32	0	43102
T8_ARMOR_LEATHER_SET1	0	2.5	0	8042
T8_ARMOR_LEATHER_SET1	1	3.0	0	14074
T8_ARMOR_LEATHER_SET1	2	3.6	0	24630
T8_ARMOR_LEATHER_SET1	3	4.32	0	43102
T8_ARMOR_LEATHER_SET1	4	5.04	0	75429
T1_SHOES_LEATHER_SET1	0	0.167	0	0
T2_SHOES_LEATHER_SET1	0	0.167	0	140
T3_SHOES_LEATHER_SET1	0	0.25	0	245
T4_SHOES_LEATHER_SET1	0	0.333	0	429
T4_SHOES_LEATHER_SET1	1	0.5	0	750
T4_SHOES_LEATHER_SET1	2	0.667	0	1313
T4_SHOES_LEATHER_SET1	3	0.833	0	2298
T4_SHOES_LEATHER_SET1	4	1.25	0	4021
T5_SHOES_LEATHER_SET1	0	0.5	0	750
T5_SHOES_LEATHER_SET1	1	0.667	0	1313
T5_SHOES_LEATHER_SET1	2	0.833	0	2298
T5_SHOES_LEATHER_SET1	3	1.25	0	4021
T5_SHOES_LEATHER_SET1	4	1.5	0	7037
T6_SHOES_LEATHER_SET1	0	0.667	0	1313
T6_SHOES_LEATHER_SET1	1	0.833	0	2298
T6_SHOES_LEATHER_SET1	2	1.25	0	4021
T6_SHOES_LEATHER_SET1	3	1.5	0	7037
T6_SHOES_LEATHER_SET1	4	1.8	0	12315
T7_SHOES_LEATHER_SET1	0	0.833	0	2298
T7_SHOES_LEATHER_SET1	1	1.25	0	4021
T7_SHOES_LEATHER_SET1	2	1.5	0	7037
T7_SHOES_LEATHER_SET1	3	1.8	0	12315
T7_SHOES_LEATHER_SET1	4	2.16	0	21551
T8_SHOES_LEATHER_SET1	0	1.25	0	4021
T8_SHOES_LEATHER_SET1	1	1.5	0	7037
T8_SHOES_LEATHER_SET1	2	1.8	0	12315
T8_SHOES_LEATHER_SET1	3	2.16	0	21551
T8_SHOES_LEATHER_SET1	4	2.52	0	37715
T4_HEAD_LEATHER_SET2	0	0.333	0	429
T4_HEAD_LEATHER_SET2	1	0.5	0	750
T4_HEAD_LEATHER_SET2	2	0.667	0	1313
T4_HEAD_LEATHER_SET2	3	0.833	0	2298
T4_HEAD_LEATHER_SET2	4	1.25	0	4021
T5_HEAD_LEATHER_SET2	0	0.5	0	750
T5_HEAD_LEATHER_SET2	1	0.667	0	1313
T5_HEAD_LEATHER_SET2	2	0.833	0	2298
T5_HEAD_LEATHER_SET2	3	1.25	0	4021
T5_HEAD_LEATHER_SET2	4	1.5	0	7037
T6_HEAD_LEATHER_SET2	0	0.667	0	1313
T6_HEAD_LEATHER_SET2	1	0.833	0	2298
T6_HEAD_LEATHER_SET2	2	1.25	0	4021
T6_HEAD_LEATHER_SET2	3	1.5	0	7037
T6_HEAD_LEATHER_SET2	4	1.8	0	12315
T7_HEAD_LEATHER_SET2	0	0.833	0	2298
T7_HEAD_LEATHER_SET2	1	1.25	0	4021
T7_HEAD_LEATHER_SET2	2	1.5	0	7037
T7_HEAD_LEATHER_SET2	3	1.8	0	12315
T7_HEAD_LEATHER_SET2	4	2.16	0	21551
T8_HEAD_LEATHER_SET2	0	1.25	0	4021
T8_HEAD_LEATHER_SET2	1	1.5	0	7037
T8_HEAD_LEATHER_SET2	2	1.8	0	12315
T8_HEAD_LEATHER_SET2	3	2.16	0	21551
T8_HEAD_LEATHER_SET2	4	2.52	0	37715
T4_ARMOR_LEATHER_SET2	0	0.667	0	858
T4_ARMOR_LEATHER_SET2	1	1.0	0	1501
T4_ARMOR_LEATHER_SET2	2	1.333	0	2626
T4_ARMOR_LEATHER_SET2	3	1.667	0	4596
T4_ARMOR_LEATHER_SET2	4	2.5	0	8042
T5_ARMOR_LEATHER_SET2	0	1.0	0	1501
T5_ARMOR_LEATHER_SET2	1	1.333	0	2626
T5_ARMOR_LEATHER_SET2	2	1.667	0	4596
T5_ARMOR_LEATHER_SET2	3	2.5	0	8042
T5_ARMOR_LEATHER_SET2	4	3.0	0	14074
T6_ARMOR_LEATHER_SET2	0	1.333	0	2626
T6_ARMOR_LEATHER_SET2	1	1.667	0	4596
T6_ARMOR_LEATHER_SET2	2	2.5	0	8042
T6_ARMOR_LEATHER_SET2	3	3.0	0	14074
T6_ARMOR_LEATHER_SET2	4	3.6	0	24630
T7_ARMOR_LEATHER_SET2	0	1.667	0	4596
T7_ARMOR_LEATHER_SET2	1	2.5	0	8042
T7_ARMOR_LEATHER_SET2	2	3.0	0	14074
T7_ARMOR_LEATHER_SET2	3	3.6	0	24630
T7_ARMOR_LEATHER_SET2	4	4.32	0	43102
T8_ARMOR_LEATHER_SET2	0	2.5	0	8042
T8_ARMOR_LEATHER_SET2	1	3.0	0	14074
T8_ARMOR_LEATHER_SET2	2	3.6	0	24630
T8_ARMOR_LEATHER_SET2	3	4.32	0	43102
T8_ARMOR_LEATHER_SET2	4	5.04	0	75429
T4_SHOES_LEATHER_SET2	0	0.333	0	429
T4_SHOES_LEATHER_SET2	1	0.5	0	750
T4_SHOES_LEATHER_SET2	2	0.667	0	1313
T4_SHOES_LEATHER_SET2	3	0.833	0	2298
T4_SHOES_LEATHER_SET2	4	1.25	0	4021
T5_SHOES_LEATHER_SET2	0	0.5	0	750
T5_SHOES_LEATHER_SET2	1	0.667	0	1313
T5_SHOES_LEATHER_SET2	2	0.833	0	2298
T5_SHOES_LEATHER_SET2	3	1.25	0	4021
T5_SHOES_LEATHER_SET2	4	1.5	0	7037
T6_SHOES_LEATHER_SET2	0	0.667	0	1313
T6_SHOES_LEATHER_SET2	1	0.833	0	2298
T6_SHOES_LEATHER_SET2	2	1.25	0	4021
T6_SHOES_LEATHER_SET2	3	1.5	0	7037
T6_SHOES_LEATHER_SET2	4	1.8	0	12315
T7_SHOES_LEATHER_SET2	0	0.833	0	2298
T7_SHOES_LEATHER_SET2	1	1.25	0	4021
T7_SHOES_LEATHER_SET2	2	1.5	0	7037
T7_SHOES_LEATHER_SET2	3	1.8	0	12315
T7_SHOES_LEATHER_SET2	4	2.16	0	21551
T8_SHOES_LEATHER_SET2	0	1.25	0	4021
T8_SHOES_LEATHER_SET2	1	1.5	0	7037
T8_SHOES_LEATHER_SET2	2	1.8	0	12315
T8_SHOES_LEATHER_SET2	3	2.16	0	21551
T8_SHOES_LEATHER_SET2	4	2.52	0	37715
T4_HEAD_LEATHER_SET3	0	0.333	0	429
T4_HEAD_LEATHER_SET3	1	0.5	0	750
T4_HEAD_LEATHER_SET3	2	0.667	0	1313
T4_HEAD_LEATHER_SET3	3	0.833	0	2298
T4_HEAD_LEATHER_SET3	4	1.25	0	4021
T5_HEAD_LEATHER_SET3	0	0.5	0	750
T5_HEAD_LEATHER_SET3	1	0.667	0	1313
T5_HEAD_LEATHER_SET3	2	0.833	0	2298
T5_HEAD_LEATHER_SET3	3	1.25	0	4021
T5_HEAD_LEATHER_SET3	4	1.5	0	7037
T6_HEAD_LEATHER_SET3	0	0.667	0	1313
T6_HEAD_LEATHER_SET3	1	0.833	0	2298
T6_HEAD_LEATHER_SET3	2	1.25	0	4021
T6_HEAD_LEATHER_SET3	3	1.5	0	7037
T6_HEAD_LEATHER_SET3	4	1.8	0	12315
T7_HEAD_LEATHER_SET3	0	0.833	0	2298
T7_HEAD_LEATHER_SET3	1	1.25	0	4021
T7_HEAD_LEATHER_SET3	2	1.5	0	7037
T7_HEAD_LEATHER_SET3	3	1.8	0	12315
T7_HEAD_LEATHER_SET3	4	2.16	0	21551
T8_HEAD_LEATHER_SET3	0	1.25	0	4021
T8_HEAD_LEATHER_SET3	1	1.5	0	7037
T8_HEAD_LEATHER_SET3	2	1.8	0	12315
T8_HEAD_LEATHER_SET3	3	2.16	0	21551
T8_HEAD_LEATHER_SET3	4	2.52	0	37715
T4_ARMOR_LEATHER_SET3	0	0.667	0	858
T4_ARMOR_LEATHER_SET3	1	1.0	0	1501
T4_ARMOR_LEATHER_SET3	2	1.333	0	2626
T4_ARMOR_LEATHER_SET3	3	1.667	0	4596
T4_ARMOR_LEATHER_SET3	4	2.5	0	8042
T5_ARMOR_LEATHER_SET3	0	1.0	0	1501
T5_ARMOR_LEATHER_SET3	1	1.333	0	2626
T5_ARMOR_LEATHER_SET3	2	1.667	0	4596
T5_ARMOR_LEATHER_SET3	3	2.5	0	8042
T5_ARMOR_LEATHER_SET3	4	3.0	0	14074
T6_ARMOR_LEATHER_SET3	0	1.333	0	2626
T6_ARMOR_LEATHER_SET3	1	1.667	0	4596
T6_ARMOR_LEATHER_SET3	2	2.5	0	8042
T6_ARMOR_LEATHER_SET3	3	3.0	0	14074
T6_ARMOR_LEATHER_SET3	4	3.6	0	24630
T7_ARMOR_LEATHER_SET3	0	1.667	0	4596
T7_ARMOR_LEATHER_SET3	1	2.5	0	8042
T7_ARMOR_LEATHER_SET3	2	3.0	0	14074
T7_ARMOR_LEATHER_SET3	3	3.6	0	24630
T7_ARMOR_LEATHER_SET3	4	4.32	0	43102
T8_ARMOR_LEATHER_SET3	0	2.5	0	8042
T8_ARMOR_LEATHER_SET3	1	3.0	0	14074
T8_ARMOR_LEATHER_SET3	2	3.6	0	24630
T8_ARMOR_LEATHER_SET3	3	4.32	0	43102
T8_ARMOR_LEATHER_SET3	4	5.04	0	75429
T4_SHOES_LEATHER_SET3	0	0.333	0	429
T4_SHOES_LEATHER_SET3	1	0.5	0	750
T4_SHOES_LEATHER_SET3	2	0.667	0	1313
T4_SHOES_LEATHER_SET3	3	0.833	0	2298
T4_SHOES_LEATHER_SET3	4	1.25	0	4021
T5_SHOES_LEATHER_SET3	0	0.5	0	750
T5_SHOES_LEATHER_SET3	1	0.667	0	1313
T5_SHOES_LEATHER_SET3	2	0.833	0	2298
T5_SHOES_LEATHER_SET3	3	1.25	0	4021
T5_SHOES_LEATHER_SET3	4	1.5	0	7037
T6_SHOES_LEATHER_SET3	0	0.667	0	1313
T6_SHOES_LEATHER_SET3	1	0.833	0	2298
T6_SHOES_LEATHER_SET3	2	1.25	0	4021
T6_SHOES_LEATHER_SET3	3	1.5	0	7037
T6_SHOES_LEATHER_SET3	4	1.8	0	12315
T7_SHOES_LEATHER_SET3	0	0.833	0	2298
T7_SHOES_LEATHER_SET3	1	1.25	0	4021
T7_SHOES_LEATHER_SET3	2	1.5	0	7037
T7_SHOES_LEATHER_SET3	3	1.8	0	12315
T7_SHOES_LEATHER_SET3	4	2.16	0	21551
T8_SHOES_LEATHER_SET3	0	1.25	0	4021
T8_SHOES_LEATHER_SET3	1	1.5	0	7037
T8_SHOES_LEATHER_SET3	2	1.8	0	12315
T8_SHOES_LEATHER_SET3	3	2.16	0	21551
T8_SHOES_LEATHER_SET3	4	2.52	0	37715
T4_HEAD_LEATHER_MORGANA	0	0.333	0	429
T4_HEAD_LEATHER_MORGANA	1	0.5	0	750
T4_HEAD_LEATHER_MORGANA	2	0.667	0	1313
T4_HEAD_LEATHER_MORGANA	3	0.833	0	2298
T4_HEAD_LEATHER_MORGANA	4	1.25	0	4021
T5_HEAD_LEATHER_MORGANA	0	0.5	0	750
T5_HEAD_LEATHER_MORGANA	1	0.667	0	1313
T5_HEAD_LEATHER_MORGANA	2	0.833	0	2298
T5_HEAD_LEATHER_MORGANA	3	1.25	0	4021
T5_HEAD_LEATHER_MORGANA	4	1.5	0	7037
T6_HEAD_LEATHER_MORGANA	0	0.667	0	1313
T6_HEAD_LEATHER_MORGANA	1	0.833	0	2298
T6_HEAD_LEATHER_MORGANA	2	1.25	0	4021
T6_HEAD_LEATHER_MORGANA	3	1.5	0	7037
T6_HEAD_LEATHER_MORGANA	4	1.8	0	12315
T7_HEAD_LEATHER_MORGANA	0	0.833	0	2298
T7_HEAD_LEATHER_MORGANA	1	1.25	0	4021
T7_HEAD_LEATHER_MORGANA	2	1.5	0	7037
T7_HEAD_LEATHER_MORGANA	3	1.8	0	12315
T7_HEAD_LEATHER_MORGANA	4	2.16	0	21551
T8_HEAD_LEATHER_MORGANA	0	1.25	0	4021
T8_HEAD_LEATHER_MORGANA	1	1.5	0	7037
T8_HEAD_LEATHER_MORGANA	2	1.8	0	12315
T8_HEAD_LEATHER_MORGANA	3	2.16	0	21551
T8_HEAD_LEATHER_MORGANA	4	2.52	0	37715
T4_ARMOR_LEATHER_MORGANA	0	0.667	0	858
T4_ARMOR_LEATHER_MORGANA	1	1.0	0	1501
T4_ARMOR_LEATHER_MORGANA	2	1.333	0	2626
T4_ARMOR_LEATHER_MORGANA	3	1.667	0	4596
T4_ARMOR_LEATHER_MORGANA	4	2.5	0	8042
T5_ARMOR_LEATHER_MORGANA	0	1.0	0	1501
T5_ARMOR_LEATHER_MORGANA	1	1.333	0	2626
T5_ARMOR_LEATHER_MORGANA	2	1.667	0	4596
T5_ARMOR_LEATHER_MORGANA	3	2.5	0	8042
T5_ARMOR_LEATHER_MORGANA	4	3.0	0	14074
T6_ARMOR_LEATHER_MORGANA	0	1.333	0	2626
T6_ARMOR_LEATHER_MORGANA	1	1.667	0	4596
T6_ARMOR_LEATHER_MORGANA	2	2.5	0	8042
T6_ARMOR_LEATHER_MORGANA	3	3.0	0	14074
T6_ARMOR_LEATHER_MORGANA	4	3.6	0	24630
T7_ARMOR_LEATHER_MORGANA	0	1.667	0	4596
T7_ARMOR_LEATHER_MORGANA	1	2.5	0	8042
T7_ARMOR_LEATHER_MORGANA	2	3.0	0	14074
T7_ARMOR_LEATHER_MORGANA	3	3.6	0	24630
T7_ARMOR_LEATHER_MORGANA	4	4.32	0	43102
T8_ARMOR_LEATHER_MORGANA	0	2.5	0	8042
T8_ARMOR_LEATHER_MORGANA	1	3.0	0	14074
T8_ARMOR_LEATHER_MORGANA	2	3.6	0	24630
T8_ARMOR_LEATHER_MORGANA	3	4.32	0	43102
T8_ARMOR_LEATHER_MORGANA	4	5.04	0	75429
T4_SHOES_LEATHER_MORGANA	0	0.333	0	429
T4_SHOES_LEATHER_MORGANA	1	0.5	0	750
T4_SHOES_LEATHER_MORGANA	2	0.667	0	1313
T4_SHOES_LEATHER_MORGANA	3	0.833	0	2298
T4_SHOES_LEATHER_MORGANA	4	1.25	0	4021
T5_SHOES_LEATHER_MORGANA	0	0.5	0	750
T5_SHOES_LEATHER_MORGANA	1	0.667	0	1313
T5_SHOES_LEATHER_MORGANA	2	0.833	0	2298
T5_SHOES_LEATHER_MORGANA	3	1.25	0	4021
T5_SHOES_LEATHER_MORGANA	4	1.5	0	7037
T6_SHOES_LEATHER_MORGANA	0	0.667	0	1313
T6_SHOES_LEATHER_MORGANA	1	0.833	0	2298
T6_SHOES_LEATHER_MORGANA	2	1.25	0	4021
T6_SHOES_LEATHER_MORGANA	3	1.5	0	7037
T6_SHOES_LEATHER_MORGANA	4	1.8	0	12315
T7_SHOES_LEATHER_MORGANA	0	0.833	0	2298
T7_SHOES_LEATHER_MORGANA	1	1.25	0	4021
T7_SHOES_LEATHER_MORGANA	2	1.5	0	7037
T7_SHOES_LEATHER_MORGANA	3	1.8	0	12315
T7_SHOES_LEATHER_MORGANA	4	2.16	0	21551
T8_SHOES_LEATHER_MORGANA	0	1.25	0	4021
T8_SHOES_LEATHER_MORGANA	1	1.5	0	7037
T8_SHOES_LEATHER_MORGANA	2	1.8	0	12315
T8_SHOES_LEATHER_MORGANA	3	2.16	0	21551
T8_SHOES_LEATHER_MORGANA	4	2.52	0	37715
T4_HEAD_LEATHER_HELL	0	0.333	0	429
T4_HEAD_LEATHER_HELL	1	0.5	0	750
T4_HEAD_LEATHER_HELL	2	0.667	0	1313
T4_HEAD_LEATHER_HELL	3	0.833	0	2298
T4_HEAD_LEATHER_HELL	4	1.25	0	4021
T5_HEAD_LEATHER_HELL	0	0.5	0	750
T5_HEAD_LEATHER_HELL	1	0.667	0	1313
T5_HEAD_LEATHER_HELL	2	0.833	0	2298
T5_HEAD_LEATHER_HELL	3	1.25	0	4021
T5_HEAD_LEATHER_HELL	4	1.5	0	7037
T6_HEAD_LEATHER_HELL	0	0.667	0	1313
T6_HEAD_LEATHER_HELL	1	0.833	0	2298
T6_HEAD_LEATHER_HELL	2	1.25	0	4021
T6_HEAD_LEATHER_HELL	3	1.5	0	7037
T6_HEAD_LEATHER_HELL	4	1.8	0	12315
T7_HEAD_LEATHER_HELL	0	0.833	0	2298
T7_HEAD_LEATHER_HELL	1	1.25	0	4021
T7_HEAD_LEATHER_HELL	2	1.5	0	7037
T7_HEAD_LEATHER_HELL	3	1.8	0	12315
T7_HEAD_LEATHER_HELL	4	2.16	0	21551
T8_HEAD_LEATHER_HELL	0	1.25	0	4021
T8_HEAD_LEATHER_HELL	1	1.5	0	7037
T8_HEAD_LEATHER_HELL	2	1.8	0	12315
T8_HEAD_LEATHER_HELL	3	2.16	0	21551
T8_HEAD_LEATHER_HELL	4	2.52	0	37715
T4_ARMOR_LEATHER_HELL	0	0.667	0	858
T4_ARMOR_LEATHER_HELL	1	1.0	0	1501
T4_ARMOR_LEATHER_HELL	2	1.333	0	2626
T4_ARMOR_LEATHER_HELL	3	1.667	0	4596
T4_ARMOR_LEATHER_HELL	4	2.5	0	8042
T5_ARMOR_LEATHER_HELL	0	1.0	0	1501
T5_ARMOR_LEATHER_HELL	1	1.333	0	2626
T5_ARMOR_LEATHER_HELL	2	1.667	0	4596
T5_ARMOR_LEATHER_HELL	3	2.5	0	8042
T5_ARMOR_LEATHER_HELL	4	3.0	0	14074
T6_ARMOR_LEATHER_HELL	0	1.333	0	2626
T6_ARMOR_LEATHER_HELL	1	1.667	0	4596
T6_ARMOR_LEATHER_HELL	2	2.5	0	8042
T6_ARMOR_LEATHER_HELL	3	3.0	0	14074
T6_ARMOR_LEATHER_HELL	4	3.6	0	24630
T7_ARMOR_LEATHER_HELL	0	1.667	0	4596
T7_ARMOR_LEATHER_HELL	1	2.5	0	8042
T7_ARMOR_LEATHER_HELL	2	3.0	0	14074
T7_ARMOR_LEATHER_HELL	3	3.6	0	24630
T7_ARMOR_LEATHER_HELL	4	4.32	0	43102
T8_ARMOR_LEATHER_HELL	0	2.5	0	8042
T8_ARMOR_LEATHER_HELL	1	3.0	0	14074
T8_ARMOR_LEATHER_HELL	2	3.6	0	24630
T8_ARMOR_LEATHER_HELL	3	4.32	0	43102
T8_ARMOR_LEATHER_HELL	4	5.04	0	75429
T4_SHOES_LEATHER_HELL	0	0.333	0	429
T4_SHOES_LEATHER_HELL	1	0.5	0	750
T4_SHOES_LEATHER_HELL	2	0.667	0	1313
T4_SHOES_LEATHER_HELL	3	0.833	0	2298
T4_SHOES_LEATHER_HELL	4	1.25	0	4021
T5_SHOES_LEATHER_HELL	0	0.5	0	750
T5_SHOES_LEATHER_HELL	1	0.667	0	1313
T5_SHOES_LEATHER_HELL	2	0.833	0	2298
T5_SHOES_LEATHER_HELL	3	1.25	0	4021
T5_SHOES_LEATHER_HELL	4	1.5	0	7037
T6_SHOES_LEATHER_HELL	0	0.667	0	1313
T6_SHOES_LEATHER_HELL	1	0.833	0	2298
T6_SHOES_LEATHER_HELL	2	1.25	0	4021
T6_SHOES_LEATHER_HELL	3	1.5	0	7037
T6_SHOES_LEATHER_HELL	4	1.8	0	12315
T7_SHOES_LEATHER_HELL	0	0.833	0	2298
T7_SHOES_LEATHER_HELL	1	1.25	0	4021
T7_SHOES_LEATHER_HELL	2	1.5	0	7037
T7_SHOES_LEATHER_HELL	3	1.8	0	12315
T7_SHOES_LEATHER_HELL	4	2.16	0	21551
T8_SHOES_LEATHER_HELL	0	1.25	0	4021
T8_SHOES_LEATHER_HELL	1	1.5	0	7037
T8_SHOES_LEATHER_HELL	2	1.8	0	12315
T8_SHOES_LEATHER_HELL	3	2.16	0	21551
T8_SHOES_LEATHER_HELL	4	2.52	0	37715
T4_HEAD_LEATHER_UNDEAD	0	0.333	0	429
T4_HEAD_LEATHER_UNDEAD	1	0.5	0	750
T4_HEAD_LEATHER_UNDEAD	2	0.667	0	1313
T4_HEAD_LEATHER_UNDEAD	3	0.833	0	2298
T4_HEAD_LEATHER_UNDEAD	4	1.25	0	4021
T5_HEAD_LEATHER_UNDEAD	0	0.5	0	750
T5_HEAD_LEATHER_UNDEAD	1	0.667	0	1313
T5_HEAD_LEATHER_UNDEAD	2	0.833	0	2298
T5_HEAD_LEATHER_UNDEAD	3	1.25	0	4021
T5_HEAD_LEATHER_UNDEAD	4	1.5	0	7037
T6_HEAD_LEATHER_UNDEAD	0	0.667	0	1313
T6_HEAD_LEATHER_UNDEAD	1	0.833	0	2298
T6_HEAD_LEATHER_UNDEAD	2	1.25	0	4021
T6_HEAD_LEATHER_UNDEAD	3	1.5	0	7037
T6_HEAD_LEATHER_UNDEAD	4	1.8	0	12315
T7_HEAD_LEATHER_UNDEAD	0	0.833	0	2298
T7_HEAD_LEATHER_UNDEAD	1	1.25	0	4021
T7_HEAD_LEATHER_UNDEAD	2	1.5	0	7037
T7_HEAD_LEATHER_UNDEAD	3	1.8	0	12315
T7_HEAD_LEATHER_UNDEAD	4	2.16	0	21551
T8_HEAD_LEATHER_UNDEAD	0	1.25	0	4021
T8_HEAD_LEATHER_UNDEAD	1	1.5	0	7037
T8_HEAD_LEATHER_UNDEAD	2	1.8	0	12315
T8_HEAD_LEATHER_UNDEAD	3	2.16	0	21551
T8_HEAD_LEATHER_UNDEAD	4	2.52	0	37715
T4_ARMOR_LEATHER_UNDEAD	0	0.667	0	858
T4_ARMOR_LEATHER_UNDEAD	1	1.0	0	1501
T4_ARMOR_LEATHER_UNDEAD	2	1.333	0	2626
T4_ARMOR_LEATHER_UNDEAD	3	1.667	0	4596
T4_ARMOR_LEATHER_UNDEAD	4	2.5	0	8042
T5_ARMOR_LEATHER_UNDEAD	0	1.0	0	1501
T5_ARMOR_LEATHER_UNDEAD	1	1.333	0	2626
T5_ARMOR_LEATHER_UNDEAD	2	1.667	0	4596
T5_ARMOR_LEATHER_UNDEAD	3	2.5	0	8042
T5_ARMOR_LEATHER_UNDEAD	4	3.0	0	14074
T6_ARMOR_LEATHER_UNDEAD	0	1.333	0	2626
T6_ARMOR_LEATHER_UNDEAD	1	1.667	0	4596
T6_ARMOR_LEATHER_UNDEAD	2	2.5	0	8042
T6_ARMOR_LEATHER_UNDEAD	3	3.0	0	14074
T6_ARMOR_LEATHER_UNDEAD	4	3.6	0	24630
T7_ARMOR_LEATHER_UNDEAD	0	1.667	0	4596
T7_ARMOR_LEATHER_UNDEAD	1	2.5	0	8042
T7_ARMOR_LEATHER_UNDEAD	2	3.0	0	14074
T7_ARMOR_LEATHER_UNDEAD	3	3.6	0	24630
T7_ARMOR_LEATHER_UNDEAD	4	4.32	0	43102
T8_ARMOR_LEATHER_UNDEAD	0	2.5	0	8042
T8_ARMOR_LEATHER_UNDEAD	1	3.0	0	14074
T8_ARMOR_LEATHER_UNDEAD	2	3.6	0	24630
T8_ARMOR_LEATHER_UNDEAD	3	4.32	0	43102
T8_ARMOR_LEATHER_UNDEAD	4	5.04	0	75429
T4_SHOES_LEATHER_UNDEAD	0	0.333	0	429
T4_SHOES_LEATHER_UNDEAD	1	0.5	0	750
T4_SHOES_LEATHER_UNDEAD	2	0.667	0	1313
T4_SHOES_LEATHER_UNDEAD	3	0.833	0	2298
T4_SHOES_LEATHER_UNDEAD	4	1.25	0	4021
T5_SHOES_LEATHER_UNDEAD	0	0.5	0	750
T5_SHOES_LEATHER_UNDEAD	1	0.667	0	1313
T5_SHOES_LEATHER_UNDEAD	2	0.833	0	2298
T5_SHOES_LEATHER_UNDEAD	3	1.25	0	4021
T5_SHOES_LEATHER_UNDEAD	4	1.5	0	7037
T6_SHOES_LEATHER_UNDEAD	0	0.667	0	1313
T6_SHOES_LEATHER_UNDEAD	1	0.833	0	2298
T6_SHOES_LEATHER_UNDEAD	2	1.25	0	4021
T6_SHOES_LEATHER_UNDEAD	3	1.5	0	7037
T6_SHOES_LEATHER_UNDEAD	4	1.8	0	12315
T7_SHOES_LEATHER_UNDEAD	0	0.833	0	2298
T7_SHOES_LEATHER_UNDEAD	1	1.25	0	4021
T7_SHOES_LEATHER_UNDEAD	2	1.5	0	7037
T7_SHOES_LEATHER_UNDEAD	3	1.8	0	12315
T7_SHOES_LEATHER_UNDEAD	4	2.16	0	21551
T8_SHOES_LEATHER_UNDEAD	0	1.25	0	4021
T8_SHOES_LEATHER_UNDEAD	1	1.5	0	7037
T8_SHOES_LEATHER_UNDEAD	2	1.8	0	12315
T8_SHOES_LEATHER_UNDEAD	3	2.16	0	21551
T8_SHOES_LEATHER_UNDEAD	4	2.52	0	37715
T4_HEAD_LEATHER_FEY	0	0.333	0	429
T4_HEAD_LEATHER_FEY	1	0.5	0	750
T4_HEAD_LEATHER_FEY	2	0.667	0	1313
T4_HEAD_LEATHER_FEY	3	0.833	0	2298
T4_HEAD_LEATHER_FEY	4	1.25	0	4021
T5_HEAD_LEATHER_FEY	0	0.5	0	750
T5_HEAD_LEATHER_FEY	1	0.667	0	1313
T5_HEAD_LEATHER_FEY	2	0.833	0	2298
T5_HEAD_LEATHER_FEY	3	1.25	0	4021
T5_HEAD_LEATHER_FEY	4	1.5	0	7037
T6_HEAD_LEATHER_FEY	0	0.667	0	1313
T6_HEAD_LEATHER_FEY	1	0.833	0	2298
T6_HEAD_LEATHER_FEY	2	1.25	0	4021
T6_HEAD_LEATHER_FEY	3	1.5	0	7037
T6_HEAD_LEATHER_FEY	4	1.8	0	12315
T7_HEAD_LEATHER_FEY	0	0.833	0	2298
T7_HEAD_LEATHER_FEY	1	1.25	0	4021
T7_HEAD_LEATHER_FEY	2	1.5	0	7037
T7_HEAD_LEATHER_FEY	3	1.8	0	12315
T7_HEAD_LEATHER_FEY	4	2.16	0	21551
T8_HEAD_LEATHER_FEY	0	1.25	0	4021
T8_HEAD_LEATHER_FEY	1	1.5	0	7037
T8_HEAD_LEATHER_FEY	2	1.8	0	12315
T8_HEAD_LEATHER_FEY	3	2.16	0	21551
T8_HEAD_LEATHER_FEY	4	2.52	0	37715
T4_ARMOR_LEATHER_FEY	0	0.667	0	858
T4_ARMOR_LEATHER_FEY	1	1.0	0	1501
T4_ARMOR_LEATHER_FEY	2	1.333	0	2626
T4_ARMOR_LEATHER_FEY	3	1.667	0	4596
T4_ARMOR_LEATHER_FEY	4	2.5	0	8042
T5_ARMOR_LEATHER_FEY	0	1.0	0	1501
T5_ARMOR_LEATHER_FEY	1	1.333	0	2626
T5_ARMOR_LEATHER_FEY	2	1.667	0	4596
T5_ARMOR_LEATHER_FEY	3	2.5	0	8042
T5_ARMOR_LEATHER_FEY	4	3.0	0	14074
T6_ARMOR_LEATHER_FEY	0	1.333	0	2626
T6_ARMOR_LEATHER_FEY	1	1.667	0	4596
T6_ARMOR_LEATHER_FEY	2	2.5	0	8042
T6_ARMOR_LEATHER_FEY	3	3.0	0	14074
T6_ARMOR_LEATHER_FEY	4	3.6	0	24630
T7_ARMOR_LEATHER_FEY	0	1.667	0	4596
T7_ARMOR_LEATHER_FEY	1	2.5	0	8042
T7_ARMOR_LEATHER_FEY	2	3.0	0	14074
T7_ARMOR_LEATHER_FEY	3	3.6	0	24630
T7_ARMOR_LEATHER_FEY	4	4.32	0	43102
T8_ARMOR_LEATHER_FEY	0	2.5	0	8042
T8_ARMOR_LEATHER_FEY	1	3.0	0	14074
T8_ARMOR_LEATHER_FEY	2	3.6	0	24630
T8_ARMOR_LEATHER_FEY	3	4.32	0	43102
T8_ARMOR_LEATHER_FEY	4	5.04	0	75429
T4_SHOES_LEATHER_FEY	0	0.333	0	429
T4_SHOES_LEATHER_FEY	1	0.5	0	750
T4_SHOES_LEATHER_FEY	2	0.667	0	1313
T4_SHOES_LEATHER_FEY	3	0.833	0	2298
T4_SHOES_LEATHER_FEY	4	1.25	0	4021
T5_SHOES_LEATHER_FEY	0	0.5	0	750
T5_SHOES_LEATHER_FEY	1	0.667	0	1313
T5_SHOES_LEATHER_FEY	2	0.833	0	2298
T5_SHOES_LEATHER_FEY	3	1.25	0	4021
T5_SHOES_LEATHER_FEY	4	1.5	0	7037
T6_SHOES_LEATHER_FEY	0	0.667	0	1313
T6_SHOES_LEATHER_FEY	1	0.833	0	2298
T6_SHOES_LEATHER_FEY	2	1.25	0	4021
T6_SHOES_LEATHER_FEY	3	1.5	0	7037
T6_SHOES_LEATHER_FEY	4	1.8	0	12315
T7_SHOES_LEATHER_FEY	0	0.833	0	2298
T7_SHOES_LEATHER_FEY	1	1.25	0	4021
T7_SHOES_LEATHER_FEY	2	1.5	0	7037
T7_SHOES_LEATHER_FEY	3	1.8	0	12315
T7_SHOES_LEATHER_FEY	4	2.16	0	21551
T8_SHOES_LEATHER_FEY	0	1.25	0	4021
T8_SHOES_LEATHER_FEY	1	1.5	0	7037
T8_SHOES_LEATHER_FEY	2	1.8	0	12315
T8_SHOES_LEATHER_FEY	3	2.16	0	21551
T8_SHOES_LEATHER_FEY	4	2.52	0	37715
T4_HEAD_LEATHER_AVALON	0	0.333	0	429
T4_HEAD_LEATHER_AVALON	1	0.5	0	750
T4_HEAD_LEATHER_AVALON	2	0.667	0	1313
T4_HEAD_LEATHER_AVALON	3	0.833	0	2298
T4_HEAD_LEATHER_AVALON	4	1.25	0	4021
T5_HEAD_LEATHER_AVALON	0	0.5	0	750
T5_HEAD_LEATHER_AVALON	1	0.667	0	1313
T5_HEAD_LEATHER_AVALON	2	0.833	0	2298
T5_HEAD_LEATHER_AVALON	3	1.25	0	4021
T5_HEAD_LEATHER_AVALON	4	1.5	0	7037
T6_HEAD_LEATHER_AVALON	0	0.667	0	1313
T6_HEAD_LEATHER_AVALON	1	0.833	0	2298
T6_HEAD_LEATHER_AVALON	2	1.25	0	4021
T6_HEAD_LEATHER_AVALON	3	1.5	0	7037
T6_HEAD_LEATHER_AVALON	4	1.8	0	12315
T7_HEAD_LEATHER_AVALON	0	0.833	0	2298
T7_HEAD_LEATHER_AVALON	1	1.25	0	4021
T7_HEAD_LEATHER_AVALON	2	1.5	0	7037
T7_HEAD_LEATHER_AVALON	3	1.8	0	12315
T7_HEAD_LEATHER_AVALON	4	2.16	0	21551
T8_HEAD_LEATHER_AVALON	0	1.25	0	4021
T8_HEAD_LEATHER_AVALON	1	1.5	0	7037
T8_HEAD_LEATHER_AVALON	2	1.8	0	12315
T8_HEAD_LEATHER_AVALON	3	2.16	0	21551
T8_HEAD_LEATHER_AVALON	4	2.52	0	37715
T4_ARMOR_LEATHER_AVALON	0	0.667	0	858
T4_ARMOR_LEATHER_AVALON	1	1.0	0	1501
T4_ARMOR_LEATHER_AVALON	2	1.333	0	2626
T4_ARMOR_LEATHER_AVALON	3	1.667	0	4596
T4_ARMOR_LEATHER_AVALON	4	2.5	0	8042
T5_ARMOR_LEATHER_AVALON	0	1.0	0	1501
T5_ARMOR_LEATHER_AVALON	1	1.333	0	2626
T5_ARMOR_LEATHER_AVALON	2	1.667	0	4596
T5_ARMOR_LEATHER_AVALON	3	2.5	0	8042
T5_ARMOR_LEATHER_AVALON	4	3.0	0	14074
T6_ARMOR_LEATHER_AVALON	0	1.333	0	2626
T6_ARMOR_LEATHER_AVALON	1	1.667	0	4596
T6_ARMOR_LEATHER_AVALON	2	2.5	0	8042
T6_ARMOR_LEATHER_AVALON	3	3.0	0	14074
T6_ARMOR_LEATHER_AVALON	4	3.6	0	24630
T7_ARMOR_LEATHER_AVALON	0	1.667	0	4596
T7_ARMOR_LEATHER_AVALON	1	2.5	0	8042
T7_ARMOR_LEATHER_AVALON	2	3.0	0	14074
T7_ARMOR_LEATHER_AVALON	3	3.6	0	24630
T7_ARMOR_LEATHER_AVALON	4	4.32	0	43102
T8_ARMOR_LEATHER_AVALON	0	2.5	0	8042
T8_ARMOR_LEATHER_AVALON	1	3.0	0	14074
T8_ARMOR_LEATHER_AVALON	2	3.6	0	24630
T8_ARMOR_LEATHER_AVALON	3	4.32	0	43102
T8_ARMOR_LEATHER_AVALON	4	5.04	0	75429
T4_SHOES_LEATHER_AVALON	0	0.333	0	429
T4_SHOES_LEATHER_AVALON	1	0.5	0	750
T4_SHOES_LEATHER_AVALON	2	0.667	0	1313
T4_SHOES_LEATHER_AVALON	3	0.833	0	2298
T4_SHOES_LEATHER_AVALON	4	1.25	0	4021
T5_SHOES_LEATHER_AVALON	0	0.5	0	750
T5_SHOES_LEATHER_AVALON	1	0.667	0	1313
T5_SHOES_LEATHER_AVALON	2	0.833	0	2298
T5_SHOES_LEATHER_AVALON	3	1.25	0	4021
T5_SHOES_LEATHER_AVALON	4	1.5	0	7037
T6_SHOES_LEATHER_AVALON	0	0.667	0	1313
T6_SHOES_LEATHER_AVALON	1	0.833	0	2298
T6_SHOES_LEATHER_AVALON	2	1.25	0	4021
T6_SHOES_LEATHER_AVALON	3	1.5	0	7037
T6_SHOES_LEATHER_AVALON	4	1.8	0	12315
T7_SHOES_LEATHER_AVALON	0	0.833	0	2298
T7_SHOES_LEATHER_AVALON	1	1.25	0	4021
T7_SHOES_LEATHER_AVALON	2	1.5	0	7037
T7_SHOES_LEATHER_AVALON	3	1.8	0	12315
T7_SHOES_LEATHER_AVALON	4	2.16	0	21551
T8_SHOES_LEATHER_AVALON	0	1.25	0	4021
T8_SHOES_LEATHER_AVALON	1	1.5	0	7037
T8_SHOES_LEATHER_AVALON	2	1.8	0	12315
T8_SHOES_LEATHER_AVALON	3	2.16	0	21551
T8_SHOES_LEATHER_AVALON	4	2.52	0	37715
T2_HEAD_CLOTH_SET1	0	0.167	0	140
T3_HEAD_CLOTH_SET1	0	0.25	0	245
T4_HEAD_CLOTH_SET1	0	0.333	0	429
T4_HEAD_CLOTH_SET1	1	0.5	0	750
T4_HEAD_CLOTH_SET1	2	0.667	0	1313
T4_HEAD_CLOTH_SET1	3	0.833	0	2298
T4_HEAD_CLOTH_SET1	4	1.25	0	4021
T5_HEAD_CLOTH_SET1	0	0.5	0	750
T5_HEAD_CLOTH_SET1	1	0.667	0	1313
T5_HEAD_CLOTH_SET1	2	0.833	0	2298
T5_HEAD_CLOTH_SET1	3	1.25	0	4021
T5_HEAD_CLOTH_SET1	4	1.5	0	7037
T6_HEAD_CLOTH_SET1	0	0.667	0	1313
T6_HEAD_CLOTH_SET1	1	0.833	0	2298
T6_HEAD_CLOTH_SET1	2	1.25	0	4021
T6_HEAD_CLOTH_SET1	3	1.5	0	7037
T6_HEAD_CLOTH_SET1	4	1.8	0	12315
T7_HEAD_CLOTH_SET1	0	0.833	0	2298
T7_HEAD_CLOTH_SET1	1	1.25	0	4021
T7_HEAD_CLOTH_SET1	2	1.5	0	7037
T7_HEAD_CLOTH_SET1	3	1.8	0	12315
T7_HEAD_CLOTH_SET1	4	2.16	0	21551
T8_HEAD_CLOTH_SET1	0	1.25	0	4021
T8_HEAD_CLOTH_SET1	1	1.5	0	7037
T8_HEAD_CLOTH_SET1	2	1.8	0	12315
T8_HEAD_CLOTH_SET1	3	2.16	0	21551
T8_HEAD_CLOTH_SET1	4	2.52	0	37715
T2_ARMOR_CLOTH_SET1	0	0.333	0	280
T3_ARMOR_CLOTH_SET1	0	0.5	0	490
T4_ARMOR_CLOTH_SET1	0	0.667	0	858
T4_ARMOR_CLOTH_SET1	1	1.0	0	1501
T4_ARMOR_CLOTH_SET1	2	1.333	0	2626
T4_ARMOR_CLOTH_SET1	3	1.667	0	4596
T4_ARMOR_CLOTH_SET1	4	2.5	0	8042
T5_ARMOR_CLOTH_SET1	0	1.0	0	1501
T5_ARMOR_CLOTH_SET1	1	1.333	0	2626
T5_ARMOR_CLOTH_SET1	2	1.667	0	4596
T5_ARMOR_CLOTH_SET1	3	2.5	0	8042
T5_ARMOR_CLOTH_SET1	4	3.0	0	14074
T6_ARMOR_CLOTH_SET1	0	1.333	0	2626
T6_ARMOR_CLOTH_SET1	1	1.667	0	4596
T6_ARMOR_CLOTH_SET1	2	2.5	0	8042
T6_ARMOR_CLOTH_SET1	3	3.0	0	14074
T6_ARMOR_CLOTH_SET1	4	3.6	0	24630
T7_ARMOR_CLOTH_SET1	0	1.667	0	4596
T7_ARMOR_CLOTH_SET1	1	2.5	0	8042
T7_ARMOR_CLOTH_SET1	2	3.0	0	14074
T7_ARMOR_CLOTH_SET1	3	3.6	0	24630
T7_ARMOR_CLOTH_SET1	4	4.32	0	43102
T8_ARMOR_CLOTH_SET1	0	2.5	0	8042
T8_ARMOR_CLOTH_SET1	1	3.0	0	14074
T8_ARMOR_CLOTH_SET1	2	3.6	0	24630
T8_ARMOR_CLOTH_SET1	3	4.32	0	43102
T8_ARMOR_CLOTH_SET1	4	5.04	0	75429
T2_SHOES_CLOTH_SET1	0	0.167	0	140
T3_SHOES_CLOTH_SET1	0	0.25	0	245
T4_SHOES_CLOTH_SET1	0	0.333	0	429
T4_SHOES_CLOTH_SET1	1	0.5	0	750
T4_SHOES_CLOTH_SET1	2	0.667	0	1313
T4_SHOES_CLOTH_SET1	3	0.833	0	2298
T4_SHOES_CLOTH_SET1	4	1.25	0	4021
T5_SHOES_CLOTH_SET1	0	0.5	0	750
T5_SHOES_CLOTH_SET1	1	0.667	0	1313
T5_SHOES_CLOTH_SET1	2	0.833	0	2298
T5_SHOES_CLOTH_SET1	3	1.25	0	4021
T5_SHOES_CLOTH_SET1	4	1.5	0	7037
T6_SHOES_CLOTH_SET1	0	0.667	0	1313
T6_SHOES_CLOTH_SET1	1	0.833	0	2298
T6_SHOES_CLOTH_SET1	2	1.25	0	4021
T6_SHOES_CLOTH_SET1	3	1.5	0	7037
T6_SHOES_CLOTH_SET1	4	1.8	0	12315
T7_SHOES_CLOTH_SET1	0	0.833	0	2298
T7_SHOES_CLOTH_SET1	1	1.25	0	4021
T7_SHOES_CLOTH_SET1	2	1.5	0	7037
T7_SHOES_CLOTH_SET1	3	1.8	0	12315
T7_SHOES_CLOTH_SET1	4	2.16	0	21551
T8_SHOES_CLOTH_SET1	0	1.25	0	4021
T8_SHOES_CLOTH_SET1	1	1.5	0	7037
T8_SHOES_CLOTH_SET1	2	1.8	0	12315
T8_SHOES_CLOTH_SET1	3	2.16	0	21551
T8_SHOES_CLOTH_SET1	4	2.52	0	37715
T4_HEAD_CLOTH_SET2	0	0.333	0	429
T4_HEAD_CLOTH_SET2	1	0.5	0	750
T4_HEAD_CLOTH_SET2	2	0.667	0	1313
T4_HEAD_CLOTH_SET2	3	0.833	0	2298
T4_HEAD_CLOTH_SET2	4	1.25	0	4021
T5_HEAD_CLOTH_SET2	0	0.5	0	750
T5_HEAD_CLOTH_SET2	1	0.667	0	1313
T5_HEAD_CLOTH_SET2	2	0.833	0	2298
T5_HEAD_CLOTH_SET2	3	1.25	0	4021
T5_HEAD_CLOTH_SET2	4	1.5	0	7037
T6_HEAD_CLOTH_SET2	0	0.667	0	1313
T6_HEAD_CLOTH_SET2	1	0.833	0	2298
T6_HEAD_CLOTH_SET2	2	1.25	0	4021
T6_HEAD_CLOTH_SET2	3	1.5	0	7037
T6_HEAD_CLOTH_SET2	4	1.8	0	12315
T7_HEAD_CLOTH_SET2	0	0.833	0	2298
T7_HEAD_CLOTH_SET2	1	1.25	0	4021
T7_HEAD_CLOTH_SET2	2	1.5	0	7037
T7_HEAD_CLOTH_SET2	3	1.8	0	12315
T7_HEAD_CLOTH_SET2	4	2.16	0	21551
T8_HEAD_CLOTH_SET2	0	1.25	0	4021
T8_HEAD_CLOTH_SET2	1	1.5	0	7037
T8_HEAD_CLOTH_SET2	2	1.8	0	12315
T8_HEAD_CLOTH_SET2	3	2.16	0	21551
T8_HEAD_CLOTH_SET2	4	2.52	0	37715
T4_ARMOR_CLOTH_SET2	0	0.667	0	858
T4_ARMOR_CLOTH_SET2	1	1.0	0	1501
T4_ARMOR_CLOTH_SET2	2	1.333	0	2626
T4_ARMOR_CLOTH_SET2	3	1.667	0	4596
T4_ARMOR_CLOTH_SET2	4	2.5	0	8042
T5_ARMOR_CLOTH_SET2	0	1.0	0	1501
T5_ARMOR_CLOTH_SET2	1	1.333	0	2626
T5_ARMOR_CLOTH_SET2	2	1.667	0	4596
T5_ARMOR_CLOTH_SET2	3	2.5	0	8042
T5_ARMOR_CLOTH_SET2	4	3.0	0	14074
T6_ARMOR_CLOTH_SET2	0	1.333	0	2626
T6_ARMOR_CLOTH_SET2	1	1.667	0	4596
T6_ARMOR_CLOTH_SET2	2	2.5	0	8042
T6_ARMOR_CLOTH_SET2	3	3.0	0	14074
T6_ARMOR_CLOTH_SET2	4	3.6	0	24630
T7_ARMOR_CLOTH_SET2	0	1.667	0	4596
T7_ARMOR_CLOTH_SET2	1	2.5	0	8042
T7_ARMOR_CLOTH_SET2	2	3.0	0	14074
T7_ARMOR_CLOTH_SET2	3	3.6	0	24630
T7_ARMOR_CLOTH_SET2	4	4.32	0	43102
T8_ARMOR_CLOTH_SET2	0	2.5	0	8042
T8_ARMOR_CLOTH_SET2	1	3.0	0	14074
T8_ARMOR_CLOTH_SET2	2	3.6	0	24630
T8_ARMOR_CLOTH_SET2	3	4.32	0	43102
T8_ARMOR_CLOTH_SET2	4	5.04	0	75429
T4_SHOES_CLOTH_SET2	0	0.333	0	429
T4_SHOES_CLOTH_SET2	1	0.5	0	750
T4_SHOES_CLOTH_SET2	2	0.667	0	1313
T4_SHOES_CLOTH_SET2	3	0.833	0	2298
T4_SHOES_CLOTH_SET2	4	1.25	0	4021
T5_SHOES_CLOTH_SET2	0	0.5	0	750
T5_SHOES_CLOTH_SET2	1	0.667	0	1313
T5_SHOES_CLOTH_SET2	2	0.833	0	2298
T5_SHOES_CLOTH_SET2	3	1.25	0	4021
T5_SHOES_CLOTH_SET2	4	1.5	0	7037
T6_SHOES_CLOTH_SET2	0	0.667	0	1313
T6_SHOES_CLOTH_SET2	1	0.833	0	2298
T6_SHOES_CLOTH_SET2	2	1.25	0	4021
T6_SHOES_CLOTH_SET2	3	1.5	0	7037
T6_SHOES_CLOTH_SET2	4	1.8	0	12315
T7_SHOES_CLOTH_SET2	0	0.833	0	2298
T7_SHOES_CLOTH_SET2	1	1.25	0	4021
T7_SHOES_CLOTH_SET2	2	1.5	0	7037
T7_SHOES_CLOTH_SET2	3	1.8	0	12315
T7_SHOES_CLOTH_SET2	4	2.16	0	21551
T8_SHOES_CLOTH_SET2	0	1.25	0	4021
T8_SHOES_CLOTH_SET2	1	1.5	0	7037
T8_SHOES_CLOTH_SET2	2	1.8	0	12315
T8_SHOES_CLOTH_SET2	3	2.16	0	21551
T8_SHOES_CLOTH_SET2	4	2.52	0	37715
T4_HEAD_CLOTH_SET3	0	0.333	0	429
T4_HEAD_CLOTH_SET3	1	0.5	0	750
T4_HEAD_CLOTH_SET3	2	0.667	0	1313
T4_HEAD_CLOTH_SET3	3	0.833	0	2298
T4_HEAD_CLOTH_SET3	4	1.25	0	4021
T5_HEAD_CLOTH_SET3	0	0.5	0	750
T5_HEAD_CLOTH_SET3	1	0.667	0	1313
T5_HEAD_CLOTH_SET3	2	0.833	0	2298
T5_HEAD_CLOTH_SET3	3	1.25	0	4021
T5_HEAD_CLOTH_SET3	4	1.5	0	7037
T6_HEAD_CLOTH_SET3	0	0.667	0	1313
T6_HEAD_CLOTH_SET3	1	0.833	0	2298
T6_HEAD_CLOTH_SET3	2	1.25	0	4021
T6_HEAD_CLOTH_SET3	3	1.5	0	7037
T6_HEAD_CLOTH_SET3	4	1.8	0	12315
T7_HEAD_CLOTH_SET3	0	0.833	0	2298
T7_HEAD_CLOTH_SET3	1	1.25	0	4021
T7_HEAD_CLOTH_SET3	2	1.5	0	7037
T7_HEAD_CLOTH_SET3	3	1.8	0	12315
T7_HEAD_CLOTH_SET3	4	2.16	0	21551
T8_HEAD_CLOTH_SET3	0	1.25	0	4021
T8_HEAD_CLOTH_SET3	1	1.5	0	7037
T8_HEAD_CLOTH_SET3	2	1.8	0	12315
T8_HEAD_CLOTH_SET3	3	2.16	0	21551
T8_HEAD_CLOTH_SET3	4	2.52	0	37715
T4_ARMOR_CLOTH_SET3	0	0.667	0	858
T4_ARMOR_CLOTH_SET3	1	1.0	0	1501
T4_ARMOR_CLOTH_SET3	2	1.333	0	2626
T4_ARMOR_CLOTH_SET3	3	1.667	0	4596
T4_ARMOR_CLOTH_SET3	4	2.5	0	8042
T5_ARMOR_CLOTH_SET3	0	1.0	0	1501
T5_ARMOR_CLOTH_SET3	1	1.333	0	2626
T5_ARMOR_CLOTH_SET3	2	1.667	0	4596
T5_ARMOR_CLOTH_SET3	3	2.5	0	8042
T5_ARMOR_CLOTH_SET3	4	3.0	0	14074
T6_ARMOR_CLOTH_SET3	0	1.333	0	2626
T6_ARMOR_CLOTH_SET3	1	1.667	0	4596
T6_ARMOR_CLOTH_SET3	2	2.5	0	8042
T6_ARMOR_CLOTH_SET3	3	3.0	0	14074
T6_ARMOR_CLOTH_SET3	4	3.6	0	24630
T7_ARMOR_CLOTH_SET3	0	1.667	0	4596
T7_ARMOR_CLOTH_SET3	1	2.5	0	8042
T7_ARMOR_CLOTH_SET3	2	3.0	0	14074
T7_ARMOR_CLOTH_SET3	3	3.6	0	24630
T7_ARMOR_CLOTH_SET3	4	4.32	0	43102
T8_ARMOR_CLOTH_SET3	0	2.5	0	8042
T8_ARMOR_CLOTH_SET3	1	3.0	0	14074
T8_ARMOR_CLOTH_SET3	2	3.6	0	24630
T8_ARMOR_CLOTH_SET3	3	4.32	0	43102
T8_ARMOR_CLOTH_SET3	4	5.04	0	75429
T4_SHOES_CLOTH_SET3	0	0.333	0	429
T4_SHOES_CLOTH_SET3	1	0.5	0	750
T4_SHOES_CLOTH_SET3	2	0.667	0	1313
T4_SHOES_CLOTH_SET3	3	0.833	0	2298
T4_SHOES_CLOTH_SET3	4	1.25	0	4021
T5_SHOES_CLOTH_SET3	0	0.5	0	750
T5_SHOES_CLOTH_SET3	1	0.667	0	1313
T5_SHOES_CLOTH_SET3	2	0.833	0	2298
T5_SHOES_CLOTH_SET3	3	1.25	0	4021
T5_SHOES_CLOTH_SET3	4	1.5	0	7037
T6_SHOES_CLOTH_SET3	0	0.667	0	1313
T6_SHOES_CLOTH_SET3	1	0.833	0	2298
T6_SHOES_CLOTH_SET3	2	1.25	0	4021
T6_SHOES_CLOTH_SET3	3	1.5	0	7037
T6_SHOES_CLOTH_SET3	4	1.8	0	12315
T7_SHOES_CLOTH_SET3	0	0.833	0	2298
T7_SHOES_CLOTH_SET3	1	1.25	0	4021
T7_SHOES_CLOTH_SET3	2	1.5	0	7037
T7_SHOES_CLOTH_SET3	3	1.8	0	12315
T7_SHOES_CLOTH_SET3	4	2.16	0	21551
T8_SHOES_CLOTH_SET3	0	1.25	0	4021
T8_SHOES_CLOTH_SET3	1	1.5	0	7037
T8_SHOES_CLOTH_SET3	2	1.8	0	12315
T8_SHOES_CLOTH_SET3	3	2.16	0	21551
T8_SHOES_CLOTH_SET3	4	2.52	0	37715
T4_HEAD_CLOTH_KEEPER	0	0.333	0	429
T4_HEAD_CLOTH_KEEPER	1	0.5	0	750
T4_HEAD_CLOTH_KEEPER	2	0.667	0	1313
T4_HEAD_CLOTH_KEEPER	3	0.833	0	2298
T4_HEAD_CLOTH_KEEPER	4	1.25	0	4021
T5_HEAD_CLOTH_KEEPER	0	0.5	0	750
T5_HEAD_CLOTH_KEEPER	1	0.667	0	1313
T5_HEAD_CLOTH_KEEPER	2	0.833	0	2298
T5_HEAD_CLOTH_KEEPER	3	1.25	0	4021
T5_HEAD_CLOTH_KEEPER	4	1.5	0	7037
T6_HEAD_CLOTH_KEEPER	0	0.667	0	1313
T6_HEAD_CLOTH_KEEPER	1	0.833	0	2298
T6_HEAD_CLOTH_KEEPER	2	1.25	0	4021
T6_HEAD_CLOTH_KEEPER	3	1.5	0	7037
T6_HEAD_CLOTH_KEEPER	4	1.8	0	12315
T7_HEAD_CLOTH_KEEPER	0	0.833	0	2298
T7_HEAD_CLOTH_KEEPER	1	1.25	0	4021
T7_HEAD_CLOTH_KEEPER	2	1.5	0	7037
T7_HEAD_CLOTH_KEEPER	3	1.8	0	12315
T7_HEAD_CLOTH_KEEPER	4	2.16	0	21551
T8_HEAD_CLOTH_KEEPER	0	1.25	0	4021
T8_HEAD_CLOTH_KEEPER	1	1.5	0	7037
T8_HEAD_CLOTH_KEEPER	2	1.8	0	12315
T8_HEAD_CLOTH_KEEPER	3	2.16	0	21551
T8_HEAD_CLOTH_KEEPER	4	2.52	0	37715
T4_ARMOR_CLOTH_KEEPER	0	0.667	0	858
T4_ARMOR_CLOTH_KEEPER	1	1.0	0	1501
T4_ARMOR_CLOTH_KEEPER	2	1.333	0	2626
T4_ARMOR_CLOTH_KEEPER	3	1.667	0	4596
T4_ARMOR_CLOTH_KEEPER	4	2.5	0	8042
T5_ARMOR_CLOTH_KEEPER	0	1.0	0	1501
T5_ARMOR_CLOTH_KEEPER	1	1.333	0	2626
T5_ARMOR_CLOTH_KEEPER	2	1.667	0	4596
T5_ARMOR_CLOTH_KEEPER	3	2.5	0	8042
T5_ARMOR_CLOTH_KEEPER	4	3.0	0	14074
T6_ARMOR_CLOTH_KEEPER	0	1.333	0	2626
T6_ARMOR_CLOTH_KEEPER	1	1.667	0	4596
T6_ARMOR_CLOTH_KEEPER	2	2.5	0	8042
T6_ARMOR_CLOTH_KEEPER	3	3.0	0	14074
T6_ARMOR_CLOTH_KEEPER	4	3.6	0	24630
T7_ARMOR_CLOTH_KEEPER	0	1.667	0	4596
T7_ARMOR_CLOTH_KEEPER	1	2.5	0	8042
T7_ARMOR_CLOTH_KEEPER	2	3.0	0	14074
T7_ARMOR_CLOTH_KEEPER	3	3.6	0	24630
T7_ARMOR_CLOTH_KEEPER	4	4.32	0	43102
T8_ARMOR_CLOTH_KEEPER	0	2.5	0	8042
T8_ARMOR_CLOTH_KEEPER	1	3.0	0	14074
T8_ARMOR_CLOTH_KEEPER	2	3.6	0	24630
T8_ARMOR_CLOTH_KEEPER	3	4.32	0	43102
T8_ARMOR_CLOTH_KEEPER	4	5.04	0	75429
T4_SHOES_CLOTH_KEEPER	0	0.333	0	429
T4_SHOES_CLOTH_KEEPER	1	0.5	0	750
T4_SHOES_CLOTH_KEEPER	2	0.667	0	1313
T4_SHOES_CLOTH_KEEPER	3	0.833	0	2298
T4_SHOES_CLOTH_KEEPER	4	1.25	0	4021
T5_SHOES_CLOTH_KEEPER	0	0.5	0	750
T5_SHOES_CLOTH_KEEPER	1	0.667	0	1313
T5_SHOES_CLOTH_KEEPER	2	0.833	0	2298
T5_SHOES_CLOTH_KEEPER	3	1.25	0	4021
T5_SHOES_CLOTH_KEEPER	4	1.5	0	7037
T6_SHOES_CLOTH_KEEPER	0	0.667	0	1313
T6_SHOES_CLOTH_KEEPER	1	0.833	0	2298
T6_SHOES_CLOTH_KEEPER	2	1.25	0	4021
T6_SHOES_CLOTH_KEEPER	3	1.5	0	7037
T6_SHOES_CLOTH_KEEPER	4	1.8	0	12315
T7_SHOES_CLOTH_KEEPER	0	0.833	0	2298
T7_SHOES_CLOTH_KEEPER	1	1.25	0	4021
T7_SHOES_CLOTH_KEEPER	2	1.5	0	7037
T7_SHOES_CLOTH_KEEPER	3	1.8	0	12315
T7_SHOES_CLOTH_KEEPER	4	2.16	0	21551
T8_SHOES_CLOTH_KEEPER	0	1.25	0	4021
T8_SHOES_CLOTH_KEEPER	1	1.5	0	7037
T8_SHOES_CLOTH_KEEPER	2	1.8	0	12315
T8_SHOES_CLOTH_KEEPER	3	2.16	0	21551
T8_SHOES_CLOTH_KEEPER	4	2.52	0	37715
T4_HEAD_CLOTH_HELL	0	0.333	0	429
T4_HEAD_CLOTH_HELL	1	0.5	0	750
T4_HEAD_CLOTH_HELL	2	0.667	0	1313
T4_HEAD_CLOTH_HELL	3	0.833	0	2298
T4_HEAD_CLOTH_HELL	4	1.25	0	4021
T5_HEAD_CLOTH_HELL	0	0.5	0	750
T5_HEAD_CLOTH_HELL	1	0.667	0	1313
T5_HEAD_CLOTH_HELL	2	0.833	0	2298
T5_HEAD_CLOTH_HELL	3	1.25	0	4021
T5_HEAD_CLOTH_HELL	4	1.5	0	7037
T6_HEAD_CLOTH_HELL	0	0.667	0	1313
T6_HEAD_CLOTH_HELL	1	0.833	0	2298
T6_HEAD_CLOTH_HELL	2	1.25	0	4021
T6_HEAD_CLOTH_HELL	3	1.5	0	7037
T6_HEAD_CLOTH_HELL	4	1.8	0	12315
T7_HEAD_CLOTH_HELL	0	0.833	0	2298
T7_HEAD_CLOTH_HELL	1	1.25	0	4021
T7_HEAD_CLOTH_HELL	2	1.5	0	7037
T7_HEAD_CLOTH_HELL	3	1.8	0	12315
T7_HEAD_CLOTH_HELL	4	2.16	0	21551
T8_HEAD_CLOTH_HELL	0	1.25	0	4021
T8_HEAD_CLOTH_HELL	1	1.5	0	7037
T8_HEAD_CLOTH_HELL	2	1.8	0	12315
T8_HEAD_CLOTH_HELL	3	2.16	0	21551
T8_HEAD_CLOTH_HELL	4	2.52	0	37715
T4_ARMOR_CLOTH_HELL	0	0.667	0	858
T4_ARMOR_CLOTH_HELL	1	1.0	0	1501
T4_ARMOR_CLOTH_HELL	2	1.333	0	2626
T4_ARMOR_CLOTH_HELL	3	1.667	0	4596
T4_ARMOR_CLOTH_HELL	4	2.5	0	8042
T5_ARMOR_CLOTH_HELL	0	1.0	0	1501
T5_ARMOR_CLOTH_HELL	1	1.333	0	2626
T5_ARMOR_CLOTH_HELL	2	1.667	0	4596
T5_ARMOR_CLOTH_HELL	3	2.5	0	8042
T5_ARMOR_CLOTH_HELL	4	3.0	0	14074
T6_ARMOR_CLOTH_HELL	0	1.333	0	2626
T6_ARMOR_CLOTH_HELL	1	1.667	0	4596
T6_ARMOR_CLOTH_HELL	2	2.5	0	8042
T6_ARMOR_CLOTH_HELL	3	3.0	0	14074
T6_ARMOR_CLOTH_HELL	4	3.6	0	24630
T7_ARMOR_CLOTH_HELL	0	1.667	0	4596
T7_ARMOR_CLOTH_HELL	1	2.5	0	8042
T7_ARMOR_CLOTH_HELL	2	3.0	0	14074
T7_ARMOR_CLOTH_HELL	3	3.6	0	24630
T7_ARMOR_CLOTH_HELL	4	4.32	0	43102
T8_ARMOR_CLOTH_HELL	0	2.5	0	8042
T8_ARMOR_CLOTH_HELL	1	3.0	0	14074
T8_ARMOR_CLOTH_HELL	2	3.6	0	24630
T8_ARMOR_CLOTH_HELL	3	4.32	0	43102
T8_ARMOR_CLOTH_HELL	4	5.04	0	75429
T4_SHOES_CLOTH_HELL	0	0.333	0	429
T4_SHOES_CLOTH_HELL	1	0.5	0	750
T4_SHOES_CLOTH_HELL	2	0.667	0	1313
T4_SHOES_CLOTH_HELL	3	0.833	0	2298
T4_SHOES_CLOTH_HELL	4	1.25	0	4021
T5_SHOES_CLOTH_HELL	0	0.5	0	750
T5_SHOES_CLOTH_HELL	1	0.667	0	1313
T5_SHOES_CLOTH_HELL	2	0.833	0	2298
T5_SHOES_CLOTH_HELL	3	1.25	0	4021
T5_SHOES_CLOTH_HELL	4	1.5	0	7037
T6_SHOES_CLOTH_HELL	0	0.667	0	1313
T6_SHOES_CLOTH_HELL	1	0.833	0	2298
T6_SHOES_CLOTH_HELL	2	1.25	0	4021
T6_SHOES_CLOTH_HELL	3	1.5	0	7037
T6_SHOES_CLOTH_HELL	4	1.8	0	12315
T7_SHOES_CLOTH_HELL	0	0.833	0	2298
T7_SHOES_CLOTH_HELL	1	1.25	0	4021
T7_SHOES_CLOTH_HELL	2	1.5	0	7037
T7_SHOES_CLOTH_HELL	3	1.8	0	12315
T7_SHOES_CLOTH_HELL	4	2.16	0	21551
T8_SHOES_CLOTH_HELL	0	1.25	0	4021
T8_SHOES_CLOTH_HELL	1	1.5	0	7037
T8_SHOES_CLOTH_HELL	2	1.8	0	12315
T8_SHOES_CLOTH_HELL	3	2.16	0	21551
T8_SHOES_CLOTH_HELL	4	2.52	0	37715
T4_HEAD_CLOTH_MORGANA	0	0.333	0	429
T4_HEAD_CLOTH_MORGANA	1	0.5	0	750
T4_HEAD_CLOTH_MORGANA	2	0.667	0	1313
T4_HEAD_CLOTH_MORGANA	3	0.833	0	2298
T4_HEAD_CLOTH_MORGANA	4	1.25	0	4021
T5_HEAD_CLOTH_MORGANA	0	0.5	0	750
T5_HEAD_CLOTH_MORGANA	1	0.667	0	1313
T5_HEAD_CLOTH_MORGANA	2	0.833	0	2298
T5_HEAD_CLOTH_MORGANA	3	1.25	0	4021
T5_HEAD_CLOTH_MORGANA	4	1.5	0	7037
T6_HEAD_CLOTH_MORGANA	0	0.667	0	1313
T6_HEAD_CLOTH_MORGANA	1	0.833	0	2298
T6_HEAD_CLOTH_MORGANA	2	1.25	0	4021
T6_HEAD_CLOTH_MORGANA	3	1.5	0	7037
T6_HEAD_CLOTH_MORGANA	4	1.8	0	12315
T7_HEAD_CLOTH_MORGANA	0	0.833	0	2298
T7_HEAD_CLOTH_MORGANA	1	1.25	0	4021
T7_HEAD_CLOTH_MORGANA	2	1.5	0	7037
T7_HEAD_CLOTH_MORGANA	3	1.8	0	12315
T7_HEAD_CLOTH_MORGANA	4	2.16	0	21551
T8_HEAD_CLOTH_MORGANA	0	1.25	0	4021
T8_HEAD_CLOTH_MORGANA	1	1.5	0	7037
T8_HEAD_CLOTH_MORGANA	2	1.8	0	12315
T8_HEAD_CLOTH_MORGANA	3	2.16	0	21551
T8_HEAD_CLOTH_MORGANA	4	2.52	0	37715
T4_ARMOR_CLOTH_MORGANA	0	0.667	0	858
T4_ARMOR_CLOTH_MORGANA	1	1.0	0	1501
T4_ARMOR_CLOTH_MORGANA	2	1.333	0	2626
T4_ARMOR_CLOTH_MORGANA	3	1.667	0	4596
T4_ARMOR_CLOTH_MORGANA	4	2.5	0	8042
T5_ARMOR_CLOTH_MORGANA	0	1.0	0	1501
T5_ARMOR_CLOTH_MORGANA	1	1.333	0	2626
T5_ARMOR_CLOTH_MORGANA	2	1.667	0	4596
T5_ARMOR_CLOTH_MORGANA	3	2.5	0	8042
T5_ARMOR_CLOTH_MORGANA	4	3.0	0	14074
T6_ARMOR_CLOTH_MORGANA	0	1.333	0	2626
T6_ARMOR_CLOTH_MORGANA	1	1.667	0	4596
T6_ARMOR_CLOTH_MORGANA	2	2.5	0	8042
T6_ARMOR_CLOTH_MORGANA	3	3.0	0	14074
T6_ARMOR_CLOTH_MORGANA	4	3.6	0	24630
T7_ARMOR_CLOTH_MORGANA	0	1.667	0	4596
T7_ARMOR_CLOTH_MORGANA	1	2.5	0	8042
T7_ARMOR_CLOTH_MORGANA	2	3.0	0	14074
T7_ARMOR_CLOTH_MORGANA	3	3.6	0	24630
T7_ARMOR_CLOTH_MORGANA	4	4.32	0	43102
T8_ARMOR_CLOTH_MORGANA	0	2.5	0	8042
T8_ARMOR_CLOTH_MORGANA	1	3.0	0	14074
T8_ARMOR_CLOTH_MORGANA	2	3.6	0	24630
T8_ARMOR_CLOTH_MORGANA	3	4.32	0	43102
T8_ARMOR_CLOTH_MORGANA	4	5.04	0	75429
T4_SHOES_CLOTH_MORGANA	0	0.333	0	429
T4_SHOES_CLOTH_MORGANA	1	0.5	0	750
T4_SHOES_CLOTH_MORGANA	2	0.667	0	1313
T4_SHOES_CLOTH_MORGANA	3	0.833	0	2298
T4_SHOES_CLOTH_MORGANA	4	1.25	0	4021
T5_SHOES_CLOTH_MORGANA	0	0.5	0	750
T5_SHOES_CLOTH_MORGANA	1	0.667	0	1313
T5_SHOES_CLOTH_MORGANA	2	0.833	0	2298
T5_SHOES_CLOTH_MORGANA	3	1.25	0	4021
T5_SHOES_CLOTH_MORGANA	4	1.5	0	7037
T6_SHOES_CLOTH_MORGANA	0	0.667	0	1313
T6_SHOES_CLOTH_MORGANA	1	0.833	0	2298
T6_SHOES_CLOTH_MORGANA	2	1.25	0	4021
T6_SHOES_CLOTH_MORGANA	3	1.5	0	7037
T6_SHOES_CLOTH_MORGANA	4	1.8	0	12315
T7_SHOES_CLOTH_MORGANA	0	0.833	0	2298
T7_SHOES_CLOTH_MORGANA	1	1.25	0	4021
T7_SHOES_CLOTH_MORGANA	2	1.5	0	7037
T7_SHOES_CLOTH_MORGANA	3	1.8	0	12315
T7_SHOES_CLOTH_MORGANA	4	2.16	0	21551
T8_SHOES_CLOTH_MORGANA	0	1.25	0	4021
T8_SHOES_CLOTH_MORGANA	1	1.5	0	7037
T8_SHOES_CLOTH_MORGANA	2	1.8	0	12315
T8_SHOES_CLOTH_MORGANA	3	2.16	0	21551
T8_SHOES_CLOTH_MORGANA	4	2.52	0	37715
T4_HEAD_CLOTH_FEY	0	0.333	0	429
T4_HEAD_CLOTH_FEY	1	0.5	0	750
T4_HEAD_CLOTH_FEY	2	0.667	0	1313
T4_HEAD_CLOTH_FEY	3	0.833	0	2298
T4_HEAD_CLOTH_FEY	4	1.25	0	4021
T5_HEAD_CLOTH_FEY	0	0.5	0	750
T5_HEAD_CLOTH_FEY	1	0.667	0	1313
T5_HEAD_CLOTH_FEY	2	0.833	0	2298
T5_HEAD_CLOTH_FEY	3	1.25	0	4021
T5_HEAD_CLOTH_FEY	4	1.5	0	7037
T6_HEAD_CLOTH_FEY	0	0.667	0	1313
T6_HEAD_CLOTH_FEY	1	0.833	0	2298
T6_HEAD_CLOTH_FEY	2	1.25	0	4021
T6_HEAD_CLOTH_FEY	3	1.5	0	7037
T6_HEAD_CLOTH_FEY	4	1.8	0	12315
T7_HEAD_CLOTH_FEY	0	0.833	0	2298
T7_HEAD_CLOTH_FEY	1	1.25	0	4021
T7_HEAD_CLOTH_FEY	2	1.5	0	7037
T7_HEAD_CLOTH_FEY	3	1.8	0	12315
T7_HEAD_CLOTH_FEY	4	2.16	0	21551
T8_HEAD_CLOTH_FEY	0	1.25	0	4021
T8_HEAD_CLOTH_FEY	1	1.5	0	7037
T8_HEAD_CLOTH_FEY	2	1.8	0	12315
T8_HEAD_CLOTH_FEY	3	2.16	0	21551
T8_HEAD_CLOTH_FEY	4	2.52	0	37715
T4_ARMOR_CLOTH_FEY	0	0.667	0	858
T4_ARMOR_CLOTH_FEY	1	1.0	0	1501
T4_ARMOR_CLOTH_FEY	2	1.333	0	2626
T4_ARMOR_CLOTH_FEY	3	1.667	0	4596
T4_ARMOR_CLOTH_FEY	4	2.5	0	8042
T5_ARMOR_CLOTH_FEY	0	1.0	0	1501
T5_ARMOR_CLOTH_FEY	1	1.333	0	2626
T5_ARMOR_CLOTH_FEY	2	1.667	0	4596
T5_ARMOR_CLOTH_FEY	3	2.5	0	8042
T5_ARMOR_CLOTH_FEY	4	3.0	0	14074
T6_ARMOR_CLOTH_FEY	0	1.333	0	2626
T6_ARMOR_CLOTH_FEY	1	1.667	0	4596
T6_ARMOR_CLOTH_FEY	2	2.5	0	8042
T6_ARMOR_CLOTH_FEY	3	3.0	0	14074
T6_ARMOR_CLOTH_FEY	4	3.6	0	24630
T7_ARMOR_CLOTH_FEY	0	1.667	0	4596
T7_ARMOR_CLOTH_FEY	1	2.5	0	8042
T7_ARMOR_CLOTH_FEY	2	3.0	0	14074
T7_ARMOR_CLOTH_FEY	3	3.6	0	24630
T7_ARMOR_CLOTH_FEY	4	4.32	0	43102
T8_ARMOR_CLOTH_FEY	0	2.5	0	8042
T8_ARMOR_CLOTH_FEY	1	3.0	0	14074
T8_ARMOR_CLOTH_FEY	2	3.6	0	24630
T8_ARMOR_CLOTH_FEY	3	4.32	0	43102
T8_ARMOR_CLOTH_FEY	4	5.04	0	75429
T4_SHOES_CLOTH_FEY	0	0.333	0	429
T4_SHOES_CLOTH_FEY	1	0.5	0	750
T4_SHOES_CLOTH_FEY	2	0.667	0	1313
T4_SHOES_CLOTH_FEY	3	0.833	0	2298
T4_SHOES_CLOTH_FEY	4	1.25	0	4021
T5_SHOES_CLOTH_FEY	0	0.5	0	750
T5_SHOES_CLOTH_FEY	1	0.667	0	1313
T5_SHOES_CLOTH_FEY	2	0.833	0	2298
T5_SHOES_CLOTH_FEY	3	1.25	0	4021
T5_SHOES_CLOTH_FEY	4	1.5	0	7037
T6_SHOES_CLOTH_FEY	0	0.667	0	1313
T6_SHOES_CLOTH_FEY	1	0.833	0	2298
T6_SHOES_CLOTH_FEY	2	1.25	0	4021
T6_SHOES_CLOTH_FEY	3	1.5	0	7037
T6_SHOES_CLOTH_FEY	4	1.8	0	12315
T7_SHOES_CLOTH_FEY	0	0.833	0	2298
T7_SHOES_CLOTH_FEY	1	1.25	0	4021
T7_SHOES_CLOTH_FEY	2	1.5	0	7037
T7_SHOES_CLOTH_FEY	3	1.8	0	12315
T7_SHOES_CLOTH_FEY	4	2.16	0	21551
T8_SHOES_CLOTH_FEY	0	1.25	0	4021
T8_SHOES_CLOTH_FEY	1	1.5	0	7037
T8_SHOES_CLOTH_FEY	2	1.8	0	12315
T8_SHOES_CLOTH_FEY	3	2.16	0	21551
T8_SHOES_CLOTH_FEY	4	2.52	0	37715
T4_HEAD_CLOTH_AVALON	0	0.333	0	429
T4_HEAD_CLOTH_AVALON	1	0.5	0	750
T4_HEAD_CLOTH_AVALON	2	0.667	0	1313
T4_HEAD_CLOTH_AVALON	3	0.833	0	2298
T4_HEAD_CLOTH_AVALON	4	1.25	0	4021
T5_HEAD_CLOTH_AVALON	0	0.5	0	750
T5_HEAD_CLOTH_AVALON	1	0.667	0	1313
T5_HEAD_CLOTH_AVALON	2	0.833	0	2298
T5_HEAD_CLOTH_AVALON	3	1.25	0	4021
T5_HEAD_CLOTH_AVALON	4	1.5	0	7037
T6_HEAD_CLOTH_AVALON	0	0.667	0	1313
T6_HEAD_CLOTH_AVALON	1	0.833	0	2298
T6_HEAD_CLOTH_AVALON	2	1.25	0	4021
T6_HEAD_CLOTH_AVALON	3	1.5	0	7037
T6_HEAD_CLOTH_AVALON	4	1.8	0	12315
T7_HEAD_CLOTH_AVALON	0	0.833	0	2298
T7_HEAD_CLOTH_AVALON	1	1.25	0	4021
T7_HEAD_CLOTH_AVALON	2	1.5	0	7037
T7_HEAD_CLOTH_AVALON	3	1.8	0	12315
T7_HEAD_CLOTH_AVALON	4	2.16	0	21551
T8_HEAD_CLOTH_AVALON	0	1.25	0	4021
T8_HEAD_CLOTH_AVALON	1	1.5	0	7037
T8_HEAD_CLOTH_AVALON	2	1.8	0	12315
T8_HEAD_CLOTH_AVALON	3	2.16	0	21551
T8_HEAD_CLOTH_AVALON	4	2.52	0	37715
T4_ARMOR_CLOTH_AVALON	0	0.667	0	858
T4_ARMOR_CLOTH_AVALON	1	1.0	0	1501
T4_ARMOR_CLOTH_AVALON	2	1.333	0	2626
T4_ARMOR_CLOTH_AVALON	3	1.667	0	4596
T4_ARMOR_CLOTH_AVALON	4	2.5	0	8042
T5_ARMOR_CLOTH_AVALON	0	1.0	0	1501
T5_ARMOR_CLOTH_AVALON	1	1.333	0	2626
T5_ARMOR_CLOTH_AVALON	2	1.667	0	4596
T5_ARMOR_CLOTH_AVALON	3	2.5	0	8042
T5_ARMOR_CLOTH_AVALON	4	3.0	0	14074
T6_ARMOR_CLOTH_AVALON	0	1.333	0	2626
T6_ARMOR_CLOTH_AVALON	1	1.667	0	4596
T6_ARMOR_CLOTH_AVALON	2	2.5	0	8042
T6_ARMOR_CLOTH_AVALON	3	3.0	0	14074
T6_ARMOR_CLOTH_AVALON	4	3.6	0	24630
T7_ARMOR_CLOTH_AVALON	0	1.667	0	4596
T7_ARMOR_CLOTH_AVALON	1	2.5	0	8042
T7_ARMOR_CLOTH_AVALON	2	3.0	0	14074
T7_ARMOR_CLOTH_AVALON	3	3.6	0	24630
T7_ARMOR_CLOTH_AVALON	4	4.32	0	43102
T8_ARMOR_CLOTH_AVALON	0	2.5	0	8042
T8_ARMOR_CLOTH_AVALON	1	3.0	0	14074
T8_ARMOR_CLOTH_AVALON	2	3.6	0	24630
T8_ARMOR_CLOTH_AVALON	3	4.32	0	43102
T8_ARMOR_CLOTH_AVALON	4	5.04	0	75429
T4_SHOES_CLOTH_AVALON	0	0.333	0	429
T4_SHOES_CLOTH_AVALON	1	0.5	0	750
T4_SHOES_CLOTH_AVALON	2	0.667	0	1313
T4_SHOES_CLOTH_AVALON	3	0.833	0	2298
T4_SHOES_CLOTH_AVALON	4	1.25	0	4021
T5_SHOES_CLOTH_AVALON	0	0.5	0	750
T5_SHOES_CLOTH_AVALON	1	0.667	0	1313
T5_SHOES_CLOTH_AVALON	2	0.833	0	2298
T5_SHOES_CLOTH_AVALON	3	1.25	0	4021
T5_SHOES_CLOTH_AVALON	4	1.5	0	7037
T6_SHOES_CLOTH_AVALON	0	0.667	0	1313
T6_SHOES_CLOTH_AVALON	1	0.833	0	2298
T6_SHOES_CLOTH_AVALON	2	1.25	0	4021
T6_SHOES_CLOTH_AVALON	3	1.5	0	7037
T6_SHOES_CLOTH_AVALON	4	1.8	0	12315
T7_SHOES_CLOTH_AVALON	0	0.833	0	2298
T7_SHOES_CLOTH_AVALON	1	1.25	0	4021
T7_SHOES_CLOTH_AVALON	2	1.5	0	7037
T7_SHOES_CLOTH_AVALON	3	1.8	0	12315
T7_SHOES_CLOTH_AVALON	4	2.16	0	21551
T8_SHOES_CLOTH_AVALON	0	1.25	0	4021
T8_SHOES_CLOTH_AVALON	1	1.5	0	7037
T8_SHOES_CLOTH_AVALON	2	1.8	0	12315
T8_SHOES_CLOTH_AVALON	3	2.16	0	21551
T8_SHOES_CLOTH_AVALON	4	2.52	0	37715
T4_HEAD_CLOTH_ROYAL	0	0.333	0	0
T4_HEAD_CLOTH_ROYAL	1	0.5	0	0
T4_HEAD_CLOTH_ROYAL	2	0.667	0	0
T4_HEAD_CLOTH_ROYAL	3	0.833	0	0
T4_HEAD_CLOTH_ROYAL	4	1.25	0	0
T5_HEAD_CLOTH_ROYAL	0	0.5	0	0
T5_HEAD_CLOTH_ROYAL	1	0.667	0	0
T5_HEAD_CLOTH_ROYAL	2	0.833	0	0
T5_HEAD_CLOTH_ROYAL	3	1.25	0	0
T5_HEAD_CLOTH_ROYAL	4	1.5	0	0
T6_HEAD_CLOTH_ROYAL	0	0.667	0	0
T6_HEAD_CLOTH_ROYAL	1	0.833	0	0
T6_HEAD_CLOTH_ROYAL	2	1.25	0	0
T6_HEAD_CLOTH_ROYAL	3	1.5	0	0
T6_HEAD_CLOTH_ROYAL	4	1.8	0	0
T7_HEAD_CLOTH_ROYAL	0	0.833	0	0
T7_HEAD_CLOTH_ROYAL	1	1.25	0	0
T7_HEAD_CLOTH_ROYAL	2	1.5	0	0
T7_HEAD_CLOTH_ROYAL	3	1.8	0	0
T7_HEAD_CLOTH_ROYAL	4	2.16	0	0
T8_HEAD_CLOTH_ROYAL	0	1.25	0	0
T8_HEAD_CLOTH_ROYAL	1	1.5	0	0
T8_HEAD_CLOTH_ROYAL	2	1.8	0	0
T8_HEAD_CLOTH_ROYAL	3	2.16	0	0
T8_HEAD_CLOTH_ROYAL	4	2.52	0	0
T4_ARMOR_CLOTH_ROYAL	0	0.667	0	0
T4_ARMOR_CLOTH_ROYAL	1	1.0	0	0
T4_ARMOR_CLOTH_ROYAL	2	1.333	0	0
T4_ARMOR_CLOTH_ROYAL	3	1.667	0	0
T4_ARMOR_CLOTH_ROYAL	4	2.5	0	0
T5_ARMOR_CLOTH_ROYAL	0	1.0	0	0
T5_ARMOR_CLOTH_ROYAL	1	1.333	0	0
T5_ARMOR_CLOTH_ROYAL	2	1.667	0	0
T5_ARMOR_CLOTH_ROYAL	3	2.5	0	0
T5_ARMOR_CLOTH_ROYAL	4	3.0	0	0
T6_ARMOR_CLOTH_ROYAL	0	1.333	0	0
T6_ARMOR_CLOTH_ROYAL	1	1.667	0	0
T6_ARMOR_CLOTH_ROYAL	2	2.5	0	0
T6_ARMOR_CLOTH_ROYAL	3	3.0	0	0
T6_ARMOR_CLOTH_ROYAL	4	3.6	0	0
T7_ARMOR_CLOTH_ROYAL	0	1.667	0	0
T7_ARMOR_CLOTH_ROYAL	1	2.5	0	0
T7_ARMOR_CLOTH_ROYAL	2	3.0	0	0
T7_ARMOR_CLOTH_ROYAL	3	3.6	0	0
T7_ARMOR_CLOTH_ROYAL	4	4.32	0	0
T8_ARMOR_CLOTH_ROYAL	0	2.5	0	0
T8_ARMOR_CLOTH_ROYAL	1	3.0	0	0
T8_ARMOR_CLOTH_ROYAL	2	3.6	0	0
T8_ARMOR_CLOTH_ROYAL	3	4.32	0	0
T8_ARMOR_CLOTH_ROYAL	4	5.04	0	0
T4_SHOES_CLOTH_ROYAL	0	0.333	0	0
T4_SHOES_CLOTH_ROYAL	1	0.5	0	0
T4_SHOES_CLOTH_ROYAL	2	0.667	0	0
T4_SHOES_CLOTH_ROYAL	3	0.833	0	0
T4_SHOES_CLOTH_ROYAL	4	1.25	0	0
T5_SHOES_CLOTH_ROYAL	0	0.5	0	0
T5_SHOES_CLOTH_ROYAL	1	0.667	0	0
T5_SHOES_CLOTH_ROYAL	2	0.833	0	0
T5_SHOES_CLOTH_ROYAL	3	1.25	0	0
T5_SHOES_CLOTH_ROYAL	4	1.5	0	0
T6_SHOES_CLOTH_ROYAL	0	0.667	0	0
T6_SHOES_CLOTH_ROYAL	1	0.833	0	0
T6_SHOES_CLOTH_ROYAL	2	1.25	0	0
T6_SHOES_CLOTH_ROYAL	3	1.5	0	0
T6_SHOES_CLOTH_ROYAL	4	1.8	0	0
T7_SHOES_CLOTH_ROYAL	0	0.833	0	0
T7_SHOES_CLOTH_ROYAL	1	1.25	0	0
T7_SHOES_CLOTH_ROYAL	2	1.5	0	0
T7_SHOES_CLOTH_ROYAL	3	1.8	0	0
T7_SHOES_CLOTH_ROYAL	4	2.16	0	0
T8_SHOES_CLOTH_ROYAL	0	1.25	0	0
T8_SHOES_CLOTH_ROYAL	1	1.5	0	0
T8_SHOES_CLOTH_ROYAL	2	1.8	0	0
T8_SHOES_CLOTH_ROYAL	3	2.16	0	0
T8_SHOES_CLOTH_ROYAL	4	2.52	0	0
T4_HEAD_LEATHER_ROYAL	0	0.333	0	0
T4_HEAD_LEATHER_ROYAL	1	0.5	0	0
T4_HEAD_LEATHER_ROYAL	2	0.667	0	0
T4_HEAD_LEATHER_ROYAL	3	0.833	0	0
T4_HEAD_LEATHER_ROYAL	4	1.25	0	0
T5_HEAD_LEATHER_ROYAL	0	0.5	0	0
T5_HEAD_LEATHER_ROYAL	1	0.667	0	0
T5_HEAD_LEATHER_ROYAL	2	0.833	0	0
T5_HEAD_LEATHER_ROYAL	3	1.25	0	0
T5_HEAD_LEATHER_ROYAL	4	1.5	0	0
T6_HEAD_LEATHER_ROYAL	0	0.667	0	0
T6_HEAD_LEATHER_ROYAL	1	0.833	0	0
T6_HEAD_LEATHER_ROYAL	2	1.25	0	0
T6_HEAD_LEATHER_ROYAL	3	1.5	0	0
T6_HEAD_LEATHER_ROYAL	4	1.8	0	0
T7_HEAD_LEATHER_ROYAL	0	0.833	0	0
T7_HEAD_LEATHER_ROYAL	1	1.25	0	0
T7_HEAD_LEATHER_ROYAL	2	1.5	0	0
T7_HEAD_LEATHER_ROYAL	3	1.8	0	0
T7_HEAD_LEATHER_ROYAL	4	2.16	0	0
T8_HEAD_LEATHER_ROYAL	0	1.25	0	0
T8_HEAD_LEATHER_ROYAL	1	1.5	0	0
T8_HEAD_LEATHER_ROYAL	2	1.8	0	0
T8_HEAD_LEATHER_ROYAL	3	2.16	0	0
T8_HEAD_LEATHER_ROYAL	4	2.52	0	0
T4_ARMOR_LEATHER_ROYAL	0	0.667	0	0
T4_ARMOR_LEATHER_ROYAL	1	1.0	0	0
T4_ARMOR_LEATHER_ROYAL	2	1.333	0	0
T4_ARMOR_LEATHER_ROYAL	3	1.667	0	0
T4_ARMOR_LEATHER_ROYAL	4	2.5	0	0
T5_ARMOR_LEATHER_ROYAL	0	1.0	0	0
T5_ARMOR_LEATHER_ROYAL	1	1.333	0	0
T5_ARMOR_LEATHER_ROYAL	2	1.667	0	0
T5_ARMOR_LEATHER_ROYAL	3	2.5	0	0
T5_ARMOR_LEATHER_ROYAL	4	3.0	0	0
T6_ARMOR_LEATHER_ROYAL	0	1.333	0	0
T6_ARMOR_LEATHER_ROYAL	1	1.667	0	0
T6_ARMOR_LEATHER_ROYAL	2	2.5	0	0
T6_ARMOR_LEATHER_ROYAL	3	3.0	0	0
T6_ARMOR_LEATHER_ROYAL	4	3.6	0	0
T7_ARMOR_LEATHER_ROYAL	0	1.667	0	0
T7_ARMOR_LEATHER_ROYAL	1	2.5	0	0
T7_ARMOR_LEATHER_ROYAL	2	3.0	0	0
T7_ARMOR_LEATHER_ROYAL	3	3.6	0	0
T7_ARMOR_LEATHER_ROYAL	4	4.32	0	0
T8_ARMOR_LEATHER_ROYAL	0	2.5	0	0
T8_ARMOR_LEATHER_ROYAL	1	3.0	0	0
T8_ARMOR_LEATHER_ROYAL	2	3.6	0	0
T8_ARMOR_LEATHER_ROYAL	3	4.32	0	0
T8_ARMOR_LEATHER_ROYAL	4	5.04	0	0
T4_SHOES_LEATHER_ROYAL	0	0.333	0	0
T4_SHOES_LEATHER_ROYAL	1	0.5	0	0
T4_SHOES_LEATHER_ROYAL	2	0.667	0	0
T4_SHOES_LEATHER_ROYAL	3	0.833	0	0
T4_SHOES_LEATHER_ROYAL	4	1.25	0	0
T5_SHOES_LEATHER_ROYAL	0	0.5	0	0
T5_SHOES_LEATHER_ROYAL	1	0.667	0	0
T5_SHOES_LEATHER_ROYAL	2	0.833	0	0
T5_SHOES_LEATHER_ROYAL	3	1.25	0	0
T5_SHOES_LEATHER_ROYAL	4	1.5	0	0
T6_SHOES_LEATHER_ROYAL	0	0.667	0	0
T6_SHOES_LEATHER_ROYAL	1	0.833	0	0
T6_SHOES_LEATHER_ROYAL	2	1.25	0	0
T6_SHOES_LEATHER_ROYAL	3	1.5	0	0
T6_SHOES_LEATHER_ROYAL	4	1.8	0	0
T7_SHOES_LEATHER_ROYAL	0	0.833	0	0
T7_SHOES_LEATHER_ROYAL	1	1.25	0	0
T7_SHOES_LEATHER_ROYAL	2	1.5	0	0
T7_SHOES_LEATHER_ROYAL	3	1.8	0	0
T7_SHOES_LEATHER_ROYAL	4	2.16	0	0
T8_SHOES_LEATHER_ROYAL	0	1.25	0	0
T8_SHOES_LEATHER_ROYAL	1	1.5	0	0
T8_SHOES_LEATHER_ROYAL	2	1.8	0	0
T8_SHOES_LEATHER_ROYAL	3	2.16	0	0
T8_SHOES_LEATHER_ROYAL	4	2.52	0	0
T4_HEAD_PLATE_ROYAL	0	0.333	0	0
T4_HEAD_PLATE_ROYAL	1	0.5	0	0
T4_HEAD_PLATE_ROYAL	2	0.667	0	0
T4_HEAD_PLATE_ROYAL	3	0.833	0	0
T4_HEAD_PLATE_ROYAL	4	1.25	0	0
T5_HEAD_PLATE_ROYAL	0	0.5	0	0
T5_HEAD_PLATE_ROYAL	1	0.667	0	0
T5_HEAD_PLATE_ROYAL	2	0.833	0	0
T5_HEAD_PLATE_ROYAL	3	1.25	0	0
T5_HEAD_PLATE_ROYAL	4	1.5	0	0
T6_HEAD_PLATE_ROYAL	0	0.667	0	0
T6_HEAD_PLATE_ROYAL	1	0.833	0	0
T6_HEAD_PLATE_ROYAL	2	1.25	0	0
T6_HEAD_PLATE_ROYAL	3	1.5	0	0
T6_HEAD_PLATE_ROYAL	4	1.8	0	0
T7_HEAD_PLATE_ROYAL	0	0.833	0	0
T7_HEAD_PLATE_ROYAL	1	1.25	0	0
T7_HEAD_PLATE_ROYAL	2	1.5	0	0
T7_HEAD_PLATE_ROYAL	3	1.8	0	0
T7_HEAD_PLATE_ROYAL	4	2.16	0	0
T8_HEAD_PLATE_ROYAL	0	1.25	0	0
T8_HEAD_PLATE_ROYAL	1	1.5	0	0
T8_HEAD_PLATE_ROYAL	2	1.8	0	0
T8_HEAD_PLATE_ROYAL	3	2.16	0	0
T8_HEAD_PLATE_ROYAL	4	2.52	0	0
T4_ARMOR_PLATE_ROYAL	0	0.667	0	0
T4_ARMOR_PLATE_ROYAL	1	1.0	0	0
T4_ARMOR_PLATE_ROYAL	2	1.333	0	0
T4_ARMOR_PLATE_ROYAL	3	1.667	0	0
T4_ARMOR_PLATE_ROYAL	4	2.5	0	0
T5_ARMOR_PLATE_ROYAL	0	1.0	0	0
T5_ARMOR_PLATE_ROYAL	1	1.333	0	0
T5_ARMOR_PLATE_ROYAL	2	1.667	0	0
T5_ARMOR_PLATE_ROYAL	3	2.5	0	0
T5_ARMOR_PLATE_ROYAL	4	3.0	0	0
T6_ARMOR_PLATE_ROYAL	0	1.333	0	0
T6_ARMOR_PLATE_ROYAL	1	1.667	0	0
T6_ARMOR_PLATE_ROYAL	2	2.5	0	0
T6_ARMOR_PLATE_ROYAL	3	3.0	0	0
T6_ARMOR_PLATE_ROYAL	4	3.6	0	0
T7_ARMOR_PLATE_ROYAL	0	1.667	0	0
T7_ARMOR_PLATE_ROYAL	1	2.5	0	0
T7_ARMOR_PLATE_ROYAL	2	3.0	0	0
T7_ARMOR_PLATE_ROYAL	3	3.6	0	0
T7_ARMOR_PLATE_ROYAL	4	4.32	0	0
T8_ARMOR_PLATE_ROYAL	0	2.5	0	0
T8_ARMOR_PLATE_ROYAL	1	3.0	0	0
T8_ARMOR_PLATE_ROYAL	2	3.6	0	0
T8_ARMOR_PLATE_ROYAL	3	4.32	0	0
T8_ARMOR_PLATE_ROYAL	4	5.04	0	0
T4_SHOES_PLATE_ROYAL	0	0.333	0	0
T4_SHOES_PLATE_ROYAL	1	0.5	0	0
T4_SHOES_PLATE_ROYAL	2	0.667	0	0
T4_SHOES_PLATE_ROYAL	3	0.833	0	0
T4_SHOES_PLATE_ROYAL	4	1.25	0	0
T5_SHOES_PLATE_ROYAL	0	0.5	0	0
T5_SHOES_PLATE_ROYAL	1	0.667	0	0
T5_SHOES_PLATE_ROYAL	2	0.833	0	0
T5_SHOES_PLATE_ROYAL	3	1.25	0	0
T5_SHOES_PLATE_ROYAL	4	1.5	0	0
T6_SHOES_PLATE_ROYAL	0	0.667	0	0
T6_SHOES_PLATE_ROYAL	1	0.833	0	0
T6_SHOES_PLATE_ROYAL	2	1.25	0	0
T6_SHOES_PLATE_ROYAL	3	1.5	0	0
T6_SHOES_PLATE_ROYAL	4	1.8	0	0
T7_SHOES_PLATE_ROYAL	0	0.833	0	0
T7_SHOES_PLATE_ROYAL	1	1.25	0	0
T7_SHOES_PLATE_ROYAL	2	1.5	0	0
T7_SHOES_PLATE_ROYAL	3	1.8	0	0
T7_SHOES_PLATE_ROYAL	4	2.16	0	0
T8_SHOES_PLATE_ROYAL	0	1.25	0	0
T8_SHOES_PLATE_ROYAL	1	1.5	0	0
T8_SHOES_PLATE_ROYAL	2	1.8	0	0
T8_SHOES_PLATE_ROYAL	3	2.16	0	0
T8_SHOES_PLATE_ROYAL	4	2.52	0	0
T4_HEAD_GATHERER_FIBER	0	0.333	0	429
T4_HEAD_GATHERER_FIBER	1	0.5	0	750
T4_HEAD_GATHERER_FIBER	2	0.667	0	1313
T4_HEAD_GATHERER_FIBER	3	0.833	0	2298
T4_HEAD_GATHERER_FIBER	4	1.25	0	4021
T5_HEAD_GATHERER_FIBER	0	0.5	0	750
T5_HEAD_GATHERER_FIBER	1	0.667	0	1313
T5_HEAD_GATHERER_FIBER	2	0.833	0	2298
T5_HEAD_GATHERER_FIBER	3	1.25	0	4021
T5_HEAD_GATHERER_FIBER	4	1.5	0	7037
T6_HEAD_GATHERER_FIBER	0	0.667	0	1313
T6_HEAD_GATHERER_FIBER	1	0.833	0	2298
T6_HEAD_GATHERER_FIBER	2	1.25	0	4021
T6_HEAD_GATHERER_FIBER	3	1.5	0	7037
T6_HEAD_GATHERER_FIBER	4	1.8	0	12315
T7_HEAD_GATHERER_FIBER	0	0.833	0	2298
T7_HEAD_GATHERER_FIBER	1	1.25	0	4021
T7_HEAD_GATHERER_FIBER	2	1.5	0	7037
T7_HEAD_GATHERER_FIBER	3	1.8	0	12315
T7_HEAD_GATHERER_FIBER	4	2.16	0	21551
T8_HEAD_GATHERER_FIBER	0	1.25	0	4021
T8_HEAD_GATHERER_FIBER	1	1.5	0	7037
T8_HEAD_GATHERER_FIBER	2	1.8	0	12315
T8_HEAD_GATHERER_FIBER	3	2.16	0	21551
T8_HEAD_GATHERER_FIBER	4	2.52	0	37715
T4_ARMOR_GATHERER_FIBER	0	0.667	0	858
T4_ARMOR_GATHERER_FIBER	1	1.0	0	1501
T4_ARMOR_GATHERER_FIBER	2	1.333	0	2626
T4_ARMOR_GATHERER_FIBER	3	1.667	0	4596
T4_ARMOR_GATHERER_FIBER	4	2.5	0	8042
T5_ARMOR_GATHERER_FIBER	0	1.0	0	1501
T5_ARMOR_GATHERER_FIBER	1	1.333	0	2626
T5_ARMOR_GATHERER_FIBER	2	1.667	0	4596
T5_ARMOR_GATHERER_FIBER	3	2.5	0	8042
T5_ARMOR_GATHERER_FIBER	4	3.0	0	14074
T6_ARMOR_GATHERER_FIBER	0	1.333	0	2626
T6_ARMOR_GATHERER_FIBER	1	1.667	0	4596
T6_ARMOR_GATHERER_FIBER	2	2.5	0	8042
T6_ARMOR_GATHERER_FIBER	3	3.0	0	14074
T6_ARMOR_GATHERER_FIBER	4	3.6	0	24630
T7_ARMOR_GATHERER_FIBER	0	1.667	0	4596
T7_ARMOR_GATHERER_FIBER	1	2.5	0	8042
T7_ARMOR_GATHERER_FIBER	2	3.0	0	14074
T7_ARMOR_GATHERER_FIBER	3	3.6	0	24630
T7_ARMOR_GATHERER_FIBER	4	4.32	0	43102
T8_ARMOR_GATHERER_FIBER	0	2.5	0	8042
T8_ARMOR_GATHERER_FIBER	1	3.0	0	14074
T8_ARMOR_GATHERER_FIBER	2	3.6	0	24630
T8_ARMOR_GATHERER_FIBER	3	4.32	0	43102
T8_ARMOR_GATHERER_FIBER	4	5.04	0	75429
T4_SHOES_GATHERER_FIBER	0	0.333	0	429
T4_SHOES_GATHERER_FIBER	1	0.5	0	750
T4_SHOES_GATHERER_FIBER	2	0.667	0	1313
T4_SHOES_GATHERER_FIBER	3	0.833	0	2298
T4_SHOES_GATHERER_FIBER	4	1.25	0	4021
T5_SHOES_GATHERER_FIBER	0	0.5	0	750
T5_SHOES_GATHERER_FIBER	1	0.667	0	1313
T5_SHOES_GATHERER_FIBER	2	0.833	0	2298
T5_SHOES_GATHERER_FIBER	3	1.25	0	4021
T5_SHOES_GATHERER_FIBER	4	1.5	0	7037
T6_SHOES_GATHERER_FIBER	0	0.667	0	1313
T6_SHOES_GATHERER_FIBER	1	0.833	0	2298
T6_SHOES_GATHERER_FIBER	2	1.25	0	4021
T6_SHOES_GATHERER_FIBER	3	1.5	0	7037
T6_SHOES_GATHERER_FIBER	4	1.8	0	12315
T7_SHOES_GATHERER_FIBER	0	0.833	0	2298
T7_SHOES_GATHERER_FIBER	1	1.25	0	4021
T7_SHOES_GATHERER_FIBER	2	1.5	0	7037
T7_SHOES_GATHERER_FIBER	3	1.8	0	12315
T7_SHOES_GATHERER_FIBER	4	2.16	0	21551
T8_SHOES_GATHERER_FIBER	0	1.25	0	4021
T8_SHOES_GATHERER_FIBER	1	1.5	0	7037
T8_SHOES_GATHERER_FIBER	2	1.8	0	12315
T8_SHOES_GATHERER_FIBER	3	2.16	0	21551
T8_SHOES_GATHERER_FIBER	4	2.52	0	37715
T4_BACKPACK_GATHERER_FIBER	0	0.333	0	429
T4_BACKPACK_GATHERER_FIBER	1	0.5	0	750
T4_BACKPACK_GATHERER_FIBER	2	0.667	0	1313
T4_BACKPACK_GATHERER_FIBER	3	0.833	0	2298
T4_BACKPACK_GATHERER_FIBER	4	1.25	0	4021
T5_BACKPACK_GATHERER_FIBER	0	0.5	0	750
T5_BACKPACK_GATHERER_FIBER	1	0.667	0	1313
T5_BACKPACK_GATHERER_FIBER	2	0.833	0	2298
T5_BACKPACK_GATHERER_FIBER	3	1.25	0	4021
T5_BACKPACK_GATHERER_FIBER	4	1.5	0	7037
T6_BACKPACK_GATHERER_FIBER	0	0.667	0	1313
T6_BACKPACK_GATHERER_FIBER	1	0.833	0	2298
T6_BACKPACK_GATHERER_FIBER	2	1.25	0	4021
T6_BACKPACK_GATHERER_FIBER	3	1.5	0	7037
T6_BACKPACK_GATHERER_FIBER	4	1.8	0	12315
T7_BACKPACK_GATHERER_FIBER	0	0.833	0	2298
T7_BACKPACK_GATHERER_FIBER	1	1.25	0	4021
T7_BACKPACK_GATHERER_FIBER	2	1.5	0	7037
T7_BACKPACK_GATHERER_FIBER	3	1.8	0	12315
T7_BACKPACK_GATHERER_FIBER	4	2.16	0	21551
T8_BACKPACK_GATHERER_FIBER	0	1.25	0	4021
T8_BACKPACK_GATHERER_FIBER	1	1.5	0	7037
T8_BACKPACK_GATHERER_FIBER	2	1.8	0	12315
T8_BACKPACK_GATHERER_FIBER	3	2.16	0	21551
T8_BACKPACK_GATHERER_FIBER	4	2.52	0	37715
T4_HEAD_GATHERER_HIDE	0	0.333	0	429
T4_HEAD_GATHERER_HIDE	1	0.5	0	750
T4_HEAD_GATHERER_HIDE	2	0.667	0	1313
T4_HEAD_GATHERER_HIDE	3	0.833	0	2298
T4_HEAD_GATHERER_HIDE	4	1.25	0	4021
T5_HEAD_GATHERER_HIDE	0	0.5	0	750
T5_HEAD_GATHERER_HIDE	1	0.667	0	1313
T5_HEAD_GATHERER_HIDE	2	0.833	0	2298
T5_HEAD_GATHERER_HIDE	3	1.25	0	4021
T5_HEAD_GATHERER_HIDE	4	1.5	0	7037
T6_HEAD_GATHERER_HIDE	0	0.667	0	1313
T6_HEAD_GATHERER_HIDE	1	0.833	0	2298
T6_HEAD_GATHERER_HIDE	2	1.25	0	4021
T6_HEAD_GATHERER_HIDE	3	1.5	0	7037
T6_HEAD_GATHERER_HIDE	4	1.8	0	12315
T7_HEAD_GATHERER_HIDE	0	0.833	0	2298
T7_HEAD_GATHERER_HIDE	1	1.25	0	4021
T7_HEAD_GATHERER_HIDE	2	1.5	0	7037
T7_HEAD_GATHERER_HIDE	3	1.8	0	12315
T7_HEAD_GATHERER_HIDE	4	2.16	0	21551
T8_HEAD_GATHERER_HIDE	0	1.25	0	4021
T8_HEAD_GATHERER_HIDE	1	1.5	0	7037
T8_HEAD_GATHERER_HIDE	2	1.8	0	12315
T8_HEAD_GATHERER_HIDE	3	2.16	0	21551
T8_HEAD_GATHERER_HIDE	4	2.52	0	37715
T4_ARMOR_GATHERER_HIDE	0	0.667	0	858
T4_ARMOR_GATHERER_HIDE	1	1.0	0	1501
T4_ARMOR_GATHERER_HIDE	2	1.333	0	2626
T4_ARMOR_GATHERER_HIDE	3	1.667	0	4596
T4_ARMOR_GATHERER_HIDE	4	2.5	0	8042
T5_ARMOR_GATHERER_HIDE	0	1.0	0	1501
T5_ARMOR_GATHERER_HIDE	1	1.333	0	2626
T5_ARMOR_GATHERER_HIDE	2	1.667	0	4596
T5_ARMOR_GATHERER_HIDE	3	2.5	0	8042
T5_ARMOR_GATHERER_HIDE	4	3.0	0	14074
T6_ARMOR_GATHERER_HIDE	0	1.333	0	2626
T6_ARMOR_GATHERER_HIDE	1	1.667	0	4596
T6_ARMOR_GATHERER_HIDE	2	2.5	0	8042
T6_ARMOR_GATHERER_HIDE	3	3.0	0	14074
T6_ARMOR_GATHERER_HIDE	4	3.6	0	24630
T7_ARMOR_GATHERER_HIDE	0	1.667	0	4596
T7_ARMOR_GATHERER_HIDE	1	2.5	0	8042
T7_ARMOR_GATHERER_HIDE	2	3.0	0	14074
T7_ARMOR_GATHERER_HIDE	3	3.6	0	24630
T7_ARMOR_GATHERER_HIDE	4	4.32	0	43102
T8_ARMOR_GATHERER_HIDE	0	2.5	0	8042
T8_ARMOR_GATHERER_HIDE	1	3.0	0	14074
T8_ARMOR_GATHERER_HIDE	2	3.6	0	24630
T8_ARMOR_GATHERER_HIDE	3	4.32	0	43102
T8_ARMOR_GATHERER_HIDE	4	5.04	0	75429
T4_SHOES_GATHERER_HIDE	0	0.333	0	429
T4_SHOES_GATHERER_HIDE	1	0.5	0	750
T4_SHOES_GATHERER_HIDE	2	0.667	0	1313
T4_SHOES_GATHERER_HIDE	3	0.833	0	2298
T4_SHOES_GATHERER_HIDE	4	1.25	0	4021
T5_SHOES_GATHERER_HIDE	0	0.5	0	750
T5_SHOES_GATHERER_HIDE	1	0.667	0	1313
T5_SHOES_GATHERER_HIDE	2	0.833	0	2298
T5_SHOES_GATHERER_HIDE	3	1.25	0	4021
T5_SHOES_GATHERER_HIDE	4	1.5	0	7037
T6_SHOES_GATHERER_HIDE	0	0.667	0	1313
T6_SHOES_GATHERER_HIDE	1	0.833	0	2298
T6_SHOES_GATHERER_HIDE	2	1.25	0	4021
T6_SHOES_GATHERER_HIDE	3	1.5	0	7037
T6_SHOES_GATHERER_HIDE	4	1.8	0	12315
T7_SHOES_GATHERER_HIDE	0	0.833	0	2298
T7_SHOES_GATHERER_HIDE	1	1.25	0	4021
T7_SHOES_GATHERER_HIDE	2	1.5	0	7037
T7_SHOES_GATHERER_HIDE	3	1.8	0	12315
T7_SHOES_GATHERER_HIDE	4	2.16	0	21551
T8_SHOES_GATHERER_HIDE	0	1.25	0	4021
T8_SHOES_GATHERER_HIDE	1	1.5	0	7037
T8_SHOES_GATHERER_HIDE	2	1.8	0	12315
T8_SHOES_GATHERER_HIDE	3	2.16	0	21551
T8_SHOES_GATHERER_HIDE	4	2.52	0	37715
T4_BACKPACK_GATHERER_HIDE	0	0.333	0	429
T4_BACKPACK_GATHERER_HIDE	1	0.5	0	750
T4_BACKPACK_GATHERER_HIDE	2	0.667	0	1313
T4_BACKPACK_GATHERER_HIDE	3	0.833	0	2298
T4_BACKPACK_GATHERER_HIDE	4	1.25	0	4021
T5_BACKPACK_GATHERER_HIDE	0	0.5	0	750
T5_BACKPACK_GATHERER_HIDE	1	0.667	0	1313
T5_BACKPACK_GATHERER_HIDE	2	0.833	0	2298
T5_BACKPACK_GATHERER_HIDE	3	1.25	0	4021
T5_BACKPACK_GATHERER_HIDE	4	1.5	0	7037
T6_BACKPACK_GATHERER_HIDE	0	0.667	0	1313
T6_BACKPACK_GATHERER_HIDE	1	0.833	0	2298
T6_BACKPACK_GATHERER_HIDE	2	1.25	0	4021
T6_BACKPACK_GATHERER_HIDE	3	1.5	0	7037
T6_BACKPACK_GATHERER_HIDE	4	1.8	0	12315
T7_BACKPACK_GATHERER_HIDE	0	0.833	0	2298
T7_BACKPACK_GATHERER_HIDE	1	1.25	0	4021
T7_BACKPACK_GATHERER_HIDE	2	1.5	0	7037
T7_BACKPACK_GATHERER_HIDE	3	1.8	0	12315
T7_BACKPACK_GATHERER_HIDE	4	2.16	0	21551
T8_BACKPACK_GATHERER_HIDE	0	1.25	0	4021
T8_BACKPACK_GATHERER_HIDE	1	1.5	0	7037
T8_BACKPACK_GATHERER_HIDE	2	1.8	0	12315
T8_BACKPACK_GATHERER_HIDE	3	2.16	0	21551
T8_BACKPACK_GATHERER_HIDE	4	2.52	0	37715
T4_HEAD_GATHERER_ORE	0	0.333	0	429
T4_HEAD_GATHERER_ORE	1	0.5	0	750
T4_HEAD_GATHERER_ORE	2	0.667	0	1313
T4_HEAD_GATHERER_ORE	3	0.833	0	2298
T4_HEAD_GATHERER_ORE	4	1.25	0	4021
T5_HEAD_GATHERER_ORE	0	0.5	0	750
T5_HEAD_GATHERER_ORE	1	0.667	0	1313
T5_HEAD_GATHERER_ORE	2	0.833	0	2298
T5_HEAD_GATHERER_ORE	3	1.25	0	4021
T5_HEAD_GATHERER_ORE	4	1.5	0	7037
T6_HEAD_GATHERER_ORE	0	0.667	0	1313
T6_HEAD_GATHERER_ORE	1	0.833	0	2298
T6_HEAD_GATHERER_ORE	2	1.25	0	4021
T6_HEAD_GATHERER_ORE	3	1.5	0	7037
T6_HEAD_GATHERER_ORE	4	1.8	0	12315
T7_HEAD_GATHERER_ORE	0	0.833	0	2298
T7_HEAD_GATHERER_ORE	1	1.25	0	4021
T7_HEAD_GATHERER_ORE	2	1.5	0	7037
T7_HEAD_GATHERER_ORE	3	1.8	0	12315
T7_HEAD_GATHERER_ORE	4	2.16	0	21551
T8_HEAD_GATHERER_ORE	0	1.25	0	4021
T8_HEAD_GATHERER_ORE	1	1.5	0	7037
T8_HEAD_GATHERER_ORE	2	1.8	0	12315
T8_HEAD_GATHERER_ORE	3	2.16	0	21551
T8_HEAD_GATHERER_ORE	4	2.52	0	37715
T4_ARMOR_GATHERER_ORE	0	0.667	0	858
T4_ARMOR_GATHERER_ORE	1	1.0	0	1501
T4_ARMOR_GATHERER_ORE	2	1.333	0	2626
T4_ARMOR_GATHERER_ORE	3	1.667	0	4596
T4_ARMOR_GATHERER_ORE	4	2.5	0	8042
T5_ARMOR_GATHERER_ORE	0	1.0	0	1501
T5_ARMOR_GATHERER_ORE	1	1.333	0	2626
T5_ARMOR_GATHERER_ORE	2	1.667	0	4596
T5_ARMOR_GATHERER_ORE	3	2.5	0	8042
T5_ARMOR_GATHERER_ORE	4	3.0	0	14074
T6_ARMOR_GATHERER_ORE	0	1.333	0	2626
T6_ARMOR_GATHERER_ORE	1	1.667	0	4596
T6_ARMOR_GATHERER_ORE	2	2.5	0	8042
T6_ARMOR_GATHERER_ORE	3	3.0	0	14074
T6_ARMOR_GATHERER_ORE	4	3.6	0	24630
T7_ARMOR_GATHERER_ORE	0	1.667	0	4596
T7_ARMOR_GATHERER_ORE	1	2.5	0	8042
T7_ARMOR_GATHERER_ORE	2	3.0	0	14074
T7_ARMOR_GATHERER_ORE	3	3.6	0	24630
T7_ARMOR_GATHERER_ORE	4	4.32	0	43102
T8_ARMOR_GATHERER_ORE	0	2.5	0	8042
T8_ARMOR_GATHERER_ORE	1	3.0	0	14074
T8_ARMOR_GATHERER_ORE	2	3.6	0	24630
T8_ARMOR_GATHERER_ORE	3	4.32	0	43102
T8_ARMOR_GATHERER_ORE	4	5.04	0	75429
T4_SHOES_GATHERER_ORE	0	0.333	0	429
T4_SHOES_GATHERER_ORE	1	0.5	0	750
T4_SHOES_GATHERER_ORE	2	0.667	0	1313
T4_SHOES_GATHERER_ORE	3	0.833	0	2298
T4_SHOES_GATHERER_ORE	4	1.25	0	4021
T5_SHOES_GATHERER_ORE	0	0.5	0	750
T5_SHOES_GATHERER_ORE	1	0.667	0	1313
T5_SHOES_GATHERER_ORE	2	0.833	0	2298
T5_SHOES_GATHERER_ORE	3	1.25	0	4021
T5_SHOES_GATHERER_ORE	4	1.5	0	7037
T6_SHOES_GATHERER_ORE	0	0.667	0	1313
T6_SHOES_GATHERER_ORE	1	0.833	0	2298
T6_SHOES_GATHERER_ORE	2	1.25	0	4021
T6_SHOES_GATHERER_ORE	3	1.5	0	7037
T6_SHOES_GATHERER_ORE	4	1.8	0	12315
T7_SHOES_GATHERER_ORE	0	0.833	0	2298
T7_SHOES_GATHERER_ORE	1	1.25	0	4021
T7_SHOES_GATHERER_ORE	2	1.5	0	7037
T7_SHOES_GATHERER_ORE	3	1.8	0	12315
T7_SHOES_GATHERER_ORE	4	2.16	0	21551
T8_SHOES_GATHERER_ORE	0	1.25	0	4021
T8_SHOES_GATHERER_ORE	1	1.5	0	7037
T8_SHOES_GATHERER_ORE	2	1.8	0	12315
T8_SHOES_GATHERER_ORE	3	2.16	0	21551
T8_SHOES_GATHERER_ORE	4	2.52	0	37715
T4_BACKPACK_GATHERER_ORE	0	0.333	0	429
T4_BACKPACK_GATHERER_ORE	1	0.5	0	750
T4_BACKPACK_GATHERER_ORE	2	0.667	0	1313
T4_BACKPACK_GATHERER_ORE	3	0.833	0	2298
T4_BACKPACK_GATHERER_ORE	4	1.25	0	4021
T5_BACKPACK_GATHERER_ORE	0	0.5	0	750
T5_BACKPACK_GATHERER_ORE	1	0.667	0	1313
T5_BACKPACK_GATHERER_ORE	2	0.833	0	2298
T5_BACKPACK_GATHERER_ORE	3	1.25	0	4021
T5_BACKPACK_GATHERER_ORE	4	1.5	0	7037
T6_BACKPACK_GATHERER_ORE	0	0.667	0	1313
T6_BACKPACK_GATHERER_ORE	1	0.833	0	2298
T6_BACKPACK_GATHERER_ORE	2	1.25	0	4021
T6_BACKPACK_GATHERER_ORE	3	1.5	0	7037
T6_BACKPACK_GATHERER_ORE	4	1.8	0	12315
T7_BACKPACK_GATHERER_ORE	0	0.833	0	2298
T7_BACKPACK_GATHERER_ORE	1	1.25	0	4021
T7_BACKPACK_GATHERER_ORE	2	1.5	0	7037
T7_BACKPACK_GATHERER_ORE	3	1.8	0	12315
T7_BACKPACK_GATHERER_ORE	4	2.16	0	21551
T8_BACKPACK_GATHERER_ORE	0	1.25	0	4021
T8_BACKPACK_GATHERER_ORE	1	1.5	0	7037
T8_BACKPACK_GATHERER_ORE	2	1.8	0	12315
T8_BACKPACK_GATHERER_ORE	3	2.16	0	21551
T8_BACKPACK_GATHERER_ORE	4	2.52	0	37715
T4_HEAD_GATHERER_ROCK	0	0.333	0	429
T4_HEAD_GATHERER_ROCK	1	0.5	0	750
T4_HEAD_GATHERER_ROCK	2	0.667	0	1313
T4_HEAD_GATHERER_ROCK	3	0.833	0	2298
T4_HEAD_GATHERER_ROCK	4	1.25	0	4021
T5_HEAD_GATHERER_ROCK	0	0.5	0	750
T5_HEAD_GATHERER_ROCK	1	0.667	0	1313
T5_HEAD_GATHERER_ROCK	2	0.833	0	2298
T5_HEAD_GATHERER_ROCK	3	1.25	0	4021
T5_HEAD_GATHERER_ROCK	4	1.5	0	7037
T6_HEAD_GATHERER_ROCK	0	0.667	0	1313
T6_HEAD_GATHERER_ROCK	1	0.833	0	2298
T6_HEAD_GATHERER_ROCK	2	1.25	0	4021
T6_HEAD_GATHERER_ROCK	3	1.5	0	7037
T6_HEAD_GATHERER_ROCK	4	1.8	0	12315
T7_HEAD_GATHERER_ROCK	0	0.833	0	2298
T7_HEAD_GATHERER_ROCK	1	1.25	0	4021
T7_HEAD_GATHERER_ROCK	2	1.5	0	7037
T7_HEAD_GATHERER_ROCK	3	1.8	0	12315
T7_HEAD_GATHERER_ROCK	4	2.16	0	21551
T8_HEAD_GATHERER_ROCK	0	1.25	0	4021
T8_HEAD_GATHERER_ROCK	1	1.5	0	7037
T8_HEAD_GATHERER_ROCK	2	1.8	0	12315
T8_HEAD_GATHERER_ROCK	3	2.16	0	21551
T8_HEAD_GATHERER_ROCK	4	2.52	0	37715
T4_ARMOR_GATHERER_ROCK	0	0.667	0	858
T4_ARMOR_GATHERER_ROCK	1	1.0	0	1501
T4_ARMOR_GATHERER_ROCK	2	1.333	0	2626
T4_ARMOR_GATHERER_ROCK	3	1.667	0	4596
T4_ARMOR_GATHERER_ROCK	4	2.5	0	8042
T5_ARMOR_GATHERER_ROCK	0	1.0	0	1501
T5_ARMOR_GATHERER_ROCK	1	1.333	0	2626
T5_ARMOR_GATHERER_ROCK	2	1.667	0	4596
T5_ARMOR_GATHERER_ROCK	3	2.5	0	8042
T5_ARMOR_GATHERER_ROCK	4	3.0	0	14074
T6_ARMOR_GATHERER_ROCK	0	1.333	0	2626
T6_ARMOR_GATHERER_ROCK	1	1.667	0	4596
T6_ARMOR_GATHERER_ROCK	2	2.5	0	8042
T6_ARMOR_GATHERER_ROCK	3	3.0	0	14074
T6_ARMOR_GATHERER_ROCK	4	3.6	0	24630
T7_ARMOR_GATHERER_ROCK	0	1.667	0	4596
T7_ARMOR_GATHERER_ROCK	1	2.5	0	8042
T7_ARMOR_GATHERER_ROCK	2	3.0	0	14074
T7_ARMOR_GATHERER_ROCK	3	3.6	0	24630
T7_ARMOR_GATHERER_ROCK	4	4.32	0	43102
T8_ARMOR_GATHERER_ROCK	0	2.5	0	8042
T8_ARMOR_GATHERER_ROCK	1	3.0	0	14074
T8_ARMOR_GATHERER_ROCK	2	3.6	0	24630
T8_ARMOR_GATHERER_ROCK	3	4.32	0	43102
T8_ARMOR_GATHERER_ROCK	4	5.04	0	75429
T4_SHOES_GATHERER_ROCK	0	0.333	0	429
T4_SHOES_GATHERER_ROCK	1	0.5	0	750
T4_SHOES_GATHERER_ROCK	2	0.667	0	1313
T4_SHOES_GATHERER_ROCK	3	0.833	0	2298
T4_SHOES_GATHERER_ROCK	4	1.25	0	4021
T5_SHOES_GATHERER_ROCK	0	0.5	0	750
T5_SHOES_GATHERER_ROCK	1	0.667	0	1313
T5_SHOES_GATHERER_ROCK	2	0.833	0	2298
T5_SHOES_GATHERER_ROCK	3	1.25	0	4021
T5_SHOES_GATHERER_ROCK	4	1.5	0	7037
T6_SHOES_GATHERER_ROCK	0	0.667	0	1313
T6_SHOES_GATHERER_ROCK	1	0.833	0	2298
T6_SHOES_GATHERER_ROCK	2	1.25	0	4021
T6_SHOES_GATHERER_ROCK	3	1.5	0	7037
T6_SHOES_GATHERER_ROCK	4	1.8	0	12315
T7_SHOES_GATHERER_ROCK	0	0.833	0	2298
T7_SHOES_GATHERER_ROCK	1	1.25	0	4021
T7_SHOES_GATHERER_ROCK	2	1.5	0	7037
T7_SHOES_GATHERER_ROCK	3	1.8	0	12315
T7_SHOES_GATHERER_ROCK	4	2.16	0	21551
T8_SHOES_GATHERER_ROCK	0	1.25	0	4021
T8_SHOES_GATHERER_ROCK	1	1.5	0	7037
T8_SHOES_GATHERER_ROCK	2	1.8	0	12315
T8_SHOES_GATHERER_ROCK	3	2.16	0	21551
T8_SHOES_GATHERER_ROCK	4	2.52	0	37715
T4_BACKPACK_GATHERER_ROCK	0	0.333	0	429
T4_BACKPACK_GATHERER_ROCK	1	0.5	0	750
T4_BACKPACK_GATHERER_ROCK	2	0.667	0	1313
T4_BACKPACK_GATHERER_ROCK	3	0.833	0	2298
T4_BACKPACK_GATHERER_ROCK	4	1.25	0	4021
T5_BACKPACK_GATHERER_ROCK	0	0.5	0	750
T5_BACKPACK_GATHERER_ROCK	1	0.667	0	1313
T5_BACKPACK_GATHERER_ROCK	2	0.833	0	2298
T5_BACKPACK_GATHERER_ROCK	3	1.25	0	4021
T5_BACKPACK_GATHERER_ROCK	4	1.5	0	7037
T6_BACKPACK_GATHERER_ROCK	0	0.667	0	1313
T6_BACKPACK_GATHERER_ROCK	1	0.833	0	2298
T6_BACKPACK_GATHERER_ROCK	2	1.25	0	4021
T6_BACKPACK_GATHERER_ROCK	3	1.5	0	7037
T6_BACKPACK_GATHERER_ROCK	4	1.8	0	12315
T7_BACKPACK_GATHERER_ROCK	0	0.833	0	2298
T7_BACKPACK_GATHERER_ROCK	1	1.25	0	4021
T7_BACKPACK_GATHERER_ROCK	2	1.5	0	7037
T7_BACKPACK_GATHERER_ROCK	3	1.8	0	12315
T7_BACKPACK_GATHERER_ROCK	4	2.16	0	21551
T8_BACKPACK_GATHERER_ROCK	0	1.25	0	4021
T8_BACKPACK_GATHERER_ROCK	1	1.5	0	7037
T8_BACKPACK_GATHERER_ROCK	2	1.8	0	12315
T8_BACKPACK_GATHERER_ROCK	3	2.16	0	21551
T8_BACKPACK_GATHERER_ROCK	4	2.52	0	37715
T4_HEAD_GATHERER_WOOD	0	0.333	0	429
T4_HEAD_GATHERER_WOOD	1	0.5	0	750
T4_HEAD_GATHERER_WOOD	2	0.667	0	1313
T4_HEAD_GATHERER_WOOD	3	0.833	0	2298
T4_HEAD_GATHERER_WOOD	4	1.25	0	4021
T5_HEAD_GATHERER_WOOD	0	0.5	0	750
T5_HEAD_GATHERER_WOOD	1	0.667	0	1313
T5_HEAD_GATHERER_WOOD	2	0.833	0	2298
T5_HEAD_GATHERER_WOOD	3	1.25	0	4021
T5_HEAD_GATHERER_WOOD	4	1.5	0	7037
T6_HEAD_GATHERER_WOOD	0	0.667	0	1313
T6_HEAD_GATHERER_WOOD	1	0.833	0	2298
T6_HEAD_GATHERER_WOOD	2	1.25	0	4021
T6_HEAD_GATHERER_WOOD	3	1.5	0	7037
T6_HEAD_GATHERER_WOOD	4	1.8	0	12315
T7_HEAD_GATHERER_WOOD	0	0.833	0	2298
T7_HEAD_GATHERER_WOOD	1	1.25	0	4021
T7_HEAD_GATHERER_WOOD	2	1.5	0	7037
T7_HEAD_GATHERER_WOOD	3	1.8	0	12315
T7_HEAD_GATHERER_WOOD	4	2.16	0	21551
T8_HEAD_GATHERER_WOOD	0	1.25	0	4021
T8_HEAD_GATHERER_WOOD	1	1.5	0	7037
T8_HEAD_GATHERER_WOOD	2	1.8	0	12315
T8_HEAD_GATHERER_WOOD	3	2.16	0	21551
T8_HEAD_GATHERER_WOOD	4	2.52	0	37715
T4_ARMOR_GATHERER_WOOD	0	0.667	0	858
T4_ARMOR_GATHERER_WOOD	1	1.0	0	1501
T4_ARMOR_GATHERER_WOOD	2	1.333	0	2626
T4_ARMOR_GATHERER_WOOD	3	1.667	0	4596
T4_ARMOR_GATHERER_WOOD	4	2.5	0	8042
T5_ARMOR_GATHERER_WOOD	0	1.0	0	1501
T5_ARMOR_GATHERER_WOOD	1	1.333	0	2626
T5_ARMOR_GATHERER_WOOD	2	1.667	0	4596
T5_ARMOR_GATHERER_WOOD	3	2.5	0	8042
T5_ARMOR_GATHERER_WOOD	4	3.0	0	14074
T6_ARMOR_GATHERER_WOOD	0	1.333	0	2626
T6_ARMOR_GATHERER_WOOD	1	1.667	0	4596
T6_ARMOR_GATHERER_WOOD	2	2.5	0	8042
T6_ARMOR_GATHERER_WOOD	3	3.0	0	14074
T6_ARMOR_GATHERER_WOOD	4	3.6	0	24630
T7_ARMOR_GATHERER_WOOD	0	1.667	0	4596
T7_ARMOR_GATHERER_WOOD	1	2.5	0	8042
T7_ARMOR_GATHERER_WOOD	2	3.0	0	14074
T7_ARMOR_GATHERER_WOOD	3	3.6	0	24630
T7_ARMOR_GATHERER_WOOD	4	4.32	0	43102
T8_ARMOR_GATHERER_WOOD	0	2.5	0	8042
T8_ARMOR_GATHERER_WOOD	1	3.0	0	14074
T8_ARMOR_GATHERER_WOOD	2	3.6	0	24630
T8_ARMOR_GATHERER_WOOD	3	4.32	0	43102
T8_ARMOR_GATHERER_WOOD	4	5.04	0	75429
T4_SHOES_GATHERER_WOOD	0	0.333	0	429
T4_SHOES_GATHERER_WOOD	1	0.5	0	750
T4_SHOES_GATHERER_WOOD	2	0.667	0	1313
T4_SHOES_GATHERER_WOOD	3	0.833	0	2298
T4_SHOES_GATHERER_WOOD	4	1.25	0	4021
T5_SHOES_GATHERER_WOOD	0	0.5	0	750
T5_SHOES_GATHERER_WOOD	1	0.667	0	1313
T5_SHOES_GATHERER_WOOD	2	0.833	0	2298
T5_SHOES_GATHERER_WOOD	3	1.25	0	4021
T5_SHOES_GATHERER_WOOD	4	1.5	0	7037
T6_SHOES_GATHERER_WOOD	0	0.667	0	1313
T6_SHOES_GATHERER_WOOD	1	0.833	0	2298
T6_SHOES_GATHERER_WOOD	2	1.25	0	4021
T6_SHOES_GATHERER_WOOD	3	1.5	0	7037
T6_SHOES_GATHERER_WOOD	4	1.8	0	12315
T7_SHOES_GATHERER_WOOD	0	0.833	0	2298
T7_SHOES_GATHERER_WOOD	1	1.25	0	4021
T7_SHOES_GATHERER_WOOD	2	1.5	0	7037
T7_SHOES_GATHERER_WOOD	3	1.8	0	12315
T7_SHOES_GATHERER_WOOD	4	2.16	0	21551
T8_SHOES_GATHERER_WOOD	0	1.25	0	4021
T8_SHOES_GATHERER_WOOD	1	1.5	0	7037
T8_SHOES_GATHERER_WOOD	2	1.8	0	12315
T8_SHOES_GATHERER_WOOD	3	2.16	0	21551
T8_SHOES_GATHERER_WOOD	4	2.52	0	37715
T4_BACKPACK_GATHERER_WOOD	0	0.333	0	429
T4_BACKPACK_GATHERER_WOOD	1	0.5	0	750
T4_BACKPACK_GATHERER_WOOD	2	0.667	0	1313
T4_BACKPACK_GATHERER_WOOD	3	0.833	0	2298
T4_BACKPACK_GATHERER_WOOD	4	1.25	0	4021
T5_BACKPACK_GATHERER_WOOD	0	0.5	0	750
T5_BACKPACK_GATHERER_WOOD	1	0.667	0	1313
T5_BACKPACK_GATHERER_WOOD	2	0.833	0	2298
T5_BACKPACK_GATHERER_WOOD	3	1.25	0	4021
T5_BACKPACK_GATHERER_WOOD	4	1.5	0	7037
T6_BACKPACK_GATHERER_WOOD	0	0.667	0	1313
T6_BACKPACK_GATHERER_WOOD	1	0.833	0	2298
T6_BACKPACK_GATHERER_WOOD	2	1.25	0	4021
T6_BACKPACK_GATHERER_WOOD	3	1.5	0	7037
T6_BACKPACK_GATHERER_WOOD	4	1.8	0	12315
T7_BACKPACK_GATHERER_WOOD	0	0.833	0	2298
T7_BACKPACK_GATHERER_WOOD	1	1.25	0	4021
T7_BACKPACK_GATHERER_WOOD	2	1.5	0	7037
T7_BACKPACK_GATHERER_WOOD	3	1.8	0	12315
T7_BACKPACK_GATHERER_WOOD	4	2.16	0	21551
T8_BACKPACK_GATHERER_WOOD	0	1.25	0	4021
T8_BACKPACK_GATHERER_WOOD	1	1.5	0	7037
T8_BACKPACK_GATHERER_WOOD	2	1.8	0	12315
T8_BACKPACK_GATHERER_WOOD	3	2.16	0	21551
T8_BACKPACK_GATHERER_WOOD	4	2.52	0	37715
T4_HEAD_GATHERER_FISH	0	0.333	0	429
T4_HEAD_GATHERER_FISH	1	0.5	0	750
T4_HEAD_GATHERER_FISH	2	0.667	0	1313
T4_HEAD_GATHERER_FISH	3	0.833	0	2298
T4_HEAD_GATHERER_FISH	4	1.25	0	4021
T5_HEAD_GATHERER_FISH	0	0.5	0	750
T5_HEAD_GATHERER_FISH	1	0.667	0	1313
T5_HEAD_GATHERER_FISH	2	0.833	0	2298
T5_HEAD_GATHERER_FISH	3	1.25	0	4021
T5_HEAD_GATHERER_FISH	4	1.5	0	7037
T6_HEAD_GATHERER_FISH	0	0.667	0	1313
T6_HEAD_GATHERER_FISH	1	0.833	0	2298
T6_HEAD_GATHERER_FISH	2	1.25	0	4021
T6_HEAD_GATHERER_FISH	3	1.5	0	7037
T6_HEAD_GATHERER_FISH	4	1.8	0	12315
T7_HEAD_GATHERER_FISH	0	0.833	0	2298
T7_HEAD_GATHERER_FISH	1	1.25	0	4021
T7_HEAD_GATHERER_FISH	2	1.5	0	7037
T7_HEAD_GATHERER_FISH	3	1.8	0	12315
T7_HEAD_GATHERER_FISH	4	2.16	0	21551
T8_HEAD_GATHERER_FISH	0	1.25	0	4021
T8_HEAD_GATHERER_FISH	1	1.5	0	7037
T8_HEAD_GATHERER_FISH	2	1.8	0	12315
T8_HEAD_GATHERER_FISH	3	2.16	0	21551
T8_HEAD_GATHERER_FISH	4	2.52	0	37715
T4_ARMOR_GATHERER_FISH	0	0.667	0	858
T4_ARMOR_GATHERER_FISH	1	1.0	0	1501
T4_ARMOR_GATHERER_FISH	2	1.333	0	2626
T4_ARMOR_GATHERER_FISH	3	1.667	0	4596
T4_ARMOR_GATHERER_FISH	4	2.5	0	8042
T5_ARMOR_GATHERER_FISH	0	1.0	0	1501
T5_ARMOR_GATHERER_FISH	1	1.333	0	2626
T5_ARMOR_GATHERER_FISH	2	1.667	0	4596
T5_ARMOR_GATHERER_FISH	3	2.5	0	8042
T5_ARMOR_GATHERER_FISH	4	3.0	0	14074
T6_ARMOR_GATHERER_FISH	0	1.333	0	2626
T6_ARMOR_GATHERER_FISH	1	1.667	0	4596
T6_ARMOR_GATHERER_FISH	2	2.5	0	8042
T6_ARMOR_GATHERER_FISH	3	3.0	0	14074
T6_ARMOR_GATHERER_FISH	4	3.6	0	24630
T7_ARMOR_GATHERER_FISH	0	1.667	0	4596
T7_ARMOR_GATHERER_FISH	1	2.5	0	8042
T7_ARMOR_GATHERER_FISH	2	3.0	0	14074
T7_ARMOR_GATHERER_FISH	3	3.6	0	24630
T7_ARMOR_GATHERER_FISH	4	4.32	0	43102
T8_ARMOR_GATHERER_FISH	0	2.5	0	8042
T8_ARMOR_GATHERER_FISH	1	3.0	0	14074
T8_ARMOR_GATHERER_FISH	2	3.6	0	24630
T8_ARMOR_GATHERER_FISH	3	4.32	0	43102
T8_ARMOR_GATHERER_FISH	4	5.04	0	75429
T4_SHOES_GATHERER_FISH	0	0.333	0	429
T4_SHOES_GATHERER_FISH	1	0.5	0	750
T4_SHOES_GATHERER_FISH	2	0.667	0	1313
T4_SHOES_GATHERER_FISH	3	0.833	0	2298
T4_SHOES_GATHERER_FISH	4	1.25	0	4021
T5_SHOES_GATHERER_FISH	0	0.5	0	750
T5_SHOES_GATHERER_FISH	1	0.667	0	1313
T5_SHOES_GATHERER_FISH	2	0.833	0	2298
T5_SHOES_GATHERER_FISH	3	1.25	0	4021
T5_SHOES_GATHERER_FISH	4	1.5	0	7037
T6_SHOES_GATHERER_FISH	0	0.667	0	1313
T6_SHOES_GATHERER_FISH	1	0.833	0	2298
T6_SHOES_GATHERER_FISH	2	1.25	0	4021
T6_SHOES_GATHERER_FISH	3	1.5	0	7037
T6_SHOES_GATHERER_FISH	4	1.8	0	12315
T7_SHOES_GATHERER_FISH	0	0.833	0	2298
T7_SHOES_GATHERER_FISH	1	1.25	0	4021
T7_SHOES_GATHERER_FISH	2	1.5	0	7037
T7_SHOES_GATHERER_FISH	3	1.8	0	12315
T7_SHOES_GATHERER_FISH	4	2.16	0	21551
T8_SHOES_GATHERER_FISH	0	1.25	0	4021
T8_SHOES_GATHERER_FISH	1	1.5	0	7037
T8_SHOES_GATHERER_FISH	2	1.8	0	12315
T8_SHOES_GATHERER_FISH	3	2.16	0	21551
T8_SHOES_GATHERER_FISH	4	2.52	0	37715
T4_BACKPACK_GATHERER_FISH	0	0.333	0	429
T4_BACKPACK_GATHERER_FISH	1	0.5	0	750
T4_BACKPACK_GATHERER_FISH	2	0.667	0	1313
T4_BACKPACK_GATHERER_FISH	3	0.833	0	2298
T4_BACKPACK_GATHERER_FISH	4	1.25	0	4021
T5_BACKPACK_GATHERER_FISH	0	0.5	0	750
T5_BACKPACK_GATHERER_FISH	1	0.667	0	1313
T5_BACKPACK_GATHERER_FISH	2	0.833	0	2298
T5_BACKPACK_GATHERER_FISH	3	1.25	0	4021
T5_BACKPACK_GATHERER_FISH	4	1.5	0	7037
T6_BACKPACK_GATHERER_FISH	0	0.667	0	1313
T6_BACKPACK_GATHERER_FISH	1	0.833	0	2298
T6_BACKPACK_GATHERER_FISH	2	1.25	0	4021
T6_BACKPACK_GATHERER_FISH	3	1.5	0	7037
T6_BACKPACK_GATHERER_FISH	4	1.8	0	12315
T7_BACKPACK_GATHERER_FISH	0	0.833	0	2298
T7_BACKPACK_GATHERER_FISH	1	1.25	0	4021
T7_BACKPACK_GATHERER_FISH	2	1.5	0	7037
T7_BACKPACK_GATHERER_FISH	3	1.8	0	12315
T7_BACKPACK_GATHERER_FISH	4	2.16	0	21551
T8_BACKPACK_GATHERER_FISH	0	1.25	0	4021
T8_BACKPACK_GATHERER_FISH	1	1.5	0	7037
T8_BACKPACK_GATHERER_FISH	2	1.8	0	12315
T8_BACKPACK_GATHERER_FISH	3	2.16	0	21551
T8_BACKPACK_GATHERER_FISH	4	2.52	0	37715
UNIQUE_WEAPONMASTER_HEAD_PROTOTYPE	0	2.5	0	690
UNIQUE_WEAPONMASTER_ARMOR_PROTOTYPE	0	2.5	0	1380
UNIQUE_WEAPONMASTER_SHOES_PROTOTYPE	0	2.5	0	690
UNIQUE_HEAD_VANITY_JESTER	0	1.0	0	80
UNIQUE_ARMOR_VANITY_JESTER	0	1.0	0	160
UNIQUE_SHOES_VANITY_JESTER	0	1.0	0	80
UNIQUE_HEAD_VANITY_DRESS_RED	0	0.0	0	245
UNIQUE_ARMOR_VANITY_DRESS_RED	0	0.0	0	490
UNIQUE_SHOES_VANITY_DRESS_RED	0	0.0	0	245
UNIQUE_HEAD_VANITY_RICH_NOBLE	0	0.0	0	245
UNIQUE_ARMOR_VANITY_RICH_NOBLE	0	0.0	0	490
UNIQUE_SHOES_VANITY_RICH_NOBLE	0	0.0	0	245
UNIQUE_HEAD_VANITY_SANTACLAUS	0	0.0	0	245
UNIQUE_ARMOR_VANITY_SANTACLAUS	0	0.0	0	490
UNIQUE_SHOES_VANITY_SANTACLAUS	0	0.0	0	245
UNIQUE_BACKPACK_VANITY_SANTACLAUS	0	0.0	0	245
UNIQUE_HEAD_VANITY_WEDDING_DRESS	0	0.0	0	245
UNIQUE_ARMOR_VANITY_WEDDING_DRESS	0	0.0	0	490
UNIQUE_SHOES_VANITY_WEDDING_DRESS	0	0.0	0	245
UNIQUE_OFF_VANITY_WEDDING_DRESS	0	0.0	0	245
UNIQUE_HEAD_VANITY_WEDDING_TUXEDO	0	0.0	0	245
UNIQUE_ARMOR_VANITY_WEDDING_TUXEDO	0	0.0	0	490
UNIQUE_SHOES_VANITY_WEDDING_TUXEDO	0	0.0	0	245
UNIQUE_CAPE_VANITY_WEDDING_TUXEDO	0	0.0	0	245
UNIQUE_OFF_VANITY_WEDDING_TUXEDO	0	0.0	0	245
UNIQUE_CAPE_VANITY_GLADIATOR_ARENA	0	0.0	0	0
UNIQUE_CAPE_VANITY_GLADIATOR_CRYSTAL	0	0.0	0	0
UNIQUE_HEAD_TELLAFRIEND_BATRIDER	0	0.0	0	0
UNIQUE_BACKPACK_VANITY_EASTER	0	0.0	0	0
UNIQUE_HEAD_VANITY_PLAGUEDOC	0	0.0	0	245
UNIQUE_ARMOR_VANITY_PLAGUEDOC	0	0.0	0	490
UNIQUE_SHOES_VANITY_PLAGUEDOC	0	0.0	0	245
UNIQUE_HEAD_VANITY_SKELETON	0	0.0	0	245
UNIQUE_ARMOR_VANITY_SKELETON	0	0.0	0	490
UNIQUE_SHOES_VANITY_SKELETON	0	0.0	0	245
UNIQUE_CAPE_VANITY_SKELETON	0	0.0	0	245
UNIQUE_HEAD_VANITY_PUMPKIN_01	0	0.0	0	245
UNIQUE_HEAD_VANITY_PUMPKIN_02	0	0.0	0	245
UNIQUE_HEAD_VANITY_PUMPKIN_03	0	0.0	0	245
UNIQUE_HEAD_XMAS	0	0.0	0	0
UNIQUE_VANITY_MAIN_BEERMUG_TELLAFRIEND	0	0.0	0	0
UNIQUE_VANITY_MAIN_HORN_TELLAFRIEND	0	0.0	0	0
UNIQUE_VANITY_MAIN_FOXCROP_TELLAFRIEND	0	2.0	0	1540
UNIQUE_VANITY_MAIN_TRUMPET_TELLAFRIEND	0	0.0	0	0
UNIQUE_VANITY_MAIN_BEERMUG_02_TELLAFRIEND	0	0.0	0	0
UNIQUE_CAPE_FOUNDER_LEGENDARY	0	0.25	0	245
UNIQUE_HEAD_FOUNDER_LEGENDARY	0	0.25	0	245
UNIQUE_ARMOR_FOUNDER_LEGENDARY	0	0.5	0	490
UNIQUE_SHOES_FOUNDER_LEGENDARY	0	0.25	0	245
UNIQUE_HEAD_FOUNDER_ELITE	0	0.16667	0	140
UNIQUE_ARMOR_FOUNDER_ELITE	0	0.33333	0	280
UNIQUE_SHOES_FOUNDER_ELITE	0	0.16667	0	140
UNIQUE_CAPE_STARTERPACK_LEGENDARY	0	0.25	0	245
UNIQUE_HEAD_STARTERPACK_LEGENDARY	0	0.25	0	245
UNIQUE_ARMOR_STARTERPACK_LEGENDARY	0	0.5	0	490
UNIQUE_SHOES_STARTERPACK_LEGENDARY	0	0.25	0	245
UNIQUE_HEAD_STARTERPACK_ELITE	0	0.16667	0	140
UNIQUE_ARMOR_STARTERPACK_ELITE	0	0.33333	0	280
UNIQUE_SHOES_STARTERPACK_ELITE	0	0.16667	0	140
UNIQUE_HEAD_VANITY_SKELETON_UNDEAD	0	0.0	0	0
UNIQUE_ARMOR_VANITY_SKELETON_UNDEAD	0	0.0	0	0
UNIQUE_SHOES_VANITY_SKELETON_UNDEAD	0	0.0	0	0
UNIQUE_CAPE_VANITY_SKELETON_UNDEAD	0	0.0	0	0
UNIQUE_CAPE_TELLAFRIEND	0	0.16667	0	140
UNIQUE_CAPE_TELLAFRIEND_02	0	0.0	0	140
UNIQUE_CAPE_TELLAFRIEND_BATRIDER	0	1.0	0	80
UNIQUE_CAPE_TELLAFRIEND_BANNER	0	0.0	0	245
UNIQUE_CAPE_TELLAFRIEND_BANNER_02	0	0.0	0	245
UNIQUE_CAPE_TOAD_TELLAFRIEND	0	0.0	0	245
UNIQUE_CAPE_BLOODHOUND_TELLAFRIEND	0	0.0	0	245
UNIQUE_CAPE_TIGER_TELLAFRIEND	0	0.0	0	245
UNIQUE_CAPE_RAM_TELLAFRIEND	0	1.5	0	194
UNIQUE_CAPE_WOLF_GREY_TELLAFRIEND	0	1.5	0	194
T6_CAPE_PLATE_UNDEAD	0	8.0	0	1280
T6_CAPE_LEATHER_UNDEAD	0	8.0	0	1280
T6_CAPE_CLOTH_UNDEAD	0	8.0	0	1280
T6_CAPE_PLATE_KEEPER	0	8.0	0	1280
T6_CAPE_LEATHER_KEEPER	0	8.0	0	1280
T6_CAPE_CLOTH_KEEPER	0	8.0	0	1280
T6_CAPE_PLATE_MORGANA	0	8.0	0	1280
T6_CAPE_LEATHER_MORGANA	0	8.0	0	1280
T6_CAPE_CLOTH_MORGANA	0	8.0	0	1280
UNIQUE_CAPE_VANITY_ROGUE	0	0.0	0	0
UNIQUE_VANITY_MAIN_POISONBOTTLE_ROGUE	0	0.0	0	0
UNIQUE_CAPE_VANITY_ROGUE_GUILD_COLORED	0	0.0	0	0
UNIQUE_CAPE_VANITY_KNIGHT	0	0.0	0	0
UNIQUE_CAPE_VANITY_KNIGHT_GUILD_COLORED	0	0.0	0	0
UNIQUE_CAPE_VANITY_MAGE	0	0.0	0	0
UNIQUE_CAPE_VANITY_MAGE_GUILD_COLORED	0	0.0	0	0
UNIQUE_CAPE_VANITY_BARBARIAN	0	0.0	0	0
UNIQUE_CAPE_VANITY_SOULKEEPER	0	0.0	0	0
UNIQUE_CAPE_VANITY_PALADIN	0	0.0	0	0
UNIQUE_CAPE_VANITY_PALADIN_GUILD_COLORED	0	0.0	0	0
UNIQUE_CAPE_VANITY_PALADIN_ANNIVERSARY	0	0.0	0	0
UNIQUE_CAPE_VANITY_DEMONHUNTER	0	0.0	0	0
UNIQUE_CAPE_VANITY_DRUID	0	0.0	0	0
UNIQUE_CAPE_VANITY_DEMONICWARRIOR	0	0.0	0	0
UNIQUE_CAPE_VANITY_MARAUDER	0	0.0	0	0
UNIQUE_CAPE_VANITY_FIREMAGE	0	0.0	0	0
UNIQUE_CAPE_VANITY_FROSTMAGE	0	0.0	0	0
UNIQUE_CAPE_VANITY_PRIEST_HOLY	0	0.0	0	0
UNIQUE_CAPE_VANITY_RANGER	0	0.0	0	0
UNIQUE_CAPE_VANITY_BATTLEMAGE	0	0.0	0	0
UNIQUE_CAPE_VANITY_ZEALOT	0	0.0	0	0
UNIQUE_CAPE_VANITY_TITAN	0	0.0	0	0
UNIQUE_CAPE_VANITY_ASSASSIN	0	0.0	0	0
UNIQUE_CAPE_VANITY_TRACKER	0	0.0	0	0
UNIQUE_CAPE_VANITY_ALCHEMIST	0	0.0	0	0
UNIQUE_CAPE_VANITY_FROSTKNIGHT	0	0.0	0	0
UNIQUE_CAPE_VANITY_DUELIST	0	0.0	0	0
UNIQUE_CAPE_VANITY_FW_COMMANDER	0	0.0	0	0
UNIQUE_CAPE_VANITY_FW_COMMANDER_GUILD_COLORED	0	0.0	0	0
UNIQUE_HEAD_VANITY_RICH_NOBLE_PURPLE	0	0.0	0	245
UNIQUE_ARMOR_VANITY_RICH_NOBLE_PURPLE	0	0.0	0	490
UNIQUE_SHOES_VANITY_RICH_NOBLE_PURPLE	0	0.0	0	245
T8_HEAD_CLOTH_PROTOTYPE	0	1.25	0	4021
T8_HEAD_CLOTH_PROTOTYPE	1	1.5	0	7037
T8_HEAD_CLOTH_PROTOTYPE	2	1.8	0	12315
T8_HEAD_CLOTH_PROTOTYPE	3	2.16	0	21551
T8_HEAD_CLOTH_PROTOTYPE	4	2.52	0	37715
T8_ARMOR_CLOTH_PROTOTYPE	0	2.5	0	8042
T8_ARMOR_CLOTH_PROTOTYPE	1	3.0	0	14074
T8_ARMOR_CLOTH_PROTOTYPE	2	3.6	0	24630
T8_ARMOR_CLOTH_PROTOTYPE	3	4.32	0	43102
T8_ARMOR_CLOTH_PROTOTYPE	4	5.04	0	75429
T8_SHOES_CLOTH_PROTOTYPE	0	1.25	0	4021
T8_SHOES_CLOTH_PROTOTYPE	1	1.5	0	7037
T8_SHOES_CLOTH_PROTOTYPE	2	1.8	0	12315
T8_SHOES_CLOTH_PROTOTYPE	3	2.16	0	21551
T8_SHOES_CLOTH_PROTOTYPE	4	2.52	0	37715
T8_HEAD_LEATHER_PROTOTYPE	0	1.25	0	4021
T8_HEAD_LEATHER_PROTOTYPE	1	1.5	0	7037
T8_HEAD_LEATHER_PROTOTYPE	2	1.8	0	12315
T8_HEAD_LEATHER_PROTOTYPE	3	2.16	0	21551
T8_HEAD_LEATHER_PROTOTYPE	4	2.52	0	37715
T8_ARMOR_LEATHER_PROTOTYPE	0	2.5	0	8042
T8_ARMOR_LEATHER_PROTOTYPE	1	3.0	0	14074
T8_ARMOR_LEATHER_PROTOTYPE	2	3.6	0	24630
T8_ARMOR_LEATHER_PROTOTYPE	3	4.32	0	43102
T8_ARMOR_LEATHER_PROTOTYPE	4	5.04	0	75429
T8_SHOES_LEATHER_PROTOTYPE	0	1.25	0	4021
T8_SHOES_LEATHER_PROTOTYPE	1	1.5	0	7037
T8_SHOES_LEATHER_PROTOTYPE	2	1.8	0	12315
T8_SHOES_LEATHER_PROTOTYPE	3	2.16	0	21551
T8_SHOES_LEATHER_PROTOTYPE	4	2.52	0	37715
T8_HEAD_PLATE_PROTOTYPE	0	1.25	0	4021
T8_HEAD_PLATE_PROTOTYPE	1	1.5	0	7037
T8_HEAD_PLATE_PROTOTYPE	2	1.8	0	12315
T8_HEAD_PLATE_PROTOTYPE	3	2.16	0	21551
T8_HEAD_PLATE_PROTOTYPE	4	2.52	0	37715
T8_ARMOR_PLATE_PROTOTYPE	0	2.5	0	8042
T8_ARMOR_PLATE_PROTOTYPE	1	3.0	0	14074
T8_ARMOR_PLATE_PROTOTYPE	2	3.6	0	24630
T8_ARMOR_PLATE_PROTOTYPE	3	4.32	0	43102
T8_ARMOR_PLATE_PROTOTYPE	4	5.04	0	75429
T8_SHOES_PLATE_PROTOTYPE	0	1.25	0	4021
T8_SHOES_PLATE_PROTOTYPE	1	1.5	0	7037
T8_SHOES_PLATE_PROTOTYPE	2	1.8	0	12315
T8_SHOES_PLATE_PROTOTYPE	3	2.16	0	21551
T8_SHOES_PLATE_PROTOTYPE	4	2.52	0	37715
T1_2H_TOOL_PICK	0	0.16667	0	0
T2_2H_TOOL_PICK	0	0.16667	0	140
T3_2H_TOOL_PICK	0	0.25	0	245
T4_2H_TOOL_PICK	0	0.33333	0	429
T5_2H_TOOL_PICK	0	0.5	0	750
T6_2H_TOOL_PICK	0	0.66667	0	1313
T7_2H_TOOL_PICK	0	0.83333	0	2298
T8_2H_TOOL_PICK	0	1.25	0	4021
T4_2H_TOOL_PICK_AVALON	0	0.33333	0	429
T5_2H_TOOL_PICK_AVALON	0	0.5	0	750
T6_2H_TOOL_PICK_AVALON	0	0.66667	0	1313
T7_2H_TOOL_PICK_AVALON	0	0.83333	0	2298
T8_2H_TOOL_PICK_AVALON	0	1.25	0	4021
T1_2H_TOOL_HAMMER	0	0.16667	0	0
T2_2H_TOOL_HAMMER	0	0.16667	0	140
T3_2H_TOOL_HAMMER	0	0.25	0	245
T4_2H_TOOL_HAMMER	0	0.33333	0	429
T5_2H_TOOL_HAMMER	0	0.5	0	750
T6_2H_TOOL_HAMMER	0	0.66667	0	1313
T7_2H_TOOL_HAMMER	0	0.83333	0	2298
T8_2H_TOOL_HAMMER	0	1.25	0	4021
T4_2H_TOOL_HAMMER_AVALON	0	0.33333	0	429
T5_2H_TOOL_HAMMER_AVALON	0	0.5	0	750
T6_2H_TOOL_HAMMER_AVALON	0	0.66667	0	1313
T7_2H_TOOL_HAMMER_AVALON	0	0.83333	0	2298
T8_2H_TOOL_HAMMER_AVALON	0	1.25	0	4021
T1_2H_TOOL_AXE	0	0.16667	0	0
T2_2H_TOOL_AXE	0	0.16667	0	140
T3_2H_TOOL_AXE	0	0.25	0	245
T4_2H_TOOL_AXE	0	0.33333	0	429
T5_2H_TOOL_AXE	0	0.5	0	750
T6_2H_TOOL_AXE	0	0.66667	0	1313
T7_2H_TOOL_AXE	0	0.83333	0	2298
T8_2H_TOOL_AXE	0	1.25	0	4021
T4_2H_TOOL_AXE_AVALON	0	0.33333	0	429
T5_2H_TOOL_AXE_AVALON	0	0.5	0	750
T6_2H_TOOL_AXE_AVALON	0	0.66667	0	1313
T7_2H_TOOL_AXE_AVALON	0	0.83333	0	2298
T8_2H_TOOL_AXE_AVALON	0	1.25	0	4021
T1_2H_TOOL_SICKLE	0	0.16667	0	0
T2_2H_TOOL_SICKLE	0	0.16667	0	140
T3_2H_TOOL_SICKLE	0	0.25	0	245
T4_2H_TOOL_SICKLE	0	0.33333	0	429
T5_2H_TOOL_SICKLE	0	0.5	0	750
T6_2H_TOOL_SICKLE	0	0.66667	0	1313
T7_2H_TOOL_SICKLE	0	0.83333	0	2298
T8_2H_TOOL_SICKLE	0	1.25	0	4021
T4_2H_TOOL_SICKLE_AVALON	0	0.33333	0	429
T5_2H_TOOL_SICKLE_AVALON	0	0.5	0	750
T6_2H_TOOL_SICKLE_AVALON	0	0.66667	0	1313
T7_2H_TOOL_SICKLE_AVALON	0	0.83333	0	2298
T8_2H_TOOL_SICKLE_AVALON	0	1.25	0	4021
T1_2H_TOOL_KNIFE	0	0.16667	0	0
T2_2H_TOOL_KNIFE	0	0.16667	0	140
T3_2H_TOOL_KNIFE	0	0.25	0	245
T4_2H_TOOL_KNIFE	0	0.33333	0	429
T5_2H_TOOL_KNIFE	0	0.5	0	750
T6_2H_TOOL_KNIFE	0	0.66667	0	1313
T7_2H_TOOL_KNIFE	0	0.83333	0	2298
T8_2H_TOOL_KNIFE	0	1.25	0	4021
T4_2H_TOOL_KNIFE_AVALON	0	0.33333	0	429
T5_2H_TOOL_KNIFE_AVALON	0	0.5	0	750
T6_2H_TOOL_KNIFE_AVALON	0	0.66667	0	1313
T7_2H_TOOL_KNIFE_AVALON	0	0.83333	0	2298
T8_2H_TOOL_KNIFE_AVALON	0	1.25	0	4021
T2_2H_TOOL_SIEGEHAMMER	0	0.33333	0	280
T3_2H_TOOL_SIEGEHAMMER	0	0.5	0	490
T4_2H_TOOL_SIEGEHAMMER	0	0.66667	0	858
T5_2H_TOOL_SIEGEHAMMER	0	1.0	0	1501
T6_2H_TOOL_SIEGEHAMMER	0	1.33333	0	2626
T7_2H_TOOL_SIEGEHAMMER	0	1.66667	0	4596
T8_2H_TOOL_SIEGEHAMMER	0	2.5	0	8042
T4_2H_TOOL_SIEGEHAMMER_AVALON	0	0.66667	0	858
T5_2H_TOOL_SIEGEHAMMER_AVALON	0	1.0	0	1501
T6_2H_TOOL_SIEGEHAMMER_AVALON	0	1.33333	0	2626
T7_2H_TOOL_SIEGEHAMMER_AVALON	0	1.66667	0	4596
T8_2H_TOOL_SIEGEHAMMER_AVALON	0	2.5	0	8042
T3_2H_TOOL_FISHINGROD	0	0.25	0	245
T4_2H_TOOL_FISHINGROD	0	0.33333	0	429
T5_2H_TOOL_FISHINGROD	0	0.5	0	750
T6_2H_TOOL_FISHINGROD	0	0.66667	0	1313
T7_2H_TOOL_FISHINGROD	0	0.83333	0	2298
T8_2H_TOOL_FISHINGROD	0	1.25	0	4021
T4_2H_TOOL_FISHINGROD_AVALON	0	0.33333	0	429
T5_2H_TOOL_FISHINGROD_AVALON	0	0.5	0	750
T6_2H_TOOL_FISHINGROD_AVALON	0	0.66667	0	1313
T7_2H_TOOL_FISHINGROD_AVALON	0	0.83333	0	2298
T8_2H_TOOL_FISHINGROD_AVALON	0	1.25	0	4021
T2_2H_BOW	0	0.667	0	560
T3_2H_BOW	0	1.0	0	980
T4_2H_BOW	0	1.333	0	1715
T4_2H_BOW	1	2.0	0	3001
T4_2H_BOW	2	2.667	0	5252
T4_2H_BOW	3	3.333	0	9191
T4_2H_BOW	4	5.0	0	16085
T5_2H_BOW	0	2.0	0	3001
T5_2H_BOW	1	2.667	0	5252
T5_2H_BOW	2	3.333	0	9191
T5_2H_BOW	3	5.0	0	16085
T5_2H_BOW	4	6.0	0	28148
T6_2H_BOW	0	2.667	0	5252
T6_2H_BOW	1	3.333	0	9191
T6_2H_BOW	2	5.0	0	16085
T6_2H_BOW	3	6.0	0	28148
T6_2H_BOW	4	7.2	0	49260
T7_2H_BOW	0	3.333	0	9191
T7_2H_BOW	1	5.0	0	16085
T7_2H_BOW	2	6.0	0	28148
T7_2H_BOW	3	7.2	0	49260
T7_2H_BOW	4	8.64	0	86205
T8_2H_BOW	0	5.0	0	16085
T8_2H_BOW	1	6.0	0	28148
T8_2H_BOW	2	7.2	0	49260
T8_2H_BOW	3	8.64	0	86205
T8_2H_BOW	4	10.08	0	150858
T4_2H_WARBOW	0	1.333	0	1715
T4_2H_WARBOW	1	2.0	0	3001
T4_2H_WARBOW	2	2.667	0	5252
T4_2H_WARBOW	3	3.333	0	9191
T4_2H_WARBOW	4	5.0	0	16085
T5_2H_WARBOW	0	2.0	0	3001
T5_2H_WARBOW	1	2.667	0	5252
T5_2H_WARBOW	2	3.333	0	9191
T5_2H_WARBOW	3	5.0	0	16085
T5_2H_WARBOW	4	6.0	0	28148
T6_2H_WARBOW	0	2.667	0	5252
T6_2H_WARBOW	1	3.333	0	9191
T6_2H_WARBOW	2	5.0	0	16085
T6_2H_WARBOW	3	6.0	0	28148
T6_2H_WARBOW	4	7.2	0	49260
T7_2H_WARBOW	0	3.333	0	9191
T7_2H_WARBOW	1	5.0	0	16085
T7_2H_WARBOW	2	6.0	0	28148
T7_2H_WARBOW	3	7.2	0	49260
T7_2H_WARBOW	4	8.64	0	86205
T8_2H_WARBOW	0	5.0	0	16085
T8_2H_WARBOW	1	6.0	0	28148
T8_2H_WARBOW	2	7.2	0	49260
T8_2H_WARBOW	3	8.64	0	86205
T8_2H_WARBOW	4	10.08	0	150858
T4_2H_LONGBOW	0	1.333	0	1715
T4_2H_LONGBOW	1	2.0	0	3001
T4_2H_LONGBOW	2	2.667	0	5252
T4_2H_LONGBOW	3	3.333	0	9191
T4_2H_LONGBOW	4	5.0	0	16085
T5_2H_LONGBOW	0	2.0	0	3001
T5_2H_LONGBOW	1	2.667	0	5252
T5_2H_LONGBOW	2	3.333	0	9191
T5_2H_LONGBOW	3	5.0	0	16085
T5_2H_LONGBOW	4	6.0	0	28148
T6_2H_LONGBOW	0	2.667	0	5252
T6_2H_LONGBOW	1	3.333	0	9191
T6_2H_LONGBOW	2	5.0	0	16085
T6_2H_LONGBOW	3	6.0	0	28148
T6_2H_LONGBOW	4	7.2	0	49260
T7_2H_LONGBOW	0	3.333	0	9191
T7_2H_LONGBOW	1	5.0	0	16085
T7_2H_LONGBOW	2	6.0	0	28148
T7_2H_LONGBOW	3	7.2	0	49260
T7_2H_LONGBOW	4	8.64	0	86205
T8_2H_LONGBOW	0	5.0	0	16085
T8_2H_LONGBOW	1	6.0	0	28148
T8_2H_LONGBOW	2	7.2	0	49260
T8_2H_LONGBOW	3	8.64	0	86205
T8_2H_LONGBOW	4	10.08	0	150858
T4_2H_LONGBOW_UNDEAD	0	1.333	0	1715
T4_2H_LONGBOW_UNDEAD	1	2.0	0	3001
T4_2H_LONGBOW_UNDEAD	2	2.667	0	5252
T4_2H_LONGBOW_UNDEAD	3	3.333	0	9191
T4_2H_LONGBOW_UNDEAD	4	5.0	0	16085
T5_2H_LONGBOW_UNDEAD	0	2.0	0	3001
T5_2H_LONGBOW_UNDEAD	1	2.667	0	5252
T5_2H_LONGBOW_UNDEAD	2	3.333	0	9191
T5_2H_LONGBOW_UNDEAD	3	5.0	0	16085
T5_2H_LONGBOW_UNDEAD	4	6.0	0	28148
T6_2H_LONGBOW_UNDEAD	0	2.667	0	5252
T6_2H_LONGBOW_UNDEAD	1	3.333	0	9191
T6_2H_LONGBOW_UNDEAD	2	5.0	0	16085
T6_2H_LONGBOW_UNDEAD	3	6.0	0	28148
T6_2H_LONGBOW_UNDEAD	4	7.2	0	49260
T7_2H_LONGBOW_UNDEAD	0	3.333	0	9191
T7_2H_LONGBOW_UNDEAD	1	5.0	0	16085
T7_2H_LONGBOW_UNDEAD	2	6.0	0	28148
T7_2H_LONGBOW_UNDEAD	3	7.2	0	49260
T7_2H_LONGBOW_UNDEAD	4	8.64	0	86205
T8_2H_LONGBOW_UNDEAD	0	5.0	0	16085
T8_2H_LONGBOW_UNDEAD	1	6.0	0	28148
T8_2H_LONGBOW_UNDEAD	2	7.2	0	49260
T8_2H_LONGBOW_UNDEAD	3	8.64	0	86205
T8_2H_LONGBOW_UNDEAD	4	10.08	0	150858
T4_2H_BOW_HELL	0	1.333	0	1715
T4_2H_BOW_HELL	1	2.0	0	3001
T4_2H_BOW_HELL	2	2.667	0	5252
T4_2H_BOW_HELL	3	3.333	0	9191
T4_2H_BOW_HELL	4	5.0	0	16085
T5_2H_BOW_HELL	0	2.0	0	3001
T5_2H_BOW_HELL	1	2.667	0	5252
T5_2H_BOW_HELL	2	3.333	0	9191
T5_2H_BOW_HELL	3	5.0	0	16085
T5_2H_BOW_HELL	4	6.0	0	28148
T6_2H_BOW_HELL	0	2.667	0	5252
T6_2H_BOW_HELL	1	3.333	0	9191
T6_2H_BOW_HELL	2	5.0	0	16085
T6_2H_BOW_HELL	3	6.0	0	28148
T6_2H_BOW_HELL	4	7.2	0	49260
T7_2H_BOW_HELL	0	3.333	0	9191
T7_2H_BOW_HELL	1	5.0	0	16085
T7_2H_BOW_HELL	2	6.0	0	28148
T7_2H_BOW_HELL	3	7.2	0	49260
T7_2H_BOW_HELL	4	8.64	0	86205
T8_2H_BOW_HELL	0	5.0	0	16085
T8_2H_BOW_HELL	1	6.0	0	28148
T8_2H_BOW_HELL	2	7.2	0	49260
T8_2H_BOW_HELL	3	8.64	0	86205
T8_2H_BOW_HELL	4	10.08	0	150858
T4_2H_BOW_KEEPER	0	1.333	0	1715
T4_2H_BOW_KEEPER	1	2.0	0	3001
T4_2H_BOW_KEEPER	2	2.667	0	5252
T4_2H_BOW_KEEPER	3	3.333	0	9191
T4_2H_BOW_KEEPER	4	5.0	0	16085
T5_2H_BOW_KEEPER	0	2.0	0	3001
T5_2H_BOW_KEEPER	1	2.667	0	5252
T5_2H_BOW_KEEPER	2	3.333	0	9191
T5_2H_BOW_KEEPER	3	5.0	0	16085
T5_2H_BOW_KEEPER	4	6.0	0	28148
T6_2H_BOW_KEEPER	0	2.667	0	5252
T6_2H_BOW_KEEPER	1	3.333	0	9191
T6_2H_BOW_KEEPER	2	5.0	0	16085
T6_2H_BOW_KEEPER	3	6.0	0	28148
T6_2H_BOW_KEEPER	4	7.2	0	49260
T7_2H_BOW_KEEPER	0	3.333	0	9191
T7_2H_BOW_KEEPER	1	5.0	0	16085
T7_2H_BOW_KEEPER	2	6.0	0	28148
T7_2H_BOW_KEEPER	3	7.2	0	49260
T7_2H_BOW_KEEPER	4	8.64	0	86205
T8_2H_BOW_KEEPER	0	5.0	0	16085
T8_2H_BOW_KEEPER	1	6.0	0	28148
T8_2H_BOW_KEEPER	2	7.2	0	49260
T8_2H_BOW_KEEPER	3	8.64	0	86205
T8_2H_BOW_KEEPER	4	10.08	0	150858
T4_2H_BOW_AVALON	0	1.333	0	1715
T4_2H_BOW_AVALON	1	2.0	0	3001
T4_2H_BOW_AVALON	2	2.667	0	5252
T4_2H_BOW_AVALON	3	3.333	0	9191
T4_2H_BOW_AVALON	4	5.0	0	16085
T5_2H_BOW_AVALON	0	2.0	0	3001
T5_2H_BOW_AVALON	1	2.667	0	5252
T5_2H_BOW_AVALON	2	3.333	0	9191
T5_2H_BOW_AVALON	3	5.0	0	16085
T5_2H_BOW_AVALON	4	6.0	0	28148
T6_2H_BOW_AVALON	0	2.667	0	5252
T6_2H_BOW_AVALON	1	3.333	0	9191
T6_2H_BOW_AVALON	2	5.0	0	16085
T6_2H_BOW_AVALON	3	6.0	0	28148
T6_2H_BOW_AVALON	4	7.2	0	49260
T7_2H_BOW_AVALON	0	3.333	0	9191
T7_2H_BOW_AVALON	1	5.0	0	16085
T7_2H_BOW_AVALON	2	6.0	0	28148
T7_2H_BOW_AVALON	3	7.2	0	49260
T7_2H_BOW_AVALON	4	8.64	0	86205
T8_2H_BOW_AVALON	0	5.0	0	16085
T8_2H_BOW_AVALON	1	6.0	0	28148
T8_2H_BOW_AVALON	2	7.2	0	49260
T8_2H_BOW_AVALON	3	8.64	0	86205
T8_2H_BOW_AVALON	4	10.08	0	150858
T4_2H_BOW_CRYSTAL	0	1.333	0	1715
T4_2H_BOW_CRYSTAL	1	2.0	0	3001
T4_2H_BOW_CRYSTAL	2	2.667	0	5252
T4_2H_BOW_CRYSTAL	3	3.333	0	9191
T4_2H_BOW_CRYSTAL	4	5.0	0	16085
T5_2H_BOW_CRYSTAL	0	2.0	0	3001
T5_2H_BOW_CRYSTAL	1	2.667	0	5252
T5_2H_BOW_CRYSTAL	2	3.333	0	9191
T5_2H_BOW_CRYSTAL	3	5.0	0	16085
T5_2H_BOW_CRYSTAL	4	6.0	0	28148
T6_2H_BOW_CRYSTAL	0	2.667	0	5252
T6_2H_BOW_CRYSTAL	1	3.333	0	9191
T6_2H_BOW_CRYSTAL	2	5.0	0	16085
T6_2H_BOW_CRYSTAL	3	6.0	0	28148
T6_2H_BOW_CRYSTAL	4	7.2	0	49260
T7_2H_BOW_CRYSTAL	0	3.333	0	9191
T7_2H_BOW_CRYSTAL	1	5.0	0	16085
T7_2H_BOW_CRYSTAL	2	6.0	0	28148
T7_2H_BOW_CRYSTAL	3	7.2	0	49260
T7_2H_BOW_CRYSTAL	4	8.64	0	86205
T8_2H_BOW_CRYSTAL	0	5.0	0	16085
T8_2H_BOW_CRYSTAL	1	6.0	0	28148
T8_2H_BOW_CRYSTAL	2	7.2	0	49260
T8_2H_BOW_CRYSTAL	3	8.64	0	86205
T8_2H_BOW_CRYSTAL	4	10.08	0	150858
T3_2H_CROSSBOW	0	1.0	0	980
T4_2H_CROSSBOW	0	1.333	0	1715
T4_2H_CROSSBOW	1	2.0	0	3001
T4_2H_CROSSBOW	2	2.667	0	5252
T4_2H_CROSSBOW	3	3.333	0	9191
T4_2H_CROSSBOW	4	5.0	0	16085
T5_2H_CROSSBOW	0	2.0	0	3001
T5_2H_CROSSBOW	1	2.667	0	5252
T5_2H_CROSSBOW	2	3.333	0	9191
T5_2H_CROSSBOW	3	5.0	0	16085
T5_2H_CROSSBOW	4	6.0	0	28148
T6_2H_CROSSBOW	0	2.667	0	5252
T6_2H_CROSSBOW	1	3.333	0	9191
T6_2H_CROSSBOW	2	5.0	0	16085
T6_2H_CROSSBOW	3	6.0	0	28148
T6_2H_CROSSBOW	4	7.2	0	49260
T7_2H_CROSSBOW	0	3.333	0	9191
T7_2H_CROSSBOW	1	5.0	0	16085
T7_2H_CROSSBOW	2	6.0	0	28148
T7_2H_CROSSBOW	3	7.2	0	49260
T7_2H_CROSSBOW	4	8.64	0	86205
T8_2H_CROSSBOW	0	5.0	0	16085
T8_2H_CROSSBOW	1	6.0	0	28148
T8_2H_CROSSBOW	2	7.2	0	49260
T8_2H_CROSSBOW	3	8.64	0	86205
T8_2H_CROSSBOW	4	10.08	0	150858
T4_2H_CROSSBOWLARGE	0	1.333	0	1715
T4_2H_CROSSBOWLARGE	1	2.0	0	3001
T4_2H_CROSSBOWLARGE	2	2.667	0	5252
T4_2H_CROSSBOWLARGE	3	3.333	0	9191
T4_2H_CROSSBOWLARGE	4	5.0	0	16085
T5_2H_CROSSBOWLARGE	0	2.0	0	3001
T5_2H_CROSSBOWLARGE	1	2.667	0	5252
T5_2H_CROSSBOWLARGE	2	3.333	0	9191
T5_2H_CROSSBOWLARGE	3	5.0	0	16085
T5_2H_CROSSBOWLARGE	4	6.0	0	28148
T6_2H_CROSSBOWLARGE	0	2.667	0	5252
T6_2H_CROSSBOWLARGE	1	3.333	0	9191
T6_2H_CROSSBOWLARGE	2	5.0	0	16085
T6_2H_CROSSBOWLARGE	3	6.0	0	28148
T6_2H_CROSSBOWLARGE	4	7.2	0	49260
T7_2H_CROSSBOWLARGE	0	3.333	0	9191
T7_2H_CROSSBOWLARGE	1	5.0	0	16085
T7_2H_CROSSBOWLARGE	2	6.0	0	28148
T7_2H_CROSSBOWLARGE	3	7.2	0	49260
T7_2H_CROSSBOWLARGE	4	8.64	0	86205
T8_2H_CROSSBOWLARGE	0	5.0	0	16085
T8_2H_CROSSBOWLARGE	1	6.0	0	28148
T8_2H_CROSSBOWLARGE	2	7.2	0	49260
T8_2H_CROSSBOWLARGE	3	8.64	0	86205
T8_2H_CROSSBOWLARGE	4	10.08	0	150858
T4_MAIN_1HCROSSBOW	0	1.0	0	1286
T4_MAIN_1HCROSSBOW	1	1.5	0	2251
T4_MAIN_1HCROSSBOW	2	2.0	0	3939
T4_MAIN_1HCROSSBOW	3	2.5	0	6893
T4_MAIN_1HCROSSBOW	4	3.75	0	12064
T5_MAIN_1HCROSSBOW	0	1.5	0	2251
T5_MAIN_1HCROSSBOW	1	2.0	0	3939
T5_MAIN_1HCROSSBOW	2	2.5	0	6893
T5_MAIN_1HCROSSBOW	3	3.75	0	12064
T5_MAIN_1HCROSSBOW	4	4.5	0	21111
T6_MAIN_1HCROSSBOW	0	2.0	0	3939
T6_MAIN_1HCROSSBOW	1	2.5	0	6893
T6_MAIN_1HCROSSBOW	2	3.75	0	12064
T6_MAIN_1HCROSSBOW	3	4.5	0	21111
T6_MAIN_1HCROSSBOW	4	5.4	0	36945
T7_MAIN_1HCROSSBOW	0	2.5	0	6893
T7_MAIN_1HCROSSBOW	1	3.75	0	12064
T7_MAIN_1HCROSSBOW	2	4.5	0	21111
T7_MAIN_1HCROSSBOW	3	5.4	0	36945
T7_MAIN_1HCROSSBOW	4	6.48	0	64653
T8_MAIN_1HCROSSBOW	0	3.75	0	12064
T8_MAIN_1HCROSSBOW	1	4.5	0	21111
T8_MAIN_1HCROSSBOW	2	5.4	0	36945
T8_MAIN_1HCROSSBOW	3	6.48	0	64653
T8_MAIN_1HCROSSBOW	4	7.56	0	113144
T4_2H_REPEATINGCROSSBOW_UNDEAD	0	1.333	0	1715
T4_2H_REPEATINGCROSSBOW_UNDEAD	1	2.0	0	3001
T4_2H_REPEATINGCROSSBOW_UNDEAD	2	2.667	0	5252
T4_2H_REPEATINGCROSSBOW_UNDEAD	3	3.333	0	9191
T4_2H_REPEATINGCROSSBOW_UNDEAD	4	5.0	0	16085
T5_2H_REPEATINGCROSSBOW_UNDEAD	0	2.0	0	3001
T5_2H_REPEATINGCROSSBOW_UNDEAD	1	2.667	0	5252
T5_2H_REPEATINGCROSSBOW_UNDEAD	2	3.333	0	9191
T5_2H_REPEATINGCROSSBOW_UNDEAD	3	5.0	0	16085
T5_2H_REPEATINGCROSSBOW_UNDEAD	4	6.0	0	28148
T6_2H_REPEATINGCROSSBOW_UNDEAD	0	2.667	0	5252
T6_2H_REPEATINGCROSSBOW_UNDEAD	1	3.333	0	9191
T6_2H_REPEATINGCROSSBOW_UNDEAD	2	5.0	0	16085
T6_2H_REPEATINGCROSSBOW_UNDEAD	3	6.0	0	28148
T6_2H_REPEATINGCROSSBOW_UNDEAD	4	7.2	0	49260
T7_2H_REPEATINGCROSSBOW_UNDEAD	0	3.333	0	9191
T7_2H_REPEATINGCROSSBOW_UNDEAD	1	5.0	0	16085
T7_2H_REPEATINGCROSSBOW_UNDEAD	2	6.0	0	28148
T7_2H_REPEATINGCROSSBOW_UNDEAD	3	7.2	0	49260
T7_2H_REPEATINGCROSSBOW_UNDEAD	4	8.64	0	86205
T8_2H_REPEATINGCROSSBOW_UNDEAD	0	5.0	0	16085
T8_2H_REPEATINGCROSSBOW_UNDEAD	1	6.0	0	28148
T8_2H_REPEATINGCROSSBOW_UNDEAD	2	7.2	0	49260
T8_2H_REPEATINGCROSSBOW_UNDEAD	3	8.64	0	86205
T8_2H_REPEATINGCROSSBOW_UNDEAD	4	10.08	0	150858
T4_2H_DUALCROSSBOW_HELL	0	1.333	0	1715
T4_2H_DUALCROSSBOW_HELL	1	2.0	0	3001
T4_2H_DUALCROSSBOW_HELL	2	2.667	0	5252
T4_2H_DUALCROSSBOW_HELL	3	3.333	0	9191
T4_2H_DUALCROSSBOW_HELL	4	5.0	0	16085
T5_2H_DUALCROSSBOW_HELL	0	2.0	0	3001
T5_2H_DUALCROSSBOW_HELL	1	2.667	0	5252
T5_2H_DUALCROSSBOW_HELL	2	3.333	0	9191
T5_2H_DUALCROSSBOW_HELL	3	5.0	0	16085
T5_2H_DUALCROSSBOW_HELL	4	6.0	0	28148
T6_2H_DUALCROSSBOW_HELL	0	2.667	0	5252
T6_2H_DUALCROSSBOW_HELL	1	3.333	0	9191
T6_2H_DUALCROSSBOW_HELL	2	5.0	0	16085
T6_2H_DUALCROSSBOW_HELL	3	6.0	0	28148
T6_2H_DUALCROSSBOW_HELL	4	7.2	0	49260
T7_2H_DUALCROSSBOW_HELL	0	3.333	0	9191
T7_2H_DUALCROSSBOW_HELL	1	5.0	0	16085
T7_2H_DUALCROSSBOW_HELL	2	6.0	0	28148
T7_2H_DUALCROSSBOW_HELL	3	7.2	0	49260
T7_2H_DUALCROSSBOW_HELL	4	8.64	0	86205
T8_2H_DUALCROSSBOW_HELL	0	5.0	0	16085
T8_2H_DUALCROSSBOW_HELL	1	6.0	0	28148
T8_2H_DUALCROSSBOW_HELL	2	7.2	0	49260
T8_2H_DUALCROSSBOW_HELL	3	8.64	0	86205
T8_2H_DUALCROSSBOW_HELL	4	10.08	0	150858
T4_2H_CROSSBOWLARGE_MORGANA	0	1.333	0	1715
T4_2H_CROSSBOWLARGE_MORGANA	1	2.0	0	3001
T4_2H_CROSSBOWLARGE_MORGANA	2	2.667	0	5252
T4_2H_CROSSBOWLARGE_MORGANA	3	3.333	0	9191
T4_2H_CROSSBOWLARGE_MORGANA	4	5.0	0	16085
T5_2H_CROSSBOWLARGE_MORGANA	0	2.0	0	3001
T5_2H_CROSSBOWLARGE_MORGANA	1	2.667	0	5252
T5_2H_CROSSBOWLARGE_MORGANA	2	3.333	0	9191
T5_2H_CROSSBOWLARGE_MORGANA	3	5.0	0	16085
T5_2H_CROSSBOWLARGE_MORGANA	4	6.0	0	28148
T6_2H_CROSSBOWLARGE_MORGANA	0	2.667	0	5252
T6_2H_CROSSBOWLARGE_MORGANA	1	3.333	0	9191
T6_2H_CROSSBOWLARGE_MORGANA	2	5.0	0	16085
T6_2H_CROSSBOWLARGE_MORGANA	3	6.0	0	28148
T6_2H_CROSSBOWLARGE_MORGANA	4	7.2	0	49260
T7_2H_CROSSBOWLARGE_MORGANA	0	3.333	0	9191
T7_2H_CROSSBOWLARGE_MORGANA	1	5.0	0	16085
T7_2H_CROSSBOWLARGE_MORGANA	2	6.0	0	28148
T7_2H_CROSSBOWLARGE_MORGANA	3	7.2	0	49260
T7_2H_CROSSBOWLARGE_MORGANA	4	8.64	0	86205
T8_2H_CROSSBOWLARGE_MORGANA	0	5.0	0	16085
T8_2H_CROSSBOWLARGE_MORGANA	1	6.0	0	28148
T8_2H_CROSSBOWLARGE_MORGANA	2	7.2	0	49260
T8_2H_CROSSBOWLARGE_MORGANA	3	8.64	0	86205
T8_2H_CROSSBOWLARGE_MORGANA	4	10.08	0	150858
T4_2H_CROSSBOW_CANNON_AVALON	0	1.333	0	1715
T4_2H_CROSSBOW_CANNON_AVALON	1	2.0	0	3001
T4_2H_CROSSBOW_CANNON_AVALON	2	2.667	0	5252
T4_2H_CROSSBOW_CANNON_AVALON	3	3.333	0	9191
T4_2H_CROSSBOW_CANNON_AVALON	4	5.0	0	16085
T5_2H_CROSSBOW_CANNON_AVALON	0	2.0	0	3001
T5_2H_CROSSBOW_CANNON_AVALON	1	2.667	0	5252
T5_2H_CROSSBOW_CANNON_AVALON	2	3.333	0	9191
T5_2H_CROSSBOW_CANNON_AVALON	3	5.0	0	16085
T5_2H_CROSSBOW_CANNON_AVALON	4	6.0	0	28148
T6_2H_CROSSBOW_CANNON_AVALON	0	2.667	0	5252
T6_2H_CROSSBOW_CANNON_AVALON	1	3.333	0	9191
T6_2H_CROSSBOW_CANNON_AVALON	2	5.0	0	16085
T6_2H_CROSSBOW_CANNON_AVALON	3	6.0	0	28148
T6_2H_CROSSBOW_CANNON_AVALON	4	7.2	0	49260
T7_2H_CROSSBOW_CANNON_AVALON	0	3.333	0	9191
T7_2H_CROSSBOW_CANNON_AVALON	1	5.0	0	16085
T7_2H_CROSSBOW_CANNON_AVALON	2	6.0	0	28148
T7_2H_CROSSBOW_CANNON_AVALON	3	7.2	0	49260
T7_2H_CROSSBOW_CANNON_AVALON	4	8.64	0	86205
T8_2H_CROSSBOW_CANNON_AVALON	0	5.0	0	16085
T8_2H_CROSSBOW_CANNON_AVALON	1	6.0	0	28148
T8_2H_CROSSBOW_CANNON_AVALON	2	7.2	0	49260
T8_2H_CROSSBOW_CANNON_AVALON	3	8.64	0	86205
T8_2H_CROSSBOW_CANNON_AVALON	4	10.08	0	150858
T4_2H_DUALCROSSBOW_CRYSTAL	0	1.333	0	1715
T4_2H_DUALCROSSBOW_CRYSTAL	1	2.0	0	3001
T4_2H_DUALCROSSBOW_CRYSTAL	2	2.667	0	5252
T4_2H_DUALCROSSBOW_CRYSTAL	3	3.333	0	9191
T4_2H_DUALCROSSBOW_CRYSTAL	4	5.0	0	16085
T5_2H_DUALCROSSBOW_CRYSTAL	0	2.0	0	3001
T5_2H_DUALCROSSBOW_CRYSTAL	1	2.667	0	5252
T5_2H_DUALCROSSBOW_CRYSTAL	2	3.333	0	9191
T5_2H_DUALCROSSBOW_CRYSTAL	3	5.0	0	16085
T5_2H_DUALCROSSBOW_CRYSTAL	4	6.0	0	28148
T6_2H_DUALCROSSBOW_CRYSTAL	0	2.667	0	5252
T6_2H_DUALCROSSBOW_CRYSTAL	1	3.333	0	9191
T6_2H_DUALCROSSBOW_CRYSTAL	2	5.0	0	16085
T6_2H_DUALCROSSBOW_CRYSTAL	3	6.0	0	28148
T6_2H_DUALCROSSBOW_CRYSTAL	4	7.2	0	49260
T7_2H_DUALCROSSBOW_CRYSTAL	0	3.333	0	9191
T7_2H_DUALCROSSBOW_CRYSTAL	1	5.0	0	16085
T7_2H_DUALCROSSBOW_CRYSTAL	2	6.0	0	28148
T7_2H_DUALCROSSBOW_CRYSTAL	3	7.2	0	49260
T7_2H_DUALCROSSBOW_CRYSTAL	4	8.64	0	86205
T8_2H_DUALCROSSBOW_CRYSTAL	0	5.0	0	16085
T8_2H_DUALCROSSBOW_CRYSTAL	1	6.0	0	28148
T8_2H_DUALCROSSBOW_CRYSTAL	2	7.2	0	49260
T8_2H_DUALCROSSBOW_CRYSTAL	3	8.64	0	86205
T8_2H_DUALCROSSBOW_CRYSTAL	4	10.08	0	150858
T3_MAIN_CURSEDSTAFF	0	0.75	0	735
T4_MAIN_CURSEDSTAFF	0	1.0	0	1286
T4_MAIN_CURSEDSTAFF	1	1.5	0	2251
T4_MAIN_CURSEDSTAFF	2	2.0	0	3939
T4_MAIN_CURSEDSTAFF	3	2.5	0	6893
T4_MAIN_CURSEDSTAFF	4	3.75	0	12064
T5_MAIN_CURSEDSTAFF	0	1.5	0	2251
T5_MAIN_CURSEDSTAFF	1	2.0	0	3939
T5_MAIN_CURSEDSTAFF	2	2.5	0	6893
T5_MAIN_CURSEDSTAFF	3	3.75	0	12064
T5_MAIN_CURSEDSTAFF	4	4.5	0	21111
T6_MAIN_CURSEDSTAFF	0	2.0	0	3939
T6_MAIN_CURSEDSTAFF	1	2.5	0	6893
T6_MAIN_CURSEDSTAFF	2	3.75	0	12064
T6_MAIN_CURSEDSTAFF	3	4.5	0	21111
T6_MAIN_CURSEDSTAFF	4	5.4	0	36945
T7_MAIN_CURSEDSTAFF	0	2.5	0	6893
T7_MAIN_CURSEDSTAFF	1	3.75	0	12064
T7_MAIN_CURSEDSTAFF	2	4.5	0	21111
T7_MAIN_CURSEDSTAFF	3	5.4	0	36945
T7_MAIN_CURSEDSTAFF	4	6.48	0	64653
T8_MAIN_CURSEDSTAFF	0	3.75	0	12064
T8_MAIN_CURSEDSTAFF	1	4.5	0	21111
T8_MAIN_CURSEDSTAFF	2	5.4	0	36945
T8_MAIN_CURSEDSTAFF	3	6.48	0	64653
T8_MAIN_CURSEDSTAFF	4	7.56	0	113144
T4_2H_CURSEDSTAFF	0	1.333	0	1715
T4_2H_CURSEDSTAFF	1	2.0	0	3001
T4_2H_CURSEDSTAFF	2	2.667	0	5252
T4_2H_CURSEDSTAFF	3	3.333	0	9191
T4_2H_CURSEDSTAFF	4	5.0	0	16085
T5_2H_CURSEDSTAFF	0	2.0	0	3001
T5_2H_CURSEDSTAFF	1	2.667	0	5252
T5_2H_CURSEDSTAFF	2	3.333	0	9191
T5_2H_CURSEDSTAFF	3	5.0	0	16085
T5_2H_CURSEDSTAFF	4	6.0	0	28148
T6_2H_CURSEDSTAFF	0	2.667	0	5252
T6_2H_CURSEDSTAFF	1	3.333	0	9191
T6_2H_CURSEDSTAFF	2	5.0	0	16085
T6_2H_CURSEDSTAFF	3	6.0	0	28148
T6_2H_CURSEDSTAFF	4	7.2	0	49260
T7_2H_CURSEDSTAFF	0	3.333	0	9191
T7_2H_CURSEDSTAFF	1	5.0	0	16085
T7_2H_CURSEDSTAFF	2	6.0	0	28148
T7_2H_CURSEDSTAFF	3	7.2	0	49260
T7_2H_CURSEDSTAFF	4	8.64	0	86205
T8_2H_CURSEDSTAFF	0	5.0	0	16085
T8_2H_CURSEDSTAFF	1	6.0	0	28148
T8_2H_CURSEDSTAFF	2	7.2	0	49260
T8_2H_CURSEDSTAFF	3	8.64	0	86205
T8_2H_CURSEDSTAFF	4	10.08	0	150858
T4_2H_DEMONICSTAFF	0	1.333	0	1715
T4_2H_DEMONICSTAFF	1	2.0	0	3001
T4_2H_DEMONICSTAFF	2	2.667	0	5252
T4_2H_DEMONICSTAFF	3	3.333	0	9191
T4_2H_DEMONICSTAFF	4	5.0	0	16085
T5_2H_DEMONICSTAFF	0	2.0	0	3001
T5_2H_DEMONICSTAFF	1	2.667	0	5252
T5_2H_DEMONICSTAFF	2	3.333	0	9191
T5_2H_DEMONICSTAFF	3	5.0	0	16085
T5_2H_DEMONICSTAFF	4	6.0	0	28148
T6_2H_DEMONICSTAFF	0	2.667	0	5252
T6_2H_DEMONICSTAFF	1	3.333	0	9191
T6_2H_DEMONICSTAFF	2	5.0	0	16085
T6_2H_DEMONICSTAFF	3	6.0	0	28148
T6_2H_DEMONICSTAFF	4	7.2	0	49260
T7_2H_DEMONICSTAFF	0	3.333	0	9191
T7_2H_DEMONICSTAFF	1	5.0	0	16085
T7_2H_DEMONICSTAFF	2	6.0	0	28148
T7_2H_DEMONICSTAFF	3	7.2	0	49260
T7_2H_DEMONICSTAFF	4	8.64	0	86205
T8_2H_DEMONICSTAFF	0	5.0	0	16085
T8_2H_DEMONICSTAFF	1	6.0	0	28148
T8_2H_DEMONICSTAFF	2	7.2	0	49260
T8_2H_DEMONICSTAFF	3	8.64	0	86205
T8_2H_DEMONICSTAFF	4	10.08	0	150858
T4_MAIN_CURSEDSTAFF_UNDEAD	0	1.0	0	1286
T4_MAIN_CURSEDSTAFF_UNDEAD	1	1.5	0	2251
T4_MAIN_CURSEDSTAFF_UNDEAD	2	2.0	0	3939
T4_MAIN_CURSEDSTAFF_UNDEAD	3	2.5	0	6893
T4_MAIN_CURSEDSTAFF_UNDEAD	4	3.75	0	12064
T5_MAIN_CURSEDSTAFF_UNDEAD	0	1.5	0	2251
T5_MAIN_CURSEDSTAFF_UNDEAD	1	2.0	0	3939
T5_MAIN_CURSEDSTAFF_UNDEAD	2	2.5	0	6893
T5_MAIN_CURSEDSTAFF_UNDEAD	3	3.75	0	12064
T5_MAIN_CURSEDSTAFF_UNDEAD	4	4.5	0	21111
T6_MAIN_CURSEDSTAFF_UNDEAD	0	2.0	0	3939
T6_MAIN_CURSEDSTAFF_UNDEAD	1	2.5	0	6893
T6_MAIN_CURSEDSTAFF_UNDEAD	2	3.75	0	12064
T6_MAIN_CURSEDSTAFF_UNDEAD	3	4.5	0	21111
T6_MAIN_CURSEDSTAFF_UNDEAD	4	5.4	0	36945
T7_MAIN_CURSEDSTAFF_UNDEAD	0	2.5	0	6893
T7_MAIN_CURSEDSTAFF_UNDEAD	1	3.75	0	12064
T7_MAIN_CURSEDSTAFF_UNDEAD	2	4.5	0	21111
T7_MAIN_CURSEDSTAFF_UNDEAD	3	5.4	0	36945
T7_MAIN_CURSEDSTAFF_UNDEAD	4	6.48	0	64653
T8_MAIN_CURSEDSTAFF_UNDEAD	0	3.75	0	12064
T8_MAIN_CURSEDSTAFF_UNDEAD	1	4.5	0	21111
T8_MAIN_CURSEDSTAFF_UNDEAD	2	5.4	0	36945
T8_MAIN_CURSEDSTAFF_UNDEAD	3	6.48	0	64653
T8_MAIN_CURSEDSTAFF_UNDEAD	4	7.56	0	113144
T4_2H_SKULLORB_HELL	0	1.333	0	1715
T4_2H_SKULLORB_HELL	1	2.0	0	3001
T4_2H_SKULLORB_HELL	2	2.667	0	5252
T4_2H_SKULLORB_HELL	3	3.333	0	9191
T4_2H_SKULLORB_HELL	4	5.0	0	16085
T5_2H_SKULLORB_HELL	0	2.0	0	3001
T5_2H_SKULLORB_HELL	1	2.667	0	5252
T5_2H_SKULLORB_HELL	2	3.333	0	9191
T5_2H_SKULLORB_HELL	3	5.0	0	16085
T5_2H_SKULLORB_HELL	4	6.0	0	28148
T6_2H_SKULLORB_HELL	0	2.667	0	5252
T6_2H_SKULLORB_HELL	1	3.333	0	9191
T6_2H_SKULLORB_HELL	2	5.0	0	16085
T6_2H_SKULLORB_HELL	3	6.0	0	28148
T6_2H_SKULLORB_HELL	4	7.2	0	49260
T7_2H_SKULLORB_HELL	0	3.333	0	9191
T7_2H_SKULLORB_HELL	1	5.0	0	16085
T7_2H_SKULLORB_HELL	2	6.0	0	28148
T7_2H_SKULLORB_HELL	3	7.2	0	49260
T7_2H_SKULLORB_HELL	4	8.64	0	86205
T8_2H_SKULLORB_HELL	0	5.0	0	16085
T8_2H_SKULLORB_HELL	1	6.0	0	28148
T8_2H_SKULLORB_HELL	2	7.2	0	49260
T8_2H_SKULLORB_HELL	3	8.64	0	86205
T8_2H_SKULLORB_HELL	4	10.08	0	150858
T4_2H_CURSEDSTAFF_MORGANA	0	1.333	0	1715
T4_2H_CURSEDSTAFF_MORGANA	1	2.0	0	3001
T4_2H_CURSEDSTAFF_MORGANA	2	2.667	0	5252
T4_2H_CURSEDSTAFF_MORGANA	3	3.333	0	9191
T4_2H_CURSEDSTAFF_MORGANA	4	5.0	0	16085
T5_2H_CURSEDSTAFF_MORGANA	0	2.0	0	3001
T5_2H_CURSEDSTAFF_MORGANA	1	2.667	0	5252
T5_2H_CURSEDSTAFF_MORGANA	2	3.333	0	9191
T5_2H_CURSEDSTAFF_MORGANA	3	5.0	0	16085
T5_2H_CURSEDSTAFF_MORGANA	4	6.0	0	28148
T6_2H_CURSEDSTAFF_MORGANA	0	2.667	0	5252
T6_2H_CURSEDSTAFF_MORGANA	1	3.333	0	9191
T6_2H_CURSEDSTAFF_MORGANA	2	5.0	0	16085
T6_2H_CURSEDSTAFF_MORGANA	3	6.0	0	28148
T6_2H_CURSEDSTAFF_MORGANA	4	7.2	0	49260
T7_2H_CURSEDSTAFF_MORGANA	0	3.333	0	9191
T7_2H_CURSEDSTAFF_MORGANA	1	5.0	0	16085
T7_2H_CURSEDSTAFF_MORGANA	2	6.0	0	28148
T7_2H_CURSEDSTAFF_MORGANA	3	7.2	0	49260
T7_2H_CURSEDSTAFF_MORGANA	4	8.64	0	86205
T8_2H_CURSEDSTAFF_MORGANA	0	5.0	0	16085
T8_2H_CURSEDSTAFF_MORGANA	1	6.0	0	28148
T8_2H_CURSEDSTAFF_MORGANA	2	7.2	0	49260
T8_2H_CURSEDSTAFF_MORGANA	3	8.64	0	86205
T8_2H_CURSEDSTAFF_MORGANA	4	10.08	0	150858
T4_MAIN_CURSEDSTAFF_AVALON	0	1.0	0	1286
T4_MAIN_CURSEDSTAFF_AVALON	1	1.5	0	2251
T4_MAIN_CURSEDSTAFF_AVALON	2	2.0	0	3939
T4_MAIN_CURSEDSTAFF_AVALON	3	2.5	0	6893
T4_MAIN_CURSEDSTAFF_AVALON	4	3.75	0	12064
T5_MAIN_CURSEDSTAFF_AVALON	0	1.5	0	2251
T5_MAIN_CURSEDSTAFF_AVALON	1	2.0	0	3939
T5_MAIN_CURSEDSTAFF_AVALON	2	2.5	0	6893
T5_MAIN_CURSEDSTAFF_AVALON	3	3.75	0	12064
T5_MAIN_CURSEDSTAFF_AVALON	4	4.5	0	21111
T6_MAIN_CURSEDSTAFF_AVALON	0	2.0	0	3939
T6_MAIN_CURSEDSTAFF_AVALON	1	2.5	0	6893
T6_MAIN_CURSEDSTAFF_AVALON	2	3.75	0	12064
T6_MAIN_CURSEDSTAFF_AVALON	3	4.5	0	21111
T6_MAIN_CURSEDSTAFF_AVALON	4	5.4	0	36945
T7_MAIN_CURSEDSTAFF_AVALON	0	2.5	0	6893
T7_MAIN_CURSEDSTAFF_AVALON	1	3.75	0	12064
T7_MAIN_CURSEDSTAFF_AVALON	2	4.5	0	21111
T7_MAIN_CURSEDSTAFF_AVALON	3	5.4	0	36945
T7_MAIN_CURSEDSTAFF_AVALON	4	6.48	0	64653
T8_MAIN_CURSEDSTAFF_AVALON	0	3.75	0	12064
T8_MAIN_CURSEDSTAFF_AVALON	1	4.5	0	21111
T8_MAIN_CURSEDSTAFF_AVALON	2	5.4	0	36945
T8_MAIN_CURSEDSTAFF_AVALON	3	6.48	0	64653
T8_MAIN_CURSEDSTAFF_AVALON	4	7.56	0	113144
T4_MAIN_CURSEDSTAFF_CRYSTAL	0	1.0	0	1286
T4_MAIN_CURSEDSTAFF_CRYSTAL	1	1.5	0	2251
T4_MAIN_CURSEDSTAFF_CRYSTAL	2	2.0	0	3939
T4_MAIN_CURSEDSTAFF_CRYSTAL	3	2.5	0	6893
T4_MAIN_CURSEDSTAFF_CRYSTAL	4	3.75	0	12064
T5_MAIN_CURSEDSTAFF_CRYSTAL	0	1.5	0	2251
T5_MAIN_CURSEDSTAFF_CRYSTAL	1	2.0	0	3939
T5_MAIN_CURSEDSTAFF_CRYSTAL	2	2.5	0	6893
T5_MAIN_CURSEDSTAFF_CRYSTAL	3	3.75	0	12064
T5_MAIN_CURSEDSTAFF_CRYSTAL	4	4.5	0	21111
T6_MAIN_CURSEDSTAFF_CRYSTAL	0	2.0	0	3939
T6_MAIN_CURSEDSTAFF_CRYSTAL	1	2.5	0	6893
T6_MAIN_CURSEDSTAFF_CRYSTAL	2	3.75	0	12064
T6_MAIN_CURSEDSTAFF_CRYSTAL	3	4.5	0	21111
T6_MAIN_CURSEDSTAFF_CRYSTAL	4	5.4	0	36945
T7_MAIN_CURSEDSTAFF_CRYSTAL	0	2.5	0	6893
T7_MAIN_CURSEDSTAFF_CRYSTAL	1	3.75	0	12064
T7_MAIN_CURSEDSTAFF_CRYSTAL	2	4.5	0	21111
T7_MAIN_CURSEDSTAFF_CRYSTAL	3	5.4	0	36945
T7_MAIN_CURSEDSTAFF_CRYSTAL	4	6.48	0	64653
T8_MAIN_CURSEDSTAFF_CRYSTAL	0	3.75	0	12064
T8_MAIN_CURSEDSTAFF_CRYSTAL	1	4.5	0	21111
T8_MAIN_CURSEDSTAFF_CRYSTAL	2	5.4	0	36945
T8_MAIN_CURSEDSTAFF_CRYSTAL	3	6.48	0	64653
T8_MAIN_CURSEDSTAFF_CRYSTAL	4	7.56	0	113144
T2_MAIN_FIRESTAFF	0	0.5	0	420
T3_MAIN_FIRESTAFF	0	0.75	0	735
T4_MAIN_FIRESTAFF	0	1.0	0	1286
T4_MAIN_FIRESTAFF	1	1.5	0	2251
T4_MAIN_FIRESTAFF	2	2.0	0	3939
T4_MAIN_FIRESTAFF	3	2.5	0	6893
T4_MAIN_FIRESTAFF	4	3.75	0	12064
T5_MAIN_FIRESTAFF	0	1.5	0	2251
T5_MAIN_FIRESTAFF	1	2.0	0	3939
T5_MAIN_FIRESTAFF	2	2.5	0	6893
T5_MAIN_FIRESTAFF	3	3.75	0	12064
T5_MAIN_FIRESTAFF	4	4.5	0	21111
T6_MAIN_FIRESTAFF	0	2.0	0	3939
T6_MAIN_FIRESTAFF	1	2.5	0	6893
T6_MAIN_FIRESTAFF	2	3.75	0	12064
T6_MAIN_FIRESTAFF	3	4.5	0	21111
T6_MAIN_FIRESTAFF	4	5.4	0	36945
T7_MAIN_FIRESTAFF	0	2.5	0	6893
T7_MAIN_FIRESTAFF	1	3.75	0	12064
T7_MAIN_FIRESTAFF	2	4.5	0	21111
T7_MAIN_FIRESTAFF	3	5.4	0	36945
T7_MAIN_FIRESTAFF	4	6.48	0	64653
T8_MAIN_FIRESTAFF	0	3.75	0	12064
T8_MAIN_FIRESTAFF	1	4.5	0	21111
T8_MAIN_FIRESTAFF	2	5.4	0	36945
T8_MAIN_FIRESTAFF	3	6.48	0	64653
T8_MAIN_FIRESTAFF	4	7.56	0	113144
T4_2H_FIRESTAFF	0	1.333	0	1715
T4_2H_FIRESTAFF	1	2.0	0	3001
T4_2H_FIRESTAFF	2	2.667	0	5252
T4_2H_FIRESTAFF	3	3.333	0	9191
T4_2H_FIRESTAFF	4	5.0	0	16085
T5_2H_FIRESTAFF	0	2.0	0	3001
T5_2H_FIRESTAFF	1	2.667	0	5252
T5_2H_FIRESTAFF	2	3.333	0	9191
T5_2H_FIRESTAFF	3	5.0	0	16085
T5_2H_FIRESTAFF	4	6.0	0	28148
T6_2H_FIRESTAFF	0	2.667	0	5252
T6_2H_FIRESTAFF	1	3.333	0	9191
T6_2H_FIRESTAFF	2	5.0	0	16085
T6_2H_FIRESTAFF	3	6.0	0	28148
T6_2H_FIRESTAFF	4	7.2	0	49260
T7_2H_FIRESTAFF	0	3.333	0	9191
T7_2H_FIRESTAFF	1	5.0	0	16085
T7_2H_FIRESTAFF	2	6.0	0	28148
T7_2H_FIRESTAFF	3	7.2	0	49260
T7_2H_FIRESTAFF	4	8.64	0	86205
T8_2H_FIRESTAFF	0	5.0	0	16085
T8_2H_FIRESTAFF	1	6.0	0	28148
T8_2H_FIRESTAFF	2	7.2	0	49260
T8_2H_FIRESTAFF	3	8.64	0	86205
T8_2H_FIRESTAFF	4	10.08	0	150858
T4_2H_INFERNOSTAFF	0	1.333	0	1715
T4_2H_INFERNOSTAFF	1	2.0	0	3001
T4_2H_INFERNOSTAFF	2	2.667	0	5252
T4_2H_INFERNOSTAFF	3	3.333	0	9191
T4_2H_INFERNOSTAFF	4	5.0	0	16085
T5_2H_INFERNOSTAFF	0	2.0	0	3001
T5_2H_INFERNOSTAFF	1	2.667	0	5252
T5_2H_INFERNOSTAFF	2	3.333	0	9191
T5_2H_INFERNOSTAFF	3	5.0	0	16085
T5_2H_INFERNOSTAFF	4	6.0	0	28148
T6_2H_INFERNOSTAFF	0	2.667	0	5252
T6_2H_INFERNOSTAFF	1	3.333	0	9191
T6_2H_INFERNOSTAFF	2	5.0	0	16085
T6_2H_INFERNOSTAFF	3	6.0	0	28148
T6_2H_INFERNOSTAFF	4	7.2	0	49260
T7_2H_INFERNOSTAFF	0	3.333	0	9191
T7_2H_INFERNOSTAFF	1	5.0	0	16085
T7_2H_INFERNOSTAFF	2	6.0	0	28148
T7_2H_INFERNOSTAFF	3	7.2	0	49260
T7_2H_INFERNOSTAFF	4	8.64	0	86205
T8_2H_INFERNOSTAFF	0	5.0	0	16085
T8_2H_INFERNOSTAFF	1	6.0	0	28148
T8_2H_INFERNOSTAFF	2	7.2	0	49260
T8_2H_INFERNOSTAFF	3	8.64	0	86205
T8_2H_INFERNOSTAFF	4	10.08	0	150858
T4_MAIN_FIRESTAFF_KEEPER	0	1.0	0	1286
T4_MAIN_FIRESTAFF_KEEPER	1	1.5	0	2251
T4_MAIN_FIRESTAFF_KEEPER	2	2.0	0	3939
T4_MAIN_FIRESTAFF_KEEPER	3	2.5	0	6893
T4_MAIN_FIRESTAFF_KEEPER	4	3.75	0	12064
T5_MAIN_FIRESTAFF_KEEPER	0	1.5	0	2251
T5_MAIN_FIRESTAFF_KEEPER	1	2.0	0	3939
T5_MAIN_FIRESTAFF_KEEPER	2	2.5	0	6893
T5_MAIN_FIRESTAFF_KEEPER	3	3.75	0	12064
T5_MAIN_FIRESTAFF_KEEPER	4	4.5	0	21111
T6_MAIN_FIRESTAFF_KEEPER	0	2.0	0	3939
T6_MAIN_FIRESTAFF_KEEPER	1	2.5	0	6893
T6_MAIN_FIRESTAFF_KEEPER	2	3.75	0	12064
T6_MAIN_FIRESTAFF_KEEPER	3	4.5	0	21111
T6_MAIN_FIRESTAFF_KEEPER	4	5.4	0	36945
T7_MAIN_FIRESTAFF_KEEPER	0	2.5	0	6893
T7_MAIN_FIRESTAFF_KEEPER	1	3.75	0	12064
T7_MAIN_FIRESTAFF_KEEPER	2	4.5	0	21111
T7_MAIN_FIRESTAFF_KEEPER	3	5.4	0	36945
T7_MAIN_FIRESTAFF_KEEPER	4	6.48	0	64653
T8_MAIN_FIRESTAFF_KEEPER	0	3.75	0	12064
T8_MAIN_FIRESTAFF_KEEPER	1	4.5	0	21111
T8_MAIN_FIRESTAFF_KEEPER	2	5.4	0	36945
T8_MAIN_FIRESTAFF_KEEPER	3	6.48	0	64653
T8_MAIN_FIRESTAFF_KEEPER	4	7.56	0	113144
T4_2H_FIRESTAFF_HELL	0	1.333	0	1715
T4_2H_FIRESTAFF_HELL	1	2.0	0	3001
T4_2H_FIRESTAFF_HELL	2	2.667	0	5252
T4_2H_FIRESTAFF_HELL	3	3.333	0	9191
T4_2H_FIRESTAFF_HELL	4	5.0	0	16085
T5_2H_FIRESTAFF_HELL	0	2.0	0	3001
T5_2H_FIRESTAFF_HELL	1	2.667	0	5252
T5_2H_FIRESTAFF_HELL	2	3.333	0	9191
T5_2H_FIRESTAFF_HELL	3	5.0	0	16085
T5_2H_FIRESTAFF_HELL	4	6.0	0	28148
T6_2H_FIRESTAFF_HELL	0	2.667	0	5252
T6_2H_FIRESTAFF_HELL	1	3.333	0	9191
T6_2H_FIRESTAFF_HELL	2	5.0	0	16085
T6_2H_FIRESTAFF_HELL	3	6.0	0	28148
T6_2H_FIRESTAFF_HELL	4	7.2	0	49260
T7_2H_FIRESTAFF_HELL	0	3.333	0	9191
T7_2H_FIRESTAFF_HELL	1	5.0	0	16085
T7_2H_FIRESTAFF_HELL	2	6.0	0	28148
T7_2H_FIRESTAFF_HELL	3	7.2	0	49260
T7_2H_FIRESTAFF_HELL	4	8.64	0	86205
T8_2H_FIRESTAFF_HELL	0	5.0	0	16085
T8_2H_FIRESTAFF_HELL	1	6.0	0	28148
T8_2H_FIRESTAFF_HELL	2	7.2	0	49260
T8_2H_FIRESTAFF_HELL	3	8.64	0	86205
T8_2H_FIRESTAFF_HELL	4	10.08	0	150858
T4_2H_INFERNOSTAFF_MORGANA	0	1.333	0	1715
T4_2H_INFERNOSTAFF_MORGANA	1	2.0	0	3001
T4_2H_INFERNOSTAFF_MORGANA	2	2.667	0	5252
T4_2H_INFERNOSTAFF_MORGANA	3	3.333	0	9191
T4_2H_INFERNOSTAFF_MORGANA	4	5.0	0	16085
T5_2H_INFERNOSTAFF_MORGANA	0	2.0	0	3001
T5_2H_INFERNOSTAFF_MORGANA	1	2.667	0	5252
T5_2H_INFERNOSTAFF_MORGANA	2	3.333	0	9191
T5_2H_INFERNOSTAFF_MORGANA	3	5.0	0	16085
T5_2H_INFERNOSTAFF_MORGANA	4	6.0	0	28148
T6_2H_INFERNOSTAFF_MORGANA	0	2.667	0	5252
T6_2H_INFERNOSTAFF_MORGANA	1	3.333	0	9191
T6_2H_INFERNOSTAFF_MORGANA	2	5.0	0	16085
T6_2H_INFERNOSTAFF_MORGANA	3	6.0	0	28148
T6_2H_INFERNOSTAFF_MORGANA	4	7.2	0	49260
T7_2H_INFERNOSTAFF_MORGANA	0	3.333	0	9191
T7_2H_INFERNOSTAFF_MORGANA	1	5.0	0	16085
T7_2H_INFERNOSTAFF_MORGANA	2	6.0	0	28148
T7_2H_INFERNOSTAFF_MORGANA	3	7.2	0	49260
T7_2H_INFERNOSTAFF_MORGANA	4	8.64	0	86205
T8_2H_INFERNOSTAFF_MORGANA	0	5.0	0	16085
T8_2H_INFERNOSTAFF_MORGANA	1	6.0	0	28148
T8_2H_INFERNOSTAFF_MORGANA	2	7.2	0	49260
T8_2H_INFERNOSTAFF_MORGANA	3	8.64	0	86205
T8_2H_INFERNOSTAFF_MORGANA	4	10.08	0	150858
T4_2H_FIRE_RINGPAIR_AVALON	0	1.333	0	1715
T4_2H_FIRE_RINGPAIR_AVALON	1	2.0	0	3001
T4_2H_FIRE_RINGPAIR_AVALON	2	2.667	0	5252
T4_2H_FIRE_RINGPAIR_AVALON	3	3.333	0	9191
T4_2H_FIRE_RINGPAIR_AVALON	4	5.0	0	16085
T5_2H_FIRE_RINGPAIR_AVALON	0	2.0	0	3001
T5_2H_FIRE_RINGPAIR_AVALON	1	2.667	0	5252
T5_2H_FIRE_RINGPAIR_AVALON	2	3.333	0	9191
T5_2H_FIRE_RINGPAIR_AVALON	3	5.0	0	16085
T5_2H_FIRE_RINGPAIR_AVALON	4	6.0	0	28148
T6_2H_FIRE_RINGPAIR_AVALON	0	2.667	0	5252
T6_2H_FIRE_RINGPAIR_AVALON	1	3.333	0	9191
T6_2H_FIRE_RINGPAIR_AVALON	2	5.0	0	16085
T6_2H_FIRE_RINGPAIR_AVALON	3	6.0	0	28148
T6_2H_FIRE_RINGPAIR_AVALON	4	7.2	0	49260
T7_2H_FIRE_RINGPAIR_AVALON	0	3.333	0	9191
T7_2H_FIRE_RINGPAIR_AVALON	1	5.0	0	16085
T7_2H_FIRE_RINGPAIR_AVALON	2	6.0	0	28148
T7_2H_FIRE_RINGPAIR_AVALON	3	7.2	0	49260
T7_2H_FIRE_RINGPAIR_AVALON	4	8.64	0	86205
T8_2H_FIRE_RINGPAIR_AVALON	0	5.0	0	16085
T8_2H_FIRE_RINGPAIR_AVALON	1	6.0	0	28148
T8_2H_FIRE_RINGPAIR_AVALON	2	7.2	0	49260
T8_2H_FIRE_RINGPAIR_AVALON	3	8.64	0	86205
T8_2H_FIRE_RINGPAIR_AVALON	4	10.08	0	150858
T4_MAIN_FIRESTAFF_CRYSTAL	0	1.0	0	1286
T4_MAIN_FIRESTAFF_CRYSTAL	1	1.5	0	2251
T4_MAIN_FIRESTAFF_CRYSTAL	2	2.0	0	3939
T4_MAIN_FIRESTAFF_CRYSTAL	3	2.5	0	6893
T4_MAIN_FIRESTAFF_CRYSTAL	4	3.75	0	12064
T5_MAIN_FIRESTAFF_CRYSTAL	0	1.5	0	2251
T5_MAIN_FIRESTAFF_CRYSTAL	1	2.0	0	3939
T5_MAIN_FIRESTAFF_CRYSTAL	2	2.5	0	6893
T5_MAIN_FIRESTAFF_CRYSTAL	3	3.75	0	12064
T5_MAIN_FIRESTAFF_CRYSTAL	4	4.5	0	21111
T6_MAIN_FIRESTAFF_CRYSTAL	0	2.0	0	3939
T6_MAIN_FIRESTAFF_CRYSTAL	1	2.5	0	6893
T6_MAIN_FIRESTAFF_CRYSTAL	2	3.75	0	12064
T6_MAIN_FIRESTAFF_CRYSTAL	3	4.5	0	21111
T6_MAIN_FIRESTAFF_CRYSTAL	4	5.4	0	36945
T7_MAIN_FIRESTAFF_CRYSTAL	0	2.5	0	6893
T7_MAIN_FIRESTAFF_CRYSTAL	1	3.75	0	12064
T7_MAIN_FIRESTAFF_CRYSTAL	2	4.5	0	21111
T7_MAIN_FIRESTAFF_CRYSTAL	3	5.4	0	36945
T7_MAIN_FIRESTAFF_CRYSTAL	4	6.48	0	64653
T8_MAIN_FIRESTAFF_CRYSTAL	0	3.75	0	12064
T8_MAIN_FIRESTAFF_CRYSTAL	1	4.5	0	21111
T8_MAIN_FIRESTAFF_CRYSTAL	2	5.4	0	36945
T8_MAIN_FIRESTAFF_CRYSTAL	3	6.48	0	64653
T8_MAIN_FIRESTAFF_CRYSTAL	4	7.56	0	113144
T3_MAIN_FROSTSTAFF	0	0.75	0	735
T4_MAIN_FROSTSTAFF	0	1.0	0	1286
T4_MAIN_FROSTSTAFF	1	1.5	0	2251
T4_MAIN_FROSTSTAFF	2	2.0	0	3939
T4_MAIN_FROSTSTAFF	3	2.5	0	6893
T4_MAIN_FROSTSTAFF	4	3.75	0	12064
T5_MAIN_FROSTSTAFF	0	1.5	0	2251
T5_MAIN_FROSTSTAFF	1	2.0	0	3939
T5_MAIN_FROSTSTAFF	2	2.5	0	6893
T5_MAIN_FROSTSTAFF	3	3.75	0	12064
T5_MAIN_FROSTSTAFF	4	4.5	0	21111
T6_MAIN_FROSTSTAFF	0	2.0	0	3939
T6_MAIN_FROSTSTAFF	1	2.5	0	6893
T6_MAIN_FROSTSTAFF	2	3.75	0	12064
T6_MAIN_FROSTSTAFF	3	4.5	0	21111
T6_MAIN_FROSTSTAFF	4	5.4	0	36945
T7_MAIN_FROSTSTAFF	0	2.5	0	6893
T7_MAIN_FROSTSTAFF	1	3.75	0	12064
T7_MAIN_FROSTSTAFF	2	4.5	0	21111
T7_MAIN_FROSTSTAFF	3	5.4	0	36945
T7_MAIN_FROSTSTAFF	4	6.48	0	64653
T8_MAIN_FROSTSTAFF	0	3.75	0	12064
T8_MAIN_FROSTSTAFF	1	4.5	0	21111
T8_MAIN_FROSTSTAFF	2	5.4	0	36945
T8_MAIN_FROSTSTAFF	3	6.48	0	64653
T8_MAIN_FROSTSTAFF	4	7.56	0	113144
T4_2H_FROSTSTAFF	0	1.333	0	1715
T4_2H_FROSTSTAFF	1	2.0	0	3001
T4_2H_FROSTSTAFF	2	2.667	0	5252
T4_2H_FROSTSTAFF	3	3.333	0	9191
T4_2H_FROSTSTAFF	4	5.0	0	16085
T5_2H_FROSTSTAFF	0	2.0	0	3001
T5_2H_FROSTSTAFF	1	2.667	0	5252
T5_2H_FROSTSTAFF	2	3.333	0	9191
T5_2H_FROSTSTAFF	3	5.0	0	16085
T5_2H_FROSTSTAFF	4	6.0	0	28148
T6_2H_FROSTSTAFF	0	2.667	0	5252
T6_2H_FROSTSTAFF	1	3.333	0	9191
T6_2H_FROSTSTAFF	2	5.0	0	16085
T6_2H_FROSTSTAFF	3	6.0	0	28148
T6_2H_FROSTSTAFF	4	7.2	0	49260
T7_2H_FROSTSTAFF	0	3.333	0	9191
T7_2H_FROSTSTAFF	1	5.0	0	16085
T7_2H_FROSTSTAFF	2	6.0	0	28148
T7_2H_FROSTSTAFF	3	7.2	0	49260
T7_2H_FROSTSTAFF	4	8.64	0	86205
T8_2H_FROSTSTAFF	0	5.0	0	16085
T8_2H_FROSTSTAFF	1	6.0	0	28148
T8_2H_FROSTSTAFF	2	7.2	0	49260
T8_2H_FROSTSTAFF	3	8.64	0	86205
T8_2H_FROSTSTAFF	4	10.08	0	150858
T4_2H_GLACIALSTAFF	0	1.333	0	1715
T4_2H_GLACIALSTAFF	1	2.0	0	3001
T4_2H_GLACIALSTAFF	2	2.667	0	5252
T4_2H_GLACIALSTAFF	3	3.333	0	9191
T4_2H_GLACIALSTAFF	4	5.0	0	16085
T5_2H_GLACIALSTAFF	0	2.0	0	3001
T5_2H_GLACIALSTAFF	1	2.667	0	5252
T5_2H_GLACIALSTAFF	2	3.333	0	9191
T5_2H_GLACIALSTAFF	3	5.0	0	16085
T5_2H_GLACIALSTAFF	4	6.0	0	28148
T6_2H_GLACIALSTAFF	0	2.667	0	5252
T6_2H_GLACIALSTAFF	1	3.333	0	9191
T6_2H_GLACIALSTAFF	2	5.0	0	16085
T6_2H_GLACIALSTAFF	3	6.0	0	28148
T6_2H_GLACIALSTAFF	4	7.2	0	49260
T7_2H_GLACIALSTAFF	0	3.333	0	9191
T7_2H_GLACIALSTAFF	1	5.0	0	16085
T7_2H_GLACIALSTAFF	2	6.0	0	28148
T7_2H_GLACIALSTAFF	3	7.2	0	49260
T7_2H_GLACIALSTAFF	4	8.64	0	86205
T8_2H_GLACIALSTAFF	0	5.0	0	16085
T8_2H_GLACIALSTAFF	1	6.0	0	28148
T8_2H_GLACIALSTAFF	2	7.2	0	49260
T8_2H_GLACIALSTAFF	3	8.64	0	86205
T8_2H_GLACIALSTAFF	4	10.08	0	150858
T4_MAIN_FROSTSTAFF_KEEPER	0	1.0	0	1286
T4_MAIN_FROSTSTAFF_KEEPER	1	1.5	0	2251
T4_MAIN_FROSTSTAFF_KEEPER	2	2.0	0	3939
T4_MAIN_FROSTSTAFF_KEEPER	3	2.5	0	6893
T4_MAIN_FROSTSTAFF_KEEPER	4	3.75	0	12064
T5_MAIN_FROSTSTAFF_KEEPER	0	1.5	0	2251
T5_MAIN_FROSTSTAFF_KEEPER	1	2.0	0	3939
T5_MAIN_FROSTSTAFF_KEEPER	2	2.5	0	6893
T5_MAIN_FROSTSTAFF_KEEPER	3	3.75	0	12064
T5_MAIN_FROSTSTAFF_KEEPER	4	4.5	0	21111
T6_MAIN_FROSTSTAFF_KEEPER	0	2.0	0	3939
T6_MAIN_FROSTSTAFF_KEEPER	1	2.5	0	6893
T6_MAIN_FROSTSTAFF_KEEPER	2	3.75	0	12064
T6_MAIN_FROSTSTAFF_KEEPER	3	4.5	0	21111
T6_MAIN_FROSTSTAFF_KEEPER	4	5.4	0	36945
T7_MAIN_FROSTSTAFF_KEEPER	0	2.5	0	6893
T7_MAIN_FROSTSTAFF_KEEPER	1	3.75	0	12064
T7_MAIN_FROSTSTAFF_KEEPER	2	4.5	0	21111
T7_MAIN_FROSTSTAFF_KEEPER	3	5.4	0	36945
T7_MAIN_FROSTSTAFF_KEEPER	4	6.48	0	64653
T8_MAIN_FROSTSTAFF_KEEPER	0	3.75	0	12064
T8_MAIN_FROSTSTAFF_KEEPER	1	4.5	0	21111
T8_MAIN_FROSTSTAFF_KEEPER	2	5.4	0	36945
T8_MAIN_FROSTSTAFF_KEEPER	3	6.48	0	64653
T8_MAIN_FROSTSTAFF_KEEPER	4	7.56	0	113144
T4_2H_ICEGAUNTLETS_HELL	0	1.333	0	1715
T4_2H_ICEGAUNTLETS_HELL	1	2.0	0	3001
T4_2H_ICEGAUNTLETS_HELL	2	2.667	0	5252
T4_2H_ICEGAUNTLETS_HELL	3	3.333	0	9191
T4_2H_ICEGAUNTLETS_HELL	4	5.0	0	16085
T5_2H_ICEGAUNTLETS_HELL	0	2.0	0	3001
T5_2H_ICEGAUNTLETS_HELL	1	2.667	0	5252
T5_2H_ICEGAUNTLETS_HELL	2	3.333	0	9191
T5_2H_ICEGAUNTLETS_HELL	3	5.0	0	16085
T5_2H_ICEGAUNTLETS_HELL	4	6.0	0	28148
T6_2H_ICEGAUNTLETS_HELL	0	2.667	0	5252
T6_2H_ICEGAUNTLETS_HELL	1	3.333	0	9191
T6_2H_ICEGAUNTLETS_HELL	2	5.0	0	16085
T6_2H_ICEGAUNTLETS_HELL	3	6.0	0	28148
T6_2H_ICEGAUNTLETS_HELL	4	7.2	0	49260
T7_2H_ICEGAUNTLETS_HELL	0	3.333	0	9191
T7_2H_ICEGAUNTLETS_HELL	1	5.0	0	16085
T7_2H_ICEGAUNTLETS_HELL	2	6.0	0	28148
T7_2H_ICEGAUNTLETS_HELL	3	7.2	0	49260
T7_2H_ICEGAUNTLETS_HELL	4	8.64	0	86205
T8_2H_ICEGAUNTLETS_HELL	0	5.0	0	16085
T8_2H_ICEGAUNTLETS_HELL	1	6.0	0	28148
T8_2H_ICEGAUNTLETS_HELL	2	7.2	0	49260
T8_2H_ICEGAUNTLETS_HELL	3	8.64	0	86205
T8_2H_ICEGAUNTLETS_HELL	4	10.08	0	150858
T4_2H_ICECRYSTAL_UNDEAD	0	1.333	0	1715
T4_2H_ICECRYSTAL_UNDEAD	1	2.0	0	3001
T4_2H_ICECRYSTAL_UNDEAD	2	2.667	0	5252
T4_2H_ICECRYSTAL_UNDEAD	3	3.333	0	9191
T4_2H_ICECRYSTAL_UNDEAD	4	5.0	0	16085
T5_2H_ICECRYSTAL_UNDEAD	0	2.0	0	3001
T5_2H_ICECRYSTAL_UNDEAD	1	2.667	0	5252
T5_2H_ICECRYSTAL_UNDEAD	2	3.333	0	9191
T5_2H_ICECRYSTAL_UNDEAD	3	5.0	0	16085
T5_2H_ICECRYSTAL_UNDEAD	4	6.0	0	28148
T6_2H_ICECRYSTAL_UNDEAD	0	2.667	0	5252
T6_2H_ICECRYSTAL_UNDEAD	1	3.333	0	9191
T6_2H_ICECRYSTAL_UNDEAD	2	5.0	0	16085
T6_2H_ICECRYSTAL_UNDEAD	3	6.0	0	28148
T6_2H_ICECRYSTAL_UNDEAD	4	7.2	0	49260
T7_2H_ICECRYSTAL_UNDEAD	0	3.333	0	9191
T7_2H_ICECRYSTAL_UNDEAD	1	5.0	0	16085
T7_2H_ICECRYSTAL_UNDEAD	2	6.0	0	28148
T7_2H_ICECRYSTAL_UNDEAD	3	7.2	0	49260
T7_2H_ICECRYSTAL_UNDEAD	4	8.64	0	86205
T8_2H_ICECRYSTAL_UNDEAD	0	5.0	0	16085
T8_2H_ICECRYSTAL_UNDEAD	1	6.0	0	28148
T8_2H_ICECRYSTAL_UNDEAD	2	7.2	0	49260
T8_2H_ICECRYSTAL_UNDEAD	3	8.64	0	86205
T8_2H_ICECRYSTAL_UNDEAD	4	10.08	0	150858
T4_MAIN_FROSTSTAFF_AVALON	0	1.0	0	1286
T4_MAIN_FROSTSTAFF_AVALON	1	1.5	0	2251
T4_MAIN_FROSTSTAFF_AVALON	2	2.0	0	3939
T4_MAIN_FROSTSTAFF_AVALON	3	2.5	0	6893
T4_MAIN_FROSTSTAFF_AVALON	4	3.75	0	12064
T5_MAIN_FROSTSTAFF_AVALON	0	1.5	0	2251
T5_MAIN_FROSTSTAFF_AVALON	1	2.0	0	3939
T5_MAIN_FROSTSTAFF_AVALON	2	2.5	0	6893
T5_MAIN_FROSTSTAFF_AVALON	3	3.75	0	12064
T5_MAIN_FROSTSTAFF_AVALON	4	4.5	0	21111
T6_MAIN_FROSTSTAFF_AVALON	0	2.0	0	3939
T6_MAIN_FROSTSTAFF_AVALON	1	2.5	0	6893
T6_MAIN_FROSTSTAFF_AVALON	2	3.75	0	12064
T6_MAIN_FROSTSTAFF_AVALON	3	4.5	0	21111
T6_MAIN_FROSTSTAFF_AVALON	4	5.4	0	36945
T7_MAIN_FROSTSTAFF_AVALON	0	2.5	0	6893
T7_MAIN_FROSTSTAFF_AVALON	1	3.75	0	12064
T7_MAIN_FROSTSTAFF_AVALON	2	4.5	0	21111
T7_MAIN_FROSTSTAFF_AVALON	3	5.4	0	36945
T7_MAIN_FROSTSTAFF_AVALON	4	6.48	0	64653
T8_MAIN_FROSTSTAFF_AVALON	0	3.75	0	12064
T8_MAIN_FROSTSTAFF_AVALON	1	4.5	0	21111
T8_MAIN_FROSTSTAFF_AVALON	2	5.4	0	36945
T8_MAIN_FROSTSTAFF_AVALON	3	6.48	0	64653
T8_MAIN_FROSTSTAFF_AVALON	4	7.56	0	113144
T4_2H_FROSTSTAFF_CRYSTAL	0	1.333	0	1715
T4_2H_FROSTSTAFF_CRYSTAL	1	2.0	0	3001
T4_2H_FROSTSTAFF_CRYSTAL	2	2.667	0	5252
T4_2H_FROSTSTAFF_CRYSTAL	3	3.333	0	9191
T4_2H_FROSTSTAFF_CRYSTAL	4	5.0	0	16085
T5_2H_FROSTSTAFF_CRYSTAL	0	2.0	0	3001
T5_2H_FROSTSTAFF_CRYSTAL	1	2.667	0	5252
T5_2H_FROSTSTAFF_CRYSTAL	2	3.333	0	9191
T5_2H_FROSTSTAFF_CRYSTAL	3	5.0	0	16085
T5_2H_FROSTSTAFF_CRYSTAL	4	6.0	0	28148
T6_2H_FROSTSTAFF_CRYSTAL	0	2.667	0	5252
T6_2H_FROSTSTAFF_CRYSTAL	1	3.333	0	9191
T6_2H_FROSTSTAFF_CRYSTAL	2	5.0	0	16085
T6_2H_FROSTSTAFF_CRYSTAL	3	6.0	0	28148
T6_2H_FROSTSTAFF_CRYSTAL	4	7.2	0	49260
T7_2H_FROSTSTAFF_CRYSTAL	0	3.333	0	9191
T7_2H_FROSTSTAFF_CRYSTAL	1	5.0	0	16085
T7_2H_FROSTSTAFF_CRYSTAL	2	6.0	0	28148
T7_2H_FROSTSTAFF_CRYSTAL	3	7.2	0	49260
T7_2H_FROSTSTAFF_CRYSTAL	4	8.64	0	86205
T8_2H_FROSTSTAFF_CRYSTAL	0	5.0	0	16085
T8_2H_FROSTSTAFF_CRYSTAL	1	6.0	0	28148
T8_2H_FROSTSTAFF_CRYSTAL	2	7.2	0	49260
T8_2H_FROSTSTAFF_CRYSTAL	3	8.64	0	86205
T8_2H_FROSTSTAFF_CRYSTAL	4	10.08	0	150858
T3_MAIN_ARCANESTAFF	0	0.75	0	735
T4_MAIN_ARCANESTAFF	0	1.0	0	1286
T4_MAIN_ARCANESTAFF	1	1.5	0	2251
T4_MAIN_ARCANESTAFF	2	2.0	0	3939
T4_MAIN_ARCANESTAFF	3	2.5	0	6893
T4_MAIN_ARCANESTAFF	4	3.75	0	12064
T5_MAIN_ARCANESTAFF	0	1.5	0	2251
T5_MAIN_ARCANESTAFF	1	2.0	0	3939
T5_MAIN_ARCANESTAFF	2	2.5	0	6893
T5_MAIN_ARCANESTAFF	3	3.75	0	12064
T5_MAIN_ARCANESTAFF	4	4.5	0	21111
T6_MAIN_ARCANESTAFF	0	2.0	0	3939
T6_MAIN_ARCANESTAFF	1	2.5	0	6893
T6_MAIN_ARCANESTAFF	2	3.75	0	12064
T6_MAIN_ARCANESTAFF	3	4.5	0	21111
T6_MAIN_ARCANESTAFF	4	5.4	0	36945
T7_MAIN_ARCANESTAFF	0	2.5	0	6893
T7_MAIN_ARCANESTAFF	1	3.75	0	12064
T7_MAIN_ARCANESTAFF	2	4.5	0	21111
T7_MAIN_ARCANESTAFF	3	5.4	0	36945
T7_MAIN_ARCANESTAFF	4	6.48	0	64653
T8_MAIN_ARCANESTAFF	0	3.75	0	12064
T8_MAIN_ARCANESTAFF	1	4.5	0	21111
T8_MAIN_ARCANESTAFF	2	5.4	0	36945
T8_MAIN_ARCANESTAFF	3	6.48	0	64653
T8_MAIN_ARCANESTAFF	4	7.56	0	113144
T4_2H_ARCANESTAFF	0	1.333	0	1715
T4_2H_ARCANESTAFF	1	2.0	0	3001
T4_2H_ARCANESTAFF	2	2.667	0	5252
T4_2H_ARCANESTAFF	3	3.333	0	9191
T4_2H_ARCANESTAFF	4	5.0	0	16085
T5_2H_ARCANESTAFF	0	2.0	0	3001
T5_2H_ARCANESTAFF	1	2.667	0	5252
T5_2H_ARCANESTAFF	2	3.333	0	9191
T5_2H_ARCANESTAFF	3	5.0	0	16085
T5_2H_ARCANESTAFF	4	6.0	0	28148
T6_2H_ARCANESTAFF	0	2.667	0	5252
T6_2H_ARCANESTAFF	1	3.333	0	9191
T6_2H_ARCANESTAFF	2	5.0	0	16085
T6_2H_ARCANESTAFF	3	6.0	0	28148
T6_2H_ARCANESTAFF	4	7.2	0	49260
T7_2H_ARCANESTAFF	0	3.333	0	9191
T7_2H_ARCANESTAFF	1	5.0	0	16085
T7_2H_ARCANESTAFF	2	6.0	0	28148
T7_2H_ARCANESTAFF	3	7.2	0	49260
T7_2H_ARCANESTAFF	4	8.64	0	86205
T8_2H_ARCANESTAFF	0	5.0	0	16085
T8_2H_ARCANESTAFF	1	6.0	0	28148
T8_2H_ARCANESTAFF	2	7.2	0	49260
T8_2H_ARCANESTAFF	3	8.64	0	86205
T8_2H_ARCANESTAFF	4	10.08	0	150858
T4_2H_ENIGMATICSTAFF	0	1.333	0	1715
T4_2H_ENIGMATICSTAFF	1	2.0	0	3001
T4_2H_ENIGMATICSTAFF	2	2.667	0	5252
T4_2H_ENIGMATICSTAFF	3	3.333	0	9191
T4_2H_ENIGMATICSTAFF	4	5.0	0	16085
T5_2H_ENIGMATICSTAFF	0	2.0	0	3001
T5_2H_ENIGMATICSTAFF	1	2.667	0	5252
T5_2H_ENIGMATICSTAFF	2	3.333	0	9191
T5_2H_ENIGMATICSTAFF	3	5.0	0	16085
T5_2H_ENIGMATICSTAFF	4	6.0	0	28148
T6_2H_ENIGMATICSTAFF	0	2.667	0	5252
T6_2H_ENIGMATICSTAFF	1	3.333	0	9191
T6_2H_ENIGMATICSTAFF	2	5.0	0	16085
T6_2H_ENIGMATICSTAFF	3	6.0	0	28148
T6_2H_ENIGMATICSTAFF	4	7.2	0	49260
T7_2H_ENIGMATICSTAFF	0	3.333	0	9191
T7_2H_ENIGMATICSTAFF	1	5.0	0	16085
T7_2H_ENIGMATICSTAFF	2	6.0	0	28148
T7_2H_ENIGMATICSTAFF	3	7.2	0	49260
T7_2H_ENIGMATICSTAFF	4	8.64	0	86205
T8_2H_ENIGMATICSTAFF	0	5.0	0	16085
T8_2H_ENIGMATICSTAFF	1	6.0	0	28148
T8_2H_ENIGMATICSTAFF	2	7.2	0	49260
T8_2H_ENIGMATICSTAFF	3	8.64	0	86205
T8_2H_ENIGMATICSTAFF	4	10.08	0	150858
T4_MAIN_ARCANESTAFF_UNDEAD	0	1.0	0	1286
T4_MAIN_ARCANESTAFF_UNDEAD	1	1.5	0	2251
T4_MAIN_ARCANESTAFF_UNDEAD	2	2.0	0	3939
T4_MAIN_ARCANESTAFF_UNDEAD	3	2.5	0	6893
T4_MAIN_ARCANESTAFF_UNDEAD	4	3.75	0	12064
T5_MAIN_ARCANESTAFF_UNDEAD	0	1.5	0	2251
T5_MAIN_ARCANESTAFF_UNDEAD	1	2.0	0	3939
T5_MAIN_ARCANESTAFF_UNDEAD	2	2.5	0	6893
T5_MAIN_ARCANESTAFF_UNDEAD	3	3.75	0	12064
T5_MAIN_ARCANESTAFF_UNDEAD	4	4.5	0	21111
T6_MAIN_ARCANESTAFF_UNDEAD	0	2.0	0	3939
T6_MAIN_ARCANESTAFF_UNDEAD	1	2.5	0	6893
T6_MAIN_ARCANESTAFF_UNDEAD	2	3.75	0	12064
T6_MAIN_ARCANESTAFF_UNDEAD	3	4.5	0	21111
T6_MAIN_ARCANESTAFF_UNDEAD	4	5.4	0	36945
T7_MAIN_ARCANESTAFF_UNDEAD	0	2.5	0	6893
T7_MAIN_ARCANESTAFF_UNDEAD	1	3.75	0	12064
T7_MAIN_ARCANESTAFF_UNDEAD	2	4.5	0	21111
T7_MAIN_ARCANESTAFF_UNDEAD	3	5.4	0	36945
T7_MAIN_ARCANESTAFF_UNDEAD	4	6.48	0	64653
T8_MAIN_ARCANESTAFF_UNDEAD	0	3.75	0	12064
T8_MAIN_ARCANESTAFF_UNDEAD	1	4.5	0	21111
T8_MAIN_ARCANESTAFF_UNDEAD	2	5.4	0	36945
T8_MAIN_ARCANESTAFF_UNDEAD	3	6.48	0	64653
T8_MAIN_ARCANESTAFF_UNDEAD	4	7.56	0	113144
T4_2H_ARCANESTAFF_HELL	0	1.333	0	1715
T4_2H_ARCANESTAFF_HELL	1	2.0	0	3001
T4_2H_ARCANESTAFF_HELL	2	2.667	0	5252
T4_2H_ARCANESTAFF_HELL	3	3.333	0	9191
T4_2H_ARCANESTAFF_HELL	4	5.0	0	16085
T5_2H_ARCANESTAFF_HELL	0	2.0	0	3001
T5_2H_ARCANESTAFF_HELL	1	2.667	0	5252
T5_2H_ARCANESTAFF_HELL	2	3.333	0	9191
T5_2H_ARCANESTAFF_HELL	3	5.0	0	16085
T5_2H_ARCANESTAFF_HELL	4	6.0	0	28148
T6_2H_ARCANESTAFF_HELL	0	2.667	0	5252
T6_2H_ARCANESTAFF_HELL	1	3.333	0	9191
T6_2H_ARCANESTAFF_HELL	2	5.0	0	16085
T6_2H_ARCANESTAFF_HELL	3	6.0	0	28148
T6_2H_ARCANESTAFF_HELL	4	7.2	0	49260
T7_2H_ARCANESTAFF_HELL	0	3.333	0	9191
T7_2H_ARCANESTAFF_HELL	1	5.0	0	16085
T7_2H_ARCANESTAFF_HELL	2	6.0	0	28148
T7_2H_ARCANESTAFF_HELL	3	7.2	0	49260
T7_2H_ARCANESTAFF_HELL	4	8.64	0	86205
T8_2H_ARCANESTAFF_HELL	0	5.0	0	16085
T8_2H_ARCANESTAFF_HELL	1	6.0	0	28148
T8_2H_ARCANESTAFF_HELL	2	7.2	0	49260
T8_2H_ARCANESTAFF_HELL	3	8.64	0	86205
T8_2H_ARCANESTAFF_HELL	4	10.08	0	150858
T4_2H_ENIGMATICORB_MORGANA	0	1.333	0	1715
T4_2H_ENIGMATICORB_MORGANA	1	2.0	0	3001
T4_2H_ENIGMATICORB_MORGANA	2	2.667	0	5252
T4_2H_ENIGMATICORB_MORGANA	3	3.333	0	9191
T4_2H_ENIGMATICORB_MORGANA	4	5.0	0	16085
T5_2H_ENIGMATICORB_MORGANA	0	2.0	0	3001
T5_2H_ENIGMATICORB_MORGANA	1	2.667	0	5252
T5_2H_ENIGMATICORB_MORGANA	2	3.333	0	9191
T5_2H_ENIGMATICORB_MORGANA	3	5.0	0	16085
T5_2H_ENIGMATICORB_MORGANA	4	6.0	0	28148
T6_2H_ENIGMATICORB_MORGANA	0	2.667	0	5252
T6_2H_ENIGMATICORB_MORGANA	1	3.333	0	9191
T6_2H_ENIGMATICORB_MORGANA	2	5.0	0	16085
T6_2H_ENIGMATICORB_MORGANA	3	6.0	0	28148
T6_2H_ENIGMATICORB_MORGANA	4	7.2	0	49260
T7_2H_ENIGMATICORB_MORGANA	0	3.333	0	9191
T7_2H_ENIGMATICORB_MORGANA	1	5.0	0	16085
T7_2H_ENIGMATICORB_MORGANA	2	6.0	0	28148
T7_2H_ENIGMATICORB_MORGANA	3	7.2	0	49260
T7_2H_ENIGMATICORB_MORGANA	4	8.64	0	86205
T8_2H_ENIGMATICORB_MORGANA	0	5.0	0	16085
T8_2H_ENIGMATICORB_MORGANA	1	6.0	0	28148
T8_2H_ENIGMATICORB_MORGANA	2	7.2	0	49260
T8_2H_ENIGMATICORB_MORGANA	3	8.64	0	86205
T8_2H_ENIGMATICORB_MORGANA	4	10.08	0	150858
T4_2H_ARCANE_RINGPAIR_AVALON	0	1.333	0	1715
T4_2H_ARCANE_RINGPAIR_AVALON	1	2.0	0	3001
T4_2H_ARCANE_RINGPAIR_AVALON	2	2.667	0	5252
T4_2H_ARCANE_RINGPAIR_AVALON	3	3.333	0	9191
T4_2H_ARCANE_RINGPAIR_AVALON	4	5.0	0	16085
T5_2H_ARCANE_RINGPAIR_AVALON	0	2.0	0	3001
T5_2H_ARCANE_RINGPAIR_AVALON	1	2.667	0	5252
T5_2H_ARCANE_RINGPAIR_AVALON	2	3.333	0	9191
T5_2H_ARCANE_RINGPAIR_AVALON	3	5.0	0	16085
T5_2H_ARCANE_RINGPAIR_AVALON	4	6.0	0	28148
T6_2H_ARCANE_RINGPAIR_AVALON	0	2.667	0	5252
T6_2H_ARCANE_RINGPAIR_AVALON	1	3.333	0	9191
T6_2H_ARCANE_RINGPAIR_AVALON	2	5.0	0	16085
T6_2H_ARCANE_RINGPAIR_AVALON	3	6.0	0	28148
T6_2H_ARCANE_RINGPAIR_AVALON	4	7.2	0	49260
T7_2H_ARCANE_RINGPAIR_AVALON	0	3.333	0	9191
T7_2H_ARCANE_RINGPAIR_AVALON	1	5.0	0	16085
T7_2H_ARCANE_RINGPAIR_AVALON	2	6.0	0	28148
T7_2H_ARCANE_RINGPAIR_AVALON	3	7.2	0	49260
T7_2H_ARCANE_RINGPAIR_AVALON	4	8.64	0	86205
T8_2H_ARCANE_RINGPAIR_AVALON	0	5.0	0	16085
T8_2H_ARCANE_RINGPAIR_AVALON	1	6.0	0	28148
T8_2H_ARCANE_RINGPAIR_AVALON	2	7.2	0	49260
T8_2H_ARCANE_RINGPAIR_AVALON	3	8.64	0	86205
T8_2H_ARCANE_RINGPAIR_AVALON	4	10.08	0	150858
T4_2H_ARCANESTAFF_CRYSTAL	0	1.333	0	1715
T4_2H_ARCANESTAFF_CRYSTAL	1	2.0	0	3001
T4_2H_ARCANESTAFF_CRYSTAL	2	2.667	0	5252
T4_2H_ARCANESTAFF_CRYSTAL	3	3.333	0	9191
T4_2H_ARCANESTAFF_CRYSTAL	4	5.0	0	16085
T5_2H_ARCANESTAFF_CRYSTAL	0	2.0	0	3001
T5_2H_ARCANESTAFF_CRYSTAL	1	2.667	0	5252
T5_2H_ARCANESTAFF_CRYSTAL	2	3.333	0	9191
T5_2H_ARCANESTAFF_CRYSTAL	3	5.0	0	16085
T5_2H_ARCANESTAFF_CRYSTAL	4	6.0	0	28148
T6_2H_ARCANESTAFF_CRYSTAL	0	2.667	0	5252
T6_2H_ARCANESTAFF_CRYSTAL	1	3.333	0	9191
T6_2H_ARCANESTAFF_CRYSTAL	2	5.0	0	16085
T6_2H_ARCANESTAFF_CRYSTAL	3	6.0	0	28148
T6_2H_ARCANESTAFF_CRYSTAL	4	7.2	0	49260
T7_2H_ARCANESTAFF_CRYSTAL	0	3.333	0	9191
T7_2H_ARCANESTAFF_CRYSTAL	1	5.0	0	16085
T7_2H_ARCANESTAFF_CRYSTAL	2	6.0	0	28148
T7_2H_ARCANESTAFF_CRYSTAL	3	7.2	0	49260
T7_2H_ARCANESTAFF_CRYSTAL	4	8.64	0	86205
T8_2H_ARCANESTAFF_CRYSTAL	0	5.0	0	16085
T8_2H_ARCANESTAFF_CRYSTAL	1	6.0	0	28148
T8_2H_ARCANESTAFF_CRYSTAL	2	7.2	0	49260
T8_2H_ARCANESTAFF_CRYSTAL	3	8.64	0	86205
T8_2H_ARCANESTAFF_CRYSTAL	4	10.08	0	150858
T3_MAIN_HOLYSTAFF	0	0.75	0	735
T4_MAIN_HOLYSTAFF	0	1.0	0	1286
T4_MAIN_HOLYSTAFF	1	1.5	0	2251
T4_MAIN_HOLYSTAFF	2	2.0	0	3939
T4_MAIN_HOLYSTAFF	3	2.5	0	6893
T4_MAIN_HOLYSTAFF	4	3.75	0	12064
T5_MAIN_HOLYSTAFF	0	1.5	0	2251
T5_MAIN_HOLYSTAFF	1	2.0	0	3939
T5_MAIN_HOLYSTAFF	2	2.5	0	6893
T5_MAIN_HOLYSTAFF	3	3.75	0	12064
T5_MAIN_HOLYSTAFF	4	4.5	0	21111
T6_MAIN_HOLYSTAFF	0	2.0	0	3939
T6_MAIN_HOLYSTAFF	1	2.5	0	6893
T6_MAIN_HOLYSTAFF	2	3.75	0	12064
T6_MAIN_HOLYSTAFF	3	4.5	0	21111
T6_MAIN_HOLYSTAFF	4	5.4	0	36945
T7_MAIN_HOLYSTAFF	0	2.5	0	6893
T7_MAIN_HOLYSTAFF	1	3.75	0	12064
T7_MAIN_HOLYSTAFF	2	4.5	0	21111
T7_MAIN_HOLYSTAFF	3	5.4	0	36945
T7_MAIN_HOLYSTAFF	4	6.48	0	64653
T8_MAIN_HOLYSTAFF	0	3.75	0	12064
T8_MAIN_HOLYSTAFF	1	4.5	0	21111
T8_MAIN_HOLYSTAFF	2	5.4	0	36945
T8_MAIN_HOLYSTAFF	3	6.48	0	64653
T8_MAIN_HOLYSTAFF	4	7.56	0	113144
T4_2H_HOLYSTAFF	0	1.333	0	1715
T4_2H_HOLYSTAFF	1	2.0	0	3001
T4_2H_HOLYSTAFF	2	2.667	0	5252
T4_2H_HOLYSTAFF	3	3.333	0	9191
T4_2H_HOLYSTAFF	4	5.0	0	16085
T5_2H_HOLYSTAFF	0	2.0	0	3001
T5_2H_HOLYSTAFF	1	2.667	0	5252
T5_2H_HOLYSTAFF	2	3.333	0	9191
T5_2H_HOLYSTAFF	3	5.0	0	16085
T5_2H_HOLYSTAFF	4	6.0	0	28148
T6_2H_HOLYSTAFF	0	2.667	0	5252
T6_2H_HOLYSTAFF	1	3.333	0	9191
T6_2H_HOLYSTAFF	2	5.0	0	16085
T6_2H_HOLYSTAFF	3	6.0	0	28148
T6_2H_HOLYSTAFF	4	7.2	0	49260
T7_2H_HOLYSTAFF	0	3.333	0	9191
T7_2H_HOLYSTAFF	1	5.0	0	16085
T7_2H_HOLYSTAFF	2	6.0	0	28148
T7_2H_HOLYSTAFF	3	7.2	0	49260
T7_2H_HOLYSTAFF	4	8.64	0	86205
T8_2H_HOLYSTAFF	0	5.0	0	16085
T8_2H_HOLYSTAFF	1	6.0	0	28148
T8_2H_HOLYSTAFF	2	7.2	0	49260
T8_2H_HOLYSTAFF	3	8.64	0	86205
T8_2H_HOLYSTAFF	4	10.08	0	150858
T4_2H_DIVINESTAFF	0	1.333	0	1715
T4_2H_DIVINESTAFF	1	2.0	0	3001
T4_2H_DIVINESTAFF	2	2.667	0	5252
T4_2H_DIVINESTAFF	3	3.333	0	9191
T4_2H_DIVINESTAFF	4	5.0	0	16085
T5_2H_DIVINESTAFF	0	2.0	0	3001
T5_2H_DIVINESTAFF	1	2.667	0	5252
T5_2H_DIVINESTAFF	2	3.333	0	9191
T5_2H_DIVINESTAFF	3	5.0	0	16085
T5_2H_DIVINESTAFF	4	6.0	0	28148
T6_2H_DIVINESTAFF	0	2.667	0	5252
T6_2H_DIVINESTAFF	1	3.333	0	9191
T6_2H_DIVINESTAFF	2	5.0	0	16085
T6_2H_DIVINESTAFF	3	6.0	0	28148
T6_2H_DIVINESTAFF	4	7.2	0	49260
T7_2H_DIVINESTAFF	0	3.333	0	9191
T7_2H_DIVINESTAFF	1	5.0	0	16085
T7_2H_DIVINESTAFF	2	6.0	0	28148
T7_2H_DIVINESTAFF	3	7.2	0	49260
T7_2H_DIVINESTAFF	4	8.64	0	86205
T8_2H_DIVINESTAFF	0	5.0	0	16085
T8_2H_DIVINESTAFF	1	6.0	0	28148
T8_2H_DIVINESTAFF	2	7.2	0	49260
T8_2H_DIVINESTAFF	3	8.64	0	86205
T8_2H_DIVINESTAFF	4	10.08	0	150858
T4_MAIN_HOLYSTAFF_MORGANA	0	1.0	0	1286
T4_MAIN_HOLYSTAFF_MORGANA	1	1.5	0	2251
T4_MAIN_HOLYSTAFF_MORGANA	2	2.0	0	3939
T4_MAIN_HOLYSTAFF_MORGANA	3	2.5	0	6893
T4_MAIN_HOLYSTAFF_MORGANA	4	3.75	0	12064
T5_MAIN_HOLYSTAFF_MORGANA	0	1.5	0	2251
T5_MAIN_HOLYSTAFF_MORGANA	1	2.0	0	3939
T5_MAIN_HOLYSTAFF_MORGANA	2	2.5	0	6893
T5_MAIN_HOLYSTAFF_MORGANA	3	3.75	0	12064
T5_MAIN_HOLYSTAFF_MORGANA	4	4.5	0	21111
T6_MAIN_HOLYSTAFF_MORGANA	0	2.0	0	3939
T6_MAIN_HOLYSTAFF_MORGANA	1	2.5	0	6893
T6_MAIN_HOLYSTAFF_MORGANA	2	3.75	0	12064
T6_MAIN_HOLYSTAFF_MORGANA	3	4.5	0	21111
T6_MAIN_HOLYSTAFF_MORGANA	4	5.4	0	36945
T7_MAIN_HOLYSTAFF_MORGANA	0	2.5	0	6893
T7_MAIN_HOLYSTAFF_MORGANA	1	3.75	0	12064
T7_MAIN_HOLYSTAFF_MORGANA	2	4.5	0	21111
T7_MAIN_HOLYSTAFF_MORGANA	3	5.4	0	36945
T7_MAIN_HOLYSTAFF_MORGANA	4	6.48	0	64653
T8_MAIN_HOLYSTAFF_MORGANA	0	3.75	0	12064
T8_MAIN_HOLYSTAFF_MORGANA	1	4.5	0	21111
T8_MAIN_HOLYSTAFF_MORGANA	2	5.4	0	36945
T8_MAIN_HOLYSTAFF_MORGANA	3	6.48	0	64653
T8_MAIN_HOLYSTAFF_MORGANA	4	7.56	0	113144
T4_2H_HOLYSTAFF_HELL	0	1.333	0	1715
T4_2H_HOLYSTAFF_HELL	1	2.0	0	3001
T4_2H_HOLYSTAFF_HELL	2	2.667	0	5252
T4_2H_HOLYSTAFF_HELL	3	3.333	0	9191
T4_2H_HOLYSTAFF_HELL	4	5.0	0	16085
T5_2H_HOLYSTAFF_HELL	0	2.0	0	3001
T5_2H_HOLYSTAFF_HELL	1	2.667	0	5252
T5_2H_HOLYSTAFF_HELL	2	3.333	0	9191
T5_2H_HOLYSTAFF_HELL	3	5.0	0	16085
T5_2H_HOLYSTAFF_HELL	4	6.0	0	28148
T6_2H_HOLYSTAFF_HELL	0	2.667	0	5252
T6_2H_HOLYSTAFF_HELL	1	3.333	0	9191
T6_2H_HOLYSTAFF_HELL	2	5.0	0	16085
T6_2H_HOLYSTAFF_HELL	3	6.0	0	28148
T6_2H_HOLYSTAFF_HELL	4	7.2	0	49260
T7_2H_HOLYSTAFF_HELL	0	3.333	0	9191
T7_2H_HOLYSTAFF_HELL	1	5.0	0	16085
T7_2H_HOLYSTAFF_HELL	2	6.0	0	28148
T7_2H_HOLYSTAFF_HELL	3	7.2	0	49260
T7_2H_HOLYSTAFF_HELL	4	8.64	0	86205
T8_2H_HOLYSTAFF_HELL	0	5.0	0	16085
T8_2H_HOLYSTAFF_HELL	1	6.0	0	28148
T8_2H_HOLYSTAFF_HELL	2	7.2	0	49260
T8_2H_HOLYSTAFF_HELL	3	8.64	0	86205
T8_2H_HOLYSTAFF_HELL	4	10.08	0	150858
T4_2H_HOLYSTAFF_UNDEAD	0	1.333	0	1715
T4_2H_HOLYSTAFF_UNDEAD	1	2.0	0	3001
T4_2H_HOLYSTAFF_UNDEAD	2	2.667	0	5252
T4_2H_HOLYSTAFF_UNDEAD	3	3.333	0	9191
T4_2H_HOLYSTAFF_UNDEAD	4	5.0	0	16085
T5_2H_HOLYSTAFF_UNDEAD	0	2.0	0	3001
T5_2H_HOLYSTAFF_UNDEAD	1	2.667	0	5252
T5_2H_HOLYSTAFF_UNDEAD	2	3.333	0	9191
T5_2H_HOLYSTAFF_UNDEAD	3	5.0	0	16085
T5_2H_HOLYSTAFF_UNDEAD	4	6.0	0	28148
T6_2H_HOLYSTAFF_UNDEAD	0	2.667	0	5252
T6_2H_HOLYSTAFF_UNDEAD	1	3.333	0	9191
T6_2H_HOLYSTAFF_UNDEAD	2	5.0	0	16085
T6_2H_HOLYSTAFF_UNDEAD	3	6.0	0	28148
T6_2H_HOLYSTAFF_UNDEAD	4	7.2	0	49260
T7_2H_HOLYSTAFF_UNDEAD	0	3.333	0	9191
T7_2H_HOLYSTAFF_UNDEAD	1	5.0	0	16085
T7_2H_HOLYSTAFF_UNDEAD	2	6.0	0	28148
T7_2H_HOLYSTAFF_UNDEAD	3	7.2	0	49260
T7_2H_HOLYSTAFF_UNDEAD	4	8.64	0	86205
T8_2H_HOLYSTAFF_UNDEAD	0	5.0	0	16085
T8_2H_HOLYSTAFF_UNDEAD	1	6.0	0	28148
T8_2H_HOLYSTAFF_UNDEAD	2	7.2	0	49260
T8_2H_HOLYSTAFF_UNDEAD	3	8.64	0	86205
T8_2H_HOLYSTAFF_UNDEAD	4	10.08	0	150858
T4_MAIN_HOLYSTAFF_AVALON	0	1.0	0	1286
T4_MAIN_HOLYSTAFF_AVALON	1	1.5	0	2251
T4_MAIN_HOLYSTAFF_AVALON	2	2.0	0	3939
T4_MAIN_HOLYSTAFF_AVALON	3	2.5	0	6893
T4_MAIN_HOLYSTAFF_AVALON	4	3.75	0	12064
T5_MAIN_HOLYSTAFF_AVALON	0	1.5	0	2251
T5_MAIN_HOLYSTAFF_AVALON	1	2.0	0	3939
T5_MAIN_HOLYSTAFF_AVALON	2	2.5	0	6893
T5_MAIN_HOLYSTAFF_AVALON	3	3.75	0	12064
T5_MAIN_HOLYSTAFF_AVALON	4	4.5	0	21111
T6_MAIN_HOLYSTAFF_AVALON	0	2.0	0	3939
T6_MAIN_HOLYSTAFF_AVALON	1	2.5	0	6893
T6_MAIN_HOLYSTAFF_AVALON	2	3.75	0	12064
T6_MAIN_HOLYSTAFF_AVALON	3	4.5	0	21111
T6_MAIN_HOLYSTAFF_AVALON	4	5.4	0	36945
T7_MAIN_HOLYSTAFF_AVALON	0	2.5	0	6893
T7_MAIN_HOLYSTAFF_AVALON	1	3.75	0	12064
T7_MAIN_HOLYSTAFF_AVALON	2	4.5	0	21111
T7_MAIN_HOLYSTAFF_AVALON	3	5.4	0	36945
T7_MAIN_HOLYSTAFF_AVALON	4	6.48	0	64653
T8_MAIN_HOLYSTAFF_AVALON	0	3.75	0	12064
T8_MAIN_HOLYSTAFF_AVALON	1	4.5	0	21111
T8_MAIN_HOLYSTAFF_AVALON	2	5.4	0	36945
T8_MAIN_HOLYSTAFF_AVALON	3	6.48	0	64653
T8_MAIN_HOLYSTAFF_AVALON	4	7.56	0	113144
T4_2H_HOLYSTAFF_CRYSTAL	0	1.333	0	1715
T4_2H_HOLYSTAFF_CRYSTAL	1	2.0	0	3001
T4_2H_HOLYSTAFF_CRYSTAL	2	2.667	0	5252
T4_2H_HOLYSTAFF_CRYSTAL	3	3.333	0	9191
T4_2H_HOLYSTAFF_CRYSTAL	4	5.0	0	16085
T5_2H_HOLYSTAFF_CRYSTAL	0	2.0	0	3001
T5_2H_HOLYSTAFF_CRYSTAL	1	2.667	0	5252
T5_2H_HOLYSTAFF_CRYSTAL	2	3.333	0	9191
T5_2H_HOLYSTAFF_CRYSTAL	3	5.0	0	16085
T5_2H_HOLYSTAFF_CRYSTAL	4	6.0	0	28148
T6_2H_HOLYSTAFF_CRYSTAL	0	2.667	0	5252
T6_2H_HOLYSTAFF_CRYSTAL	1	3.333	0	9191
T6_2H_HOLYSTAFF_CRYSTAL	2	5.0	0	16085
T6_2H_HOLYSTAFF_CRYSTAL	3	6.0	0	28148
T6_2H_HOLYSTAFF_CRYSTAL	4	7.2	0	49260
T7_2H_HOLYSTAFF_CRYSTAL	0	3.333	0	9191
T7_2H_HOLYSTAFF_CRYSTAL	1	5.0	0	16085
T7_2H_HOLYSTAFF_CRYSTAL	2	6.0	0	28148
T7_2H_HOLYSTAFF_CRYSTAL	3	7.2	0	49260
T7_2H_HOLYSTAFF_CRYSTAL	4	8.64	0	86205
T8_2H_HOLYSTAFF_CRYSTAL	0	5.0	0	16085
T8_2H_HOLYSTAFF_CRYSTAL	1	6.0	0	28148
T8_2H_HOLYSTAFF_CRYSTAL	2	7.2	0	49260
T8_2H_HOLYSTAFF_CRYSTAL	3	8.64	0	86205
T8_2H_HOLYSTAFF_CRYSTAL	4	10.08	0	150858
T3_MAIN_NATURESTAFF	0	0.75	0	735
T4_MAIN_NATURESTAFF	0	1.0	0	1286
T4_MAIN_NATURESTAFF	1	1.5	0	2251
T4_MAIN_NATURESTAFF	2	2.0	0	3939
T4_MAIN_NATURESTAFF	3	2.5	0	6893
T4_MAIN_NATURESTAFF	4	3.75	0	12064
T5_MAIN_NATURESTAFF	0	1.5	0	2251
T5_MAIN_NATURESTAFF	1	2.0	0	3939
T5_MAIN_NATURESTAFF	2	2.5	0	6893
T5_MAIN_NATURESTAFF	3	3.75	0	12064
T5_MAIN_NATURESTAFF	4	4.5	0	21111
T6_MAIN_NATURESTAFF	0	2.0	0	3939
T6_MAIN_NATURESTAFF	1	2.5	0	6893
T6_MAIN_NATURESTAFF	2	3.75	0	12064
T6_MAIN_NATURESTAFF	3	4.5	0	21111
T6_MAIN_NATURESTAFF	4	5.4	0	36945
T7_MAIN_NATURESTAFF	0	2.5	0	6893
T7_MAIN_NATURESTAFF	1	3.75	0	12064
T7_MAIN_NATURESTAFF	2	4.5	0	21111
T7_MAIN_NATURESTAFF	3	5.4	0	36945
T7_MAIN_NATURESTAFF	4	6.48	0	64653
T8_MAIN_NATURESTAFF	0	3.75	0	12064
T8_MAIN_NATURESTAFF	1	4.5	0	21111
T8_MAIN_NATURESTAFF	2	5.4	0	36945
T8_MAIN_NATURESTAFF	3	6.48	0	64653
T8_MAIN_NATURESTAFF	4	7.56	0	113144
T4_2H_NATURESTAFF	0	1.333	0	1715
T4_2H_NATURESTAFF	1	2.0	0	3001
T4_2H_NATURESTAFF	2	2.667	0	5252
T4_2H_NATURESTAFF	3	3.333	0	9191
T4_2H_NATURESTAFF	4	5.0	0	16085
T5_2H_NATURESTAFF	0	2.0	0	3001
T5_2H_NATURESTAFF	1	2.667	0	5252
T5_2H_NATURESTAFF	2	3.333	0	9191
T5_2H_NATURESTAFF	3	5.0	0	16085
T5_2H_NATURESTAFF	4	6.0	0	28148
T6_2H_NATURESTAFF	0	2.667	0	5252
T6_2H_NATURESTAFF	1	3.333	0	9191
T6_2H_NATURESTAFF	2	5.0	0	16085
T6_2H_NATURESTAFF	3	6.0	0	28148
T6_2H_NATURESTAFF	4	7.2	0	49260
T7_2H_NATURESTAFF	0	3.333	0	9191
T7_2H_NATURESTAFF	1	5.0	0	16085
T7_2H_NATURESTAFF	2	6.0	0	28148
T7_2H_NATURESTAFF	3	7.2	0	49260
T7_2H_NATURESTAFF	4	8.64	0	86205
T8_2H_NATURESTAFF	0	5.0	0	16085
T8_2H_NATURESTAFF	1	6.0	0	28148
T8_2H_NATURESTAFF	2	7.2	0	49260
T8_2H_NATURESTAFF	3	8.64	0	86205
T8_2H_NATURESTAFF	4	10.08	0	150858
T4_2H_WILDSTAFF	0	1.333	0	1715
T4_2H_WILDSTAFF	1	2.0	0	3001
T4_2H_WILDSTAFF	2	2.667	0	5252
T4_2H_WILDSTAFF	3	3.333	0	9191
T4_2H_WILDSTAFF	4	5.0	0	16085
T5_2H_WILDSTAFF	0	2.0	0	3001
T5_2H_WILDSTAFF	1	2.667	0	5252
T5_2H_WILDSTAFF	2	3.333	0	9191
T5_2H_WILDSTAFF	3	5.0	0	16085
T5_2H_WILDSTAFF	4	6.0	0	28148
T6_2H_WILDSTAFF	0	2.667	0	5252
T6_2H_WILDSTAFF	1	3.333	0	9191
T6_2H_WILDSTAFF	2	5.0	0	16085
T6_2H_WILDSTAFF	3	6.0	0	28148
T6_2H_WILDSTAFF	4	7.2	0	49260
T7_2H_WILDSTAFF	0	3.333	0	9191
T7_2H_WILDSTAFF	1	5.0	0	16085
T7_2H_WILDSTAFF	2	6.0	0	28148
T7_2H_WILDSTAFF	3	7.2	0	49260
T7_2H_WILDSTAFF	4	8.64	0	86205
T8_2H_WILDSTAFF	0	5.0	0	16085
T8_2H_WILDSTAFF	1	6.0	0	28148
T8_2H_WILDSTAFF	2	7.2	0	49260
T8_2H_WILDSTAFF	3	8.64	0	86205
T8_2H_WILDSTAFF	4	10.08	0	150858
T4_MAIN_NATURESTAFF_KEEPER	0	1.0	0	1286
T4_MAIN_NATURESTAFF_KEEPER	1	1.5	0	2251
T4_MAIN_NATURESTAFF_KEEPER	2	2.0	0	3939
T4_MAIN_NATURESTAFF_KEEPER	3	2.5	0	6893
T4_MAIN_NATURESTAFF_KEEPER	4	3.75	0	12064
T5_MAIN_NATURESTAFF_KEEPER	0	1.5	0	2251
T5_MAIN_NATURESTAFF_KEEPER	1	2.0	0	3939
T5_MAIN_NATURESTAFF_KEEPER	2	2.5	0	6893
T5_MAIN_NATURESTAFF_KEEPER	3	3.75	0	12064
T5_MAIN_NATURESTAFF_KEEPER	4	4.5	0	21111
T6_MAIN_NATURESTAFF_KEEPER	0	2.0	0	3939
T6_MAIN_NATURESTAFF_KEEPER	1	2.5	0	6893
T6_MAIN_NATURESTAFF_KEEPER	2	3.75	0	12064
T6_MAIN_NATURESTAFF_KEEPER	3	4.5	0	21111
T6_MAIN_NATURESTAFF_KEEPER	4	5.4	0	36945
T7_MAIN_NATURESTAFF_KEEPER	0	2.5	0	6893
T7_MAIN_NATURESTAFF_KEEPER	1	3.75	0	12064
T7_MAIN_NATURESTAFF_KEEPER	2	4.5	0	21111
T7_MAIN_NATURESTAFF_KEEPER	3	5.4	0	36945
T7_MAIN_NATURESTAFF_KEEPER	4	6.48	0	64653
T8_MAIN_NATURESTAFF_KEEPER	0	3.75	0	12064
T8_MAIN_NATURESTAFF_KEEPER	1	4.5	0	21111
T8_MAIN_NATURESTAFF_KEEPER	2	5.4	0	36945
T8_MAIN_NATURESTAFF_KEEPER	3	6.48	0	64653
T8_MAIN_NATURESTAFF_KEEPER	4	7.56	0	113144
T4_2H_NATURESTAFF_HELL	0	1.333	0	1715
T4_2H_NATURESTAFF_HELL	1	2.0	0	3001
T4_2H_NATURESTAFF_HELL	2	2.667	0	5252
T4_2H_NATURESTAFF_HELL	3	3.333	0	9191
T4_2H_NATURESTAFF_HELL	4	5.0	0	16085
T5_2H_NATURESTAFF_HELL	0	2.0	0	3001
T5_2H_NATURESTAFF_HELL	1	2.667	0	5252
T5_2H_NATURESTAFF_HELL	2	3.333	0	9191
T5_2H_NATURESTAFF_HELL	3	5.0	0	16085
T5_2H_NATURESTAFF_HELL	4	6.0	0	28148
T6_2H_NATURESTAFF_HELL	0	2.667	0	5252
T6_2H_NATURESTAFF_HELL	1	3.333	0	9191
T6_2H_NATURESTAFF_HELL	2	5.0	0	16085
T6_2H_NATURESTAFF_HELL	3	6.0	0	28148
T6_2H_NATURESTAFF_HELL	4	7.2	0	49260
T7_2H_NATURESTAFF_HELL	0	3.333	0	9191
T7_2H_NATURESTAFF_HELL	1	5.0	0	16085
T7_2H_NATURESTAFF_HELL	2	6.0	0	28148
T7_2H_NATURESTAFF_HELL	3	7.2	0	49260
T7_2H_NATURESTAFF_HELL	4	8.64	0	86205
T8_2H_NATURESTAFF_HELL	0	5.0	0	16085
T8_2H_NATURESTAFF_HELL	1	6.0	0	28148
T8_2H_NATURESTAFF_HELL	2	7.2	0	49260
T8_2H_NATURESTAFF_HELL	3	8.64	0	86205
T8_2H_NATURESTAFF_HELL	4	10.08	0	150858
T4_2H_NATURESTAFF_KEEPER	0	1.333	0	1715
T4_2H_NATURESTAFF_KEEPER	1	2.0	0	3001
T4_2H_NATURESTAFF_KEEPER	2	2.667	0	5252
T4_2H_NATURESTAFF_KEEPER	3	3.333	0	9191
T4_2H_NATURESTAFF_KEEPER	4	5.0	0	16085
T5_2H_NATURESTAFF_KEEPER	0	2.0	0	3001
T5_2H_NATURESTAFF_KEEPER	1	2.667	0	5252
T5_2H_NATURESTAFF_KEEPER	2	3.333	0	9191
T5_2H_NATURESTAFF_KEEPER	3	5.0	0	16085
T5_2H_NATURESTAFF_KEEPER	4	6.0	0	28148
T6_2H_NATURESTAFF_KEEPER	0	2.667	0	5252
T6_2H_NATURESTAFF_KEEPER	1	3.333	0	9191
T6_2H_NATURESTAFF_KEEPER	2	5.0	0	16085
T6_2H_NATURESTAFF_KEEPER	3	6.0	0	28148
T6_2H_NATURESTAFF_KEEPER	4	7.2	0	49260
T7_2H_NATURESTAFF_KEEPER	0	3.333	0	9191
T7_2H_NATURESTAFF_KEEPER	1	5.0	0	16085
T7_2H_NATURESTAFF_KEEPER	2	6.0	0	28148
T7_2H_NATURESTAFF_KEEPER	3	7.2	0	49260
T7_2H_NATURESTAFF_KEEPER	4	8.64	0	86205
T8_2H_NATURESTAFF_KEEPER	0	5.0	0	16085
T8_2H_NATURESTAFF_KEEPER	1	6.0	0	28148
T8_2H_NATURESTAFF_KEEPER	2	7.2	0	49260
T8_2H_NATURESTAFF_KEEPER	3	8.64	0	86205
T8_2H_NATURESTAFF_KEEPER	4	10.08	0	150858
T4_MAIN_NATURESTAFF_AVALON	0	1.0	0	1286
T4_MAIN_NATURESTAFF_AVALON	1	1.5	0	2251
T4_MAIN_NATURESTAFF_AVALON	2	2.0	0	3939
T4_MAIN_NATURESTAFF_AVALON	3	2.5	0	6893
T4_MAIN_NATURESTAFF_AVALON	4	3.75	0	12064
T5_MAIN_NATURESTAFF_AVALON	0	1.5	0	2251
T5_MAIN_NATURESTAFF_AVALON	1	2.0	0	3939
T5_MAIN_NATURESTAFF_AVALON	2	2.5	0	6893
T5_MAIN_NATURESTAFF_AVALON	3	3.75	0	12064
T5_MAIN_NATURESTAFF_AVALON	4	4.5	0	21111
T6_MAIN_NATURESTAFF_AVALON	0	2.0	0	3939
T6_MAIN_NATURESTAFF_AVALON	1	2.5	0	6893
T6_MAIN_NATURESTAFF_AVALON	2	3.75	0	12064
T6_MAIN_NATURESTAFF_AVALON	3	4.5	0	21111
T6_MAIN_NATURESTAFF_AVALON	4	5.4	0	36945
T7_MAIN_NATURESTAFF_AVALON	0	2.5	0	6893
T7_MAIN_NATURESTAFF_AVALON	1	3.75	0	12064
T7_MAIN_NATURESTAFF_AVALON	2	4.5	0	21111
T7_MAIN_NATURESTAFF_AVALON	3	5.4	0	36945
T7_MAIN_NATURESTAFF_AVALON	4	6.48	0	64653
T8_MAIN_NATURESTAFF_AVALON	0	3.75	0	12064
T8_MAIN_NATURESTAFF_AVALON	1	4.5	0	21111
T8_MAIN_NATURESTAFF_AVALON	2	5.4	0	36945
T8_MAIN_NATURESTAFF_AVALON	3	6.48	0	64653
T8_MAIN_NATURESTAFF_AVALON	4	7.56	0	113144
T4_MAIN_NATURESTAFF_CRYSTAL	0	1.0	0	1286
T4_MAIN_NATURESTAFF_CRYSTAL	1	1.5	0	2251
T4_MAIN_NATURESTAFF_CRYSTAL	2	2.0	0	3939
T4_MAIN_NATURESTAFF_CRYSTAL	3	2.5	0	6893
T4_MAIN_NATURESTAFF_CRYSTAL	4	3.75	0	12064
T5_MAIN_NATURESTAFF_CRYSTAL	0	1.5	0	2251
T5_MAIN_NATURESTAFF_CRYSTAL	1	2.0	0	3939
T5_MAIN_NATURESTAFF_CRYSTAL	2	2.5	0	6893
T5_MAIN_NATURESTAFF_CRYSTAL	3	3.75	0	12064
T5_MAIN_NATURESTAFF_CRYSTAL	4	4.5	0	21111
T6_MAIN_NATURESTAFF_CRYSTAL	0	2.0	0	3939
T6_MAIN_NATURESTAFF_CRYSTAL	1	2.5	0	6893
T6_MAIN_NATURESTAFF_CRYSTAL	2	3.75	0	12064
T6_MAIN_NATURESTAFF_CRYSTAL	3	4.5	0	21111
T6_MAIN_NATURESTAFF_CRYSTAL	4	5.4	0	36945
T7_MAIN_NATURESTAFF_CRYSTAL	0	2.5	0	6893
T7_MAIN_NATURESTAFF_CRYSTAL	1	3.75	0	12064
T7_MAIN_NATURESTAFF_CRYSTAL	2	4.5	0	21111
T7_MAIN_NATURESTAFF_CRYSTAL	3	5.4	0	36945
T7_MAIN_NATURESTAFF_CRYSTAL	4	6.48	0	64653
T8_MAIN_NATURESTAFF_CRYSTAL	0	3.75	0	12064
T8_MAIN_NATURESTAFF_CRYSTAL	1	4.5	0	21111
T8_MAIN_NATURESTAFF_CRYSTAL	2	5.4	0	36945
T8_MAIN_NATURESTAFF_CRYSTAL	3	6.48	0	64653
T8_MAIN_NATURESTAFF_CRYSTAL	4	7.56	0	113144
T3_MAIN_DAGGER	0	0.75	0	735
T4_MAIN_DAGGER	0	1.0	0	1286
T4_MAIN_DAGGER	1	1.5	0	2251
T4_MAIN_DAGGER	2	2.0	0	3939
T4_MAIN_DAGGER	3	2.5	0	6893
T4_MAIN_DAGGER	4	3.75	0	12064
T5_MAIN_DAGGER	0	1.5	0	2251
T5_MAIN_DAGGER	1	2.0	0	3939
T5_MAIN_DAGGER	2	2.5	0	6893
T5_MAIN_DAGGER	3	3.75	0	12064
T5_MAIN_DAGGER	4	4.5	0	21111
T6_MAIN_DAGGER	0	2.0	0	3939
T6_MAIN_DAGGER	1	2.5	0	6893
T6_MAIN_DAGGER	2	3.75	0	12064
T6_MAIN_DAGGER	3	4.5	0	21111
T6_MAIN_DAGGER	4	5.4	0	36945
T7_MAIN_DAGGER	0	2.5	0	6893
T7_MAIN_DAGGER	1	3.75	0	12064
T7_MAIN_DAGGER	2	4.5	0	21111
T7_MAIN_DAGGER	3	5.4	0	36945
T7_MAIN_DAGGER	4	6.48	0	64653
T8_MAIN_DAGGER	0	3.75	0	12064
T8_MAIN_DAGGER	1	4.5	0	21111
T8_MAIN_DAGGER	2	5.4	0	36945
T8_MAIN_DAGGER	3	6.48	0	64653
T8_MAIN_DAGGER	4	7.56	0	113144
T4_2H_DAGGERPAIR	0	1.333	0	1715
T4_2H_DAGGERPAIR	1	2.0	0	3001
T4_2H_DAGGERPAIR	2	2.667	0	5252
T4_2H_DAGGERPAIR	3	3.333	0	9191
T4_2H_DAGGERPAIR	4	5.0	0	16085
T5_2H_DAGGERPAIR	0	2.0	0	3001
T5_2H_DAGGERPAIR	1	2.667	0	5252
T5_2H_DAGGERPAIR	2	3.333	0	9191
T5_2H_DAGGERPAIR	3	5.0	0	16085
T5_2H_DAGGERPAIR	4	6.0	0	28148
T6_2H_DAGGERPAIR	0	2.667	0	5252
T6_2H_DAGGERPAIR	1	3.333	0	9191
T6_2H_DAGGERPAIR	2	5.0	0	16085
T6_2H_DAGGERPAIR	3	6.0	0	28148
T6_2H_DAGGERPAIR	4	7.2	0	49260
T7_2H_DAGGERPAIR	0	3.333	0	9191
T7_2H_DAGGERPAIR	1	5.0	0	16085
T7_2H_DAGGERPAIR	2	6.0	0	28148
T7_2H_DAGGERPAIR	3	7.2	0	49260
T7_2H_DAGGERPAIR	4	8.64	0	86205
T8_2H_DAGGERPAIR	0	5.0	0	16085
T8_2H_DAGGERPAIR	1	6.0	0	28148
T8_2H_DAGGERPAIR	2	7.2	0	49260
T8_2H_DAGGERPAIR	3	8.64	0	86205
T8_2H_DAGGERPAIR	4	10.08	0	150858
T4_2H_CLAWPAIR	0	1.333	0	1715
T4_2H_CLAWPAIR	1	2.0	0	3001
T4_2H_CLAWPAIR	2	2.667	0	5252
T4_2H_CLAWPAIR	3	3.333	0	9191
T4_2H_CLAWPAIR	4	5.0	0	16085
T5_2H_CLAWPAIR	0	2.0	0	3001
T5_2H_CLAWPAIR	1	2.667	0	5252
T5_2H_CLAWPAIR	2	3.333	0	9191
T5_2H_CLAWPAIR	3	5.0	0	16085
T5_2H_CLAWPAIR	4	6.0	0	28148
T6_2H_CLAWPAIR	0	2.667	0	5252
T6_2H_CLAWPAIR	1	3.333	0	9191
T6_2H_CLAWPAIR	2	5.0	0	16085
T6_2H_CLAWPAIR	3	6.0	0	28148
T6_2H_CLAWPAIR	4	7.2	0	49260
T7_2H_CLAWPAIR	0	3.333	0	9191
T7_2H_CLAWPAIR	1	5.0	0	16085
T7_2H_CLAWPAIR	2	6.0	0	28148
T7_2H_CLAWPAIR	3	7.2	0	49260
T7_2H_CLAWPAIR	4	8.64	0	86205
T8_2H_CLAWPAIR	0	5.0	0	16085
T8_2H_CLAWPAIR	1	6.0	0	28148
T8_2H_CLAWPAIR	2	7.2	0	49260
T8_2H_CLAWPAIR	3	8.64	0	86205
T8_2H_CLAWPAIR	4	10.08	0	150858
T4_MAIN_RAPIER_MORGANA	0	1.0	0	1286
T4_MAIN_RAPIER_MORGANA	1	1.5	0	2251
T4_MAIN_RAPIER_MORGANA	2	2.0	0	3939
T4_MAIN_RAPIER_MORGANA	3	2.5	0	6893
T4_MAIN_RAPIER_MORGANA	4	3.75	0	12064
T5_MAIN_RAPIER_MORGANA	0	1.5	0	2251
T5_MAIN_RAPIER_MORGANA	1	2.0	0	3939
T5_MAIN_RAPIER_MORGANA	2	2.5	0	6893
T5_MAIN_RAPIER_MORGANA	3	3.75	0	12064
T5_MAIN_RAPIER_MORGANA	4	4.5	0	21111
T6_MAIN_RAPIER_MORGANA	0	2.0	0	3939
T6_MAIN_RAPIER_MORGANA	1	2.5	0	6893
T6_MAIN_RAPIER_MORGANA	2	3.75	0	12064
T6_MAIN_RAPIER_MORGANA	3	4.5	0	21111
T6_MAIN_RAPIER_MORGANA	4	5.4	0	36945
T7_MAIN_RAPIER_MORGANA	0	2.5	0	6893
T7_MAIN_RAPIER_MORGANA	1	3.75	0	12064
T7_MAIN_RAPIER_MORGANA	2	4.5	0	21111
T7_MAIN_RAPIER_MORGANA	3	5.4	0	36945
T7_MAIN_RAPIER_MORGANA	4	6.48	0	64653
T8_MAIN_RAPIER_MORGANA	0	3.75	0	12064
T8_MAIN_RAPIER_MORGANA	1	4.5	0	21111
T8_MAIN_RAPIER_MORGANA	2	5.4	0	36945
T8_MAIN_RAPIER_MORGANA	3	6.48	0	64653
T8_MAIN_RAPIER_MORGANA	4	7.56	0	113144
T4_MAIN_DAGGER_HELL	0	1.0	0	1286
T4_MAIN_DAGGER_HELL	1	1.5	0	2251
T4_MAIN_DAGGER_HELL	2	2.0	0	3939
T4_MAIN_DAGGER_HELL	3	2.5	0	6893
T4_MAIN_DAGGER_HELL	4	3.75	0	12064
T5_MAIN_DAGGER_HELL	0	1.5	0	2251
T5_MAIN_DAGGER_HELL	1	2.0	0	3939
T5_MAIN_DAGGER_HELL	2	2.5	0	6893
T5_MAIN_DAGGER_HELL	3	3.75	0	12064
T5_MAIN_DAGGER_HELL	4	4.5	0	21111
T6_MAIN_DAGGER_HELL	0	2.0	0	3939
T6_MAIN_DAGGER_HELL	1	2.5	0	6893
T6_MAIN_DAGGER_HELL	2	3.75	0	12064
T6_MAIN_DAGGER_HELL	3	4.5	0	21111
T6_MAIN_DAGGER_HELL	4	5.4	0	36945
T7_MAIN_DAGGER_HELL	0	2.5	0	6893
T7_MAIN_DAGGER_HELL	1	3.75	0	12064
T7_MAIN_DAGGER_HELL	2	4.5	0	21111
T7_MAIN_DAGGER_HELL	3	5.4	0	36945
T7_MAIN_DAGGER_HELL	4	6.48	0	64653
T8_MAIN_DAGGER_HELL	0	3.75	0	12064
T8_MAIN_DAGGER_HELL	1	4.5	0	21111
T8_MAIN_DAGGER_HELL	2	5.4	0	36945
T8_MAIN_DAGGER_HELL	3	6.48	0	64653
T8_MAIN_DAGGER_HELL	4	7.56	0	113144
T4_2H_IRONGAUNTLETS_HELL	0	1.33333	0	1715
T4_2H_IRONGAUNTLETS_HELL	1	2.0	0	3001
T4_2H_IRONGAUNTLETS_HELL	2	2.667	0	5252
T4_2H_IRONGAUNTLETS_HELL	3	3.333	0	9191
T5_2H_IRONGAUNTLETS_HELL	0	2.0	0	3001
T5_2H_IRONGAUNTLETS_HELL	1	2.667	0	5252
T5_2H_IRONGAUNTLETS_HELL	2	3.333	0	9191
T5_2H_IRONGAUNTLETS_HELL	3	5.0	0	16085
T6_2H_IRONGAUNTLETS_HELL	0	2.66667	0	5252
T6_2H_IRONGAUNTLETS_HELL	1	3.333	0	9191
T6_2H_IRONGAUNTLETS_HELL	2	5.0	0	16085
T6_2H_IRONGAUNTLETS_HELL	3	6.0	0	28148
T7_2H_IRONGAUNTLETS_HELL	0	3.33333	0	9191
T7_2H_IRONGAUNTLETS_HELL	1	5.0	0	16085
T7_2H_IRONGAUNTLETS_HELL	2	6.0	0	28148
T7_2H_IRONGAUNTLETS_HELL	3	7.2	0	49260
T8_2H_IRONGAUNTLETS_HELL	0	5.0	0	16085
T8_2H_IRONGAUNTLETS_HELL	1	6.0	0	28148
T8_2H_IRONGAUNTLETS_HELL	2	7.2	0	49260
T8_2H_IRONGAUNTLETS_HELL	3	8.64	0	86205
T4_2H_DUALSICKLE_UNDEAD	0	1.333	0	1715
T4_2H_DUALSICKLE_UNDEAD	1	2.0	0	3001
T4_2H_DUALSICKLE_UNDEAD	2	2.667	0	5252
T4_2H_DUALSICKLE_UNDEAD	3	3.333	0	9191
T4_2H_DUALSICKLE_UNDEAD	4	5.0	0	16085
T5_2H_DUALSICKLE_UNDEAD	0	2.0	0	3001
T5_2H_DUALSICKLE_UNDEAD	1	2.667	0	5252
T5_2H_DUALSICKLE_UNDEAD	2	3.333	0	9191
T5_2H_DUALSICKLE_UNDEAD	3	5.0	0	16085
T5_2H_DUALSICKLE_UNDEAD	4	6.0	0	28148
T6_2H_DUALSICKLE_UNDEAD	0	2.667	0	5252
T6_2H_DUALSICKLE_UNDEAD	1	3.333	0	9191
T6_2H_DUALSICKLE_UNDEAD	2	5.0	0	16085
T6_2H_DUALSICKLE_UNDEAD	3	6.0	0	28148
T6_2H_DUALSICKLE_UNDEAD	4	7.2	0	49260
T7_2H_DUALSICKLE_UNDEAD	0	3.333	0	9191
T7_2H_DUALSICKLE_UNDEAD	1	5.0	0	16085
T7_2H_DUALSICKLE_UNDEAD	2	6.0	0	28148
T7_2H_DUALSICKLE_UNDEAD	3	7.2	0	49260
T7_2H_DUALSICKLE_UNDEAD	4	8.64	0	86205
T8_2H_DUALSICKLE_UNDEAD	0	5.0	0	16085
T8_2H_DUALSICKLE_UNDEAD	1	6.0	0	28148
T8_2H_DUALSICKLE_UNDEAD	2	7.2	0	49260
T8_2H_DUALSICKLE_UNDEAD	3	8.64	0	86205
T8_2H_DUALSICKLE_UNDEAD	4	10.08	0	150858
T4_2H_DAGGER_KATAR_AVALON	0	1.333	0	1715
T4_2H_DAGGER_KATAR_AVALON	1	2.0	0	3001
T4_2H_DAGGER_KATAR_AVALON	2	2.667	0	5252
T4_2H_DAGGER_KATAR_AVALON	3	3.333	0	9191
T4_2H_DAGGER_KATAR_AVALON	4	5.0	0	16085
T5_2H_DAGGER_KATAR_AVALON	0	2.0	0	3001
T5_2H_DAGGER_KATAR_AVALON	1	2.667	0	5252
T5_2H_DAGGER_KATAR_AVALON	2	3.333	0	9191
T5_2H_DAGGER_KATAR_AVALON	3	5.0	0	16085
T5_2H_DAGGER_KATAR_AVALON	4	6.0	0	28148
T6_2H_DAGGER_KATAR_AVALON	0	2.667	0	5252
T6_2H_DAGGER_KATAR_AVALON	1	3.333	0	9191
T6_2H_DAGGER_KATAR_AVALON	2	5.0	0	16085
T6_2H_DAGGER_KATAR_AVALON	3	6.0	0	28148
T6_2H_DAGGER_KATAR_AVALON	4	7.2	0	49260
T7_2H_DAGGER_KATAR_AVALON	0	3.333	0	9191
T7_2H_DAGGER_KATAR_AVALON	1	5.0	0	16085
T7_2H_DAGGER_KATAR_AVALON	2	6.0	0	28148
T7_2H_DAGGER_KATAR_AVALON	3	7.2	0	49260
T7_2H_DAGGER_KATAR_AVALON	4	8.64	0	86205
T8_2H_DAGGER_KATAR_AVALON	0	5.0	0	16085
T8_2H_DAGGER_KATAR_AVALON	1	6.0	0	28148
T8_2H_DAGGER_KATAR_AVALON	2	7.2	0	49260
T8_2H_DAGGER_KATAR_AVALON	3	8.64	0	86205
T8_2H_DAGGER_KATAR_AVALON	4	10.08	0	150858
T4_2H_DAGGERPAIR_CRYSTAL	0	1.333	0	1715
T4_2H_DAGGERPAIR_CRYSTAL	1	2.0	0	3001
T4_2H_DAGGERPAIR_CRYSTAL	2	2.667	0	5252
T4_2H_DAGGERPAIR_CRYSTAL	3	3.333	0	9191
T4_2H_DAGGERPAIR_CRYSTAL	4	5.0	0	16085
T5_2H_DAGGERPAIR_CRYSTAL	0	2.0	0	3001
T5_2H_DAGGERPAIR_CRYSTAL	1	2.667	0	5252
T5_2H_DAGGERPAIR_CRYSTAL	2	3.333	0	9191
T5_2H_DAGGERPAIR_CRYSTAL	3	5.0	0	16085
T5_2H_DAGGERPAIR_CRYSTAL	4	6.0	0	28148
T6_2H_DAGGERPAIR_CRYSTAL	0	2.667	0	5252
T6_2H_DAGGERPAIR_CRYSTAL	1	3.333	0	9191
T6_2H_DAGGERPAIR_CRYSTAL	2	5.0	0	16085
T6_2H_DAGGERPAIR_CRYSTAL	3	6.0	0	28148
T6_2H_DAGGERPAIR_CRYSTAL	4	7.2	0	49260
T7_2H_DAGGERPAIR_CRYSTAL	0	3.333	0	9191
T7_2H_DAGGERPAIR_CRYSTAL	1	5.0	0	16085
T7_2H_DAGGERPAIR_CRYSTAL	2	6.0	0	28148
T7_2H_DAGGERPAIR_CRYSTAL	3	7.2	0	49260
T7_2H_DAGGERPAIR_CRYSTAL	4	8.64	0	86205
T8_2H_DAGGERPAIR_CRYSTAL	0	5.0	0	16085
T8_2H_DAGGERPAIR_CRYSTAL	1	6.0	0	28148
T8_2H_DAGGERPAIR_CRYSTAL	2	7.2	0	49260
T8_2H_DAGGERPAIR_CRYSTAL	3	8.64	0	86205
T8_2H_DAGGERPAIR_CRYSTAL	4	10.08	0	150858
T3_MAIN_SPEAR	0	0.75	0	735
T4_MAIN_SPEAR	0	1.0	0	1286
T4_MAIN_SPEAR	1	1.5	0	2251
T4_MAIN_SPEAR	2	2.0	0	3939
T4_MAIN_SPEAR	3	2.5	0	6893
T4_MAIN_SPEAR	4	3.75	0	12064
T5_MAIN_SPEAR	0	1.5	0	2251
T5_MAIN_SPEAR	1	2.0	0	3939
T5_MAIN_SPEAR	2	2.5	0	6893
T5_MAIN_SPEAR	3	3.75	0	12064
T5_MAIN_SPEAR	4	4.5	0	21111
T6_MAIN_SPEAR	0	2.0	0	3939
T6_MAIN_SPEAR	1	2.5	0	6893
T6_MAIN_SPEAR	2	3.75	0	12064
T6_MAIN_SPEAR	3	4.5	0	21111
T6_MAIN_SPEAR	4	5.4	0	36945
T7_MAIN_SPEAR	0	2.5	0	6893
T7_MAIN_SPEAR	1	3.75	0	12064
T7_MAIN_SPEAR	2	4.5	0	21111
T7_MAIN_SPEAR	3	5.4	0	36945
T7_MAIN_SPEAR	4	6.48	0	64653
T8_MAIN_SPEAR	0	3.75	0	12064
T8_MAIN_SPEAR	1	4.5	0	21111
T8_MAIN_SPEAR	2	5.4	0	36945
T8_MAIN_SPEAR	3	6.48	0	64653
T8_MAIN_SPEAR	4	7.56	0	113144
T4_2H_SPEAR	0	1.333	0	1715
T4_2H_SPEAR	1	2.0	0	3001
T4_2H_SPEAR	2	2.667	0	5252
T4_2H_SPEAR	3	3.333	0	9191
T4_2H_SPEAR	4	5.0	0	16085
T5_2H_SPEAR	0	2.0	0	3001
T5_2H_SPEAR	1	2.667	0	5252
T5_2H_SPEAR	2	3.333	0	9191
T5_2H_SPEAR	3	5.0	0	16085
T5_2H_SPEAR	4	6.0	0	28148
T6_2H_SPEAR	0	2.667	0	5252
T6_2H_SPEAR	1	3.333	0	9191
T6_2H_SPEAR	2	5.0	0	16085
T6_2H_SPEAR	3	6.0	0	28148
T6_2H_SPEAR	4	7.2	0	49260
T7_2H_SPEAR	0	3.333	0	9191
T7_2H_SPEAR	1	5.0	0	16085
T7_2H_SPEAR	2	6.0	0	28148
T7_2H_SPEAR	3	7.2	0	49260
T7_2H_SPEAR	4	8.64	0	86205
T8_2H_SPEAR	0	5.0	0	16085
T8_2H_SPEAR	1	6.0	0	28148
T8_2H_SPEAR	2	7.2	0	49260
T8_2H_SPEAR	3	8.64	0	86205
T8_2H_SPEAR	4	10.08	0	150858
T4_2H_GLAIVE	0	1.333	0	1715
T4_2H_GLAIVE	1	2.0	0	3001
T4_2H_GLAIVE	2	2.667	0	5252
T4_2H_GLAIVE	3	3.333	0	9191
T4_2H_GLAIVE	4	5.0	0	16085
T5_2H_GLAIVE	0	2.0	0	3001
T5_2H_GLAIVE	1	2.667	0	5252
T5_2H_GLAIVE	2	3.333	0	9191
T5_2H_GLAIVE	3	5.0	0	16085
T5_2H_GLAIVE	4	6.0	0	28148
T6_2H_GLAIVE	0	2.667	0	5252
T6_2H_GLAIVE	1	3.333	0	9191
T6_2H_GLAIVE	2	5.0	0	16085
T6_2H_GLAIVE	3	6.0	0	28148
T6_2H_GLAIVE	4	7.2	0	49260
T7_2H_GLAIVE	0	3.333	0	9191
T7_2H_GLAIVE	1	5.0	0	16085
T7_2H_GLAIVE	2	6.0	0	28148
T7_2H_GLAIVE	3	7.2	0	49260
T7_2H_GLAIVE	4	8.64	0	86205
T8_2H_GLAIVE	0	5.0	0	16085
T8_2H_GLAIVE	1	6.0	0	28148
T8_2H_GLAIVE	2	7.2	0	49260
T8_2H_GLAIVE	3	8.64	0	86205
T8_2H_GLAIVE	4	10.08	0	150858
T4_MAIN_SPEAR_KEEPER	0	1.0	0	1286
T4_MAIN_SPEAR_KEEPER	1	1.5	0	2251
T4_MAIN_SPEAR_KEEPER	2	2.0	0	3939
T4_MAIN_SPEAR_KEEPER	3	2.5	0	6893
T4_MAIN_SPEAR_KEEPER	4	3.75	0	12064
T5_MAIN_SPEAR_KEEPER	0	1.5	0	2251
T5_MAIN_SPEAR_KEEPER	1	2.0	0	3939
T5_MAIN_SPEAR_KEEPER	2	2.5	0	6893
T5_MAIN_SPEAR_KEEPER	3	3.75	0	12064
T5_MAIN_SPEAR_KEEPER	4	4.5	0	21111
T6_MAIN_SPEAR_KEEPER	0	2.0	0	3939
T6_MAIN_SPEAR_KEEPER	1	2.5	0	6893
T6_MAIN_SPEAR_KEEPER	2	3.75	0	12064
T6_MAIN_SPEAR_KEEPER	3	4.5	0	21111
T6_MAIN_SPEAR_KEEPER	4	5.4	0	36945
T7_MAIN_SPEAR_KEEPER	0	2.5	0	6893
T7_MAIN_SPEAR_KEEPER	1	3.75	0	12064
T7_MAIN_SPEAR_KEEPER	2	4.5	0	21111
T7_MAIN_SPEAR_KEEPER	3	5.4	0	36945
T7_MAIN_SPEAR_KEEPER	4	6.48	0	64653
T8_MAIN_SPEAR_KEEPER	0	3.75	0	12064
T8_MAIN_SPEAR_KEEPER	1	4.5	0	21111
T8_MAIN_SPEAR_KEEPER	2	5.4	0	36945
T8_MAIN_SPEAR_KEEPER	3	6.48	0	64653
T8_MAIN_SPEAR_KEEPER	4	7.56	0	113144
T4_2H_HARPOON_HELL	0	1.333	0	1715
T4_2H_HARPOON_HELL	1	2.0	0	3001
T4_2H_HARPOON_HELL	2	2.667	0	5252
T4_2H_HARPOON_HELL	3	3.333	0	9191
T4_2H_HARPOON_HELL	4	5.0	0	16085
T5_2H_HARPOON_HELL	0	2.0	0	3001
T5_2H_HARPOON_HELL	1	2.667	0	5252
T5_2H_HARPOON_HELL	2	3.333	0	9191
T5_2H_HARPOON_HELL	3	5.0	0	16085
T5_2H_HARPOON_HELL	4	6.0	0	28148
T6_2H_HARPOON_HELL	0	2.667	0	5252
T6_2H_HARPOON_HELL	1	3.333	0	9191
T6_2H_HARPOON_HELL	2	5.0	0	16085
T6_2H_HARPOON_HELL	3	6.0	0	28148
T6_2H_HARPOON_HELL	4	7.2	0	49260
T7_2H_HARPOON_HELL	0	3.333	0	9191
T7_2H_HARPOON_HELL	1	5.0	0	16085
T7_2H_HARPOON_HELL	2	6.0	0	28148
T7_2H_HARPOON_HELL	3	7.2	0	49260
T7_2H_HARPOON_HELL	4	8.64	0	86205
T8_2H_HARPOON_HELL	0	5.0	0	16085
T8_2H_HARPOON_HELL	1	6.0	0	28148
T8_2H_HARPOON_HELL	2	7.2	0	49260
T8_2H_HARPOON_HELL	3	8.64	0	86205
T8_2H_HARPOON_HELL	4	10.08	0	150858
T4_2H_TRIDENT_UNDEAD	0	1.333	0	1715
T4_2H_TRIDENT_UNDEAD	1	2.0	0	3001
T4_2H_TRIDENT_UNDEAD	2	2.667	0	5252
T4_2H_TRIDENT_UNDEAD	3	3.333	0	9191
T4_2H_TRIDENT_UNDEAD	4	5.0	0	16085
T5_2H_TRIDENT_UNDEAD	0	2.0	0	3001
T5_2H_TRIDENT_UNDEAD	1	2.667	0	5252
T5_2H_TRIDENT_UNDEAD	2	3.333	0	9191
T5_2H_TRIDENT_UNDEAD	3	5.0	0	16085
T5_2H_TRIDENT_UNDEAD	4	6.0	0	28148
T6_2H_TRIDENT_UNDEAD	0	2.667	0	5252
T6_2H_TRIDENT_UNDEAD	1	3.333	0	9191
T6_2H_TRIDENT_UNDEAD	2	5.0	0	16085
T6_2H_TRIDENT_UNDEAD	3	6.0	0	28148
T6_2H_TRIDENT_UNDEAD	4	7.2	0	49260
T7_2H_TRIDENT_UNDEAD	0	3.333	0	9191
T7_2H_TRIDENT_UNDEAD	1	5.0	0	16085
T7_2H_TRIDENT_UNDEAD	2	6.0	0	28148
T7_2H_TRIDENT_UNDEAD	3	7.2	0	49260
T7_2H_TRIDENT_UNDEAD	4	8.64	0	86205
T8_2H_TRIDENT_UNDEAD	0	5.0	0	16085
T8_2H_TRIDENT_UNDEAD	1	6.0	0	28148
T8_2H_TRIDENT_UNDEAD	2	7.2	0	49260
T8_2H_TRIDENT_UNDEAD	3	8.64	0	86205
T8_2H_TRIDENT_UNDEAD	4	10.08	0	150858
T4_MAIN_SPEAR_LANCE_AVALON	0	1.0	0	1286
T4_MAIN_SPEAR_LANCE_AVALON	1	1.5	0	2251
T4_MAIN_SPEAR_LANCE_AVALON	2	2.0	0	3939
T4_MAIN_SPEAR_LANCE_AVALON	3	2.5	0	6893
T4_MAIN_SPEAR_LANCE_AVALON	4	3.75	0	12064
T5_MAIN_SPEAR_LANCE_AVALON	0	1.5	0	2251
T5_MAIN_SPEAR_LANCE_AVALON	1	2.0	0	3939
T5_MAIN_SPEAR_LANCE_AVALON	2	2.5	0	6893
T5_MAIN_SPEAR_LANCE_AVALON	3	3.75	0	12064
T5_MAIN_SPEAR_LANCE_AVALON	4	4.5	0	21111
T6_MAIN_SPEAR_LANCE_AVALON	0	2.0	0	3939
T6_MAIN_SPEAR_LANCE_AVALON	1	2.5	0	6893
T6_MAIN_SPEAR_LANCE_AVALON	2	3.75	0	12064
T6_MAIN_SPEAR_LANCE_AVALON	3	4.5	0	21111
T6_MAIN_SPEAR_LANCE_AVALON	4	5.4	0	36945
T7_MAIN_SPEAR_LANCE_AVALON	0	2.5	0	6893
T7_MAIN_SPEAR_LANCE_AVALON	1	3.75	0	12064
T7_MAIN_SPEAR_LANCE_AVALON	2	4.5	0	21111
T7_MAIN_SPEAR_LANCE_AVALON	3	5.4	0	36945
T7_MAIN_SPEAR_LANCE_AVALON	4	6.48	0	64653
T8_MAIN_SPEAR_LANCE_AVALON	0	3.75	0	12064
T8_MAIN_SPEAR_LANCE_AVALON	1	4.5	0	21111
T8_MAIN_SPEAR_LANCE_AVALON	2	5.4	0	36945
T8_MAIN_SPEAR_LANCE_AVALON	3	6.48	0	64653
T8_MAIN_SPEAR_LANCE_AVALON	4	7.56	0	113144
T4_2H_GLAIVE_CRYSTAL	0	1.333	0	1715
T4_2H_GLAIVE_CRYSTAL	1	2.0	0	3001
T4_2H_GLAIVE_CRYSTAL	2	2.667	0	5252
T4_2H_GLAIVE_CRYSTAL	3	3.333	0	9191
T4_2H_GLAIVE_CRYSTAL	4	5.0	0	16085
T5_2H_GLAIVE_CRYSTAL	0	2.0	0	3001
T5_2H_GLAIVE_CRYSTAL	1	2.667	0	5252
T5_2H_GLAIVE_CRYSTAL	2	3.333	0	9191
T5_2H_GLAIVE_CRYSTAL	3	5.0	0	16085
T5_2H_GLAIVE_CRYSTAL	4	6.0	0	28148
T6_2H_GLAIVE_CRYSTAL	0	2.667	0	5252
T6_2H_GLAIVE_CRYSTAL	1	3.333	0	9191
T6_2H_GLAIVE_CRYSTAL	2	5.0	0	16085
T6_2H_GLAIVE_CRYSTAL	3	6.0	0	28148
T6_2H_GLAIVE_CRYSTAL	4	7.2	0	49260
T7_2H_GLAIVE_CRYSTAL	0	3.333	0	9191
T7_2H_GLAIVE_CRYSTAL	1	5.0	0	16085
T7_2H_GLAIVE_CRYSTAL	2	6.0	0	28148
T7_2H_GLAIVE_CRYSTAL	3	7.2	0	49260
T7_2H_GLAIVE_CRYSTAL	4	8.64	0	86205
T8_2H_GLAIVE_CRYSTAL	0	5.0	0	16085
T8_2H_GLAIVE_CRYSTAL	1	6.0	0	28148
T8_2H_GLAIVE_CRYSTAL	2	7.2	0	49260
T8_2H_GLAIVE_CRYSTAL	3	8.64	0	86205
T8_2H_GLAIVE_CRYSTAL	4	10.08	0	150858
T3_MAIN_AXE	0	0.75	0	735
T4_MAIN_AXE	0	1.0	0	1286
T4_MAIN_AXE	1	1.5	0	2251
T4_MAIN_AXE	2	2.0	0	3939
T4_MAIN_AXE	3	2.5	0	6893
T4_MAIN_AXE	4	3.75	0	12064
T5_MAIN_AXE	0	1.5	0	2251
T5_MAIN_AXE	1	2.0	0	3939
T5_MAIN_AXE	2	2.5	0	6893
T5_MAIN_AXE	3	3.75	0	12064
T5_MAIN_AXE	4	4.5	0	21111
T6_MAIN_AXE	0	2.0	0	3939
T6_MAIN_AXE	1	2.5	0	6893
T6_MAIN_AXE	2	3.75	0	12064
T6_MAIN_AXE	3	4.5	0	21111
T6_MAIN_AXE	4	5.4	0	36945
T7_MAIN_AXE	0	2.5	0	6893
T7_MAIN_AXE	1	3.75	0	12064
T7_MAIN_AXE	2	4.5	0	21111
T7_MAIN_AXE	3	5.4	0	36945
T7_MAIN_AXE	4	6.48	0	64653
T8_MAIN_AXE	0	3.75	0	12064
T8_MAIN_AXE	1	4.5	0	21111
T8_MAIN_AXE	2	5.4	0	36945
T8_MAIN_AXE	3	6.48	0	64653
T8_MAIN_AXE	4	7.56	0	113144
T4_2H_AXE	0	1.333	0	1715
T4_2H_AXE	1	2.0	0	3001
T4_2H_AXE	2	2.667	0	5252
T4_2H_AXE	3	3.333	0	9191
T4_2H_AXE	4	5.0	0	16085
T5_2H_AXE	0	2.0	0	3001
T5_2H_AXE	1	2.667	0	5252
T5_2H_AXE	2	3.333	0	9191
T5_2H_AXE	3	5.0	0	16085
T5_2H_AXE	4	6.0	0	28148
T6_2H_AXE	0	2.667	0	5252
T6_2H_AXE	1	3.333	0	9191
T6_2H_AXE	2	5.0	0	16085
T6_2H_AXE	3	6.0	0	28148
T6_2H_AXE	4	7.2	0	49260
T7_2H_AXE	0	3.333	0	9191
T7_2H_AXE	1	5.0	0	16085
T7_2H_AXE	2	6.0	0	28148
T7_2H_AXE	3	7.2	0	49260
T7_2H_AXE	4	8.64	0	86205
T8_2H_AXE	0	5.0	0	16085
T8_2H_AXE	1	6.0	0	28148
T8_2H_AXE	2	7.2	0	49260
T8_2H_AXE	3	8.64	0	86205
T8_2H_AXE	4	10.08	0	150858
T4_2H_HALBERD	0	1.333	0	1715
T4_2H_HALBERD	1	2.0	0	3001
T4_2H_HALBERD	2	2.667	0	5252
T4_2H_HALBERD	3	3.333	0	9191
T4_2H_HALBERD	4	5.0	0	16085
T5_2H_HALBERD	0	2.0	0	3001
T5_2H_HALBERD	1	2.667	0	5252
T5_2H_HALBERD	2	3.333	0	9191
T5_2H_HALBERD	3	5.0	0	16085
T5_2H_HALBERD	4	6.0	0	28148
T6_2H_HALBERD	0	2.667	0	5252
T6_2H_HALBERD	1	3.333	0	9191
T6_2H_HALBERD	2	5.0	0	16085
T6_2H_HALBERD	3	6.0	0	28148
T6_2H_HALBERD	4	7.2	0	49260
T7_2H_HALBERD	0	3.333	0	9191
T7_2H_HALBERD	1	5.0	0	16085
T7_2H_HALBERD	2	6.0	0	28148
T7_2H_HALBERD	3	7.2	0	49260
T7_2H_HALBERD	4	8.64	0	86205
T8_2H_HALBERD	0	5.0	0	16085
T8_2H_HALBERD	1	6.0	0	28148
T8_2H_HALBERD	2	7.2	0	49260
T8_2H_HALBERD	3	8.64	0	86205
T8_2H_HALBERD	4	10.08	0	150858
T4_2H_HALBERD_MORGANA	0	1.333	0	1715
T4_2H_HALBERD_MORGANA	1	2.0	0	3001
T4_2H_HALBERD_MORGANA	2	2.667	0	5252
T4_2H_HALBERD_MORGANA	3	3.333	0	9191
T4_2H_HALBERD_MORGANA	4	5.0	0	16085
T5_2H_HALBERD_MORGANA	0	2.0	0	3001
T5_2H_HALBERD_MORGANA	1	2.667	0	5252
T5_2H_HALBERD_MORGANA	2	3.333	0	9191
T5_2H_HALBERD_MORGANA	3	5.0	0	16085
T5_2H_HALBERD_MORGANA	4	6.0	0	28148
T6_2H_HALBERD_MORGANA	0	2.667	0	5252
T6_2H_HALBERD_MORGANA	1	3.333	0	9191
T6_2H_HALBERD_MORGANA	2	5.0	0	16085
T6_2H_HALBERD_MORGANA	3	6.0	0	28148
T6_2H_HALBERD_MORGANA	4	7.2	0	49260
T7_2H_HALBERD_MORGANA	0	3.333	0	9191
T7_2H_HALBERD_MORGANA	1	5.0	0	16085
T7_2H_HALBERD_MORGANA	2	6.0	0	28148
T7_2H_HALBERD_MORGANA	3	7.2	0	49260
T7_2H_HALBERD_MORGANA	4	8.64	0	86205
T8_2H_HALBERD_MORGANA	0	5.0	0	16085
T8_2H_HALBERD_MORGANA	1	6.0	0	28148
T8_2H_HALBERD_MORGANA	2	7.2	0	49260
T8_2H_HALBERD_MORGANA	3	8.64	0	86205
T8_2H_HALBERD_MORGANA	4	10.08	0	150858
T4_2H_SCYTHE_HELL	0	1.333	0	1715
T4_2H_SCYTHE_HELL	1	2.0	0	3001
T4_2H_SCYTHE_HELL	2	2.667	0	5252
T4_2H_SCYTHE_HELL	3	3.333	0	9191
T4_2H_SCYTHE_HELL	4	5.0	0	16085
T5_2H_SCYTHE_HELL	0	2.0	0	3001
T5_2H_SCYTHE_HELL	1	2.667	0	5252
T5_2H_SCYTHE_HELL	2	3.333	0	9191
T5_2H_SCYTHE_HELL	3	5.0	0	16085
T5_2H_SCYTHE_HELL	4	6.0	0	28148
T6_2H_SCYTHE_HELL	0	2.667	0	5252
T6_2H_SCYTHE_HELL	1	3.333	0	9191
T6_2H_SCYTHE_HELL	2	5.0	0	16085
T6_2H_SCYTHE_HELL	3	6.0	0	28148
T6_2H_SCYTHE_HELL	4	7.2	0	49260
T7_2H_SCYTHE_HELL	0	3.333	0	9191
T7_2H_SCYTHE_HELL	1	5.0	0	16085
T7_2H_SCYTHE_HELL	2	6.0	0	28148
T7_2H_SCYTHE_HELL	3	7.2	0	49260
T7_2H_SCYTHE_HELL	4	8.64	0	86205
T8_2H_SCYTHE_HELL	0	5.0	0	16085
T8_2H_SCYTHE_HELL	1	6.0	0	28148
T8_2H_SCYTHE_HELL	2	7.2	0	49260
T8_2H_SCYTHE_HELL	3	8.64	0	86205
T8_2H_SCYTHE_HELL	4	10.08	0	150858
T4_2H_DUALAXE_KEEPER	0	1.333	0	1715
T4_2H_DUALAXE_KEEPER	1	2.0	0	3001
T4_2H_DUALAXE_KEEPER	2	2.667	0	5252
T4_2H_DUALAXE_KEEPER	3	3.333	0	9191
T4_2H_DUALAXE_KEEPER	4	5.0	0	16085
T5_2H_DUALAXE_KEEPER	0	2.0	0	3001
T5_2H_DUALAXE_KEEPER	1	2.667	0	5252
T5_2H_DUALAXE_KEEPER	2	3.333	0	9191
T5_2H_DUALAXE_KEEPER	3	5.0	0	16085
T5_2H_DUALAXE_KEEPER	4	6.0	0	28148
T6_2H_DUALAXE_KEEPER	0	2.667	0	5252
T6_2H_DUALAXE_KEEPER	1	3.333	0	9191
T6_2H_DUALAXE_KEEPER	2	5.0	0	16085
T6_2H_DUALAXE_KEEPER	3	6.0	0	28148
T6_2H_DUALAXE_KEEPER	4	7.2	0	49260
T7_2H_DUALAXE_KEEPER	0	3.333	0	9191
T7_2H_DUALAXE_KEEPER	1	5.0	0	16085
T7_2H_DUALAXE_KEEPER	2	6.0	0	28148
T7_2H_DUALAXE_KEEPER	3	7.2	0	49260
T7_2H_DUALAXE_KEEPER	4	8.64	0	86205
T8_2H_DUALAXE_KEEPER	0	5.0	0	16085
T8_2H_DUALAXE_KEEPER	1	6.0	0	28148
T8_2H_DUALAXE_KEEPER	2	7.2	0	49260
T8_2H_DUALAXE_KEEPER	3	8.64	0	86205
T8_2H_DUALAXE_KEEPER	4	10.08	0	150858
T4_2H_AXE_AVALON	0	1.333	0	1715
T4_2H_AXE_AVALON	1	2.0	0	3001
T4_2H_AXE_AVALON	2	2.667	0	5252
T4_2H_AXE_AVALON	3	3.333	0	9191
T4_2H_AXE_AVALON	4	5.0	0	16085
T5_2H_AXE_AVALON	0	2.0	0	3001
T5_2H_AXE_AVALON	1	2.667	0	5252
T5_2H_AXE_AVALON	2	3.333	0	9191
T5_2H_AXE_AVALON	3	5.0	0	16085
T5_2H_AXE_AVALON	4	6.0	0	28148
T6_2H_AXE_AVALON	0	2.667	0	5252
T6_2H_AXE_AVALON	1	3.333	0	9191
T6_2H_AXE_AVALON	2	5.0	0	16085
T6_2H_AXE_AVALON	3	6.0	0	28148
T6_2H_AXE_AVALON	4	7.2	0	49260
T7_2H_AXE_AVALON	0	3.333	0	9191
T7_2H_AXE_AVALON	1	5.0	0	16085
T7_2H_AXE_AVALON	2	6.0	0	28148
T7_2H_AXE_AVALON	3	7.2	0	49260
T7_2H_AXE_AVALON	4	8.64	0	86205
T8_2H_AXE_AVALON	0	5.0	0	16085
T8_2H_AXE_AVALON	1	6.0	0	28148
T8_2H_AXE_AVALON	2	7.2	0	49260
T8_2H_AXE_AVALON	3	8.64	0	86205
T8_2H_AXE_AVALON	4	10.08	0	150858
T4_2H_SCYTHE_CRYSTAL	0	1.333	0	1715
T4_2H_SCYTHE_CRYSTAL	1	2.0	0	3001
T4_2H_SCYTHE_CRYSTAL	2	2.667	0	5252
T4_2H_SCYTHE_CRYSTAL	3	3.333	0	9191
T4_2H_SCYTHE_CRYSTAL	4	5.0	0	16085
T5_2H_SCYTHE_CRYSTAL	0	2.0	0	3001
T5_2H_SCYTHE_CRYSTAL	1	2.667	0	5252
T5_2H_SCYTHE_CRYSTAL	2	3.333	0	9191
T5_2H_SCYTHE_CRYSTAL	3	5.0	0	16085
T5_2H_SCYTHE_CRYSTAL	4	6.0	0	28148
T6_2H_SCYTHE_CRYSTAL	0	2.667	0	5252
T6_2H_SCYTHE_CRYSTAL	1	3.333	0	9191
T6_2H_SCYTHE_CRYSTAL	2	5.0	0	16085
T6_2H_SCYTHE_CRYSTAL	3	6.0	0	28148
T6_2H_SCYTHE_CRYSTAL	4	7.2	0	49260
T7_2H_SCYTHE_CRYSTAL	0	3.333	0	9191
T7_2H_SCYTHE_CRYSTAL	1	5.0	0	16085
T7_2H_SCYTHE_CRYSTAL	2	6.0	0	28148
T7_2H_SCYTHE_CRYSTAL	3	7.2	0	49260
T7_2H_SCYTHE_CRYSTAL	4	8.64	0	86205
T8_2H_SCYTHE_CRYSTAL	0	5.0	0	16085
T8_2H_SCYTHE_CRYSTAL	1	6.0	0	28148
T8_2H_SCYTHE_CRYSTAL	2	7.2	0	49260
T8_2H_SCYTHE_CRYSTAL	3	8.64	0	86205
T8_2H_SCYTHE_CRYSTAL	4	10.08	0	150858
T1_MAIN_SWORD	0	0.5	0	0
T2_MAIN_SWORD	0	0.5	0	420
T3_MAIN_SWORD	0	0.75	0	735
T4_MAIN_SWORD	0	1.0	0	1286
T4_MAIN_SWORD	1	1.5	0	2251
T4_MAIN_SWORD	2	2.0	0	3939
T4_MAIN_SWORD	3	2.5	0	6893
T4_MAIN_SWORD	4	3.75	0	12064
T5_MAIN_SWORD	0	1.5	0	2251
T5_MAIN_SWORD	1	2.0	0	3939
T5_MAIN_SWORD	2	2.5	0	6893
T5_MAIN_SWORD	3	3.75	0	12064
T5_MAIN_SWORD	4	4.5	0	21111
T6_MAIN_SWORD	0	2.0	0	3939
T6_MAIN_SWORD	1	2.5	0	6893
T6_MAIN_SWORD	2	3.75	0	12064
T6_MAIN_SWORD	3	4.5	0	21111
T6_MAIN_SWORD	4	5.4	0	36945
T7_MAIN_SWORD	0	2.5	0	6893
T7_MAIN_SWORD	1	3.75	0	12064
T7_MAIN_SWORD	2	4.5	0	21111
T7_MAIN_SWORD	3	5.4	0	36945
T7_MAIN_SWORD	4	6.48	0	64653
T8_MAIN_SWORD	0	3.75	0	12064
T8_MAIN_SWORD	1	4.5	0	21111
T8_MAIN_SWORD	2	5.4	0	36945
T8_MAIN_SWORD	3	6.48	0	64653
T8_MAIN_SWORD	4	7.56	0	113144
T4_2H_CLAYMORE	0	1.333	0	1715
T4_2H_CLAYMORE	1	2.0	0	3001
T4_2H_CLAYMORE	2	2.667	0	5252
T4_2H_CLAYMORE	3	3.333	0	9191
T4_2H_CLAYMORE	4	5.0	0	16085
T5_2H_CLAYMORE	0	2.0	0	3001
T5_2H_CLAYMORE	1	2.667	0	5252
T5_2H_CLAYMORE	2	3.333	0	9191
T5_2H_CLAYMORE	3	5.0	0	16085
T5_2H_CLAYMORE	4	6.0	0	28148
T6_2H_CLAYMORE	0	2.667	0	5252
T6_2H_CLAYMORE	1	3.333	0	9191
T6_2H_CLAYMORE	2	5.0	0	16085
T6_2H_CLAYMORE	3	6.0	0	28148
T6_2H_CLAYMORE	4	7.2	0	49260
T7_2H_CLAYMORE	0	3.333	0	9191
T7_2H_CLAYMORE	1	5.0	0	16085
T7_2H_CLAYMORE	2	6.0	0	28148
T7_2H_CLAYMORE	3	7.2	0	49260
T7_2H_CLAYMORE	4	8.64	0	86205
T8_2H_CLAYMORE	0	5.0	0	16085
T8_2H_CLAYMORE	1	6.0	0	28148
T8_2H_CLAYMORE	2	7.2	0	49260
T8_2H_CLAYMORE	3	8.64	0	86205
T8_2H_CLAYMORE	4	10.08	0	150858
T4_2H_DUALSWORD	0	1.333	0	1715
T4_2H_DUALSWORD	1	2.0	0	3001
T4_2H_DUALSWORD	2	2.667	0	5252
T4_2H_DUALSWORD	3	3.333	0	9191
T4_2H_DUALSWORD	4	5.0	0	16085
T5_2H_DUALSWORD	0	2.0	0	3001
T5_2H_DUALSWORD	1	2.667	0	5252
T5_2H_DUALSWORD	2	3.333	0	9191
T5_2H_DUALSWORD	3	5.0	0	16085
T5_2H_DUALSWORD	4	6.0	0	28148
T6_2H_DUALSWORD	0	2.667	0	5252
T6_2H_DUALSWORD	1	3.333	0	9191
T6_2H_DUALSWORD	2	5.0	0	16085
T6_2H_DUALSWORD	3	6.0	0	28148
T6_2H_DUALSWORD	4	7.2	0	49260
T7_2H_DUALSWORD	0	3.333	0	9191
T7_2H_DUALSWORD	1	5.0	0	16085
T7_2H_DUALSWORD	2	6.0	0	28148
T7_2H_DUALSWORD	3	7.2	0	49260
T7_2H_DUALSWORD	4	8.64	0	86205
T8_2H_DUALSWORD	0	5.0	0	16085
T8_2H_DUALSWORD	1	6.0	0	28148
T8_2H_DUALSWORD	2	7.2	0	49260
T8_2H_DUALSWORD	3	8.64	0	86205
T8_2H_DUALSWORD	4	10.08	0	150858
T4_MAIN_SCIMITAR_MORGANA	0	1.0	0	1286
T4_MAIN_SCIMITAR_MORGANA	1	1.5	0	2251
T4_MAIN_SCIMITAR_MORGANA	2	2.0	0	3939
T4_MAIN_SCIMITAR_MORGANA	3	2.5	0	6893
T4_MAIN_SCIMITAR_MORGANA	4	3.75	0	12064
T5_MAIN_SCIMITAR_MORGANA	0	1.5	0	2251
T5_MAIN_SCIMITAR_MORGANA	1	2.0	0	3939
T5_MAIN_SCIMITAR_MORGANA	2	2.5	0	6893
T5_MAIN_SCIMITAR_MORGANA	3	3.75	0	12064
T5_MAIN_SCIMITAR_MORGANA	4	4.5	0	21111
T6_MAIN_SCIMITAR_MORGANA	0	2.0	0	3939
T6_MAIN_SCIMITAR_MORGANA	1	2.5	0	6893
T6_MAIN_SCIMITAR_MORGANA	2	3.75	0	12064
T6_MAIN_SCIMITAR_MORGANA	3	4.5	0	21111
T6_MAIN_SCIMITAR_MORGANA	4	5.4	0	36945
T7_MAIN_SCIMITAR_MORGANA	0	2.5	0	6893
T7_MAIN_SCIMITAR_MORGANA	1	3.75	0	12064
T7_MAIN_SCIMITAR_MORGANA	2	4.5	0	21111
T7_MAIN_SCIMITAR_MORGANA	3	5.4	0	36945
T7_MAIN_SCIMITAR_MORGANA	4	6.48	0	64653
T8_MAIN_SCIMITAR_MORGANA	0	3.75	0	12064
T8_MAIN_SCIMITAR_MORGANA	1	4.5	0	21111
T8_MAIN_SCIMITAR_MORGANA	2	5.4	0	36945
T8_MAIN_SCIMITAR_MORGANA	3	6.48	0	64653
T8_MAIN_SCIMITAR_MORGANA	4	7.56	0	113144
T4_2H_CLEAVER_HELL	0	1.333	0	1715
T4_2H_CLEAVER_HELL	1	2.0	0	3001
T4_2H_CLEAVER_HELL	2	2.667	0	5252
T4_2H_CLEAVER_HELL	3	3.333	0	9191
T4_2H_CLEAVER_HELL	4	5.0	0	16085
T5_2H_CLEAVER_HELL	0	2.0	0	3001
T5_2H_CLEAVER_HELL	1	2.667	0	5252
T5_2H_CLEAVER_HELL	2	3.333	0	9191
T5_2H_CLEAVER_HELL	3	5.0	0	16085
T5_2H_CLEAVER_HELL	4	6.0	0	28148
T6_2H_CLEAVER_HELL	0	2.667	0	5252
T6_2H_CLEAVER_HELL	1	3.333	0	9191
T6_2H_CLEAVER_HELL	2	5.0	0	16085
T6_2H_CLEAVER_HELL	3	6.0	0	28148
T6_2H_CLEAVER_HELL	4	7.2	0	49260
T7_2H_CLEAVER_HELL	0	3.333	0	9191
T7_2H_CLEAVER_HELL	1	5.0	0	16085
T7_2H_CLEAVER_HELL	2	6.0	0	28148
T7_2H_CLEAVER_HELL	3	7.2	0	49260
T7_2H_CLEAVER_HELL	4	8.64	0	86205
T8_2H_CLEAVER_HELL	0	5.0	0	16085
T8_2H_CLEAVER_HELL	1	6.0	0	28148
T8_2H_CLEAVER_HELL	2	7.2	0	49260
T8_2H_CLEAVER_HELL	3	8.64	0	86205
T8_2H_CLEAVER_HELL	4	10.08	0	150858
T4_2H_DUALSCIMITAR_UNDEAD	0	1.333	0	1715
T4_2H_DUALSCIMITAR_UNDEAD	1	2.0	0	3001
T4_2H_DUALSCIMITAR_UNDEAD	2	2.667	0	5252
T4_2H_DUALSCIMITAR_UNDEAD	3	3.333	0	9191
T4_2H_DUALSCIMITAR_UNDEAD	4	5.0	0	16085
T5_2H_DUALSCIMITAR_UNDEAD	0	2.0	0	3001
T5_2H_DUALSCIMITAR_UNDEAD	1	2.667	0	5252
T5_2H_DUALSCIMITAR_UNDEAD	2	3.333	0	9191
T5_2H_DUALSCIMITAR_UNDEAD	3	5.0	0	16085
T5_2H_DUALSCIMITAR_UNDEAD	4	6.0	0	28148
T6_2H_DUALSCIMITAR_UNDEAD	0	2.667	0	5252
T6_2H_DUALSCIMITAR_UNDEAD	1	3.333	0	9191
T6_2H_DUALSCIMITAR_UNDEAD	2	5.0	0	16085
T6_2H_DUALSCIMITAR_UNDEAD	3	6.0	0	28148
T6_2H_DUALSCIMITAR_UNDEAD	4	7.2	0	49260
T7_2H_DUALSCIMITAR_UNDEAD	0	3.333	0	9191
T7_2H_DUALSCIMITAR_UNDEAD	1	5.0	0	16085
T7_2H_DUALSCIMITAR_UNDEAD	2	6.0	0	28148
T7_2H_DUALSCIMITAR_UNDEAD	3	7.2	0	49260
T7_2H_DUALSCIMITAR_UNDEAD	4	8.64	0	86205
T8_2H_DUALSCIMITAR_UNDEAD	0	5.0	0	16085
T8_2H_DUALSCIMITAR_UNDEAD	1	6.0	0	28148
T8_2H_DUALSCIMITAR_UNDEAD	2	7.2	0	49260
T8_2H_DUALSCIMITAR_UNDEAD	3	8.64	0	86205
T8_2H_DUALSCIMITAR_UNDEAD	4	10.08	0	150858
T4_2H_CLAYMORE_AVALON	0	1.333	0	1715
T4_2H_CLAYMORE_AVALON	1	2.0	0	3001
T4_2H_CLAYMORE_AVALON	2	2.667	0	5252
T4_2H_CLAYMORE_AVALON	3	3.333	0	9191
T4_2H_CLAYMORE_AVALON	4	5.0	0	16085
T5_2H_CLAYMORE_AVALON	0	2.0	0	3001
T5_2H_CLAYMORE_AVALON	1	2.667	0	5252
T5_2H_CLAYMORE_AVALON	2	3.333	0	9191
T5_2H_CLAYMORE_AVALON	3	5.0	0	16085
T5_2H_CLAYMORE_AVALON	4	6.0	0	28148
T6_2H_CLAYMORE_AVALON	0	2.667	0	5252
T6_2H_CLAYMORE_AVALON	1	3.333	0	9191
T6_2H_CLAYMORE_AVALON	2	5.0	0	16085
T6_2H_CLAYMORE_AVALON	3	6.0	0	28148
T6_2H_CLAYMORE_AVALON	4	7.2	0	49260
T7_2H_CLAYMORE_AVALON	0	3.333	0	9191
T7_2H_CLAYMORE_AVALON	1	5.0	0	16085
T7_2H_CLAYMORE_AVALON	2	6.0	0	28148
T7_2H_CLAYMORE_AVALON	3	7.2	0	49260
T7_2H_CLAYMORE_AVALON	4	8.64	0	86205
T8_2H_CLAYMORE_AVALON	0	5.0	0	16085
T8_2H_CLAYMORE_AVALON	1	6.0	0	28148
T8_2H_CLAYMORE_AVALON	2	7.2	0	49260
T8_2H_CLAYMORE_AVALON	3	8.64	0	86205
T8_2H_CLAYMORE_AVALON	4	10.08	0	150858
T4_MAIN_SWORD_CRYSTAL	0	1.0	0	1286
T4_MAIN_SWORD_CRYSTAL	1	1.5	0	2251
T4_MAIN_SWORD_CRYSTAL	2	2.0	0	3939
T4_MAIN_SWORD_CRYSTAL	3	2.5	0	6893
T4_MAIN_SWORD_CRYSTAL	4	3.75	0	12064
T5_MAIN_SWORD_CRYSTAL	0	1.5	0	2251
T5_MAIN_SWORD_CRYSTAL	1	2.0	0	3939
T5_MAIN_SWORD_CRYSTAL	2	2.5	0	6893
T5_MAIN_SWORD_CRYSTAL	3	3.75	0	12064
T5_MAIN_SWORD_CRYSTAL	4	4.5	0	21111
T6_MAIN_SWORD_CRYSTAL	0	2.0	0	3939
T6_MAIN_SWORD_CRYSTAL	1	2.5	0	6893
T6_MAIN_SWORD_CRYSTAL	2	3.75	0	12064
T6_MAIN_SWORD_CRYSTAL	3	4.5	0	21111
T6_MAIN_SWORD_CRYSTAL	4	5.4	0	36945
T7_MAIN_SWORD_CRYSTAL	0	2.5	0	6893
T7_MAIN_SWORD_CRYSTAL	1	3.75	0	12064
T7_MAIN_SWORD_CRYSTAL	2	4.5	0	21111
T7_MAIN_SWORD_CRYSTAL	3	5.4	0	36945
T7_MAIN_SWORD_CRYSTAL	4	6.48	0	64653
T8_MAIN_SWORD_CRYSTAL	0	3.75	0	12064
T8_MAIN_SWORD_CRYSTAL	1	4.5	0	21111
T8_MAIN_SWORD_CRYSTAL	2	5.4	0	36945
T8_MAIN_SWORD_CRYSTAL	3	6.48	0	64653
T8_MAIN_SWORD_CRYSTAL	4	7.56	0	113144
T3_2H_QUARTERSTAFF	0	1.0	0	980
T4_2H_QUARTERSTAFF	0	1.333	0	1715
T4_2H_QUARTERSTAFF	1	2.0	0	3001
T4_2H_QUARTERSTAFF	2	2.667	0	5252
T4_2H_QUARTERSTAFF	3	3.333	0	9191
T4_2H_QUARTERSTAFF	4	5.0	0	16085
T5_2H_QUARTERSTAFF	0	2.0	0	3001
T5_2H_QUARTERSTAFF	1	2.667	0	5252
T5_2H_QUARTERSTAFF	2	3.333	0	9191
T5_2H_QUARTERSTAFF	3	5.0	0	16085
T5_2H_QUARTERSTAFF	4	6.0	0	28148
T6_2H_QUARTERSTAFF	0	2.667	0	5252
T6_2H_QUARTERSTAFF	1	3.333	0	9191
T6_2H_QUARTERSTAFF	2	5.0	0	16085
T6_2H_QUARTERSTAFF	3	6.0	0	28148
T6_2H_QUARTERSTAFF	4	7.2	0	49260
T7_2H_QUARTERSTAFF	0	3.333	0	9191
T7_2H_QUARTERSTAFF	1	5.0	0	16085
T7_2H_QUARTERSTAFF	2	6.0	0	28148
T7_2H_QUARTERSTAFF	3	7.2	0	49260
T7_2H_QUARTERSTAFF	4	8.64	0	86205
T8_2H_QUARTERSTAFF	0	5.0	0	16085
T8_2H_QUARTERSTAFF	1	6.0	0	28148
T8_2H_QUARTERSTAFF	2	7.2	0	49260
T8_2H_QUARTERSTAFF	3	8.64	0	86205
T8_2H_QUARTERSTAFF	4	10.08	0	150858
T4_2H_IRONCLADEDSTAFF	0	1.333	0	1715
T4_2H_IRONCLADEDSTAFF	1	2.0	0	3001
T4_2H_IRONCLADEDSTAFF	2	2.667	0	5252
T4_2H_IRONCLADEDSTAFF	3	3.333	0	9191
T4_2H_IRONCLADEDSTAFF	4	5.0	0	16085
T5_2H_IRONCLADEDSTAFF	0	2.0	0	3001
T5_2H_IRONCLADEDSTAFF	1	2.667	0	5252
T5_2H_IRONCLADEDSTAFF	2	3.333	0	9191
T5_2H_IRONCLADEDSTAFF	3	5.0	0	16085
T5_2H_IRONCLADEDSTAFF	4	6.0	0	28148
T6_2H_IRONCLADEDSTAFF	0	2.667	0	5252
T6_2H_IRONCLADEDSTAFF	1	3.333	0	9191
T6_2H_IRONCLADEDSTAFF	2	5.0	0	16085
T6_2H_IRONCLADEDSTAFF	3	6.0	0	28148
T6_2H_IRONCLADEDSTAFF	4	7.2	0	49260
T7_2H_IRONCLADEDSTAFF	0	3.333	0	9191
T7_2H_IRONCLADEDSTAFF	1	5.0	0	16085
T7_2H_IRONCLADEDSTAFF	2	6.0	0	28148
T7_2H_IRONCLADEDSTAFF	3	7.2	0	49260
T7_2H_IRONCLADEDSTAFF	4	8.64	0	86205
T8_2H_IRONCLADEDSTAFF	0	5.0	0	16085
T8_2H_IRONCLADEDSTAFF	1	6.0	0	28148
T8_2H_IRONCLADEDSTAFF	2	7.2	0	49260
T8_2H_IRONCLADEDSTAFF	3	8.64	0	86205
T8_2H_IRONCLADEDSTAFF	4	10.08	0	150858
T4_2H_DOUBLEBLADEDSTAFF	0	1.333	0	1715
T4_2H_DOUBLEBLADEDSTAFF	1	2.0	0	3001
T4_2H_DOUBLEBLADEDSTAFF	2	2.667	0	5252
T4_2H_DOUBLEBLADEDSTAFF	3	3.333	0	9191
T4_2H_DOUBLEBLADEDSTAFF	4	5.0	0	16085
T5_2H_DOUBLEBLADEDSTAFF	0	2.0	0	3001
T5_2H_DOUBLEBLADEDSTAFF	1	2.667	0	5252
T5_2H_DOUBLEBLADEDSTAFF	2	3.333	0	9191
T5_2H_DOUBLEBLADEDSTAFF	3	5.0	0	16085
T5_2H_DOUBLEBLADEDSTAFF	4	6.0	0	28148
T6_2H_DOUBLEBLADEDSTAFF	0	2.667	0	5252
T6_2H_DOUBLEBLADEDSTAFF	1	3.333	0	9191
T6_2H_DOUBLEBLADEDSTAFF	2	5.0	0	16085
T6_2H_DOUBLEBLADEDSTAFF	3	6.0	0	28148
T6_2H_DOUBLEBLADEDSTAFF	4	7.2	0	49260
T7_2H_DOUBLEBLADEDSTAFF	0	3.333	0	9191
T7_2H_DOUBLEBLADEDSTAFF	1	5.0	0	16085
T7_2H_DOUBLEBLADEDSTAFF	2	6.0	0	28148
T7_2H_DOUBLEBLADEDSTAFF	3	7.2	0	49260
T7_2H_DOUBLEBLADEDSTAFF	4	8.64	0	86205
T8_2H_DOUBLEBLADEDSTAFF	0	5.0	0	16085
T8_2H_DOUBLEBLADEDSTAFF	1	6.0	0	28148
T8_2H_DOUBLEBLADEDSTAFF	2	7.2	0	49260
T8_2H_DOUBLEBLADEDSTAFF	3	8.64	0	86205
T8_2H_DOUBLEBLADEDSTAFF	4	10.08	0	150858
T4_2H_COMBATSTAFF_MORGANA	0	1.333	0	1715
T4_2H_COMBATSTAFF_MORGANA	1	2.0	0	3001
T4_2H_COMBATSTAFF_MORGANA	2	2.667	0	5252
T4_2H_COMBATSTAFF_MORGANA	3	3.333	0	9191
T4_2H_COMBATSTAFF_MORGANA	4	5.0	0	16085
T5_2H_COMBATSTAFF_MORGANA	0	2.0	0	3001
T5_2H_COMBATSTAFF_MORGANA	1	2.667	0	5252
T5_2H_COMBATSTAFF_MORGANA	2	3.333	0	9191
T5_2H_COMBATSTAFF_MORGANA	3	5.0	0	16085
T5_2H_COMBATSTAFF_MORGANA	4	6.0	0	28148
T6_2H_COMBATSTAFF_MORGANA	0	2.667	0	5252
T6_2H_COMBATSTAFF_MORGANA	1	3.333	0	9191
T6_2H_COMBATSTAFF_MORGANA	2	5.0	0	16085
T6_2H_COMBATSTAFF_MORGANA	3	6.0	0	28148
T6_2H_COMBATSTAFF_MORGANA	4	7.2	0	49260
T7_2H_COMBATSTAFF_MORGANA	0	3.333	0	9191
T7_2H_COMBATSTAFF_MORGANA	1	5.0	0	16085
T7_2H_COMBATSTAFF_MORGANA	2	6.0	0	28148
T7_2H_COMBATSTAFF_MORGANA	3	7.2	0	49260
T7_2H_COMBATSTAFF_MORGANA	4	8.64	0	86205
T8_2H_COMBATSTAFF_MORGANA	0	5.0	0	16085
T8_2H_COMBATSTAFF_MORGANA	1	6.0	0	28148
T8_2H_COMBATSTAFF_MORGANA	2	7.2	0	49260
T8_2H_COMBATSTAFF_MORGANA	3	8.64	0	86205
T8_2H_COMBATSTAFF_MORGANA	4	10.08	0	150858
T4_2H_TWINSCYTHE_HELL	0	1.333	0	1715
T4_2H_TWINSCYTHE_HELL	1	2.0	0	3001
T4_2H_TWINSCYTHE_HELL	2	2.667	0	5252
T4_2H_TWINSCYTHE_HELL	3	3.333	0	9191
T4_2H_TWINSCYTHE_HELL	4	5.0	0	16085
T5_2H_TWINSCYTHE_HELL	0	2.0	0	3001
T5_2H_TWINSCYTHE_HELL	1	2.667	0	5252
T5_2H_TWINSCYTHE_HELL	2	3.333	0	9191
T5_2H_TWINSCYTHE_HELL	3	5.0	0	16085
T5_2H_TWINSCYTHE_HELL	4	6.0	0	28148
T6_2H_TWINSCYTHE_HELL	0	2.667	0	5252
T6_2H_TWINSCYTHE_HELL	1	3.333	0	9191
T6_2H_TWINSCYTHE_HELL	2	5.0	0	16085
T6_2H_TWINSCYTHE_HELL	3	6.0	0	28148
T6_2H_TWINSCYTHE_HELL	4	7.2	0	49260
T7_2H_TWINSCYTHE_HELL	0	3.333	0	9191
T7_2H_TWINSCYTHE_HELL	1	5.0	0	16085
T7_2H_TWINSCYTHE_HELL	2	6.0	0	28148
T7_2H_TWINSCYTHE_HELL	3	7.2	0	49260
T7_2H_TWINSCYTHE_HELL	4	8.64	0	86205
T8_2H_TWINSCYTHE_HELL	0	5.0	0	16085
T8_2H_TWINSCYTHE_HELL	1	6.0	0	28148
T8_2H_TWINSCYTHE_HELL	2	7.2	0	49260
T8_2H_TWINSCYTHE_HELL	3	8.64	0	86205
T8_2H_TWINSCYTHE_HELL	4	10.08	0	150858
T4_2H_ROCKSTAFF_KEEPER	0	1.333	0	1715
T4_2H_ROCKSTAFF_KEEPER	1	2.0	0	3001
T4_2H_ROCKSTAFF_KEEPER	2	2.667	0	5252
T4_2H_ROCKSTAFF_KEEPER	3	3.333	0	9191
T4_2H_ROCKSTAFF_KEEPER	4	5.0	0	16085
T5_2H_ROCKSTAFF_KEEPER	0	2.0	0	3001
T5_2H_ROCKSTAFF_KEEPER	1	2.667	0	5252
T5_2H_ROCKSTAFF_KEEPER	2	3.333	0	9191
T5_2H_ROCKSTAFF_KEEPER	3	5.0	0	16085
T5_2H_ROCKSTAFF_KEEPER	4	6.0	0	28148
T6_2H_ROCKSTAFF_KEEPER	0	2.667	0	5252
T6_2H_ROCKSTAFF_KEEPER	1	3.333	0	9191
T6_2H_ROCKSTAFF_KEEPER	2	5.0	0	16085
T6_2H_ROCKSTAFF_KEEPER	3	6.0	0	28148
T6_2H_ROCKSTAFF_KEEPER	4	7.2	0	49260
T7_2H_ROCKSTAFF_KEEPER	0	3.333	0	9191
T7_2H_ROCKSTAFF_KEEPER	1	5.0	0	16085
T7_2H_ROCKSTAFF_KEEPER	2	6.0	0	28148
T7_2H_ROCKSTAFF_KEEPER	3	7.2	0	49260
T7_2H_ROCKSTAFF_KEEPER	4	8.64	0	86205
T8_2H_ROCKSTAFF_KEEPER	0	5.0	0	16085
T8_2H_ROCKSTAFF_KEEPER	1	6.0	0	28148
T8_2H_ROCKSTAFF_KEEPER	2	7.2	0	49260
T8_2H_ROCKSTAFF_KEEPER	3	8.64	0	86205
T8_2H_ROCKSTAFF_KEEPER	4	10.08	0	150858
T4_2H_QUARTERSTAFF_AVALON	0	1.333	0	1715
T4_2H_QUARTERSTAFF_AVALON	1	2.0	0	3001
T4_2H_QUARTERSTAFF_AVALON	2	2.667	0	5252
T4_2H_QUARTERSTAFF_AVALON	3	3.333	0	9191
T4_2H_QUARTERSTAFF_AVALON	4	5.0	0	16085
T5_2H_QUARTERSTAFF_AVALON	0	2.0	0	3001
T5_2H_QUARTERSTAFF_AVALON	1	2.667	0	5252
T5_2H_QUARTERSTAFF_AVALON	2	3.333	0	9191
T5_2H_QUARTERSTAFF_AVALON	3	5.0	0	16085
T5_2H_QUARTERSTAFF_AVALON	4	6.0	0	28148
T6_2H_QUARTERSTAFF_AVALON	0	2.667	0	5252
T6_2H_QUARTERSTAFF_AVALON	1	3.333	0	9191
T6_2H_QUARTERSTAFF_AVALON	2	5.0	0	16085
T6_2H_QUARTERSTAFF_AVALON	3	6.0	0	28148
T6_2H_QUARTERSTAFF_AVALON	4	7.2	0	49260
T7_2H_QUARTERSTAFF_AVALON	0	3.333	0	9191
T7_2H_QUARTERSTAFF_AVALON	1	5.0	0	16085
T7_2H_QUARTERSTAFF_AVALON	2	6.0	0	28148
T7_2H_QUARTERSTAFF_AVALON	3	7.2	0	49260
T7_2H_QUARTERSTAFF_AVALON	4	8.64	0	86205
T8_2H_QUARTERSTAFF_AVALON	0	5.0	0	16085
T8_2H_QUARTERSTAFF_AVALON	1	6.0	0	28148
T8_2H_QUARTERSTAFF_AVALON	2	7.2	0	49260
T8_2H_QUARTERSTAFF_AVALON	3	8.64	0	86205
T8_2H_QUARTERSTAFF_AVALON	4	10.08	0	150858
T4_2H_DOUBLEBLADEDSTAFF_CRYSTAL	0	1.333	0	1715
T4_2H_DOUBLEBLADEDSTAFF_CRYSTAL	1	2.0	0	3001
T4_2H_DOUBLEBLADEDSTAFF_CRYSTAL	2	2.667	0	5252
T4_2H_DOUBLEBLADEDSTAFF_CRYSTAL	3	3.333	0	9191
T4_2H_DOUBLEBLADEDSTAFF_CRYSTAL	4	5.0	0	16085
T5_2H_DOUBLEBLADEDSTAFF_CRYSTAL	0	2.0	0	3001
T5_2H_DOUBLEBLADEDSTAFF_CRYSTAL	1	2.667	0	5252
T5_2H_DOUBLEBLADEDSTAFF_CRYSTAL	2	3.333	0	9191
T5_2H_DOUBLEBLADEDSTAFF_CRYSTAL	3	5.0	0	16085
T5_2H_DOUBLEBLADEDSTAFF_CRYSTAL	4	6.0	0	28148
T6_2H_DOUBLEBLADEDSTAFF_CRYSTAL	0	2.667	0	5252
T6_2H_DOUBLEBLADEDSTAFF_CRYSTAL	1	3.333	0	9191
T6_2H_DOUBLEBLADEDSTAFF_CRYSTAL	2	5.0	0	16085
T6_2H_DOUBLEBLADEDSTAFF_CRYSTAL	3	6.0	0	28148
T6_2H_DOUBLEBLADEDSTAFF_CRYSTAL	4	7.2	0	49260
T7_2H_DOUBLEBLADEDSTAFF_CRYSTAL	0	3.333	0	9191
T7_2H_DOUBLEBLADEDSTAFF_CRYSTAL	1	5.0	0	16085
T7_2H_DOUBLEBLADEDSTAFF_CRYSTAL	2	6.0	0	28148
T7_2H_DOUBLEBLADEDSTAFF_CRYSTAL	3	7.2	0	49260
T7_2H_DOUBLEBLADEDSTAFF_CRYSTAL	4	8.64	0	86205
T8_2H_DOUBLEBLADEDSTAFF_CRYSTAL	0	5.0	0	16085
T8_2H_DOUBLEBLADEDSTAFF_CRYSTAL	1	6.0	0	28148
T8_2H_DOUBLEBLADEDSTAFF_CRYSTAL	2	7.2	0	49260
T8_2H_DOUBLEBLADEDSTAFF_CRYSTAL	3	8.64	0	86205
T8_2H_DOUBLEBLADEDSTAFF_CRYSTAL	4	10.08	0	150858
T3_MAIN_HAMMER	0	0.75	0	735
T4_MAIN_HAMMER	0	1.0	0	1286
T4_MAIN_HAMMER	1	1.5	0	2251
T4_MAIN_HAMMER	2	2.0	0	3939
T4_MAIN_HAMMER	3	2.5	0	6893
T4_MAIN_HAMMER	4	3.75	0	12064
T5_MAIN_HAMMER	0	1.5	0	2251
T5_MAIN_HAMMER	1	2.0	0	3939
T5_MAIN_HAMMER	2	2.5	0	6893
T5_MAIN_HAMMER	3	3.75	0	12064
T5_MAIN_HAMMER	4	4.5	0	21111
T6_MAIN_HAMMER	0	2.0	0	3939
T6_MAIN_HAMMER	1	2.5	0	6893
T6_MAIN_HAMMER	2	3.75	0	12064
T6_MAIN_HAMMER	3	4.5	0	21111
T6_MAIN_HAMMER	4	5.4	0	36945
T7_MAIN_HAMMER	0	2.5	0	6893
T7_MAIN_HAMMER	1	3.75	0	12064
T7_MAIN_HAMMER	2	4.5	0	21111
T7_MAIN_HAMMER	3	5.4	0	36945
T7_MAIN_HAMMER	4	6.48	0	64653
T8_MAIN_HAMMER	0	3.75	0	12064
T8_MAIN_HAMMER	1	4.5	0	21111
T8_MAIN_HAMMER	2	5.4	0	36945
T8_MAIN_HAMMER	3	6.48	0	64653
T8_MAIN_HAMMER	4	7.56	0	113144
T4_2H_POLEHAMMER	0	1.333	0	1715
T4_2H_POLEHAMMER	1	2.0	0	3001
T4_2H_POLEHAMMER	2	2.667	0	5252
T4_2H_POLEHAMMER	3	3.333	0	9191
T4_2H_POLEHAMMER	4	5.0	0	16085
T5_2H_POLEHAMMER	0	2.0	0	3001
T5_2H_POLEHAMMER	1	2.667	0	5252
T5_2H_POLEHAMMER	2	3.333	0	9191
T5_2H_POLEHAMMER	3	5.0	0	16085
T5_2H_POLEHAMMER	4	6.0	0	28148
T6_2H_POLEHAMMER	0	2.667	0	5252
T6_2H_POLEHAMMER	1	3.333	0	9191
T6_2H_POLEHAMMER	2	5.0	0	16085
T6_2H_POLEHAMMER	3	6.0	0	28148
T6_2H_POLEHAMMER	4	7.2	0	49260
T7_2H_POLEHAMMER	0	3.333	0	9191
T7_2H_POLEHAMMER	1	5.0	0	16085
T7_2H_POLEHAMMER	2	6.0	0	28148
T7_2H_POLEHAMMER	3	7.2	0	49260
T7_2H_POLEHAMMER	4	8.64	0	86205
T8_2H_POLEHAMMER	0	5.0	0	16085
T8_2H_POLEHAMMER	1	6.0	0	28148
T8_2H_POLEHAMMER	2	7.2	0	49260
T8_2H_POLEHAMMER	3	8.64	0	86205
T8_2H_POLEHAMMER	4	10.08	0	150858
T4_2H_HAMMER	0	1.333	0	1715
T4_2H_HAMMER	1	2.0	0	3001
T4_2H_HAMMER	2	2.667	0	5252
T4_2H_HAMMER	3	3.333	0	9191
T4_2H_HAMMER	4	5.0	0	16085
T5_2H_HAMMER	0	2.0	0	3001
T5_2H_HAMMER	1	2.667	0	5252
T5_2H_HAMMER	2	3.333	0	9191
T5_2H_HAMMER	3	5.0	0	16085
T5_2H_HAMMER	4	6.0	0	28148
T6_2H_HAMMER	0	2.667	0	5252
T6_2H_HAMMER	1	3.333	0	9191
T6_2H_HAMMER	2	5.0	0	16085
T6_2H_HAMMER	3	6.0	0	28148
T6_2H_HAMMER	4	7.2	0	49260
T7_2H_HAMMER	0	3.333	0	9191
T7_2H_HAMMER	1	5.0	0	16085
T7_2H_HAMMER	2	6.0	0	28148
T7_2H_HAMMER	3	7.2	0	49260
T7_2H_HAMMER	4	8.64	0	86205
T8_2H_HAMMER	0	5.0	0	16085
T8_2H_HAMMER	1	6.0	0	28148
T8_2H_HAMMER	2	7.2	0	49260
T8_2H_HAMMER	3	8.64	0	86205
T8_2H_HAMMER	4	10.08	0	150858
T4_2H_HAMMER_UNDEAD	0	1.333	0	1715
T4_2H_HAMMER_UNDEAD	1	2.0	0	3001
T4_2H_HAMMER_UNDEAD	2	2.667	0	5252
T4_2H_HAMMER_UNDEAD	3	3.333	0	9191
T4_2H_HAMMER_UNDEAD	4	5.0	0	16085
T5_2H_HAMMER_UNDEAD	0	2.0	0	3001
T5_2H_HAMMER_UNDEAD	1	2.667	0	5252
T5_2H_HAMMER_UNDEAD	2	3.333	0	9191
T5_2H_HAMMER_UNDEAD	3	5.0	0	16085
T5_2H_HAMMER_UNDEAD	4	6.0	0	28148
T6_2H_HAMMER_UNDEAD	0	2.667	0	5252
T6_2H_HAMMER_UNDEAD	1	3.333	0	9191
T6_2H_HAMMER_UNDEAD	2	5.0	0	16085
T6_2H_HAMMER_UNDEAD	3	6.0	0	28148
T6_2H_HAMMER_UNDEAD	4	7.2	0	49260
T7_2H_HAMMER_UNDEAD	0	3.333	0	9191
T7_2H_HAMMER_UNDEAD	1	5.0	0	16085
T7_2H_HAMMER_UNDEAD	2	6.0	0	28148
T7_2H_HAMMER_UNDEAD	3	7.2	0	49260
T7_2H_HAMMER_UNDEAD	4	8.64	0	86205
T8_2H_HAMMER_UNDEAD	0	5.0	0	16085
T8_2H_HAMMER_UNDEAD	1	6.0	0	28148
T8_2H_HAMMER_UNDEAD	2	7.2	0	49260
T8_2H_HAMMER_UNDEAD	3	8.64	0	86205
T8_2H_HAMMER_UNDEAD	4	10.08	0	150858
T4_2H_DUALHAMMER_HELL	0	1.333	0	1715
T4_2H_DUALHAMMER_HELL	1	2.0	0	3001
T4_2H_DUALHAMMER_HELL	2	2.667	0	5252
T4_2H_DUALHAMMER_HELL	3	3.333	0	9191
T4_2H_DUALHAMMER_HELL	4	5.0	0	16085
T5_2H_DUALHAMMER_HELL	0	2.0	0	3001
T5_2H_DUALHAMMER_HELL	1	2.667	0	5252
T5_2H_DUALHAMMER_HELL	2	3.333	0	9191
T5_2H_DUALHAMMER_HELL	3	5.0	0	16085
T5_2H_DUALHAMMER_HELL	4	6.0	0	28148
T6_2H_DUALHAMMER_HELL	0	2.667	0	5252
T6_2H_DUALHAMMER_HELL	1	3.333	0	9191
T6_2H_DUALHAMMER_HELL	2	5.0	0	16085
T6_2H_DUALHAMMER_HELL	3	6.0	0	28148
T6_2H_DUALHAMMER_HELL	4	7.2	0	49260
T7_2H_DUALHAMMER_HELL	0	3.333	0	9191
T7_2H_DUALHAMMER_HELL	1	5.0	0	16085
T7_2H_DUALHAMMER_HELL	2	6.0	0	28148
T7_2H_DUALHAMMER_HELL	3	7.2	0	49260
T7_2H_DUALHAMMER_HELL	4	8.64	0	86205
T8_2H_DUALHAMMER_HELL	0	5.0	0	16085
T8_2H_DUALHAMMER_HELL	1	6.0	0	28148
T8_2H_DUALHAMMER_HELL	2	7.2	0	49260
T8_2H_DUALHAMMER_HELL	3	8.64	0	86205
T8_2H_DUALHAMMER_HELL	4	10.08	0	150858
T4_2H_RAM_KEEPER	0	1.333	0	1715
T4_2H_RAM_KEEPER	1	2.0	0	3001
T4_2H_RAM_KEEPER	2	2.667	0	5252
T4_2H_RAM_KEEPER	3	3.333	0	9191
T4_2H_RAM_KEEPER	4	5.0	0	16085
T5_2H_RAM_KEEPER	0	2.0	0	3001
T5_2H_RAM_KEEPER	1	2.667	0	5252
T5_2H_RAM_KEEPER	2	3.333	0	9191
T5_2H_RAM_KEEPER	3	5.0	0	16085
T5_2H_RAM_KEEPER	4	6.0	0	28148
T6_2H_RAM_KEEPER	0	2.667	0	5252
T6_2H_RAM_KEEPER	1	3.333	0	9191
T6_2H_RAM_KEEPER	2	5.0	0	16085
T6_2H_RAM_KEEPER	3	6.0	0	28148
T6_2H_RAM_KEEPER	4	7.2	0	49260
T7_2H_RAM_KEEPER	0	3.333	0	9191
T7_2H_RAM_KEEPER	1	5.0	0	16085
T7_2H_RAM_KEEPER	2	6.0	0	28148
T7_2H_RAM_KEEPER	3	7.2	0	49260
T7_2H_RAM_KEEPER	4	8.64	0	86205
T8_2H_RAM_KEEPER	0	5.0	0	16085
T8_2H_RAM_KEEPER	1	6.0	0	28148
T8_2H_RAM_KEEPER	2	7.2	0	49260
T8_2H_RAM_KEEPER	3	8.64	0	86205
T8_2H_RAM_KEEPER	4	10.08	0	150858
T4_2H_HAMMER_AVALON	0	1.333	0	1715
T4_2H_HAMMER_AVALON	1	2.0	0	3001
T4_2H_HAMMER_AVALON	2	2.667	0	5252
T4_2H_HAMMER_AVALON	3	3.333	0	9191
T4_2H_HAMMER_AVALON	4	5.0	0	16085
T5_2H_HAMMER_AVALON	0	2.0	0	3001
T5_2H_HAMMER_AVALON	1	2.667	0	5252
T5_2H_HAMMER_AVALON	2	3.333	0	9191
T5_2H_HAMMER_AVALON	3	5.0	0	16085
T5_2H_HAMMER_AVALON	4	6.0	0	28148
T6_2H_HAMMER_AVALON	0	2.667	0	5252
T6_2H_HAMMER_AVALON	1	3.333	0	9191
T6_2H_HAMMER_AVALON	2	5.0	0	16085
T6_2H_HAMMER_AVALON	3	6.0	0	28148
T6_2H_HAMMER_AVALON	4	7.2	0	49260
T7_2H_HAMMER_AVALON	0	3.333	0	9191
T7_2H_HAMMER_AVALON	1	5.0	0	16085
T7_2H_HAMMER_AVALON	2	6.0	0	28148
T7_2H_HAMMER_AVALON	3	7.2	0	49260
T7_2H_HAMMER_AVALON	4	8.64	0	86205
T8_2H_HAMMER_AVALON	0	5.0	0	16085
T8_2H_HAMMER_AVALON	1	6.0	0	28148
T8_2H_HAMMER_AVALON	2	7.2	0	49260
T8_2H_HAMMER_AVALON	3	8.64	0	86205
T8_2H_HAMMER_AVALON	4	10.08	0	150858
T4_2H_HAMMER_CRYSTAL	0	1.333	0	1715
T4_2H_HAMMER_CRYSTAL	1	2.0	0	3001
T4_2H_HAMMER_CRYSTAL	2	2.667	0	5252
T4_2H_HAMMER_CRYSTAL	3	3.333	0	9191
T4_2H_HAMMER_CRYSTAL	4	5.0	0	16085
T5_2H_HAMMER_CRYSTAL	0	2.0	0	3001
T5_2H_HAMMER_CRYSTAL	1	2.667	0	5252
T5_2H_HAMMER_CRYSTAL	2	3.333	0	9191
T5_2H_HAMMER_CRYSTAL	3	5.0	0	16085
T5_2H_HAMMER_CRYSTAL	4	6.0	0	28148
T6_2H_HAMMER_CRYSTAL	0	2.667	0	5252
T6_2H_HAMMER_CRYSTAL	1	3.333	0	9191
T6_2H_HAMMER_CRYSTAL	2	5.0	0	16085
T6_2H_HAMMER_CRYSTAL	3	6.0	0	28148
T6_2H_HAMMER_CRYSTAL	4	7.2	0	49260
T7_2H_HAMMER_CRYSTAL	0	3.333	0	9191
T7_2H_HAMMER_CRYSTAL	1	5.0	0	16085
T7_2H_HAMMER_CRYSTAL	2	6.0	0	28148
T7_2H_HAMMER_CRYSTAL	3	7.2	0	49260
T7_2H_HAMMER_CRYSTAL	4	8.64	0	86205
T8_2H_HAMMER_CRYSTAL	0	5.0	0	16085
T8_2H_HAMMER_CRYSTAL	1	6.0	0	28148
T8_2H_HAMMER_CRYSTAL	2	7.2	0	49260
T8_2H_HAMMER_CRYSTAL	3	8.64	0	86205
T8_2H_HAMMER_CRYSTAL	4	10.08	0	150858
T3_MAIN_MACE	0	0.75	0	735
T4_MAIN_MACE	0	1.0	0	1286
T4_MAIN_MACE	1	1.5	0	2251
T4_MAIN_MACE	2	2.0	0	3939
T4_MAIN_MACE	3	2.5	0	6893
T4_MAIN_MACE	4	3.75	0	12064
T5_MAIN_MACE	0	1.5	0	2251
T5_MAIN_MACE	1	2.0	0	3939
T5_MAIN_MACE	2	2.5	0	6893
T5_MAIN_MACE	3	3.75	0	12064
T5_MAIN_MACE	4	4.5	0	21111
T6_MAIN_MACE	0	2.0	0	3939
T6_MAIN_MACE	1	2.5	0	6893
T6_MAIN_MACE	2	3.75	0	12064
T6_MAIN_MACE	3	4.5	0	21111
T6_MAIN_MACE	4	5.4	0	36945
T7_MAIN_MACE	0	2.5	0	6893
T7_MAIN_MACE	1	3.75	0	12064
T7_MAIN_MACE	2	4.5	0	21111
T7_MAIN_MACE	3	5.4	0	36945
T7_MAIN_MACE	4	6.48	0	64653
T8_MAIN_MACE	0	3.75	0	12064
T8_MAIN_MACE	1	4.5	0	21111
T8_MAIN_MACE	2	5.4	0	36945
T8_MAIN_MACE	3	6.48	0	64653
T8_MAIN_MACE	4	7.56	0	113144
T4_2H_MACE	0	1.333	0	1715
T4_2H_MACE	1	2.0	0	3001
T4_2H_MACE	2	2.667	0	5252
T4_2H_MACE	3	3.333	0	9191
T4_2H_MACE	4	5.0	0	16085
T5_2H_MACE	0	2.0	0	3001
T5_2H_MACE	1	2.667	0	5252
T5_2H_MACE	2	3.333	0	9191
T5_2H_MACE	3	5.0	0	16085
T5_2H_MACE	4	6.0	0	28148
T6_2H_MACE	0	2.667	0	5252
T6_2H_MACE	1	3.333	0	9191
T6_2H_MACE	2	5.0	0	16085
T6_2H_MACE	3	6.0	0	28148
T6_2H_MACE	4	7.2	0	49260
T7_2H_MACE	0	3.333	0	9191
T7_2H_MACE	1	5.0	0	16085
T7_2H_MACE	2	6.0	0	28148
T7_2H_MACE	3	7.2	0	49260
T7_2H_MACE	4	8.64	0	86205
T8_2H_MACE	0	5.0	0	16085
T8_2H_MACE	1	6.0	0	28148
T8_2H_MACE	2	7.2	0	49260
T8_2H_MACE	3	8.64	0	86205
T8_2H_MACE	4	10.08	0	150858
T4_2H_FLAIL	0	1.333	0	1715
T4_2H_FLAIL	1	2.0	0	3001
T4_2H_FLAIL	2	2.667	0	5252
T4_2H_FLAIL	3	3.333	0	9191
T4_2H_FLAIL	4	5.0	0	16085
T5_2H_FLAIL	0	2.0	0	3001
T5_2H_FLAIL	1	2.667	0	5252
T5_2H_FLAIL	2	3.333	0	9191
T5_2H_FLAIL	3	5.0	0	16085
T5_2H_FLAIL	4	6.0	0	28148
T6_2H_FLAIL	0	2.667	0	5252
T6_2H_FLAIL	1	3.333	0	9191
T6_2H_FLAIL	2	5.0	0	16085
T6_2H_FLAIL	3	6.0	0	28148
T6_2H_FLAIL	4	7.2	0	49260
T7_2H_FLAIL	0	3.333	0	9191
T7_2H_FLAIL	1	5.0	0	16085
T7_2H_FLAIL	2	6.0	0	28148
T7_2H_FLAIL	3	7.2	0	49260
T7_2H_FLAIL	4	8.64	0	86205
T8_2H_FLAIL	0	5.0	0	16085
T8_2H_FLAIL	1	6.0	0	28148
T8_2H_FLAIL	2	7.2	0	49260
T8_2H_FLAIL	3	8.64	0	86205
T8_2H_FLAIL	4	10.08	0	150858
T4_MAIN_ROCKMACE_KEEPER	0	1.0	0	1286
T4_MAIN_ROCKMACE_KEEPER	1	1.5	0	2251
T4_MAIN_ROCKMACE_KEEPER	2	2.0	0	3939
T4_MAIN_ROCKMACE_KEEPER	3	2.5	0	6893
T4_MAIN_ROCKMACE_KEEPER	4	3.75	0	12064
T5_MAIN_ROCKMACE_KEEPER	0	1.5	0	2251
T5_MAIN_ROCKMACE_KEEPER	1	2.0	0	3939
T5_MAIN_ROCKMACE_KEEPER	2	2.5	0	6893
T5_MAIN_ROCKMACE_KEEPER	3	3.75	0	12064
T5_MAIN_ROCKMACE_KEEPER	4	4.5	0	21111
T6_MAIN_ROCKMACE_KEEPER	0	2.0	0	3939
T6_MAIN_ROCKMACE_KEEPER	1	2.5	0	6893
T6_MAIN_ROCKMACE_KEEPER	2	3.75	0	12064
T6_MAIN_ROCKMACE_KEEPER	3	4.5	0	21111
T6_MAIN_ROCKMACE_KEEPER	4	5.4	0	36945
T7_MAIN_ROCKMACE_KEEPER	0	2.5	0	6893
T7_MAIN_ROCKMACE_KEEPER	1	3.75	0	12064
T7_MAIN_ROCKMACE_KEEPER	2	4.5	0	21111
T7_MAIN_ROCKMACE_KEEPER	3	5.4	0	36945
T7_MAIN_ROCKMACE_KEEPER	4	6.48	0	64653
T8_MAIN_ROCKMACE_KEEPER	0	3.75	0	12064
T8_MAIN_ROCKMACE_KEEPER	1	4.5	0	21111
T8_MAIN_ROCKMACE_KEEPER	2	5.4	0	36945
T8_MAIN_ROCKMACE_KEEPER	3	6.48	0	64653
T8_MAIN_ROCKMACE_KEEPER	4	7.56	0	113144
T4_MAIN_MACE_HELL	0	1.0	0	1286
T4_MAIN_MACE_HELL	1	1.5	0	2251
T4_MAIN_MACE_HELL	2	2.0	0	3939
T4_MAIN_MACE_HELL	3	2.5	0	6893
T4_MAIN_MACE_HELL	4	3.75	0	12064
T5_MAIN_MACE_HELL	0	1.5	0	2251
T5_MAIN_MACE_HELL	1	2.0	0	3939
T5_MAIN_MACE_HELL	2	2.5	0	6893
T5_MAIN_MACE_HELL	3	3.75	0	12064
T5_MAIN_MACE_HELL	4	4.5	0	21111
T6_MAIN_MACE_HELL	0	2.0	0	3939
T6_MAIN_MACE_HELL	1	2.5	0	6893
T6_MAIN_MACE_HELL	2	3.75	0	12064
T6_MAIN_MACE_HELL	3	4.5	0	21111
T6_MAIN_MACE_HELL	4	5.4	0	36945
T7_MAIN_MACE_HELL	0	2.5	0	6893
T7_MAIN_MACE_HELL	1	3.75	0	12064
T7_MAIN_MACE_HELL	2	4.5	0	21111
T7_MAIN_MACE_HELL	3	5.4	0	36945
T7_MAIN_MACE_HELL	4	6.48	0	64653
T8_MAIN_MACE_HELL	0	3.75	0	12064
T8_MAIN_MACE_HELL	1	4.5	0	21111
T8_MAIN_MACE_HELL	2	5.4	0	36945
T8_MAIN_MACE_HELL	3	6.48	0	64653
T8_MAIN_MACE_HELL	4	7.56	0	113144
T4_2H_MACE_MORGANA	0	1.333	0	1715
T4_2H_MACE_MORGANA	1	2.0	0	3001
T4_2H_MACE_MORGANA	2	2.667	0	5252
T4_2H_MACE_MORGANA	3	3.333	0	9191
T4_2H_MACE_MORGANA	4	5.0	0	16085
T5_2H_MACE_MORGANA	0	2.0	0	3001
T5_2H_MACE_MORGANA	1	2.667	0	5252
T5_2H_MACE_MORGANA	2	3.333	0	9191
T5_2H_MACE_MORGANA	3	5.0	0	16085
T5_2H_MACE_MORGANA	4	6.0	0	28148
T6_2H_MACE_MORGANA	0	2.667	0	5252
T6_2H_MACE_MORGANA	1	3.333	0	9191
T6_2H_MACE_MORGANA	2	5.0	0	16085
T6_2H_MACE_MORGANA	3	6.0	0	28148
T6_2H_MACE_MORGANA	4	7.2	0	49260
T7_2H_MACE_MORGANA	0	3.333	0	9191
T7_2H_MACE_MORGANA	1	5.0	0	16085
T7_2H_MACE_MORGANA	2	6.0	0	28148
T7_2H_MACE_MORGANA	3	7.2	0	49260
T7_2H_MACE_MORGANA	4	8.64	0	86205
T8_2H_MACE_MORGANA	0	5.0	0	16085
T8_2H_MACE_MORGANA	1	6.0	0	28148
T8_2H_MACE_MORGANA	2	7.2	0	49260
T8_2H_MACE_MORGANA	3	8.64	0	86205
T8_2H_MACE_MORGANA	4	10.08	0	150858
T4_2H_DUALMACE_AVALON	0	1.333	0	1715
T4_2H_DUALMACE_AVALON	1	2.0	0	3001
T4_2H_DUALMACE_AVALON	2	2.667	0	5252
T4_2H_DUALMACE_AVALON	3	3.333	0	9191
T4_2H_DUALMACE_AVALON	4	5.0	0	16085
T5_2H_DUALMACE_AVALON	0	2.0	0	3001
T5_2H_DUALMACE_AVALON	1	2.667	0	5252
T5_2H_DUALMACE_AVALON	2	3.333	0	9191
T5_2H_DUALMACE_AVALON	3	5.0	0	16085
T5_2H_DUALMACE_AVALON	4	6.0	0	28148
T6_2H_DUALMACE_AVALON	0	2.667	0	5252
T6_2H_DUALMACE_AVALON	1	3.333	0	9191
T6_2H_DUALMACE_AVALON	2	5.0	0	16085
T6_2H_DUALMACE_AVALON	3	6.0	0	28148
T6_2H_DUALMACE_AVALON	4	7.2	0	49260
T7_2H_DUALMACE_AVALON	0	3.333	0	9191
T7_2H_DUALMACE_AVALON	1	5.0	0	16085
T7_2H_DUALMACE_AVALON	2	6.0	0	28148
T7_2H_DUALMACE_AVALON	3	7.2	0	49260
T7_2H_DUALMACE_AVALON	4	8.64	0	86205
T8_2H_DUALMACE_AVALON	0	5.0	0	16085
T8_2H_DUALMACE_AVALON	1	6.0	0	28148
T8_2H_DUALMACE_AVALON	2	7.2	0	49260
T8_2H_DUALMACE_AVALON	3	8.64	0	86205
T8_2H_DUALMACE_AVALON	4	10.08	0	150858
T4_MAIN_MACE_CRYSTAL	0	1.0	0	1286
T4_MAIN_MACE_CRYSTAL	1	1.5	0	2251
T4_MAIN_MACE_CRYSTAL	2	2.0	0	3939
T4_MAIN_MACE_CRYSTAL	3	2.5	0	6893
T4_MAIN_MACE_CRYSTAL	4	3.75	0	12064
T5_MAIN_MACE_CRYSTAL	0	1.5	0	2251
T5_MAIN_MACE_CRYSTAL	1	2.0	0	3939
T5_MAIN_MACE_CRYSTAL	2	2.5	0	6893
T5_MAIN_MACE_CRYSTAL	3	3.75	0	12064
T5_MAIN_MACE_CRYSTAL	4	4.5	0	21111
T6_MAIN_MACE_CRYSTAL	0	2.0	0	3939
T6_MAIN_MACE_CRYSTAL	1	2.5	0	6893
T6_MAIN_MACE_CRYSTAL	2	3.75	0	12064
T6_MAIN_MACE_CRYSTAL	3	4.5	0	21111
T6_MAIN_MACE_CRYSTAL	4	5.4	0	36945
T7_MAIN_MACE_CRYSTAL	0	2.5	0	6893
T7_MAIN_MACE_CRYSTAL	1	3.75	0	12064
T7_MAIN_MACE_CRYSTAL	2	4.5	0	21111
T7_MAIN_MACE_CRYSTAL	3	5.4	0	36945
T7_MAIN_MACE_CRYSTAL	4	6.48	0	64653
T8_MAIN_MACE_CRYSTAL	0	3.75	0	12064
T8_MAIN_MACE_CRYSTAL	1	4.5	0	21111
T8_MAIN_MACE_CRYSTAL	2	5.4	0	36945
T8_MAIN_MACE_CRYSTAL	3	6.48	0	64653
T8_MAIN_MACE_CRYSTAL	4	7.56	0	113144
T3_2H_KNUCKLES_SET1	0	1.0	0	980
T4_2H_KNUCKLES_SET1	0	1.333	0	1715
T4_2H_KNUCKLES_SET1	1	2.0	0	3001
T4_2H_KNUCKLES_SET1	2	2.667	0	5252
T4_2H_KNUCKLES_SET1	3	3.333	0	9191
T4_2H_KNUCKLES_SET1	4	5.0	0	16085
T5_2H_KNUCKLES_SET1	0	2.0	0	3001
T5_2H_KNUCKLES_SET1	1	2.667	0	5252
T5_2H_KNUCKLES_SET1	2	3.333	0	9191
T5_2H_KNUCKLES_SET1	3	5.0	0	16085
T5_2H_KNUCKLES_SET1	4	6.0	0	28148
T6_2H_KNUCKLES_SET1	0	2.667	0	5252
T6_2H_KNUCKLES_SET1	1	3.333	0	9191
T6_2H_KNUCKLES_SET1	2	5.0	0	16085
T6_2H_KNUCKLES_SET1	3	6.0	0	28148
T6_2H_KNUCKLES_SET1	4	7.2	0	49260
T7_2H_KNUCKLES_SET1	0	3.333	0	9191
T7_2H_KNUCKLES_SET1	1	5.0	0	16085
T7_2H_KNUCKLES_SET1	2	6.0	0	28148
T7_2H_KNUCKLES_SET1	3	7.2	0	49260
T7_2H_KNUCKLES_SET1	4	8.64	0	86205
T8_2H_KNUCKLES_SET1	0	5.0	0	16085
T8_2H_KNUCKLES_SET1	1	6.0	0	28148
T8_2H_KNUCKLES_SET1	2	7.2	0	49260
T8_2H_KNUCKLES_SET1	3	8.64	0	86205
T8_2H_KNUCKLES_SET1	4	10.08	0	150858
T4_2H_KNUCKLES_SET2	0	1.333	0	1715
T4_2H_KNUCKLES_SET2	1	2.0	0	3001
T4_2H_KNUCKLES_SET2	2	2.667	0	5252
T4_2H_KNUCKLES_SET2	3	3.333	0	9191
T4_2H_KNUCKLES_SET2	4	5.0	0	16085
T5_2H_KNUCKLES_SET2	0	2.0	0	3001
T5_2H_KNUCKLES_SET2	1	2.667	0	5252
T5_2H_KNUCKLES_SET2	2	3.333	0	9191
T5_2H_KNUCKLES_SET2	3	5.0	0	16085
T5_2H_KNUCKLES_SET2	4	6.0	0	28148
T6_2H_KNUCKLES_SET2	0	2.667	0	5252
T6_2H_KNUCKLES_SET2	1	3.333	0	9191
T6_2H_KNUCKLES_SET2	2	5.0	0	16085
T6_2H_KNUCKLES_SET2	3	6.0	0	28148
T6_2H_KNUCKLES_SET2	4	7.2	0	49260
T7_2H_KNUCKLES_SET2	0	3.333	0	9191
T7_2H_KNUCKLES_SET2	1	5.0	0	16085
T7_2H_KNUCKLES_SET2	2	6.0	0	28148
T7_2H_KNUCKLES_SET2	3	7.2	0	49260
T7_2H_KNUCKLES_SET2	4	8.64	0	86205
T8_2H_KNUCKLES_SET2	0	5.0	0	16085
T8_2H_KNUCKLES_SET2	1	6.0	0	28148
T8_2H_KNUCKLES_SET2	2	7.2	0	49260
T8_2H_KNUCKLES_SET2	3	8.64	0	86205
T8_2H_KNUCKLES_SET2	4	10.08	0	150858
T4_2H_KNUCKLES_SET3	0	1.333	0	1715
T4_2H_KNUCKLES_SET3	1	2.0	0	3001
T4_2H_KNUCKLES_SET3	2	2.667	0	5252
T4_2H_KNUCKLES_SET3	3	3.333	0	9191
T4_2H_KNUCKLES_SET3	4	5.0	0	16085
T5_2H_KNUCKLES_SET3	0	2.0	0	3001
T5_2H_KNUCKLES_SET3	1	2.667	0	5252
T5_2H_KNUCKLES_SET3	2	3.333	0	9191
T5_2H_KNUCKLES_SET3	3	5.0	0	16085
T5_2H_KNUCKLES_SET3	4	6.0	0	28148
T6_2H_KNUCKLES_SET3	0	2.667	0	5252
T6_2H_KNUCKLES_SET3	1	3.333	0	9191
T6_2H_KNUCKLES_SET3	2	5.0	0	16085
T6_2H_KNUCKLES_SET3	3	6.0	0	28148
T6_2H_KNUCKLES_SET3	4	7.2	0	49260
T7_2H_KNUCKLES_SET3	0	3.333	0	9191
T7_2H_KNUCKLES_SET3	1	5.0	0	16085
T7_2H_KNUCKLES_SET3	2	6.0	0	28148
T7_2H_KNUCKLES_SET3	3	7.2	0	49260
T7_2H_KNUCKLES_SET3	4	8.64	0	86205
T8_2H_KNUCKLES_SET3	0	5.0	0	16085
T8_2H_KNUCKLES_SET3	1	6.0	0	28148
T8_2H_KNUCKLES_SET3	2	7.2	0	49260
T8_2H_KNUCKLES_SET3	3	8.64	0	86205
T8_2H_KNUCKLES_SET3	4	10.08	0	150858
T4_2H_KNUCKLES_KEEPER	0	1.333	0	1715
T4_2H_KNUCKLES_KEEPER	1	2.0	0	3001
T4_2H_KNUCKLES_KEEPER	2	2.667	0	5252
T4_2H_KNUCKLES_KEEPER	3	3.333	0	9191
T4_2H_KNUCKLES_KEEPER	4	5.0	0	16085
T5_2H_KNUCKLES_KEEPER	0	2.0	0	3001
T5_2H_KNUCKLES_KEEPER	1	2.667	0	5252
T5_2H_KNUCKLES_KEEPER	2	3.333	0	9191
T5_2H_KNUCKLES_KEEPER	3	5.0	0	16085
T5_2H_KNUCKLES_KEEPER	4	6.0	0	28148
T6_2H_KNUCKLES_KEEPER	0	2.667	0	5252
T6_2H_KNUCKLES_KEEPER	1	3.333	0	9191
T6_2H_KNUCKLES_KEEPER	2	5.0	0	16085
T6_2H_KNUCKLES_KEEPER	3	6.0	0	28148
T6_2H_KNUCKLES_KEEPER	4	7.2	0	49260
T7_2H_KNUCKLES_KEEPER	0	3.333	0	9191
T7_2H_KNUCKLES_KEEPER	1	5.0	0	16085
T7_2H_KNUCKLES_KEEPER	2	6.0	0	28148
T7_2H_KNUCKLES_KEEPER	3	7.2	0	49260
T7_2H_KNUCKLES_KEEPER	4	8.64	0	86205
T8_2H_KNUCKLES_KEEPER	0	5.0	0	16085
T8_2H_KNUCKLES_KEEPER	1	6.0	0	28148
T8_2H_KNUCKLES_KEEPER	2	7.2	0	49260
T8_2H_KNUCKLES_KEEPER	3	8.64	0	86205
T8_2H_KNUCKLES_KEEPER	4	10.08	0	150858
T4_2H_KNUCKLES_HELL	0	1.333	0	1715
T4_2H_KNUCKLES_HELL	1	2.0	0	3001
T4_2H_KNUCKLES_HELL	2	2.667	0	5252
T4_2H_KNUCKLES_HELL	3	3.333	0	9191
T4_2H_KNUCKLES_HELL	4	5.0	0	16085
T5_2H_KNUCKLES_HELL	0	2.0	0	3001
T5_2H_KNUCKLES_HELL	1	2.667	0	5252
T5_2H_KNUCKLES_HELL	2	3.333	0	9191
T5_2H_KNUCKLES_HELL	3	5.0	0	16085
T5_2H_KNUCKLES_HELL	4	6.0	0	28148
T6_2H_KNUCKLES_HELL	0	2.667	0	5252
T6_2H_KNUCKLES_HELL	1	3.333	0	9191
T6_2H_KNUCKLES_HELL	2	5.0	0	16085
T6_2H_KNUCKLES_HELL	3	6.0	0	28148
T6_2H_KNUCKLES_HELL	4	7.2	0	49260
T7_2H_KNUCKLES_HELL	0	3.333	0	9191
T7_2H_KNUCKLES_HELL	1	5.0	0	16085
T7_2H_KNUCKLES_HELL	2	6.0	0	28148
T7_2H_KNUCKLES_HELL	3	7.2	0	49260
T7_2H_KNUCKLES_HELL	4	8.64	0	86205
T8_2H_KNUCKLES_HELL	0	5.0	0	16085
T8_2H_KNUCKLES_HELL	1	6.0	0	28148
T8_2H_KNUCKLES_HELL	2	7.2	0	49260
T8_2H_KNUCKLES_HELL	3	8.64	0	86205
T8_2H_KNUCKLES_HELL	4	10.08	0	150858
T4_2H_KNUCKLES_MORGANA	0	1.333	0	1715
T4_2H_KNUCKLES_MORGANA	1	2.0	0	3001
T4_2H_KNUCKLES_MORGANA	2	2.667	0	5252
T4_2H_KNUCKLES_MORGANA	3	3.333	0	9191
T4_2H_KNUCKLES_MORGANA	4	5.0	0	16085
T5_2H_KNUCKLES_MORGANA	0	2.0	0	3001
T5_2H_KNUCKLES_MORGANA	1	2.667	0	5252
T5_2H_KNUCKLES_MORGANA	2	3.333	0	9191
T5_2H_KNUCKLES_MORGANA	3	5.0	0	16085
T5_2H_KNUCKLES_MORGANA	4	6.0	0	28148
T6_2H_KNUCKLES_MORGANA	0	2.667	0	5252
T6_2H_KNUCKLES_MORGANA	1	3.333	0	9191
T6_2H_KNUCKLES_MORGANA	2	5.0	0	16085
T6_2H_KNUCKLES_MORGANA	3	6.0	0	28148
T6_2H_KNUCKLES_MORGANA	4	7.2	0	49260
T7_2H_KNUCKLES_MORGANA	0	3.333	0	9191
T7_2H_KNUCKLES_MORGANA	1	5.0	0	16085
T7_2H_KNUCKLES_MORGANA	2	6.0	0	28148
T7_2H_KNUCKLES_MORGANA	3	7.2	0	49260
T7_2H_KNUCKLES_MORGANA	4	8.64	0	86205
T8_2H_KNUCKLES_MORGANA	0	5.0	0	16085
T8_2H_KNUCKLES_MORGANA	1	6.0	0	28148
T8_2H_KNUCKLES_MORGANA	2	7.2	0	49260
T8_2H_KNUCKLES_MORGANA	3	8.64	0	86205
T8_2H_KNUCKLES_MORGANA	4	10.08	0	150858
T4_2H_KNUCKLES_AVALON	0	1.333	0	1715
T4_2H_KNUCKLES_AVALON	1	2.0	0	3001
T4_2H_KNUCKLES_AVALON	2	2.667	0	5252
T4_2H_KNUCKLES_AVALON	3	3.333	0	9191
T4_2H_KNUCKLES_AVALON	4	5.0	0	16085
T5_2H_KNUCKLES_AVALON	0	2.0	0	3001
T5_2H_KNUCKLES_AVALON	1	2.667	0	5252
T5_2H_KNUCKLES_AVALON	2	3.333	0	9191
T5_2H_KNUCKLES_AVALON	3	5.0	0	16085
T5_2H_KNUCKLES_AVALON	4	6.0	0	28148
T6_2H_KNUCKLES_AVALON	0	2.667	0	5252
T6_2H_KNUCKLES_AVALON	1	3.333	0	9191
T6_2H_KNUCKLES_AVALON	2	5.0	0	16085
T6_2H_KNUCKLES_AVALON	3	6.0	0	28148
T6_2H_KNUCKLES_AVALON	4	7.2	0	49260
T7_2H_KNUCKLES_AVALON	0	3.333	0	9191
T7_2H_KNUCKLES_AVALON	1	5.0	0	16085
T7_2H_KNUCKLES_AVALON	2	6.0	0	28148
T7_2H_KNUCKLES_AVALON	3	7.2	0	49260
T7_2H_KNUCKLES_AVALON	4	8.64	0	86205
T8_2H_KNUCKLES_AVALON	0	5.0	0	16085
T8_2H_KNUCKLES_AVALON	1	6.0	0	28148
T8_2H_KNUCKLES_AVALON	2	7.2	0	49260
T8_2H_KNUCKLES_AVALON	3	8.64	0	86205
T8_2H_KNUCKLES_AVALON	4	10.08	0	150858
T4_2H_KNUCKLES_CRYSTAL	0	1.333	0	1715
T4_2H_KNUCKLES_CRYSTAL	1	2.0	0	3001
T4_2H_KNUCKLES_CRYSTAL	2	2.667	0	5252
T4_2H_KNUCKLES_CRYSTAL	3	3.333	0	9191
T4_2H_KNUCKLES_CRYSTAL	4	5.0	0	16085
T5_2H_KNUCKLES_CRYSTAL	0	2.0	0	3001
T5_2H_KNUCKLES_CRYSTAL	1	2.667	0	5252
T5_2H_KNUCKLES_CRYSTAL	2	3.333	0	9191
T5_2H_KNUCKLES_CRYSTAL	3	5.0	0	16085
T5_2H_KNUCKLES_CRYSTAL	4	6.0	0	28148
T6_2H_KNUCKLES_CRYSTAL	0	2.667	0	5252
T6_2H_KNUCKLES_CRYSTAL	1	3.333	0	9191
T6_2H_KNUCKLES_CRYSTAL	2	5.0	0	16085
T6_2H_KNUCKLES_CRYSTAL	3	6.0	0	28148
T6_2H_KNUCKLES_CRYSTAL	4	7.2	0	49260
T7_2H_KNUCKLES_CRYSTAL	0	3.333	0	9191
T7_2H_KNUCKLES_CRYSTAL	1	5.0	0	16085
T7_2H_KNUCKLES_CRYSTAL	2	6.0	0	28148
T7_2H_KNUCKLES_CRYSTAL	3	7.2	0	49260
T7_2H_KNUCKLES_CRYSTAL	4	8.64	0	86205
T8_2H_KNUCKLES_CRYSTAL	0	5.0	0	16085
T8_2H_KNUCKLES_CRYSTAL	1	6.0	0	28148
T8_2H_KNUCKLES_CRYSTAL	2	7.2	0	49260
T8_2H_KNUCKLES_CRYSTAL	3	8.64	0	86205
T8_2H_KNUCKLES_CRYSTAL	4	10.08	0	150858
UNIQUE_VANITY_2H_PORTALGUN_TELLAFRIEND	0	2.0	0	1540
UNIQUE_MOUNT_ARMORED_HORSE_KNIGHT_01_TEST	0	0.625	0	486
T2_MOUNT_MULE	0	0.0	0	486
T3_MOUNT_HORSE	0	0.625	0	613
T4_MOUNT_HORSE	0	0.83333	0	1072
T5_MOUNT_HORSE	0	1.25	0	1876
T6_MOUNT_HORSE	0	1.66667	0	3283
T7_MOUNT_HORSE	0	2.08333	0	5745
T8_MOUNT_HORSE	0	3.125	0	10053
T5_MOUNT_ARMORED_HORSE	0	1.875	0	2814
T6_MOUNT_ARMORED_HORSE	0	2.5	0	4924
T7_MOUNT_ARMORED_HORSE	0	3.125	0	8617
T8_MOUNT_ARMORED_HORSE	0	4.6875	0	15080
T3_MOUNT_OX	0	0.9375	0	919
T4_MOUNT_OX	0	1.25	0	1608
T5_MOUNT_OX	0	1.875	0	2814
T6_MOUNT_OX	0	2.5	0	4924
T7_MOUNT_OX	0	3.125	0	8617
T8_MOUNT_OX	0	4.6875	0	15080
T4_MOUNT_GIANTSTAG	0	0.83333	0	1072
T6_MOUNT_GIANTSTAG_MOOSE	0	1.66667	0	3283
T6_MOUNT_DIREWOLF	0	1.66667	0	3283
T7_MOUNT_DIREBOAR	0	2.08333	0	5745
T7_MOUNT_SWAMPDRAGON	0	2.08333	0	5745
T8_MOUNT_DIREBEAR	0	3.125	0	10053
T8_MOUNT_MAMMOTH_TRANSPORT	0	3.125	0	10053
T5_MOUNT_MOABIRD_FW_BRIDGEWATCH	0	1.25	0	1876
T5_MOUNT_DIREBEAR_FW_FORTSTERLING	0	1.25	0	1876
T5_MOUNT_DIREBOAR_FW_LYMHURST	0	1.25	0	1876
T5_MOUNT_RAM_FW_MARTLOCK	0	1.25	0	1876
T5_MOUNT_SWAMPDRAGON_FW_THETFORD	0	1.25	0	1876
T5_MOUNT_GREYWOLF_FW_CAERLEON	0	1.25	0	1876
T5_MOUNT_OWL_FW_BRECILIEN	0	1.25	0	1876
T8_MOUNT_MOABIRD_FW_BRIDGEWATCH_ELITE	0	3.125	0	10053
T8_MOUNT_DIREBEAR_FW_FORTSTERLING_ELITE	0	3.125	0	10053
T8_MOUNT_DIREBOAR_FW_LYMHURST_ELITE	0	3.125	0	10053
T8_MOUNT_RAM_FW_MARTLOCK_ELITE	0	3.125	0	10053
T8_MOUNT_SWAMPDRAGON_FW_THETFORD_ELITE	0	3.125	0	10053
T8_MOUNT_GREYWOLF_FW_CAERLEON_ELITE	0	3.125	0	10053
T8_MOUNT_OWL_FW_BRECILIEN_ELITE	0	3.125	0	10053
T5_MOUNT_SPIDER_HELL	0	1.25	0	1876
T8_MOUNT_SPIDER_HELL	0	3.125	0	10053
T8_MOUNT_MAMMOTH_BATTLE	0	3.125	0	0
T7_MOUNT_SWAMPDRAGON_BATTLE	0	2.08333	0	0
T7_MOUNT_ARMORED_SWAMPDRAGON_BATTLE	0	2.08333	0	0
T6_MOUNT_SIEGE_BALLISTA	0	0.0	0	0
T8_MOUNT_HORSE_UNDEAD	0	0.0	0	0
T5_MOUNT_COUGAR_KEEPER	0	1.25	0	1876
T8_MOUNT_COUGAR_KEEPER	0	0.0	0	17482
T8_MOUNT_ARMORED_HORSE_MORGANA	0	0.0	0	0
T8_MOUNT_RABBIT_EASTER	0	3.125	0	10053
T8_MOUNT_RABBIT_EASTER_DARK	0	3.125	0	10053
UNIQUE_MOUNT_RAM_XMAS	0	0.0	0	0
T7_MOUNT_SWAMPDRAGON_AVALON_BASILISK	0	0.0	0	0
UNIQUE_MOUNT_RAM_TELLAFRIEND	0	0.0	800	0
UNIQUE_MOUNT_MOABIRD_TELLAFRIEND	0	0.0	0	0
UNIQUE_MOUNT_BAT_TELLAFRIEND	0	0.0	0	0
UNIQUE_MOUNT_GIANTTOAD_TELLAFRIEND	0	0.0	0	0
UNIQUE_MOUNT_PANDA_TELLAFRIEND	0	0.8	0	0
UNIQUE_MOUNT_GIANTTOAD_02_TELLAFRIEND	0	0.8	0	0
T5_MOUNT_ARMORED_HORSE_SKIN_01	0	0.0	0	0
T6_MOUNT_ARMORED_HORSE_SKIN_01	0	0.0	0	0
T7_MOUNT_ARMORED_HORSE_SKIN_01	0	0.0	0	0
T8_MOUNT_ARMORED_HORSE_SKIN_01	0	0.0	0	0
UNIQUE_MOUNT_BAT_PERSONAL	0	0.0	0	0
T7_MOUNT_MONITORLIZARD_ADC	0	0.0	0	0
T7_MOUNT_HUSKY_ADC	0	0.0	0	0
T6_MOUNT_FROSTRAM_ADC	0	0.0	0	0
T7_MOUNT_TERRORBIRD_ADC	0	0.0	0	0
UNIQUE_MOUNT_BEAR_KEEPER_ADC	0	0.0	0	0
UNIQUE_MOUNT_BLACK_PANTHER_ADC	0	0.0	0	0
UNIQUE_MOUNT_MORGANA_RAVEN_ADC	0	0.0	0	0
UNIQUE_MOUNT_GIANT_HORSE_ADC	0	0.0	0	0
UNIQUE_MOUNT_UNDEAD_DIREBOAR_ADC	0	0.0	0	0
UNIQUE_MOUNT_DIVINE_OWL_ADC	0	0.0	0	0
UNIQUE_MOUNT_HERETIC_MULE_ADC	0	0.0	0	0
UNIQUE_MOUNT_RHINO_SEASON_CRYSTAL	0	0.0	0	0
UNIQUE_MOUNT_RHINO_SEASON_GOLD	0	0.0	0	0
UNIQUE_MOUNT_RHINO_SEASON_SILVER	0	0.0	0	0
UNIQUE_MOUNT_RHINO_SEASON_BRONZE	0	0.0	0	0
UNIQUE_MOUNT_TOWER_CHARIOT_CRYSTAL	0	0.0	0	0
UNIQUE_MOUNT_TOWER_CHARIOT_GOLD	0	0.0	0	0
UNIQUE_MOUNT_TOWER_CHARIOT_SILVER	0	0.0	0	0
UNIQUE_MOUNT_ARMORED_EAGLE_CRYSTAL	0	0.0	0	0
UNIQUE_MOUNT_ARMORED_EAGLE_GOLD	0	0.0	0	0
UNIQUE_MOUNT_ARMORED_EAGLE_SILVER	0	0.0	0	0
UNIQUE_MOUNT_BEETLE_CRYSTAL	0	0.0	0	0
UNIQUE_MOUNT_BEETLE_GOLD	0	0.0	0	0
UNIQUE_MOUNT_BEETLE_SILVER	0	0.0	0	0
UNIQUE_MOUNT_BEHEMOTH_CRYSTAL	0	0.0	0	0
UNIQUE_MOUNT_BEHEMOTH_GOLD	0	0.0	0	0
UNIQUE_MOUNT_BEHEMOTH_SILVER	0	0.0	0	0
UNIQUE_MOUNT_ENT_CRYSTAL	0	0.0	0	0
UNIQUE_MOUNT_ENT_GOLD	0	0.0	0	0
UNIQUE_MOUNT_ENT_SILVER	0	0.0	0	0
UNIQUE_MOUNT_BATTLESPIDER_CRYSTAL	0	0.0	0	0
UNIQUE_MOUNT_BATTLESPIDER_GOLD	0	0.0	0	0
UNIQUE_MOUNT_BATTLESPIDER_SILVER	0	0.0	0	0
UNIQUE_MOUNT_BASTION_CRYSTAL	0	0.0	0	0
UNIQUE_MOUNT_BASTION_GOLD	0	0.0	0	0
UNIQUE_MOUNT_BASTION_SILVER	0	0.0	0	0
UNIQUE_MOUNT_JUGGERNAUT_CRYSTAL	0	0.0	0	0
UNIQUE_MOUNT_JUGGERNAUT_GOLD	0	0.0	0	0
UNIQUE_MOUNT_JUGGERNAUT_SILVER	0	0.0	0	0
UNIQUE_MOUNT_TANKBEETLE_CRYSTAL	0	0.0	0	0
UNIQUE_MOUNT_TANKBEETLE_GOLD	0	0.0	0	0
UNIQUE_MOUNT_TANKBEETLE_SILVER	0	0.0	0	0
UNIQUE_MOUNT_DRAKE	0	0.0	0	0
UNIQUE_MOUNT_RHINO_TELLAFRIEND	0	0.8	0	728
UNIQUE_MOUNT_GIANTSTAG_FOUNDER_EPIC	0	0.0	0	0
T4_FURNITUREITEM_REPAIRKIT	0	0.66667	0	280
T5_FURNITUREITEM_REPAIRKIT	0	1.0	0	490
T6_FURNITUREITEM_REPAIRKIT	0	1.33333	0	858
T7_FURNITUREITEM_REPAIRKIT	0	1.66667	0	1501
T8_FURNITUREITEM_REPAIRKIT	0	2.5	0	2626
T2_FURNITUREITEM_GUILDBANNER_FABRIC	0	0.0	0	0
T3_FURNITUREITEM_GUILDBANNER_FABRIC	0	0.0	0	0
T4_FURNITUREITEM_GUILDBANNER_FABRIC	0	0.0	0	0
T5_FURNITUREITEM_GUILDBANNER_FABRIC	0	0.0	0	0
T2_FURNITUREITEM_GUILDBANNER_SHIELD	0	0.0	0	0
T3_FURNITUREITEM_GUILDBANNER_SHIELD	0	0.0	0	0
T4_FURNITUREITEM_GUILDBANNER_SHIELD	0	0.0	0	0
T5_FURNITUREITEM_GUILDBANNER_SHIELD	0	0.0	0	0
T3_FURNITUREITEM_ANNIVERSARYBANNER	0	0.0	0	0
T3_FURNITUREITEM_ANNIVERSARYBANNER_2020	0	0.0	0	0
T3_FURNITUREITEM_ANNIVERSARYBANNER_2021	0	0.0	0	0
T3_FURNITUREITEM_ANNIVERSARYBANNER_2022	0	0.0	0	0
T3_FURNITUREITEM_ANNIVERSARYBANNER_2023	0	0.0	0	0
T3_FURNITUREITEM_ANNIVERSARYBANNER_2024	0	0.0	0	0
T3_FURNITUREITEM_ANNIVERSARYBANNER_2025	0	0.0	0	0
T3_FURNITUREITEM_ANNIVERSARYBANNER_2026	0	0.0	0	0
UNIQUE_FURNITUREITEM_TELLAFRIEND_CHEST_A	0	0.0	9000	0
UNIQUE_FURNITUREITEM_TELLAFRIEND_CHEST_B	0	0.0	9000	0
UNIQUE_FURNITUREITEM_TELLAFRIEND_CHEST_C	0	0.0	9000	0
UNIQUE_FURNITUREITEM_TELLAFRIEND_CHEST_COMPANION	0	0.0	9000	0
UNIQUE_FURNITUREITEM_TELLAFRIEND_CHEST_BARREL	0	0.0	9000	0
UNIQUE_FURNITUREITEM_TELLAFRIEND_CHEST_MERLINCUBE	0	0.0	9000	0
UNIQUE_FURNITUREITEM_TELLAFRIEND_CHEST_SARCOPHAGUS	0	0.0	9000	0
UNIQUE_FURNITUREITEM_TELLAFRIEND_CHEST_BARREL_B	0	0.0	0	0
UNIQUE_FURNITUREITEM_TELLAFRIEND_BANNER_A	0	0.0	9000	0
T2_FURNITUREITEM_BED	0	0.625	0	171
T3_FURNITUREITEM_BED	0	0.9375	0	300
T4_FURNITUREITEM_BED	0	1.25	0	525
T5_FURNITUREITEM_BED	0	1.875	0	919
T6_FURNITUREITEM_BED	0	2.5	0	1608
T7_FURNITUREITEM_BED	0	3.125	0	2814
T8_FURNITUREITEM_BED	0	4.6875	0	4924
T2_FURNITUREITEM_CHEST	0	0.625	0	171
T3_FURNITUREITEM_CHEST	0	0.9375	0	300
T4_FURNITUREITEM_CHEST	0	1.25	0	525
T5_FURNITUREITEM_CHEST	0	1.875	0	919
T2_FURNITUREITEM_TABLE	0	1.25	0	343
T3_FURNITUREITEM_TABLE	0	1.875	0	600
T4_FURNITUREITEM_TABLE	0	2.5	0	1050
T5_FURNITUREITEM_TABLE	0	3.75	0	1838
T6_FURNITUREITEM_TABLE	0	5.0	0	3216
T7_FURNITUREITEM_TABLE	0	6.25	0	5627
T8_FURNITUREITEM_TABLE	0	9.375	0	9848
UNIQUE_FURNITUREITEM_EASTER_CHEST	0	0.0	0	0
UNIQUE_FURNITUREITEM_VANITY_ARENA_BANNER_04	0	0.0	0	0
UNIQUE_FURNITUREITEM_VANITY_ARENA_BANNER_05	0	0.0	0	0
UNIQUE_FURNITUREITEM_VANITY_ARENA_BANNER_06	0	0.0	0	0
UNIQUE_FURNITUREITEM_VANITY_ARENA_BANNER_01	0	0.0	0	0
UNIQUE_FURNITUREITEM_VANITY_ARENA_BANNER_02	0	0.0	0	0
UNIQUE_FURNITUREITEM_VANITY_ARENA_BANNER_03	0	0.0	0	0
PLAYERISLAND_FURNITUREITEM_FARM_DECO_B	0	0.0	3000	0
PLAYERISLAND_FURNITUREITEM_FARM_DECO_C	0	0.0	4000	0
PLAYERISLAND_FURNITUREITEM_FARM_DECO_D	0	0.0	2500	0
PLAYERISLAND_FURNITUREITEM_STONE_FIREBOWL_A	0	0.0	5000	0
PLAYERISLAND_FURNITUREITEM_STONE_FIREBOWL_B	0	0.0	5500	0
PLAYERISLAND_FURNITUREITEM_STONE_MAGIC_EMBLEM_GROUND_A	0	0.0	15000	0
PLAYERISLAND_FURNITUREITEM_STONE_MAGIC_EMBLEM_GROUND_B	0	0.0	20000	0
PLAYERISLAND_FURNITUREITEM_STONE_NATURE_EMBLEM_GROUND_A	0	0.0	15000	0
PLAYERISLAND_FURNITUREITEM_STONE_NATURE_EMBLEM_GROUND_B	0	0.0	20000	0
PLAYERISLAND_FURNITUREITEM_STONE_STATUE_A	0	0.0	75000	0
PLAYERISLAND_FURNITUREITEM_STONE_STATUE_A_BROKEN	0	0.0	15000	0
PLAYERISLAND_FURNITUREITEM_STONE_STATUE_HUNTER_A	0	0.0	30000	0
PLAYERISLAND_FURNITUREITEM_STONE_STATUE_HUNTER_B	0	0.0	75000	0
PLAYERISLAND_FURNITUREITEM_STONE_STATUE_MAGE_A	0	0.0	30000	0
PLAYERISLAND_FURNITUREITEM_STONE_STATUE_MAGE_B	0	0.0	75000	0
PLAYERISLAND_FURNITUREITEM_STONE_STATUE_SWORD_A	0	0.0	25000	0
PLAYERISLAND_FURNITUREITEM_STONE_STATUE_SWORD_B	0	0.0	30000	0
PLAYERISLAND_FURNITUREITEM_STONE_STATUE_WARRIOR_A	0	0.0	30000	0
PLAYERISLAND_FURNITUREITEM_STONE_STATUE_WARRIOR_B	0	0.0	75000	0
PLAYERISLAND_FURNITUREITEM_STONE_VALOR_EMBLEM_GROUND_A	0	0.0	15000	0
PLAYERISLAND_FURNITUREITEM_STONE_VALOR_EMBLEM_GROUND_B	0	0.0	20000	0
PLAYERISLAND_FURNITUREITEM_STONE_WELL_A	0	0.0	13500	0
PLAYERISLAND_FURNITUREITEM_VEGETATION_TREE_DECO_A	0	0.0	8000	0
PLAYERISLAND_FURNITUREITEM_VEGETATION_TREE_DECO_B	0	0.0	8000	0
PLAYERISLAND_FURNITUREITEM_VEGETATION_TREE_DECO_C	0	0.0	8000	0
PLAYERISLAND_FURNITUREITEM_VEGETATION_TREE_DOMESTIC_A	0	0.0	9000	0
PLAYERISLAND_FURNITUREITEM_VEGETATION_TREE_DOMESTIC_B	0	0.0	10000	0
PLAYERISLAND_FURNITUREITEM_WOOD_BUNTING_A	0	0.0	5000	0
PLAYERISLAND_FURNITUREITEM_WOOD_FENCE_WATCHTOWER_A	0	0.0	21000	0
PLAYERISLAND_FURNITUREITEM_WOOD_FLOOR_SIGN_A	0	0.0	1500	0
PLAYERISLAND_FURNITUREITEM_WOOD_GATE_A	0	0.0	12000	0
PLAYERISLAND_FURNITUREITEM_WOOD_GATE_BIG_B	0	0.0	35000	0
PLAYERISLAND_FURNITUREITEM_WOOD_LAUNDRY_A	0	0.0	1400	0
PLAYERISLAND_FURNITUREITEM_WOOD_FISH_A	0	0.0	1450	0
PLAYERISLAND_FURNITUREITEM_VEGETATION_FLOWER_A	0	0.0	1300	0
PLAYERISLAND_FURNITUREITEM_WOOD_LANTERN_A	0	0.0	5500	0
PLAYERISLAND_FURNITUREITEM_WOOD_LANTERN_CORNER_A	0	0.0	8000	0
PLAYERISLAND_FURNITUREITEM_WOOD_CANDELABRA_A	0	0.0	15000	0
PLAYERISLAND_FURNITUREITEM_WOOD_BARREL_A	0	0.0	2200	0
PLAYERISLAND_FURNITUREITEM_FARM_SCARECROW_A	0	0.0	50000	0
PLAYERISLAND_FURNITUREITEM_FARM_FOODCONTAINER_SMALL	0	0.0	50000	0
PLAYERISLAND_FURNITUREITEM_FARM_FOODCONTAINER_MEDIUM	0	0.0	75000	0
PLAYERISLAND_FURNITUREITEM_FARM_FOODCONTAINER_LARGE	0	0.0	100000	0
PLAYERISLAND_FURNITUREITEM_FARM_LATRINE_A	0	0.0	50000	0
PLAYERISLAND_FURNITUREITEM_FARM_WATERTOWER_A	0	0.0	100000	0
PLAYERISLAND_FURNITUREITEM_FARM_BIRDHOUSE_A	0	0.0	50000	0
PLAYERISLAND_FURNITUREITEM_FARM_DOG_HUT_A	0	0.0	75000	0
PLAYERISLAND_FURNITUREITEM_NOBLE_FOUNTAIN_A	0	0.0	2500000	0
PLAYERISLAND_FURNITUREITEM_NOBLE_BENCH_A	0	0.0	400000	0
PLAYERISLAND_FURNITUREITEM_NOBLE_STREET_LANTERN_A	0	0.0	200000	0
PLAYERISLAND_FURNITUREITEM_NOBLE_HEDGE_A	0	0.0	150000	0
PLAYERISLAND_FURNITUREITEM_NOBLE_HEDGE_SMALL_A	0	0.0	100000	0
PLAYERISLAND_FURNITUREITEM_NOBLE_HEDGE_RECTANGLE_A	0	0.0	100000	0
PLAYERISLAND_FURNITUREITEM_NOBLE_HEDGE_PYRAMID_A	0	0.0	100000	0
PLAYERISLAND_FURNITUREITEM_NOBLE_HEDGE_SPHERE_A	0	0.0	100000	0
PLAYERISLAND_FURNITUREITEM_NOBLE_STONE_PATH_A	0	0.0	200000	0
PLAYERISLAND_FURNITUREITEM_NOBLE_STONE_PATH_PLATFORM_A	0	0.0	400000	0
UNIQUE_FURNITUREITEM_MORGANA_TORCH_A	0	0.0	1000	0
UNIQUE_FURNITUREITEM_MORGANA_TORCH_C	0	0.0	3000	0
UNIQUE_FURNITUREITEM_MORGANA_PENTAGRAM	0	0.0	27000	0
UNIQUE_FURNITUREITEM_MORGANA_FIREBOWL_B	0	0.0	1000	0
UNIQUE_FURNITUREITEM_MORGANA_FIREBOWL_C	0	0.0	3000	0
UNIQUE_FURNITUREITEM_MORGANA_CAMPFIRE_D	0	0.0	9000	0
UNIQUE_FURNITUREITEM_MORGANA_SACRIFICE_ALTAR_A	0	0.0	3000	0
UNIQUE_FURNITUREITEM_MORGANA_SIEGE_BALLISTA_A	0	0.0	9000	0
UNIQUE_FURNITUREITEM_MORGANA_STANDARD_A	0	0.0	1000	0
UNIQUE_FURNITUREITEM_MORGANA_WEAPONCRATE_A	0	0.0	9000	0
UNIQUE_FURNITUREITEM_MORGANA_PRISON_CELL_C	0	0.0	27000	0
UNIQUE_FURNITUREITEM_MORGANA_TENT_A	0	0.0	27000	0
UNIQUE_FURNITUREITEM_MORGANA_STATUE_A	0	0.0	9000	0
UNIQUE_FURNITUREITEM_MORGANA_ARCHWAY_A	0	0.0	3000	0
UNIQUE_FURNITUREITEM_MORGANA_CANDLESTAND_A	0	0.0	3000	0
UNIQUE_FURNITUREITEM_MORGANA_CARPET_A	0	0.0	3000	0
UNIQUE_FURNITUREITEM_KEEPER_SYMBOL_A	0	0.0	1000	0
UNIQUE_FURNITUREITEM_KEEPER_CANDLE_A	0	0.0	1000	0
UNIQUE_FURNITUREITEM_KEEPER_SHRINE_A	0	0.0	3000	0
UNIQUE_FURNITUREITEM_KEEPER_CAMP_FIRE_A	0	0.0	3000	0
UNIQUE_FURNITUREITEM_KEEPER_ALTAR_A	0	0.0	9000	0
UNIQUE_FURNITUREITEM_KEEPER_FLAG_A	0	0.0	9000	0
UNIQUE_FURNITUREITEM_KEEPER_SYMBOL_OF_POWER_A	0	0.0	27000	0
UNIQUE_FURNITUREITEM_KEEPER_STAR_OF_POWER_A	0	0.0	27000	0
UNIQUE_FURNITUREITEM_KEEPER_FIREBOWL	0	0.0	9000	0
UNIQUE_FURNITUREITEM_KEEPER_CAULDRON	0	0.0	9000	0
UNIQUE_FURNITUREITEM_KEEPER_HEATER	0	0.0	9000	0
UNIQUE_FURNITUREITEM_HERETIC_FOOD_PILE	0	0.0	1000	0
UNIQUE_FURNITUREITEM_HERETIC_ANIMAL_CAGES	0	0.0	1000	0
UNIQUE_FURNITUREITEM_HERETIC_WEAPON_RACK	0	0.0	3000	0
UNIQUE_FURNITUREITEM_HERETIC_TRAINING_DUMMY	0	0.0	3000	0
UNIQUE_FURNITUREITEM_HERETIC_PALLISADE	0	0.0	9000	0
UNIQUE_FURNITUREITEM_HERETIC_GAME_TABLE	0	0.0	9000	0
UNIQUE_FURNITUREITEM_HERETIC_FLAG	0	0.0	27000	0
UNIQUE_FURNITUREITEM_HERETIC_PLANNING_TABLE	0	0.0	27000	0
UNIQUE_FURNITUREITEM_HERETIC_TENT	0	0.0	27000	0
UNIQUE_FURNITUREITEM_ADC_GRIM_LANTERN	0	0.0	3000	0
UNIQUE_FURNITUREITEM_ADC_GRIM_HEADSTONE	0	0.0	3000	0
UNIQUE_FURNITUREITEM_ADC_GRIM_COFFIN	0	0.0	3000	0
UNIQUE_FURNITUREITEM_ADC_GRAVE_A	0	0.0	9000	0
UNIQUE_FURNITUREITEM_ADC_GRAVE_B	0	0.0	9000	0
UNIQUE_FURNITUREITEM_ADC_GRIM_WEEPINGWOMAN	0	0.0	27000	0
UNIQUE_FURNITUREITEM_XMAS_CANDY_BOOT	0	0.0	3000	0
UNIQUE_FURNITUREITEM_XMAS_BRANCH_A	0	0.0	3000	0
UNIQUE_FURNITUREITEM_XMAS_BRANCH_B	0	0.0	3000	0
UNIQUE_FURNITUREITEM_XMAS_LANTERN	0	0.0	3000	0
UNIQUE_FURNITUREITEM_XMAS_PRESENT	0	0.0	0	0
UNIQUE_FURNITUREITEM_XMAS_FILL_CITY_TREE_B	0	0.0	0	0
UNIQUE_FURNITUREITEM_XMAS_FILL_CITY_TREE_A	0	0.0	0	0
UNIQUE_FURNITUREITEM_ADC_FROST_SNOWBALLSTACK_A	0	0.0	3000	0
UNIQUE_FURNITUREITEM_ADC_FROST_SNOWMAN	0	0.0	3000	0
UNIQUE_FURNITUREITEM_ADC_FROST_LANTERN_A	0	0.0	3000	0
UNIQUE_FURNITUREITEM_ADC_ICESCULPTURE_A	0	0.0	9000	0
UNIQUE_FURNITUREITEM_ADC_ICESCULPTURE_B	0	0.0	9000	0
UNIQUE_FURNITUREITEM_ADC_ICESCULPTURE_C	0	0.0	9000	0
UNIQUE_FURNITUREITEM_ADC_FROST_IGLOO	0	0.0	27000	0
UNIQUE_FURNITUREITEM_ADC_CARNIVAL_FIREWORK_A	0	0.0	3000	0
UNIQUE_FURNITUREITEM_ADC_CARNIVAL_ARCHWAY_A	0	0.0	9000	0
UNIQUE_FURNITUREITEM_ADC_CARNIVAL_MASK_CART	0	0.0	27000	0
UNIQUE_FURNITUREITEM_ADC_STATUE_MOUNTED_DIREWOLF_A	0	0.0	0	0
UNIQUE_FURNITUREITEM_ADC_STATUE_MOUNTED_DIREWOLF_B	0	0.0	0	0
UNIQUE_FURNITUREITEM_ADC_RUG_DIREBEAR	0	0.0	0	0
UNIQUE_FURNITUREITEM_ADC_RUG_WOLF	0	0.0	0	0
UNIQUE_FURNITUREITEM_KNIGHT_STATUE_A	0	0.0	9000	0
UNIQUE_FURNITUREITEM_KNIGHT_CARPET_A	0	0.0	3000	0
UNIQUE_FURNITUREITEM_KNIGHT_THRONE_A	0	0.0	3000	0
UNIQUE_FURNITUREITEM_KNIGHT_ROUNDTABLE_A	0	0.0	3000	0
UNIQUE_FURNITUREITEM_ADC_STATUE_MAGE_A	0	0.0	27000	0
UNIQUE_FURNITUREITEM_ADC_HEALING_CIRCLE_A	0	0.0	9000	0
UNIQUE_FURNITUREITEM_ADC_GLASS_SPHERE_A	0	0.0	3000	0
UNIQUE_FURNITUREITEM_HERETIC_BARREL_BURNING_A	0	0.0	3000	0
UNIQUE_FURNITUREITEM_HERETIC_LANTERN	0	0.0	3000	0
UNIQUE_FURNITUREITEM_HERETIC_JUNKPILE	0	0.0	3000	0
UNIQUE_FURNITUREITEM_HERETIC_STOVE_A	0	0.0	9000	0
UNIQUE_FURNITUREITEM_HERETICS_TOOL_BOARD_A	0	0.0	9000	0
UNIQUE_FURNITUREITEM_HERETIC_CONSTRUCT	0	0.0	27000	0
UNIQUE_FURNITUREITEM_ADC_HALLOWEEN_PUMPKIN_LANTERN_A	0	0.0	3000	0
UNIQUE_FURNITUREITEM_ADC_HALLOWEEN_PUMPKIN_LANTERN_B	0	0.0	3000	0
UNIQUE_FURNITUREITEM_ADC_HALLOWEEN_TREE_LANTERN_A	0	0.0	3000	0
UNIQUE_FURNITUREITEM_ADC_HALLOWEEN_CAULDRON_A	0	0.0	9000	0
UNIQUE_FURNITUREITEM_ADC_HALLOWEEN_SCARECROW_A	0	0.0	9000	0
UNIQUE_FURNITUREITEM_ADC_HALLOWEEN_SCARECROW_PYRE_A	0	0.0	27000	0
UNIQUE_FURNITUREITEM_OLD_OUTLAND_CARPET	0	0.0	3000	0
UNIQUE_FURNITUREITEM_SEALED_CAERLEON_REALMGATE	0	0.0	3000	0
UNIQUE_ALTAR_OF_CHEATING	0	0.0	9999999	0
UNIQUE_FURNITUREITEM_VICTORY_TROPHY	0	0.0	0	0
T8_FURNITUREITEM_TROPHY_FISHING_BOSS	0	1.5	0	0
T3_2H_SHAPESHIFTER_SET1	0	1.0	0	980
T4_2H_SHAPESHIFTER_SET1	0	1.333	0	1715
T4_2H_SHAPESHIFTER_SET1	1	2.0	0	3001
T4_2H_SHAPESHIFTER_SET1	2	2.667	0	5252
T4_2H_SHAPESHIFTER_SET1	3	3.333	0	9191
T4_2H_SHAPESHIFTER_SET1	4	5.0	0	16085
T5_2H_SHAPESHIFTER_SET1	0	2.0	0	3001
T5_2H_SHAPESHIFTER_SET1	1	2.667	0	5252
T5_2H_SHAPESHIFTER_SET1	2	3.333	0	9191
T5_2H_SHAPESHIFTER_SET1	3	5.0	0	16085
T5_2H_SHAPESHIFTER_SET1	4	6.0	0	28148
T6_2H_SHAPESHIFTER_SET1	0	2.667	0	5252
T6_2H_SHAPESHIFTER_SET1	1	3.333	0	9191
T6_2H_SHAPESHIFTER_SET1	2	5.0	0	16085
T6_2H_SHAPESHIFTER_SET1	3	6.0	0	28148
T6_2H_SHAPESHIFTER_SET1	4	7.2	0	49260
T7_2H_SHAPESHIFTER_SET1	0	3.333	0	9191
T7_2H_SHAPESHIFTER_SET1	1	5.0	0	16085
T7_2H_SHAPESHIFTER_SET1	2	6.0	0	28148
T7_2H_SHAPESHIFTER_SET1	3	7.2	0	49260
T7_2H_SHAPESHIFTER_SET1	4	8.64	0	86205
T8_2H_SHAPESHIFTER_SET1	0	5.0	0	16085
T8_2H_SHAPESHIFTER_SET1	1	6.0	0	28148
T8_2H_SHAPESHIFTER_SET1	2	7.2	0	49260
T8_2H_SHAPESHIFTER_SET1	3	8.64	0	86205
T8_2H_SHAPESHIFTER_SET1	4	10.08	0	150858
T4_2H_SHAPESHIFTER_SET2	0	1.333	0	1715
T4_2H_SHAPESHIFTER_SET2	1	2.0	0	3001
T4_2H_SHAPESHIFTER_SET2	2	2.667	0	5252
T4_2H_SHAPESHIFTER_SET2	3	3.333	0	9191
T4_2H_SHAPESHIFTER_SET2	4	5.0	0	16085
T5_2H_SHAPESHIFTER_SET2	0	2.0	0	3001
T5_2H_SHAPESHIFTER_SET2	1	2.667	0	5252
T5_2H_SHAPESHIFTER_SET2	2	3.333	0	9191
T5_2H_SHAPESHIFTER_SET2	3	5.0	0	16085
T5_2H_SHAPESHIFTER_SET2	4	6.0	0	28148
T6_2H_SHAPESHIFTER_SET2	0	2.667	0	5252
T6_2H_SHAPESHIFTER_SET2	1	3.333	0	9191
T6_2H_SHAPESHIFTER_SET2	2	5.0	0	16085
T6_2H_SHAPESHIFTER_SET2	3	6.0	0	28148
T6_2H_SHAPESHIFTER_SET2	4	7.2	0	49260
T7_2H_SHAPESHIFTER_SET2	0	3.333	0	9191
T7_2H_SHAPESHIFTER_SET2	1	5.0	0	16085
T7_2H_SHAPESHIFTER_SET2	2	6.0	0	28148
T7_2H_SHAPESHIFTER_SET2	3	7.2	0	49260
T7_2H_SHAPESHIFTER_SET2	4	8.64	0	86205
T8_2H_SHAPESHIFTER_SET2	0	5.0	0	16085
T8_2H_SHAPESHIFTER_SET2	1	6.0	0	28148
T8_2H_SHAPESHIFTER_SET2	2	7.2	0	49260
T8_2H_SHAPESHIFTER_SET2	3	8.64	0	86205
T8_2H_SHAPESHIFTER_SET2	4	10.08	0	150858
T4_2H_SHAPESHIFTER_SET3	0	1.333	0	1715
T4_2H_SHAPESHIFTER_SET3	1	2.0	0	3001
T4_2H_SHAPESHIFTER_SET3	2	2.667	0	5252
T4_2H_SHAPESHIFTER_SET3	3	3.333	0	9191
T4_2H_SHAPESHIFTER_SET3	4	5.0	0	16085
T5_2H_SHAPESHIFTER_SET3	0	2.0	0	3001
T5_2H_SHAPESHIFTER_SET3	1	2.667	0	5252
T5_2H_SHAPESHIFTER_SET3	2	3.333	0	9191
T5_2H_SHAPESHIFTER_SET3	3	5.0	0	16085
T5_2H_SHAPESHIFTER_SET3	4	6.0	0	28148
T6_2H_SHAPESHIFTER_SET3	0	2.667	0	5252
T6_2H_SHAPESHIFTER_SET3	1	3.333	0	9191
T6_2H_SHAPESHIFTER_SET3	2	5.0	0	16085
T6_2H_SHAPESHIFTER_SET3	3	6.0	0	28148
T6_2H_SHAPESHIFTER_SET3	4	7.2	0	49260
T7_2H_SHAPESHIFTER_SET3	0	3.333	0	9191
T7_2H_SHAPESHIFTER_SET3	1	5.0	0	16085
T7_2H_SHAPESHIFTER_SET3	2	6.0	0	28148
T7_2H_SHAPESHIFTER_SET3	3	7.2	0	49260
T7_2H_SHAPESHIFTER_SET3	4	8.64	0	86205
T8_2H_SHAPESHIFTER_SET3	0	5.0	0	16085
T8_2H_SHAPESHIFTER_SET3	1	6.0	0	28148
T8_2H_SHAPESHIFTER_SET3	2	7.2	0	49260
T8_2H_SHAPESHIFTER_SET3	3	8.64	0	86205
T8_2H_SHAPESHIFTER_SET3	4	10.08	0	150858
T4_2H_SHAPESHIFTER_MORGANA	0	1.333	0	1715
T4_2H_SHAPESHIFTER_MORGANA	1	2.0	0	3001
T4_2H_SHAPESHIFTER_MORGANA	2	2.667	0	5252
T4_2H_SHAPESHIFTER_MORGANA	3	3.333	0	9191
T4_2H_SHAPESHIFTER_MORGANA	4	5.0	0	16085
T5_2H_SHAPESHIFTER_MORGANA	0	2.0	0	3001
T5_2H_SHAPESHIFTER_MORGANA	1	2.667	0	5252
T5_2H_SHAPESHIFTER_MORGANA	2	3.333	0	9191
T5_2H_SHAPESHIFTER_MORGANA	3	5.0	0	16085
T5_2H_SHAPESHIFTER_MORGANA	4	6.0	0	28148
T6_2H_SHAPESHIFTER_MORGANA	0	2.667	0	5252
T6_2H_SHAPESHIFTER_MORGANA	1	3.333	0	9191
T6_2H_SHAPESHIFTER_MORGANA	2	5.0	0	16085
T6_2H_SHAPESHIFTER_MORGANA	3	6.0	0	28148
T6_2H_SHAPESHIFTER_MORGANA	4	7.2	0	49260
T7_2H_SHAPESHIFTER_MORGANA	0	3.333	0	9191
T7_2H_SHAPESHIFTER_MORGANA	1	5.0	0	16085
T7_2H_SHAPESHIFTER_MORGANA	2	6.0	0	28148
T7_2H_SHAPESHIFTER_MORGANA	3	7.2	0	49260
T7_2H_SHAPESHIFTER_MORGANA	4	8.64	0	86205
T8_2H_SHAPESHIFTER_MORGANA	0	5.0	0	16085
T8_2H_SHAPESHIFTER_MORGANA	1	6.0	0	28148
T8_2H_SHAPESHIFTER_MORGANA	2	7.2	0	49260
T8_2H_SHAPESHIFTER_MORGANA	3	8.64	0	86205
T8_2H_SHAPESHIFTER_MORGANA	4	10.08	0	150858
T4_2H_SHAPESHIFTER_HELL	0	1.333	0	1715
T4_2H_SHAPESHIFTER_HELL	1	2.0	0	3001
T4_2H_SHAPESHIFTER_HELL	2	2.667	0	5252
T4_2H_SHAPESHIFTER_HELL	3	3.333	0	9191
T4_2H_SHAPESHIFTER_HELL	4	5.0	0	16085
T5_2H_SHAPESHIFTER_HELL	0	2.0	0	3001
T5_2H_SHAPESHIFTER_HELL	1	2.667	0	5252
T5_2H_SHAPESHIFTER_HELL	2	3.333	0	9191
T5_2H_SHAPESHIFTER_HELL	3	5.0	0	16085
T5_2H_SHAPESHIFTER_HELL	4	6.0	0	28148
T6_2H_SHAPESHIFTER_HELL	0	2.667	0	5252
T6_2H_SHAPESHIFTER_HELL	1	3.333	0	9191
T6_2H_SHAPESHIFTER_HELL	2	5.0	0	16085
T6_2H_SHAPESHIFTER_HELL	3	6.0	0	28148
T6_2H_SHAPESHIFTER_HELL	4	7.2	0	49260
T7_2H_SHAPESHIFTER_HELL	0	3.333	0	9191
T7_2H_SHAPESHIFTER_HELL	1	5.0	0	16085
T7_2H_SHAPESHIFTER_HELL	2	6.0	0	28148
T7_2H_SHAPESHIFTER_HELL	3	7.2	0	49260
T7_2H_SHAPESHIFTER_HELL	4	8.64	0	86205
T8_2H_SHAPESHIFTER_HELL	0	5.0	0	16085
T8_2H_SHAPESHIFTER_HELL	1	6.0	0	28148
T8_2H_SHAPESHIFTER_HELL	2	7.2	0	49260
T8_2H_SHAPESHIFTER_HELL	3	8.64	0	86205
T8_2H_SHAPESHIFTER_HELL	4	10.08	0	150858
T4_2H_SHAPESHIFTER_KEEPER	0	1.333	0	1715
T4_2H_SHAPESHIFTER_KEEPER	1	2.0	0	3001
T4_2H_SHAPESHIFTER_KEEPER	2	2.667	0	5252
T4_2H_SHAPESHIFTER_KEEPER	3	3.333	0	9191
T4_2H_SHAPESHIFTER_KEEPER	4	5.0	0	16085
T5_2H_SHAPESHIFTER_KEEPER	0	2.0	0	3001
T5_2H_SHAPESHIFTER_KEEPER	1	2.667	0	5252
T5_2H_SHAPESHIFTER_KEEPER	2	3.333	0	9191
T5_2H_SHAPESHIFTER_KEEPER	3	5.0	0	16085
T5_2H_SHAPESHIFTER_KEEPER	4	6.0	0	28148
T6_2H_SHAPESHIFTER_KEEPER	0	2.667	0	5252
T6_2H_SHAPESHIFTER_KEEPER	1	3.333	0	9191
T6_2H_SHAPESHIFTER_KEEPER	2	5.0	0	16085
T6_2H_SHAPESHIFTER_KEEPER	3	6.0	0	28148
T6_2H_SHAPESHIFTER_KEEPER	4	7.2	0	49260
T7_2H_SHAPESHIFTER_KEEPER	0	3.333	0	9191
T7_2H_SHAPESHIFTER_KEEPER	1	5.0	0	16085
T7_2H_SHAPESHIFTER_KEEPER	2	6.0	0	28148
T7_2H_SHAPESHIFTER_KEEPER	3	7.2	0	49260
T7_2H_SHAPESHIFTER_KEEPER	4	8.64	0	86205
T8_2H_SHAPESHIFTER_KEEPER	0	5.0	0	16085
T8_2H_SHAPESHIFTER_KEEPER	1	6.0	0	28148
T8_2H_SHAPESHIFTER_KEEPER	2	7.2	0	49260
T8_2H_SHAPESHIFTER_KEEPER	3	8.64	0	86205
T8_2H_SHAPESHIFTER_KEEPER	4	10.08	0	150858
T4_2H_SHAPESHIFTER_AVALON	0	1.333	0	1715
T4_2H_SHAPESHIFTER_AVALON	1	2.0	0	3001
T4_2H_SHAPESHIFTER_AVALON	2	2.667	0	5252
T4_2H_SHAPESHIFTER_AVALON	3	3.333	0	9191
T4_2H_SHAPESHIFTER_AVALON	4	5.0	0	16085
T5_2H_SHAPESHIFTER_AVALON	0	2.0	0	3001
T5_2H_SHAPESHIFTER_AVALON	1	2.667	0	5252
T5_2H_SHAPESHIFTER_AVALON	2	3.333	0	9191
T5_2H_SHAPESHIFTER_AVALON	3	5.0	0	16085
T5_2H_SHAPESHIFTER_AVALON	4	6.0	0	28148
T6_2H_SHAPESHIFTER_AVALON	0	2.667	0	5252
T6_2H_SHAPESHIFTER_AVALON	1	3.333	0	9191
T6_2H_SHAPESHIFTER_AVALON	2	5.0	0	16085
T6_2H_SHAPESHIFTER_AVALON	3	6.0	0	28148
T6_2H_SHAPESHIFTER_AVALON	4	7.2	0	49260
T7_2H_SHAPESHIFTER_AVALON	0	3.333	0	9191
T7_2H_SHAPESHIFTER_AVALON	1	5.0	0	16085
T7_2H_SHAPESHIFTER_AVALON	2	6.0	0	28148
T7_2H_SHAPESHIFTER_AVALON	3	7.2	0	49260
T7_2H_SHAPESHIFTER_AVALON	4	8.64	0	86205
T8_2H_SHAPESHIFTER_AVALON	0	5.0	0	16085
T8_2H_SHAPESHIFTER_AVALON	1	6.0	0	28148
T8_2H_SHAPESHIFTER_AVALON	2	7.2	0	49260
T8_2H_SHAPESHIFTER_AVALON	3	8.64	0	86205
T8_2H_SHAPESHIFTER_AVALON	4	10.08	0	150858
T4_2H_SHAPESHIFTER_CRYSTAL	0	1.333	0	1715
T4_2H_SHAPESHIFTER_CRYSTAL	1	2.0	0	3001
T4_2H_SHAPESHIFTER_CRYSTAL	2	2.667	0	5252
T4_2H_SHAPESHIFTER_CRYSTAL	3	3.333	0	9191
T4_2H_SHAPESHIFTER_CRYSTAL	4	5.0	0	16085
T5_2H_SHAPESHIFTER_CRYSTAL	0	2.0	0	3001
T5_2H_SHAPESHIFTER_CRYSTAL	1	2.667	0	5252
T5_2H_SHAPESHIFTER_CRYSTAL	2	3.333	0	9191
T5_2H_SHAPESHIFTER_CRYSTAL	3	5.0	0	16085
T5_2H_SHAPESHIFTER_CRYSTAL	4	6.0	0	28148
T6_2H_SHAPESHIFTER_CRYSTAL	0	2.667	0	5252
T6_2H_SHAPESHIFTER_CRYSTAL	1	3.333	0	9191
T6_2H_SHAPESHIFTER_CRYSTAL	2	5.0	0	16085
T6_2H_SHAPESHIFTER_CRYSTAL	3	6.0	0	28148
T6_2H_SHAPESHIFTER_CRYSTAL	4	7.2	0	49260
T7_2H_SHAPESHIFTER_CRYSTAL	0	3.333	0	9191
T7_2H_SHAPESHIFTER_CRYSTAL	1	5.0	0	16085
T7_2H_SHAPESHIFTER_CRYSTAL	2	6.0	0	28148
T7_2H_SHAPESHIFTER_CRYSTAL	3	7.2	0	49260
T7_2H_SHAPESHIFTER_CRYSTAL	4	8.64	0	86205
T8_2H_SHAPESHIFTER_CRYSTAL	0	5.0	0	16085
T8_2H_SHAPESHIFTER_CRYSTAL	1	6.0	0	28148
T8_2H_SHAPESHIFTER_CRYSTAL	2	7.2	0	49260
T8_2H_SHAPESHIFTER_CRYSTAL	3	8.64	0	86205
T8_2H_SHAPESHIFTER_CRYSTAL	4	10.08	0	150858
T4_TOKEN_CRYSTALLEAGUE_CITY_LVL_01_TEMPLATE	0	0.0	100000	0
T4_TOKEN_CRYSTALLEAGUE_CITY_LVL_02_TEMPLATE	0	0.0	200000	0
T4_TOKEN_CRYSTALLEAGUE_CITY_LVL_03_S11_TEMPLATE	0	0.0	400000	0
T4_TOKEN_CRYSTALLEAGUE_CITY_LVL_03_TEMPLATE	0	0.0	1	0
T4_TOKEN_CRYSTALLEAGUE_CITY_NOVENDOR_LVL_02_TEMPLATE	0	0.0	200000	0
T4_TOKEN_CRYSTALLEAGUE_CITY_LVL_04_TEMPLATE	0	0.0	1	0
T4_TOKEN_CRYSTALLEAGUE_CITY_LVL_05_TEMPLATE	0	0.0	1	0
T4_TOKEN_CRYSTALLEAGUE_CITY_LVL_06_TEMPLATE	0	0.0	1	0
T4_TOKEN_CRYSTALLEAGUE_CITY_LVL_07_TEMPLATE	0	0.0	1	0
T4_TOKEN_CRYSTALLEAGUE_LVL_01_TEMPLATE	0	0.0	100000	0
T4_TOKEN_CRYSTALLEAGUE_LVL_02_TEMPLATE	0	0.0	200000	0
T4_TOKEN_CRYSTALLEAGUE_LVL_03_TEMPLATE	0	0.0	400000	0
T4_TOKEN_CRYSTALLEAGUE_NOVENDOR_LVL_02_TEMPLATE	0	0.0	200000	0
T4_TOKEN_CRYSTALLEAGUE_NOVENDOR_LVL_03_TEMPLATE	0	0.0	400000	0
T4_TOKEN_CRYSTALLEAGUE_LVL_04_TEMPLATE	0	0.0	1	0
T4_TOKEN_CRYSTALLEAGUE_LVL_05_TEMPLATE	0	0.0	1	0
T4_TOKEN_CRYSTALLEAGUE_LVL_06_TEMPLATE	0	0.0	1	0
T4_TOKEN_CRYSTALLEAGUE_LVL_07_TEMPLATE	0	0.0	1	0
T4_TOKEN_CRYSTALLEAGUE_LVL_08_TEMPLATE	0	0.0	1	0
T4_TOKEN_CRYSTALLEAGUE_LVL_09_TEMPLATE	0	0.0	1	0
T4_TOKEN_CRYSTALLEAGUE_NONLETHAL_LVL_01_TEMPLATE	0	0.0	50000	0
T4_TOKEN_CRYSTALLEAGUE_NONLETHAL_LVL_02_TEMPLATE	0	0.0	100000	0
T4_TOKEN_CRYSTALLEAGUE_NONLETHAL_LVL_03_TEMPLATE	0	0.0	200000	0
T4_TOKEN_CRYSTALLEAGUE_NONLETHAL_LVL_04_TEMPLATE	0	0.0	1	0
T4_TOKEN_CRYSTALLEAGUE_NONLETHAL_LVL_05_TEMPLATE	0	0.0	1	0
T4_TOKEN_CRYSTALLEAGUE_NONLETHAL_LVL_06_TEMPLATE	0	0.0	1	0
T4_TOKEN_CRYSTALLEAGUE_NONLETHAL_LVL_07_TEMPLATE	0	0.0	1	0
T4_TOKEN_CRYSTALLEAGUE_NONLETHAL_LVL_08_TEMPLATE	0	0.0	1	0
T4_TOKEN_CRYSTALLEAGUE_NONLETHAL_LVL_09_TEMPLATE	0	0.0	1	0
T4_SIEGE_BANNER	0	0.33333	0	858
T5_SIEGE_BANNER	0	0.5	0	1501
T6_SIEGE_BANNER	0	0.66667	0	2626
T7_SIEGE_BANNER	0	0.83333	0	4596
T8_SIEGE_BANNER	0	1.25	0	8042
T3_2H_TOOL_TRACKING	0	0.25	0	245
T4_2H_TOOL_TRACKING	0	0.33333	0	429
T5_2H_TOOL_TRACKING	0	0.5	0	750
T6_2H_TOOL_TRACKING	0	0.66667	0	1313
T7_2H_TOOL_TRACKING	0	0.83333	0	2298
T8_2H_TOOL_TRACKING	0	1.25	0	4021
T1_FARM_CARROT_SEED	0	0.0	2000	0
T2_FARM_BEAN_SEED	0	0.0	3000	0
T3_FARM_WHEAT_SEED	0	0.0	5000	0
T4_FARM_TURNIP_SEED	0	0.0	7500	0
T5_FARM_CABBAGE_SEED	0	0.0	10000	0
T6_FARM_POTATO_SEED	0	0.0	15000	0
T7_FARM_CORN_SEED	0	0.0	22500	0
T8_FARM_PUMPKIN_SEED	0	0.0	30000	0
T2_FARM_AGARIC_SEED	0	0.0	3000	0
T3_FARM_COMFREY_SEED	0	0.0	5000	0
T4_FARM_BURDOCK_SEED	0	0.0	7500	0
T5_FARM_TEASEL_SEED	0	0.0	10000	0
T6_FARM_FOXGLOVE_SEED	0	0.0	15000	0
T7_FARM_MULLEIN_SEED	0	0.0	22500	0
T8_FARM_YARROW_SEED	0	0.0	30000	0
T3_FARM_OX_BABY	0	0.0	25000	0
T4_FARM_OX_BABY	0	0.0	75000	0
T5_FARM_OX_BABY	0	0.0	225000	0
T6_FARM_OX_BABY	0	0.0	675000	0
T7_FARM_OX_BABY	0	0.0	2025000	0
T8_FARM_OX_BABY	0	0.0	6075000	0
T3_FARM_HORSE_BABY	0	0.0	25000	0
T4_FARM_HORSE_BABY	0	0.0	75000	0
T5_FARM_HORSE_BABY	0	0.0	225000	0
T6_FARM_HORSE_BABY	0	0.0	675000	0
T7_FARM_HORSE_BABY	0	0.0	2025000	0
T8_FARM_HORSE_BABY	0	0.0	6075000	0
T5_FARM_MOABIRD_FW_BRIDGEWATCH_BABY	0	0.0	0	0
T5_FARM_DIREBEAR_FW_FORTSTERLING_BABY	0	0.0	0	0
T5_FARM_DIREBOAR_FW_LYMHURST_BABY	0	0.0	0	0
T5_FARM_RAM_FW_MARTLOCK_BABY	0	0.0	0	0
T5_FARM_SWAMPDRAGON_FW_THETFORD_BABY	0	0.0	0	0
T5_FARM_GREYWOLF_FW_CAERLEON_BABY	0	0.0	0	0
T5_FARM_OWL_FW_BRECILIEN_BABY	0	0.0	0	0
T5_FARM_SPIDER_HELL_BABY	0	0.0	0	0
T8_FARM_MOABIRD_FW_BRIDGEWATCH_BABY	0	0.0	0	0
T8_FARM_DIREBEAR_FW_FORTSTERLING_BABY	0	0.0	0	0
T8_FARM_DIREBOAR_FW_LYMHURST_BABY	0	0.0	0	0
T8_FARM_RAM_FW_MARTLOCK_BABY	0	0.0	0	0
T8_FARM_SWAMPDRAGON_FW_THETFORD_BABY	0	0.0	0	0
T8_FARM_GREYWOLF_FW_CAERLEON_BABY	0	0.0	0	0
T8_FARM_OWL_FW_BRECILIEN_BABY	0	0.0	0	0
T8_FARM_SPIDER_HELL_BABY	0	0.0	0	0
T3_FARM_CHICKEN_BABY	0	0.0	5000	0
T4_FARM_GOAT_BABY	0	0.0	7500	0
T5_FARM_GOOSE_BABY	0	0.0	10000	0
T6_FARM_SHEEP_BABY	0	0.0	15000	0
T7_FARM_PIG_BABY	0	0.0	22500	0
T8_FARM_COW_BABY	0	0.0	30000	0
QUESTITEM_STANDING_SMUGGLER	0	0.0	0	0
T2_SKILLBOOK_NONTRADABLE	0	0.01	0	0
T3_SKILLBOOK_NONTRADABLE	0	0.01	0	0
T4_SKILLBOOK_NONTRADABLE	0	0.01	0	0
T5_SKILLBOOK_NONTRADABLE	0	0.01	0	0
T6_SKILLBOOK_NONTRADABLE	0	0.01	0	0
T7_SKILLBOOK_NONTRADABLE	0	0.01	0	0
T8_SKILLBOOK_NONTRADABLE	0	0.0	0	0
T1_FISHINGBAIT	0	0.02	0	0
T3_FISHINGBAIT	0	0.1	0	0
T5_FISHINGBAIT	0	0.5	0	0
UNIQUE_AVATARRING_ADC_NOV2018	0	0.0	0	0
UNIQUE_AVATARRING_ADC_DEC2018	0	0.0	0	0
UNIQUE_AVATARRING_ADC_JAN2019	0	0.0	0	0
UNIQUE_AVATARRING_ADC_FEB2019	0	0.0	0	0
UNIQUE_AVATARRING_ADC_MAR2019	0	0.0	0	0
UNIQUE_AVATARRING_ADC_APR2019	0	0.0	0	0
UNIQUE_AVATARRING_ADC_MAY2019	0	0.0	0	0
UNIQUE_AVATARRING_ADC_JUN2019	0	0.0	0	0
UNIQUE_AVATARRING_ADC_JUL2019	0	0.0	0	0
UNIQUE_AVATARRING_ADC_AUG2019	0	0.0	0	0
UNIQUE_AVATARRING_ADC_SEP2019	0	0.0	0	0
UNIQUE_AVATARRING_ADC_OCT2019	0	0.0	0	0
UNIQUE_AVATARRING_CHARITY_MARCH2020	0	0.0	0	0
UNIQUE_AVATARRING_ADC_TOKENLOCKED_01	0	1.0	0	0
UNIQUE_AVATARRING_ADC_TOKENLOCKED_NATURE	0	1.0	0	0
UNIQUE_AVATARRING_ADC_TOKENLOCKED_FIRE	0	1.0	0	0
UNIQUE_AVATARRING_ADC_TOKENLOCKED_ARCANE	0	1.0	0	0
UNIQUE_AVATARRING_ADC_TOKENLOCKED_SWORDS	0	1.0	0	0
UNIQUE_AVATARRING_ADC_TOKENLOCKED_FARMING	0	1.0	0	0
UNIQUE_AVATARRING_ADC_TOKENLOCKED_AXES	0	1.0	0	0
UNIQUE_AVATARRING_ADC_TOKENLOCKED_FISHING	0	1.0	0	0
UNIQUE_AVATARRING_ADC_TOKENLOCKED_NECROMANCER	0	1.0	0	0
UNIQUE_AVATAR_ADC_TOKENLOCKED_01	0	1.0	0	0
UNIQUE_LOOTCHEST_FACTIONCAMPAIGN_REWARD_SWAMP_01	0	0.0	0	0
UNIQUE_LOOTCHEST_FACTIONCAMPAIGN_REWARD_MOUNTAIN_01	0	0.0	0	0
UNIQUE_LOOTCHEST_FACTIONCAMPAIGN_REWARD_FOREST_01	0	0.0	0	0
UNIQUE_LOOTCHEST_FACTIONCAMPAIGN_REWARD_STEPPE_01	0	0.0	0	0
UNIQUE_LOOTCHEST_FACTIONCAMPAIGN_REWARD_HIGHLAND_01	0	0.0	0	0
UNIQUE_LOOTCHEST_FACTIONCAMPAIGN_REWARD_CAERLEON_01	0	0.0	0	0
UNIQUE_LOOTCHEST_CONQUEROR_FAVOR_PURCHASE	0	0.0	0	0
UNIQUE_AVATARRING_GVGSEASONREWARD_1ST	0	1.0	0	0
UNIQUE_AVATARRING_GVGSEASONREWARD_2ND	0	1.0	0	0
UNIQUE_AVATARRING_GVGSEASONREWARD_3RD	0	1.0	0	0
UNIQUE_AVATARRING_GVGSEASONREWARD_CRYSTAL	0	1.0	0	0
UNIQUE_AVATARRING_GVGSEASONREWARD_GOLD	0	1.0	0	0
UNIQUE_AVATARRING_GVGSEASONREWARD_SILVER	0	1.0	0	0
UNIQUE_AVATARRING_GVGSEASONREWARD_BRONZE	0	1.0	0	0
UNIQUE_AVATARRING_GVGSEASONREWARD_IRON	0	1.0	0	0
UNIQUE_AVATARRING_ARENA_CRYSTAL	0	0.0	0	0
UNIQUE_AVATARRING_ARENA_GOLD1	0	0.0	0	0
UNIQUE_AVATARRING_ARENA_SILVER1	0	0.0	0	0
UNIQUE_AVATARRING_BRECILIEN	0	0.0	0	0
UNIQUE_AVATAR_BRECILIEN	0	0.0	0	0
UNIQUE_AVATARRING_SMUGGLER	0	0.0	0	0
UNIQUE_AVATAR_SMUGGLER	0	0.0	0	0
UNIQUE_AVATARRING_HELLDUNGEON	0	0.0	0	0
UNIQUE_AVATAR_HELLDUNGEON	0	0.0	0	0
UNIQUE_AVATAR_GVGSEASON_14_CRYSTAL_SINGLE	0	0.0	0	0
UNIQUE_AVATAR_GVGSEASON_14_GOLD_SINGLE	0	0.0	0	0
UNIQUE_AVATAR_GVGSEASON_14_SILVER_SINGLE	0	0.0	0	0
UNIQUE_AVATAR_GVGSEASON_14_BRONZE_SINGLE	0	0.0	0	0
UNIQUE_AVATAR_GVGSEASON_15_CRYSTAL_SINGLE	0	0.0	0	0
UNIQUE_AVATAR_GVGSEASON_15_GOLD_SINGLE	0	0.0	0	0
UNIQUE_AVATAR_GVGSEASON_15_SILVER_SINGLE	0	0.0	0	0
UNIQUE_AVATAR_GVGSEASON_15_BRONZE_SINGLE	0	0.0	0	0
UNIQUE_AVATAR_GVGSEASON_16_CRYSTAL_SINGLE	0	0.0	0	0
UNIQUE_AVATAR_GVGSEASON_16_GOLD_SINGLE	0	0.0	0	0
UNIQUE_AVATAR_GVGSEASON_16_SILVER_SINGLE	0	0.0	0	0
UNIQUE_AVATAR_GVGSEASON_16_BRONZE_SINGLE	0	0.0	0	0
UNIQUE_AVATAR_GVGSEASON_17_CRYSTAL_SINGLE	0	0.0	0	0
UNIQUE_AVATAR_GVGSEASON_17_GOLD_SINGLE	0	0.0	0	0
UNIQUE_AVATAR_GVGSEASON_17_SILVER_SINGLE	0	0.0	0	0
UNIQUE_AVATAR_GVGSEASON_17_BRONZE_SINGLE	0	0.0	0	0
UNIQUE_AVATAR_GVGSEASON_18_CRYSTAL_SINGLE	0	0.0	0	0
UNIQUE_AVATAR_GVGSEASON_18_GOLD_SINGLE	0	0.0	0	0
UNIQUE_AVATAR_GVGSEASON_18_SILVER_SINGLE	0	0.0	0	0
UNIQUE_AVATAR_GVGSEASON_18_BRONZE_SINGLE	0	0.0	0	0
UNIQUE_AVATAR_GVGSEASON_19_CRYSTAL_SINGLE	0	0.0	0	0
UNIQUE_AVATAR_GVGSEASON_19_GOLD_SINGLE	0	0.0	0	0
UNIQUE_AVATAR_GVGSEASON_19_SILVER_SINGLE	0	0.0	0	0
UNIQUE_AVATAR_GVGSEASON_19_BRONZE_SINGLE	0	0.0	0	0
UNIQUE_AVATAR_GVGSEASON_20_CRYSTAL_SINGLE	0	0.0	0	0
UNIQUE_AVATAR_GVGSEASON_20_GOLD_SINGLE	0	0.0	0	0
UNIQUE_AVATAR_GVGSEASON_20_SILVER_SINGLE	0	0.0	0	0
UNIQUE_AVATAR_GVGSEASON_20_BRONZE_SINGLE	0	0.0	0	0
UNIQUE_AVATAR_GVGSEASON_21_CRYSTAL_SINGLE	0	0.0	0	0
UNIQUE_AVATAR_GVGSEASON_21_GOLD_SINGLE	0	0.0	0	0
UNIQUE_AVATAR_GVGSEASON_21_SILVER_SINGLE	0	0.0	0	0
UNIQUE_AVATAR_GVGSEASON_21_BRONZE_SINGLE	0	0.0	0	0
UNIQUE_AVATAR_GVGSEASON_22_CRYSTAL_SINGLE	0	0.0	0	0
UNIQUE_AVATAR_GVGSEASON_22_GOLD_SINGLE	0	0.0	0	0
UNIQUE_AVATAR_GVGSEASON_22_SILVER_SINGLE	0	0.0	0	0
UNIQUE_AVATAR_GVGSEASON_22_BRONZE_SINGLE	0	0.0	0	0
UNIQUE_AVATAR_GVGSEASON_23_CRYSTAL_SINGLE	0	0.0	0	0
UNIQUE_AVATAR_GVGSEASON_23_GOLD_SINGLE	0	0.0	0	0
UNIQUE_AVATAR_GVGSEASON_23_SILVER_SINGLE	0	0.0	0	0
UNIQUE_AVATAR_GVGSEASON_23_BRONZE_SINGLE	0	0.0	0	0
UNIQUE_AVATAR_GVGSEASON_24_CRYSTAL_SINGLE	0	0.0	0	0
UNIQUE_AVATAR_GVGSEASON_24_GOLD_SINGLE	0	0.0	0	0
UNIQUE_AVATAR_GVGSEASON_24_SILVER_SINGLE	0	0.0	0	0
UNIQUE_AVATAR_GVGSEASON_24_BRONZE_SINGLE	0	0.0	0	0
UNIQUE_AVATAR_GVGSEASON_25_CRYSTAL_SINGLE	0	0.0	0	0
UNIQUE_AVATAR_GVGSEASON_25_GOLD_SINGLE	0	0.0	0	0
UNIQUE_AVATAR_GVGSEASON_25_SILVER_SINGLE	0	0.0	0	0
UNIQUE_AVATAR_GVGSEASON_25_BRONZE_SINGLE	0	0.0	0	0
UNIQUE_AVATAR_GVGSEASON_26_CRYSTAL_SINGLE	0	0.0	0	0
UNIQUE_AVATAR_GVGSEASON_26_GOLD_SINGLE	0	0.0	0	0
UNIQUE_AVATAR_GVGSEASON_26_SILVER_SINGLE	0	0.0	0	0
UNIQUE_AVATAR_GVGSEASON_26_BRONZE_SINGLE	0	0.0	0	0
UNIQUE_AVATAR_GVGSEASON_27_CRYSTAL_SINGLE	0	0.0	0	0
UNIQUE_AVATAR_GVGSEASON_27_GOLD_SINGLE	0	0.0	0	0
UNIQUE_AVATAR_GVGSEASON_27_SILVER_SINGLE	0	0.0	0	0
UNIQUE_AVATAR_GVGSEASON_27_BRONZE_SINGLE	0	0.0	0	0
UNIQUE_AVATAR_GVGSEASON_28_CRYSTAL_SINGLE	0	0.0	0	0
UNIQUE_AVATAR_GVGSEASON_28_GOLD_SINGLE	0	0.0	0	0
UNIQUE_AVATAR_GVGSEASON_28_SILVER_SINGLE	0	0.0	0	0
UNIQUE_AVATAR_GVGSEASON_28_BRONZE_SINGLE	0	0.0	0	0
UNIQUE_AVATAR_GVGSEASON_29_CRYSTAL_SINGLE	0	0.0	0	0
UNIQUE_AVATAR_GVGSEASON_29_GOLD_SINGLE	0	0.0	0	0
UNIQUE_AVATAR_GVGSEASON_29_SILVER_SINGLE	0	0.0	0	0
UNIQUE_AVATAR_GVGSEASON_29_BRONZE_SINGLE	0	0.0	0	0
UNIQUE_AVATAR_GVGSEASON_30_CRYSTAL_SINGLE	0	0.0	0	0
UNIQUE_AVATAR_GVGSEASON_30_SILVER_SINGLE	0	0.0	0	0
UNIQUE_AVATAR_GVGSEASON_31_CRYSTAL_SINGLE	0	0.0	0	0
UNIQUE_AVATAR_GVGSEASON_31_SILVER_SINGLE	0	0.0	0	0
T5_CORRUPTED_NONLETHAL_MAP	0	0.0	1000	0
T6_CORRUPTED_LETHAL_MAP	0	0.0	3000	0
T6_RANDOM_DUNGEON_ELITE_TOKEN_D1	0	0.0	0	0
T7_RANDOM_DUNGEON_ELITE_TOKEN_D1	0	0.0	0	0
T8_RANDOM_DUNGEON_ELITE_TOKEN_D1	0	0.0	0	0
T6_RANDOM_DUNGEON_ELITE_TOKEN_D2	0	0.0	0	0
T7_RANDOM_DUNGEON_ELITE_TOKEN_D2	0	0.0	0	0
T8_RANDOM_DUNGEON_ELITE_TOKEN_D2	0	0.0	0	0
T6_RANDOM_DUNGEON_ELITE_TOKEN_D3	0	0.0	0	0
T7_RANDOM_DUNGEON_ELITE_TOKEN_D3	0	0.0	0	0
T8_RANDOM_DUNGEON_ELITE_TOKEN_D3	0	0.0	0	0
T6_RANDOM_DUNGEON_ELITE_TOKEN_D4	0	0.0	0	0
T7_RANDOM_DUNGEON_ELITE_TOKEN_D4	0	0.0	0	0
T8_RANDOM_DUNGEON_ELITE_TOKEN_D4	0	0.0	0	0
T4_RANDOM_DUNGEON_SOLO_TOKEN_D1	0	0.0	16800	0
T5_RANDOM_DUNGEON_SOLO_TOKEN_D1	0	0.0	22400	0
T6_RANDOM_DUNGEON_SOLO_TOKEN_D1	0	0.0	30000	0
T7_RANDOM_DUNGEON_SOLO_TOKEN_D1	0	0.0	42000	0
T8_RANDOM_DUNGEON_SOLO_TOKEN_D1	0	0.0	60600	0
T4_RANDOM_DUNGEON_SOLO_TOKEN_D2	0	0.0	22000	0
T5_RANDOM_DUNGEON_SOLO_TOKEN_D2	0	0.0	29400	0
T6_RANDOM_DUNGEON_SOLO_TOKEN_D2	0	0.0	39600	0
T7_RANDOM_DUNGEON_SOLO_TOKEN_D2	0	0.0	55200	0
T8_RANDOM_DUNGEON_SOLO_TOKEN_D2	0	0.0	79800	0
T4_RANDOM_DUNGEON_SOLO_TOKEN_D3	0	0.0	28600	0
T5_RANDOM_DUNGEON_SOLO_TOKEN_D3	0	0.0	38200	0
T6_RANDOM_DUNGEON_SOLO_TOKEN_D3	0	0.0	51400	0
T7_RANDOM_DUNGEON_SOLO_TOKEN_D3	0	0.0	71600	0
T8_RANDOM_DUNGEON_SOLO_TOKEN_D3	0	0.0	103400	0
T4_RANDOM_DUNGEON_SOLO_TOKEN_D4	0	0.0	37400	0
T5_RANDOM_DUNGEON_SOLO_TOKEN_D4	0	0.0	50000	0
T6_RANDOM_DUNGEON_SOLO_TOKEN_D4	0	0.0	67200	0
T7_RANDOM_DUNGEON_SOLO_TOKEN_D4	0	0.0	93800	0
T8_RANDOM_DUNGEON_SOLO_TOKEN_D4	0	0.0	135400	0
T4_RANDOM_DUNGEON_TOKEN_D1	0	0.0	0	0
T5_RANDOM_DUNGEON_TOKEN_D1	0	0.0	0	0
T6_RANDOM_DUNGEON_TOKEN_D1	0	0.0	0	0
T7_RANDOM_DUNGEON_TOKEN_D1	0	0.0	0	0
T8_RANDOM_DUNGEON_TOKEN_D1	0	0.0	0	0
T4_RANDOM_DUNGEON_TOKEN_D2	0	0.0	0	0
T5_RANDOM_DUNGEON_TOKEN_D2	0	0.0	0	0
T6_RANDOM_DUNGEON_TOKEN_D2	0	0.0	0	0
T7_RANDOM_DUNGEON_TOKEN_D2	0	0.0	0	0
T8_RANDOM_DUNGEON_TOKEN_D2	0	0.0	0	0
T4_RANDOM_DUNGEON_TOKEN_D3	0	0.0	0	0
T5_RANDOM_DUNGEON_TOKEN_D3	0	0.0	0	0
T6_RANDOM_DUNGEON_TOKEN_D3	0	0.0	0	0
T7_RANDOM_DUNGEON_TOKEN_D3	0	0.0	0	0
T8_RANDOM_DUNGEON_TOKEN_D3	0	0.0	0	0
T4_RANDOM_DUNGEON_TOKEN_D4	0	0.0	0	0
T5_RANDOM_DUNGEON_TOKEN_D4	0	0.0	0	0
T6_RANDOM_DUNGEON_TOKEN_D4	0	0.0	0	0
T7_RANDOM_DUNGEON_TOKEN_D4	0	0.0	0	0
T8_RANDOM_DUNGEON_TOKEN_D4	0	0.0	0	0
UNIQUE_UNLOCK_SKIN_HORSE_UNDEAD	0	0.0	0	0
UNIQUE_UNLOCK_SKIN_ARMORED_HORSE_ARENA_COPY	0	0.0	0	0
UNIQUE_UNLOCK_SKIN_ARMORED_HORSE_ARENA	0	0.0	0	0
UNIQUE_UNLOCK_SKIN_ARMORED_HORSE_MORGANA	0	0.0	0	0
UNIQUE_UNLOCK_SKIN_ARMORED_HORSE_UNDEAD	0	0.0	0	0
UNIQUE_UNLOCK_SKIN_DIREWOLF_GVGSEASON_1ST_03	0	0.0	0	0
UNIQUE_UNLOCK_SKIN_DIREWOLF_GVGSEASON_1ST_02	0	0.0	0	0
UNIQUE_UNLOCK_SKIN_COUGAR_ARENA_COPY	0	0.0	0	0
UNIQUE_UNLOCK_SKIN_COUGAR_ARENA	0	0.0	0	0
UNIQUE_UNLOCK_VANITY_2H_FW_BRIDGEWATCH_BANNER	0	0.0	0	0
UNIQUE_UNLOCK_VANITY_2H_FW_THETFORD_BANNER	0	0.0	0	0
UNIQUE_UNLOCK_VANITY_2H_FW_FORTSTERLING_BANNER	0	0.0	0	0
UNIQUE_UNLOCK_VANITY_2H_FW_MARTLOCK_BANNER	0	0.0	0	0
UNIQUE_UNLOCK_VANITY_2H_FW_LYMHURST_BANNER	0	0.0	0	0
UNIQUE_UNLOCK_VANITY_2H_FW_CAERLEON_BANNER	0	0.0	0	0
UNIQUE_UNLOCK_HEAD_VANITY_ARENA_SET_01_COPY	0	0.0	0	0
UNIQUE_UNLOCK_HEAD_VANITY_ARENA_SET_01	0	0.0	0	0
UNIQUE_UNLOCK_ARMOR_VANITY_ARENA_SET_01_COPY	0	0.0	0	0
UNIQUE_UNLOCK_ARMOR_VANITY_ARENA_SET_01	0	0.0	0	0
UNIQUE_UNLOCK_SHOES_VANITY_ARENA_SET_01_COPY	0	0.0	0	0
UNIQUE_UNLOCK_SHOES_VANITY_ARENA_SET_01	0	0.0	0	0
UNIQUE_UNLOCK_CAPE_VANITY_ARENA_SET_01_COPY	0	0.0	0	0
UNIQUE_UNLOCK_CAPE_VANITY_ARENA_SET_01	0	0.0	0	0
UNIQUE_UNLOCK_HEAD_VANITY_ARENA_EYEPATCH_COPY	0	0.0	0	0
UNIQUE_UNLOCK_HEAD_VANITY_ARENA_EYEPATCH	0	0.0	0	0
UNIQUE_UNLOCK_T4_CAPE_ARENA_BANNER_COPY	0	0.0	0	0
UNIQUE_UNLOCK_T4_CAPE_ARENA_BANNER	0	0.0	0	0
UNIQUE_UNLOCK_T6_CAPE_ARENA_BANNER_COPY	0	0.0	0	0
UNIQUE_UNLOCK_T6_CAPE_ARENA_BANNER	0	0.0	0	0
UNIQUE_UNLOCK_T8_CAPE_ARENA_BANNER_COPY	0	0.0	0	0
UNIQUE_UNLOCK_T8_CAPE_ARENA_BANNER	0	0.0	0	0
UNIQUE_UNLOCK_HEAD_VANITY_GLADIATOR_ARENA	0	0.0	0	0
UNIQUE_UNLOCK_ARMOR_VANITY_GLADIATOR_ARENA	0	0.0	0	0
UNIQUE_UNLOCK_SHOES_VANITY_GLADIATOR_ARENA	0	0.0	0	0
UNIQUE_UNLOCK_CAPE_VANITY_GLADIATOR_ARENA	0	0.0	0	0
UNIQUE_UNLOCK_HEAD_VANITY_GLADIATOR_CRYSTAL	0	0.0	0	0
UNIQUE_UNLOCK_ARMOR_VANITY_GLADIATOR_CRYSTAL	0	0.0	0	0
UNIQUE_UNLOCK_SHOES_VANITY_GLADIATOR_CRYSTAL	0	0.0	0	0
UNIQUE_UNLOCK_CAPE_VANITY_GLADIATOR_CRYSTAL	0	0.0	0	0
UNIQUE_UNLOCK_HEAD_VANITY_EASTER_WHITE	0	0.0	0	0
UNIQUE_UNLOCK_HEAD_VANITY_EASTER_BROWN	0	0.0	0	0
UNIQUE_UNLOCK_ARMOR_VANITY_EASTER	0	0.0	0	0
UNIQUE_UNLOCK_SHOES_VANITY_EASTER	0	0.0	0	0
UNIQUE_UNLOCK_BACKPACK_VANITY_EASTER	0	0.0	0	0
UNIQUE_UNLOCK_UNIQUE_VANITY_2H_CHICKENGUN_EASTER	0	0.0	0	0
UNIQUE_UNLOCK_HEAD_VANITY_SMUGGLER	0	0.0	0	0
UNIQUE_UNLOCK_ARMOR_VANITY_SMUGGLER	0	0.0	0	0
UNIQUE_UNLOCK_SHOES_VANITY_SMUGGLER	0	0.0	0	0
UNIQUE_UNLOCK_CAPE_VANITY_SMUGGLER	0	0.0	0	0
UNIQUE_UNLOCK_HEAD_VANITY_KNIGHT_AOCP_NON_TRADABLE	0	1.0	0	0
UNIQUE_UNLOCK_ARMOR_VANITY_KNIGHT_AOCP_NON_TRADABLE	0	1.0	0	0
UNIQUE_UNLOCK_SHOES_VANITY_KNIGHT_AOCP_NON_TRADABLE	0	1.0	0	0
UNIQUE_UNLOCK_CAPE_VANITY_KNIGHT_AOCP_NON_TRADABLE	0	1.0	0	0
UNIQUE_UNLOCK_DIREBOAR_FIBER_GATHERER	0	0.0	0	0
UNIQUE_UNLOCK_OFF_VANITY_PUMPKIN_HAPPY_NON_TRADABLE	0	1.0	0	0
UNIQUE_UNLOCK_OFF_VANITY_PUMPKIN_SAD_NON_TRADABLE	0	1.0	0	0
UNIQUE_UNLOCK_OFF_VANITY_PUMPKIN_ANGRY_NON_TRADABLE	0	1.0	0	0
UNIQUE_UNLOCK_HEAD_VANITY_FW_SOLDIER_PLATE	0	0.0	0	0
UNIQUE_UNLOCK_ARMOR_VANITY_FW_SOLDIER_PLATE	0	0.0	0	0
UNIQUE_UNLOCK_SHOES_VANITY_FW_SOLDIER_PLATE	0	0.0	0	0
UNIQUE_UNLOCK_CAPE_VANITY_FW_SOLDIER_PLATE	0	0.0	0	0
UNIQUE_UNLOCK_AVATAR_FW_SOLDIER	0	0.0	0	0
UNIQUE_UNLOCK_AVATARRING_FW_SOLDIER	0	0.0	0	0
UNIQUE_UNLOCK_HEAD_VANITY_DRESS_BLUE_NON_TRADABLE	0	1.0	0	0
UNIQUE_UNLOCK_HEAD_VANITY_DRESS_BLACK_NON_TRADABLE	0	1.0	0	0
UNIQUE_UNLOCK_HEAD_VANITY_PRIEST_NON_TRADABLE	0	1.0	0	0
UNIQUE_UNLOCK_HEAD_VANITY_WEDDING_DRESS_NON_TRADABLE	0	1.0	0	0
UNIQUE_UNLOCK_HEAD_VANITY_WEDDING_TUXEDO_NON_TRADABLE	0	1.0	0	0
UNIQUE_UNLOCK_HEAD_VANITY_BARD_NON_TRADABLE	0	1.0	0	0
UNIQUE_UNLOCK_HEAD_VANITY_INNKEEPER_NON_TRADABLE	0	1.0	0	0
UNIQUE_UNLOCK_HEAD_VANITY_PIRATE_NON_TRADABLE	0	1.0	0	0
UNIQUE_UNLOCK_ARMOR_VANITY_DRESS_BLUE_NON_TRADABLE	0	1.0	0	0
UNIQUE_UNLOCK_ARMOR_VANITY_DRESS_BLACK_NON_TRADABLE	0	1.0	0	0
UNIQUE_UNLOCK_ARMOR_VANITY_PRIEST_NON_TRADABLE	0	1.0	0	0
UNIQUE_UNLOCK_ARMOR_VANITY_WEDDING_DRESS_NON_TRADABLE	0	1.0	0	0
UNIQUE_UNLOCK_ARMOR_VANITY_WEDDING_TUXEDO_NON_TRADABLE	0	1.0	0	0
UNIQUE_UNLOCK_ARMOR_VANITY_BARD_NON_TRADABLE	0	1.0	0	0
UNIQUE_UNLOCK_ARMOR_VANITY_INNKEEPER_NON_TRADABLE	0	1.0	0	0
UNIQUE_UNLOCK_ARMOR_VANITY_PIRATE_NON_TRADABLE	0	1.0	0	0
UNIQUE_UNLOCK_SHOES_VANITY_DRESS_BLUE_NON_TRADABLE	0	1.0	0	0
UNIQUE_UNLOCK_SHOES_VANITY_DRESS_BLACK_NON_TRADABLE	0	1.0	0	0
UNIQUE_UNLOCK_SHOES_VANITY_PRIEST_NON_TRADABLE	0	1.0	0	0
UNIQUE_UNLOCK_SHOES_VANITY_WEDDING_DRESS_NON_TRADABLE	0	1.0	0	0
UNIQUE_UNLOCK_SHOES_VANITY_WEDDING_TUXEDO_NON_TRADABLE	0	1.0	0	0
UNIQUE_UNLOCK_SHOES_VANITY_BARD_NON_TRADABLE	0	1.0	0	0
UNIQUE_UNLOCK_SHOES_VANITY_INNKEEPER_NON_TRADABLE	0	1.0	0	0
UNIQUE_UNLOCK_SHOES_VANITY_PIRATE_NON_TRADABLE	0	1.0	0	0
UNIQUE_UNLOCK_CAPE_VANITY_WEDDING_TUXEDO_NON_TRADABLE	0	1.0	0	0
UNIQUE_UNLOCK_VANITY_2H_CHICKENGUN_EASTER_NON_TRADABLE	0	1.0	0	0
UNIQUE_UNLOCK_OFF_VANITY_PRIEST_NON_TRADABLE	0	1.0	0	0
UNIQUE_UNLOCK_OFF_VANITY_WEDDING_DRESS_NON_TRADABLE	0	1.0	0	0
UNIQUE_UNLOCK_OFF_VANITY_WEDDING_TUXEDO_NON_TRADABLE	0	1.0	0	0
UNIQUE_UNLOCK_OFF_VANITY_INNKEEPER_NON_TRADABLE	0	1.0	0	0
UNIQUE_UNLOCK_OFF_VANITY_PIRATE_NON_TRADABLE	0	1.0	0	0
UNIQUE_UNLOCK_SKIN_HORSE_BROWN_NON_TRADABLE	0	1.0	0	0
UNIQUE_UNLOCK_SKIN_HORSE_KEEPER_NON_TRADABLE	0	1.0	0	0
UNIQUE_UNLOCK_SKIN_HORSE_UNICORN_NON_TRADABLE	0	1.0	0	0
UNIQUE_UNLOCK_SKIN_ARMORED_HORSE_T5_GUILD_NON_TRADABLE	0	1.0	0	0
UNIQUE_UNLOCK_SKIN_ARMORED_HORSE_T6_GUILD_NON_TRADABLE	0	1.0	0	0
UNIQUE_UNLOCK_SKIN_ARMORED_HORSE_T7_GUILD_NON_TRADABLE	0	1.0	0	0
UNIQUE_UNLOCK_SKIN_ARMORED_HORSE_T8_GUILD_NON_TRADABLE	0	1.0	0	0
UNIQUE_UNLOCK_SKIN_OX_BISON_AH_NON_TRADABLE	0	1.0	0	0
UNIQUE_UNLOCK_SKIN_OX_BISON_ROYAL_NON_TRADABLE	0	1.0	0	0
UNIQUE_UNLOCK_SKIN_OX_BLACKMARKET_NON_TRADABLE	0	1.0	0	0
UNIQUE_UNLOCK_HEAD_VANITY_DRESS_GREEN_NON_TRADABLE	0	1.0	0	0
UNIQUE_UNLOCK_ARMOR_VANITY_DRESS_GREEN_NON_TRADABLE	0	1.0	0	0
UNIQUE_UNLOCK_SHOES_VANITY_DRESS_GREEN_NON_TRADABLE	0	1.0	0	0
UNIQUE_UNLOCK_HEAD_VANITY_ENTERTAINER_NON_TRADABLE	0	1.0	0	0
UNIQUE_UNLOCK_ARMOR_VANITY_ENTERTAINER_NON_TRADABLE	0	1.0	0	0
UNIQUE_UNLOCK_SHOES_VANITY_ENTERTAINER_NON_TRADABLE	0	1.0	0	0
UNIQUE_UNLOCK_HEAD_VANITY_NIGHTGOWN_NON_TRADABLE	0	1.0	0	0
UNIQUE_UNLOCK_CAPE_VANITY_HYENA_NON_TRADABLE	0	1.0	0	0
UNIQUE_UNLOCK_SKIN_COUGAR_AMETHYST	0	1.0	0	0
UNIQUE_UNLOCK_SKIN_GIANTSTAG_ALPACA_BROWN	0	1.0	0	0
UNIQUE_UNLOCK_SKIN_HORSE_UNICORN_AMETHYST	0	1.0	0	0
UNIQUE_UNLOCK_HEAD_VANITY_PIRATE_GREEN_NON_TRADABLE	0	1.0	0	0
UNIQUE_UNLOCK_ARMOR_VANITY_PIRATE_GREEN_NON_TRADABLE	0	1.0	0	0
UNIQUE_UNLOCK_SHOES_VANITY_PIRATE_GREEN_NON_TRADABLE	0	1.0	0	0
UNIQUE_UNLOCK_OFF_VANITY_PIRATE_RED_NON_TRADABLE	0	1.0	0	0
UNIQUE_UNLOCK_OFF_VANITY_PIRATE_GREEN_NON_TRADABLE	0	1.0	0	0
UNIQUE_UNLOCK_OFF_VANITY_PIRATE_COCKATOO_NON_TRADABLE	0	1.0	0	0
UNIQUE_UNLOCK_HEAD_VANITY_PRIEST_RED_NON_TRADABLE	0	1.0	0	0
UNIQUE_UNLOCK_ARMOR_VANITY_PRIEST_RED_NON_TRADABLE	0	1.0	0	0
UNIQUE_UNLOCK_SHOES_VANITY_PRIEST_RED_NON_TRADABLE	0	1.0	0	0
UNIQUE_UNLOCK_OFF_VANITY_PRIEST_RED_NON_TRADABLE	0	1.0	0	0
UNIQUE_UNLOCK_CAPE_VANITY_SNOWLEOPARD_NON_TRADABLE	0	1.0	0	0
UNIQUE_UNLOCK_HEAD_VANITY_RICH_NOBLE_PURPLE_NON_TRADABLE	0	1.0	0	0
UNIQUE_UNLOCK_ARMOR_VANITY_RICH_NOBLE_PURPLE_NON_TRADABLE	0	1.0	0	0
UNIQUE_UNLOCK_SHOES_VANITY_RICH_NOBLE_PURPLE_NON_TRADABLE	0	1.0	0	0
UNIQUE_UNLOCK_HEAD_VANITY_NIGHTGOWN_BLACK_NON_TRADABLE	0	1.0	0	0
UNIQUE_UNLOCK_HEAD_VANITY_NIGHTGOWN_BELL_NON_TRADABLE	0	1.0	0	0
UNIQUE_UNLOCK_HEAD_VANITY_BARD_BLUE_NON_TRADABLE	0	1.0	0	0
UNIQUE_UNLOCK_ARMOR_VANITY_BARD_BLUE_NON_TRADABLE	0	1.0	0	0
UNIQUE_UNLOCK_SHOES_VANITY_BARD_BLUE_NON_TRADABLE	0	1.0	0	0
UNIQUE_UNLOCK_SKIN_DIREWOLF_FENNEK	0	1.0	0	0
UNIQUE_UNLOCK_SKIN_HORSE_QUESTING_BEAST_GREEN	0	1.0	0	0
T1_KILL_EMOTE_TOMBSTONE_CHARGES_NONTRADABLE	0	1.0	0	0
T1_KILL_EMOTE_FLAG_CHARGES_NONTRADABLE	0	1.0	0	0
T1_KILL_EMOTE_GHOST_CHARGES_NONTRADABLE	0	0.01	0	0
T1_KILL_EMOTE_OVERGROWN_CHARGES_NONTRADABLE	0	1.0	0	0
T1_KILL_EMOTE_HELLGATE_CHARGES_NONTRADABLE	0	1.0	0	0
T1_KILL_EMOTE_SWORD_CHARGES_NONTRADABLE	0	1.0	0	0
T1_KILL_EMOTE_HAMMER_CHARGES_NONTRADABLE	0	1.0	0	0
T1_KILL_EMOTE_FLAG_MOBILE_CHARGES_NONTRADABLE	0	1.0	0	0
T1_KILL_EMOTE_FLAG_DESKTOP_CHARGES_NONTRADABLE	0	1.0	0	0
T1_KILL_EMOTE_FLAG_CONTROLLER_CHARGES_NONTRADABLE	0	1.0	0	0
UNIQUE_UNLOCK_LORE_KEEPER_01	0	0.0	0	0
UNIQUE_UNLOCK_LORE_KEEPER_02	0	0.0	0	0
UNIQUE_UNLOCK_LORE_KEEPER_03	0	0.0	0	0
UNIQUE_UNLOCK_LORE_KEEPER_04	0	0.0	0	0
UNIQUE_UNLOCK_LORE_KEEPER_05	0	0.0	0	0
UNIQUE_UNLOCK_LORE_KEEPER_06	0	0.0	0	0
UNIQUE_UNLOCK_LORE_KEEPER_07	0	0.0	0	0
UNIQUE_UNLOCK_LORE_KEEPER_13	0	0.0	0	0
T2_JOURNAL_WOOD	0	0.0	500	0
T3_JOURNAL_WOOD	0	0.0	1000	0
T4_JOURNAL_WOOD	0	0.0	2000	0
T5_JOURNAL_WOOD	0	0.0	4000	0
T6_JOURNAL_WOOD	0	0.0	8000	0
T7_JOURNAL_WOOD	0	0.0	16000	0
T8_JOURNAL_WOOD	0	0.0	32000	0
T2_JOURNAL_STONE	0	0.0	500	0
T3_JOURNAL_STONE	0	0.0	1000	0
T4_JOURNAL_STONE	0	0.0	2000	0
T5_JOURNAL_STONE	0	0.0	4000	0
T6_JOURNAL_STONE	0	0.0	8000	0
T7_JOURNAL_STONE	0	0.0	16000	0
T8_JOURNAL_STONE	0	0.0	32000	0
T2_JOURNAL_ORE	0	0.0	500	0
T3_JOURNAL_ORE	0	0.0	1000	0
T4_JOURNAL_ORE	0	0.0	2000	0
T5_JOURNAL_ORE	0	0.0	4000	0
T6_JOURNAL_ORE	0	0.0	8000	0
T7_JOURNAL_ORE	0	0.0	16000	0
T8_JOURNAL_ORE	0	0.0	32000	0
T2_JOURNAL_FIBER	0	0.0	500	0
T3_JOURNAL_FIBER	0	0.0	1000	0
T4_JOURNAL_FIBER	0	0.0	2000	0
T5_JOURNAL_FIBER	0	0.0	4000	0
T6_JOURNAL_FIBER	0	0.0	8000	0
T7_JOURNAL_FIBER	0	0.0	16000	0
T8_JOURNAL_FIBER	0	0.0	32000	0
T2_JOURNAL_HIDE	0	0.0	500	0
T3_JOURNAL_HIDE	0	0.0	1000	0
T4_JOURNAL_HIDE	0	0.0	2000	0
T5_JOURNAL_HIDE	0	0.0	4000	0
T6_JOURNAL_HIDE	0	0.0	8000	0
T7_JOURNAL_HIDE	0	0.0	16000	0
T8_JOURNAL_HIDE	0	0.0	32000	0
T2_JOURNAL_WARRIOR	0	0.0	500	0
T3_JOURNAL_WARRIOR	0	0.0	1000	0
T4_JOURNAL_WARRIOR	0	0.0	2000	0
T5_JOURNAL_WARRIOR	0	0.0	4000	0
T6_JOURNAL_WARRIOR	0	0.0	8000	0
T7_JOURNAL_WARRIOR	0	0.0	16000	0
T8_JOURNAL_WARRIOR	0	0.0	32000	0
T2_JOURNAL_HUNTER	0	0.0	500	0
T3_JOURNAL_HUNTER	0	0.0	1000	0
T4_JOURNAL_HUNTER	0	0.0	2000	0
T5_JOURNAL_HUNTER	0	0.0	4000	0
T6_JOURNAL_HUNTER	0	0.0	8000	0
T7_JOURNAL_HUNTER	0	0.0	16000	0
T8_JOURNAL_HUNTER	0	0.0	32000	0
T2_JOURNAL_MAGE	0	0.0	500	0
T3_JOURNAL_MAGE	0	0.0	1000	0
T4_JOURNAL_MAGE	0	0.0	2000	0
T5_JOURNAL_MAGE	0	0.0	4000	0
T6_JOURNAL_MAGE	0	0.0	8000	0
T7_JOURNAL_MAGE	0	0.0	16000	0
T8_JOURNAL_MAGE	0	0.0	32000	0
T2_JOURNAL_TOOLMAKER	0	0.0	500	0
T3_JOURNAL_TOOLMAKER	0	0.0	1000	0
T4_JOURNAL_TOOLMAKER	0	0.0	2000	0
T5_JOURNAL_TOOLMAKER	0	0.0	4000	0
T6_JOURNAL_TOOLMAKER	0	0.0	8000	0
T7_JOURNAL_TOOLMAKER	0	0.0	16000	0
T8_JOURNAL_TOOLMAKER	0	0.0	32000	0
T2_JOURNAL_MERCENARY	0	0.0	500	0
T3_JOURNAL_MERCENARY	0	0.0	1000	0
T4_JOURNAL_MERCENARY	0	0.0	2000	0
T5_JOURNAL_MERCENARY	0	0.0	4000	0
T6_JOURNAL_MERCENARY	0	0.0	8000	0
T7_JOURNAL_MERCENARY	0	0.0	16000	0
T8_JOURNAL_MERCENARY	0	0.0	32000	0
T2_JOURNAL_TROPHY_GENERAL	0	0.0	500	0
T3_JOURNAL_TROPHY_GENERAL	0	0.0	1000	0
T4_JOURNAL_TROPHY_GENERAL	0	0.0	2000	0
T5_JOURNAL_TROPHY_GENERAL	0	0.0	4000	0
T6_JOURNAL_TROPHY_GENERAL	0	0.0	8000	0
T7_JOURNAL_TROPHY_GENERAL	0	0.0	16000	0
T8_JOURNAL_TROPHY_GENERAL	0	0.0	32000	0
T2_JOURNAL_TROPHY_MERCENARY	0	0.0	500	0
T3_JOURNAL_TROPHY_MERCENARY	0	0.0	1000	0
T4_JOURNAL_TROPHY_MERCENARY	0	0.0	2000	0
T5_JOURNAL_TROPHY_MERCENARY	0	0.0	4000	0
T6_JOURNAL_TROPHY_MERCENARY	0	0.0	8000	0
T7_JOURNAL_TROPHY_MERCENARY	0	0.0	16000	0
T8_JOURNAL_TROPHY_MERCENARY	0	0.0	32000	0
T2_JOURNAL_TROPHY_HIDE	0	0.0	500	0
T3_JOURNAL_TROPHY_HIDE	0	0.0	1000	0
T4_JOURNAL_TROPHY_HIDE	0	0.0	2000	0
T5_JOURNAL_TROPHY_HIDE	0	0.0	4000	0
T6_JOURNAL_TROPHY_HIDE	0	0.0	8000	0
T7_JOURNAL_TROPHY_HIDE	0	0.0	16000	0
T8_JOURNAL_TROPHY_HIDE	0	0.0	32000	0
T2_JOURNAL_TROPHY_WOOD	0	0.0	500	0
T3_JOURNAL_TROPHY_WOOD	0	0.0	1000	0
T4_JOURNAL_TROPHY_WOOD	0	0.0	2000	0
T5_JOURNAL_TROPHY_WOOD	0	0.0	4000	0
T6_JOURNAL_TROPHY_WOOD	0	0.0	8000	0
T7_JOURNAL_TROPHY_WOOD	0	0.0	16000	0
T8_JOURNAL_TROPHY_WOOD	0	0.0	32000	0
T2_JOURNAL_TROPHY_STONE	0	0.0	500	0
T3_JOURNAL_TROPHY_STONE	0	0.0	1000	0
T4_JOURNAL_TROPHY_STONE	0	0.0	2000	0
T5_JOURNAL_TROPHY_STONE	0	0.0	4000	0
T6_JOURNAL_TROPHY_STONE	0	0.0	8000	0
T7_JOURNAL_TROPHY_STONE	0	0.0	16000	0
T8_JOURNAL_TROPHY_STONE	0	0.0	32000	0
T2_JOURNAL_TROPHY_ORE	0	0.0	500	0
T3_JOURNAL_TROPHY_ORE	0	0.0	1000	0
T4_JOURNAL_TROPHY_ORE	0	0.0	2000	0
T5_JOURNAL_TROPHY_ORE	0	0.0	4000	0
T6_JOURNAL_TROPHY_ORE	0	0.0	8000	0
T7_JOURNAL_TROPHY_ORE	0	0.0	16000	0
T8_JOURNAL_TROPHY_ORE	0	0.0	32000	0
T2_JOURNAL_TROPHY_FIBER	0	0.0	500	0
T3_JOURNAL_TROPHY_FIBER	0	0.0	1000	0
T4_JOURNAL_TROPHY_FIBER	0	0.0	2000	0
T5_JOURNAL_TROPHY_FIBER	0	0.0	4000	0
T6_JOURNAL_TROPHY_FIBER	0	0.0	8000	0
T7_JOURNAL_TROPHY_FIBER	0	0.0	16000	0
T8_JOURNAL_TROPHY_FIBER	0	0.0	32000	0
T2_JOURNAL_TROPHY_FISHING	0	0.0	500	0
T3_JOURNAL_TROPHY_FISHING	0	0.0	1000	0
T4_JOURNAL_TROPHY_FISHING	0	0.0	2000	0
T5_JOURNAL_TROPHY_FISHING	0	0.0	4000	0
T6_JOURNAL_TROPHY_FISHING	0	0.0	8000	0
T7_JOURNAL_TROPHY_FISHING	0	0.0	16000	0
T8_JOURNAL_TROPHY_FISHING	0	0.0	32000	0
T2_JOURNAL_FISHING	0	0.0	500	0
T3_JOURNAL_FISHING	0	0.0	1000	0
T4_JOURNAL_FISHING	0	0.0	2000	0
T5_JOURNAL_FISHING	0	0.0	4000	0
T6_JOURNAL_FISHING	0	0.0	8000	0
T7_JOURNAL_FISHING	0	0.0	16000	0
T8_JOURNAL_FISHING	0	0.0	32000	0
